series,threshold,precision,recall
Out,-0.1339958247423067,0.004860903380197427,1.0
Out,-0.1327870131139534,0.0048689138576779025,1.0
Out,-0.1300169833213619,0.004889423800210621,1.0
Out,-0.1275678323625874,0.0048897916196494395,1.0
Out,-0.1249766944847035,0.004890159494432741,1.0
Out,-0.1249595340358011,0.0048982667671439335,1.0
Out,-0.1239784510373223,0.004900482509047044,1.0
Out,-0.1232843401622331,0.0049071417786501585,1.0
Out,-0.1215189846070367,0.004907512268780672,1.0
Out,-0.1215011120542729,0.004922750681611633,1.0
Out,-0.1205766750195621,0.004924988634641613,1.0
Out,-0.1199739238234996,0.004925361824657119,1.0
Out,-0.1180125267315397,0.004932088929357311,1.0
Out,-0.1179673771630179,0.004952003656864239,1.0
Out,-0.1174337851075474,0.004956157072054899,1.0
Out,-0.1156013390557611,0.0049565350007625434,1.0
Out,-0.1155481012452687,0.004956912987112027,1.0
Out,-0.1151040026875482,0.0049800796812749,1.0
Out,-0.1146094781312326,0.004985044865403789,1.0
Out,-0.114420856524084,0.0049861920834611845,1.0
Out,-0.1134300270032815,0.004986574606827772,1.0
Out,-0.1121297373680333,0.004993086495621447,1.0
Out,-0.1116360760139485,0.0050204680620993284,1.0
Out,-0.1111646453468373,0.00502434876710211,1.0
Out,-0.1089276845221417,0.005034856700232378,1.0
Out,-0.1083385764158829,0.005037978607967757,1.0
Out,-0.1071655632098285,0.005049328050959373,1.0
Out,-0.1060700219955614,0.005049720323182101,1.0
Out,-0.1055418896312348,0.005050112656359258,1.0
Out,-0.105368430487594,0.005050505050505051,1.0
Out,-0.1053051972495481,0.0050623052959501555,1.0
Out,-0.104995528542161,0.00508646998982706,1.0
Out,-0.1038422769784223,0.005087266181419739,1.0
Out,-0.1032976710230813,0.004964147821290678,0.9692307692307692
Out,-0.1029951167138684,0.004986938969365947,0.9692307692307692
Out,-0.1027868956479409,0.004994846586854832,0.9692307692307692
Out,-0.1016384538602091,0.0049952426260704095,0.9692307692307692
Out,-0.1015179946735955,0.005015923566878981,0.9692307692307692
Out,-0.1014832387652805,0.00502312230904162,0.9692307692307692
Out,-0.101325663635398,0.005040806529044647,0.9692307692307692
Out,-0.1010924575985891,0.005041613316261203,0.9692307692307692
Out,-0.1005977179486953,0.005044035228182546,0.9692307692307692
Out,-0.0999251479643722,0.005044843049327354,0.9692307692307692
Out,-0.0998215063056319,0.005048481448834042,0.9692307692307692
Out,-0.0994582810662962,0.005048886039429395,0.9692307692307692
Out,-0.0988049139549391,0.005050505050505051,0.9692307692307692
Out,-0.0970043801110074,0.0050509099655255355,0.9692307692307692
Out,-0.096527513091475,0.005086798546628987,0.9692307692307692
Out,-0.0957993129243903,0.005109903479600941,0.9692307692307692
Out,-0.0955503169464263,0.005110732538330494,0.9692307692307692
Out,-0.0947439341300289,0.005156326731052545,0.9692307692307692
Out,-0.0937837715151983,0.005157170923379175,0.9692307692307692
Out,-0.0935615612823573,0.005180069067587568,0.9692307692307692
Out,-0.0933867432198918,0.005200594353640416,0.9692307692307692
Out,-0.0933123397039881,0.005201023693552382,0.9692307692307692
Out,-0.0930048190935108,0.005242136794807789,0.9692307692307692
Out,-0.0924427497287392,0.005243009320905459,0.9692307692307692
Out,-0.0915076016533628,0.0052451919074182,0.9692307692307692
Out,-0.091410456340443,0.005245628642797669,0.9692307692307692
Out,-0.0901797326892512,0.005257886830245368,0.9692307692307692
Out,-0.0900173009710256,0.005258325682330357,0.9692307692307692
Out,-0.0899419432153034,0.005259203606311044,0.9692307692307692
Out,-0.0891621601867544,0.005260960334029227,0.9692307692307692
Out,-0.0890059396398928,0.005299015897047691,0.9692307692307692
Out,-0.0889830663346478,0.0053475935828877,0.9692307692307692
Out,-0.0884248463908574,0.005348047538200339,0.9692307692307692
Out,-0.0882667536562803,0.0053910662330994355,0.9692307692307692
Out,-0.087659945354062,0.005391989044847655,0.9692307692307692
Out,-0.0869458917699417,0.005392450569203115,0.9692307692307692
Out,-0.0863764237372519,0.00539291217257319,0.9692307692307692
Out,-0.0862341059514357,0.005402624131721122,0.9692307692307692
Out,-0.0861705509173306,0.005408653846153846,0.9692307692307692
Out,-0.0856081481056965,0.005409582689335394,0.9692307692307692
Out,-0.0852713697466083,0.005431971029487843,0.9692307692307692
Out,-0.0840080011322902,0.0054375970999482135,0.9692307692307692
Out,-0.0838663486220278,0.005441354292623942,0.9692307692307692
Out,-0.0838249811117615,0.005465903175429464,0.9692307692307692
Out,-0.0837477233368779,0.005466377440347072,0.9692307692307692
Out,-0.0836768039360218,0.005467326217130955,0.9692307692307692
Out,-0.0827708101490851,0.005508919202518363,0.9692307692307692
Out,-0.0827480815842173,0.005516637478108582,0.9692307692307692
Out,-0.0823738386062191,0.005566354479590033,0.9692307692307692
Out,-0.0823141101482437,0.0055668463373685605,0.9692307692307692
Out,-0.0821678936003983,0.005567338282078473,0.9692307692307692
Out,-0.0820064903154531,0.005569799310405799,0.9692307692307692
Out,-0.0815257244396231,0.005572262515478507,0.9692307692307692
Out,-0.0808284529253571,0.005574727900185824,0.9692307692307692
Out,-0.0802801832572047,0.005581642597678745,0.9692307692307692
Out,-0.0790838386492682,0.005582137161084529,0.9692307692307692
Out,-0.0788859587471803,0.005599502266465203,0.9692307692307692
Out,-0.0782004637957276,0.0056,0.9692307692307692
Out,-0.0777296230407887,0.005604982206405694,0.9692307692307692
Out,-0.0770002261151836,0.005631033249910619,0.9692307692307692
Out,-0.0768007387609568,0.0056315366049879325,0.9692307692307692
Out,-0.0767651285532562,0.005639097744360902,0.9692307692307692
Out,-0.0765512978521704,0.0056406124093473006,0.9692307692307692
Out,-0.0764897822511153,0.005672609400324149,0.9692307692307692
Out,-0.0758195553115075,0.005673120216118865,0.9692307692307692
Out,-0.0744584571143032,0.005674653215636823,0.9692307692307692
Out,-0.0741132979887139,0.0056766985042349975,0.9692307692307692
Out,-0.0739320938024145,0.0056772100567721,0.9692307692307692
Out,-0.0738377655823738,0.005687460503746502,0.9692307692307692
Out,-0.0733702592296332,0.005687973997833153,0.9692307692307692
Out,-0.0732181074581029,0.005689001264222503,0.9692307692307692
Out,-0.0728233465733524,0.005689515036575454,0.9692307692307692
Out,-0.0723174054516372,0.005690028901734104,0.9692307692307692
Out,-0.0722751453765568,0.0056925996204933585,0.9692307692307692
Out,-0.0720148756994437,0.005694657868570912,0.9692307692307692
Out,-0.0716891103556489,0.005696717605570124,0.9692307692307692
Out,-0.071583494975226,0.0056972327726532825,0.9692307692307692
Out,-0.0711428846140765,0.005698263386396527,0.9692307692307692
Out,-0.0709204123202965,0.005698778833107192,0.9692307692307692
Out,-0.0705756974357905,0.0057080728458820335,0.9692307692307692
Out,-0.0705419039560941,0.005727793435766888,0.9692307692307692
Out,-0.0704769056351105,0.005733005733005733,0.9692307692307692
Out,-0.0702941377778904,0.005734049331027578,0.9692307692307692
Out,-0.0699499263503407,0.00575132371736352,0.9692307692307692
Out,-0.0698282410892539,0.005752899278604694,0.9692307692307692
Out,-0.0698220266906103,0.005765534913516977,0.9692307692307692
Out,-0.069627928061319,0.005767646251029937,0.9692307692307692
Out,-0.0696243178212853,0.0057692307692307696,0.9692307692307692
Out,-0.0692087272601576,0.005770287598461257,0.9692307692307692
Out,-0.0691847269950561,0.005771873568483738,0.9692307692307692
Out,-0.0688956906995936,0.00577240241891149,0.9692307692307692
Out,-0.0688687435271594,0.005772931366260423,0.9692307692307692
Out,-0.0687001071392469,0.005774518790100825,0.9692307692307692
Out,-0.0684750987787254,0.005775048125401045,0.9692307692307692
Out,-0.0681969654542644,0.005776636713735558,0.9692307692307692
Out,-0.0681559007421943,0.005782469022487379,0.9692307692307692
Out,-0.0678796250640791,0.005784061696658098,0.9692307692307692
Out,-0.0678583417296683,0.005785123966942148,0.9692307692307692
Out,-0.0672302597936033,0.005800036825630639,0.9692307692307692
Out,-0.0672089362837858,0.0058005708498296655,0.9692307692307692
Out,-0.066909256698607,0.005801104972375691,0.9692307692307692
Out,-0.0665963821944984,0.005801639193295884,0.9692307692307692
Out,-0.0665232569938264,0.005802707930367505,0.9692307692307692
Out,-0.0663236764426941,0.005803242446573324,0.9692307692307692
Out,-0.0660001857892312,0.005810200129115558,0.9692307692307692
Out,-0.0657784234269074,0.005810736026563365,0.9692307692307692
Out,-0.0655798948922424,0.005811808118081181,0.9692307692307692
Out,-0.0655653376739168,0.005813416997323983,0.9692307692307692
Out,-0.0653693538845994,0.005817174515235457,0.9692307692307692
Out,-0.0653502187627809,0.005817711700064641,0.9692307692307692
Out,-0.065094329357433,0.005822550831792976,0.9692307692307692
Out,-0.0648650005066812,0.005823089010074868,0.9692307692307692
Out,-0.064864105032733,0.005823627287853577,0.9692307692307692
Out,-0.0648537466268007,0.005825781394488626,0.9692307692307692
Out,-0.0647970961959119,0.005826859045504994,0.9692307692307692
Out,-0.0646649174183968,0.005827398020534641,0.9692307692307692
Out,-0.0644577971300632,0.0058306339657565945,0.9692307692307692
Out,-0.0643461266984004,0.005834413780329691,0.9692307692307692
Out,-0.0640982291574864,0.005834954153931648,0.9692307692307692
Out,-0.063842138442877,0.005839822024471635,0.9692307692307692
Out,-0.0636579342208661,0.005852842809364548,0.9692307692307692
Out,-0.0636237265196239,0.005853386602248444,0.9692307692307692
Out,-0.0636092479266929,0.005859920007441169,0.9692307692307692
Out,-0.0635970255405022,0.0058615556382582805,0.9692307692307692
Out,-0.0632808569144359,0.005869747507686574,0.9692307692307692
Out,-0.0631286044104342,0.005875221486524294,0.9692307692307692
Out,-0.0630451155024965,0.005879608026131591,0.9692307692307692
Out,-0.0630310056193846,0.005888951205832866,0.9692307692307692
Out,-0.0627423768472428,0.0058933582787652015,0.9692307692307692
Out,-0.0626128996335959,0.005898876404494382,0.9692307692307692
Out,-0.0624436306989851,0.005911052730343404,0.9692307692307692
Out,-0.0624234749916876,0.005911607394200995,0.9692307692307692
Out,-0.0622173482479976,0.0059121621621621625,0.9692307692307692
Out,-0.0621815172535364,0.005912717034256218,0.9692307692307692
Out,-0.0619239915713155,0.0059149375645479296,0.9692307692307692
Out,-0.0618169454405923,0.005916048455254014,0.9692307692307692
Out,-0.0617600685268051,0.005919383632434464,0.9692307692307692
Out,-0.0616267579859052,0.005943956977073309,0.9692307692307692
Out,-0.0616154754070413,0.0059445178335535,0.9692307692307692
Out,-0.0615728795980886,0.005946762318293374,0.9692307692307692
Out,-0.061572395210578,0.00594900849858357,0.9692307692307692
Out,-0.0615008656542868,0.0059535059535059534,0.9692307692307692
Out,-0.0614396719734935,0.005954068613552594,0.9692307692307692
Out,-0.0613331831414852,0.005955194252764912,0.9692307692307692
Out,-0.0612646903839942,0.005956320317670417,0.9692307692307692
Out,-0.061198051311477,0.005964214711729622,0.9692307692307692
Out,-0.0608673995005721,0.00597099800966733,0.9692307692307692
Out,-0.0607361039285348,0.005971563981042654,0.9692307692307692
Out,-0.0605215193980466,0.005972130059721301,0.9692307692307692
Out,-0.0604831455529286,0.005977796754910333,0.9692307692307692
Out,-0.0604634520782552,0.005978931384644586,0.9692307692307692
Out,-0.0604320303109331,0.005988023952095809,0.9692307692307692
Out,-0.0603151221267425,0.005990301416753827,0.9692307692307692
Out,-0.0602605849288744,0.00599543205177008,0.9692307692307692
Out,-0.0600072265815646,0.005997144217039505,0.9692307692307692
Out,-0.0599785570466293,0.006002286585365854,0.9692307692307692
Out,-0.059795413217598,0.006008583690987125,0.9692307692307692
Out,-0.0596065369267698,0.005913773368943152,0.9538461538461539
Out,-0.0595972796925622,0.005923944200267533,0.9538461538461539
Out,-0.0594622884200359,0.005924510272336359,0.9538461538461539
Out,-0.0594518097827841,0.005925642741087642,0.9538461538461539
Out,-0.0592269630330568,0.005926775642863971,0.9538461538461539
Out,-0.0587764421283928,0.005930744212741534,0.9538461538461539
Out,-0.0587752906005771,0.005942112325091048,0.9538461538461539
Out,-0.0587542351181963,0.005949524997600998,0.9538461538461539
Out,-0.0586593359836684,0.005961538461538462,0.9538461538461539
Out,-0.0584861440353005,0.0059621117415136074,0.9538461538461539
Out,-0.0584521025924019,0.005967276227141482,0.9538461538461539
Out,-0.0584056197593832,0.005978784956605593,0.9538461538461539
Out,-0.0581891929250776,0.005979361558491658,0.9538461538461539
Out,-0.0580672465097527,0.005993233446109232,0.9538461538461539
Out,-0.0579599708614063,0.005994971959002127,0.9538461538461539
Out,-0.0578281279453491,0.006011829729467662,0.9538461538461539
Out,-0.0577665238067661,0.006017080745341615,0.9538461538461539
Out,-0.0577291907357047,0.0060176647578375235,0.9538461538461539
Out,-0.0577043792065585,0.006037588859674749,0.9538461538461539
Out,-0.0576192545879485,0.006042296072507553,0.9538461538461539
Out,-0.0576065984340246,0.006046420908913595,0.9538461538461539
Out,-0.057570746422947,0.0060546875,0.9538461538461539
Out,-0.0571193026939549,0.006064162754303599,0.9538461538461539
Out,-0.0571065984325095,0.006079623455579526,0.9538461538461539
Out,-0.0570468566655614,0.006081412457086807,0.9538461538461539
Out,-0.0570118682374717,0.006100560858014366,0.9538461538461539
Out,-0.0570081370168886,0.006111384918679152,0.9538461538461539
Out,-0.0569560752052138,0.0061180185514110915,0.9538461538461539
Out,-0.0568623341934383,0.006122247457292387,0.9538461538461539
Out,-0.0567165968723177,0.006128904705417161,0.9538461538461539
Out,-0.0565607681884341,0.006133755441234665,0.9538461538461539
Out,-0.0563798201261496,0.0061343623231423765,0.9538461538461539
Out,-0.0562295186447579,0.006135576447303315,0.9538461538461539
Out,-0.0557678262265279,0.006142262730334852,0.9538461538461539
Out,-0.0557578648944978,0.006143479984145858,0.9538461538461539
Out,-0.0556491107464778,0.006144088791992865,0.9538461538461539
Out,-0.0555341251030262,0.006144697720515362,0.9538461538461539
Out,-0.0554390400861183,0.006145306769749232,0.9538461538461539
Out,-0.0553173985543096,0.006153235410877332,0.9538461538461539
Out,-0.0551260621800169,0.0061673132398289065,0.9538461538461539
Out,-0.0551218766376222,0.006174683796434618,0.9538461538461539
Out,-0.054879054046269,0.006180839397866613,0.9538461538461539
Out,-0.0548202971672615,0.006204343040128089,0.9538461538461539
Out,-0.0548002970512211,0.006205585026523871,0.9538461538461539
Out,-0.0544033495265732,0.006214915797914996,0.9538461538461539
Out,-0.0543831838515181,0.006221776216758655,0.9538461538461539
Out,-0.0540644501389052,0.00622740056247489,0.9538461538461539
Out,-0.053886771799915,0.00622802611752888,0.9538461538461539
Out,-0.0538297544555748,0.006228651798272052,0.9538461538461539
Out,-0.0538179523773516,0.006229903536977492,0.9538461538461539
Out,-0.0536254846045263,0.006232408524326498,0.9538461538461539
Out,-0.0535399623164153,0.006233035085955564,0.9538461538461539
Out,-0.0534084714614885,0.006234288587229764,0.9538461538461539
Out,-0.0532819495389776,0.006250630103841113,0.9538461538461539
Out,-0.0532092080659636,0.0062531517902168435,0.9538461538461539
Out,-0.0531556633724457,0.006255044390637611,0.9538461538461539
Out,-0.0530569014878645,0.00625567551205731,0.9538461538461539
Out,-0.0530321381058465,0.0062563067608476285,0.9538461538461539
Out,-0.0529536784160049,0.006257569640694388,0.9538461538461539
Out,-0.0528134521964443,0.0062594649167087325,0.9538461538461539
Out,-0.0527760556835067,0.006261361341143203,0.9538461538461539
Out,-0.0527658673399783,0.006261993738006262,0.9538461538461539
Out,-0.0526093978823288,0.006262626262626263,0.9538461538461539
Out,-0.0525844448249019,0.006263258915041923,0.9538461538461539
Out,-0.0525345982660684,0.006288032454361055,0.9538461538461539
Out,-0.0525151965690839,0.0062886702505325085,0.9538461538461539
Out,-0.0524201947203397,0.006290584415584416,0.9538461538461539
Out,-0.0524096350270443,0.006291222729578894,0.9538461538461539
Out,-0.0522145277772324,0.0062924997462701715,0.9538461538461539
Out,-0.0521540980741684,0.006293777281494265,0.9538461538461539
Out,-0.0520966165414088,0.006295055335567063,0.9538461538461539
Out,-0.0520640782455675,0.00630401626842908,0.9538461538461539
Out,-0.0517684376527399,0.006312360008144981,0.9538461538461539
Out,-0.0514730408967386,0.00632201488732538,0.9538461538461539
Out,-0.0513558552050741,0.0063453075427284825,0.9538461538461539
Out,-0.0513548462172007,0.006362237044638276,0.9538461538461539
Out,-0.0513390848228856,0.006363543056553423,0.9538461538461539
Out,-0.051032432552419,0.006364196263600903,0.9538461538461539
Out,-0.0509368037188137,0.006365503080082135,0.9538461538461539
Out,-0.0509289873291046,0.006375976964212258,0.9538461538461539
Out,-0.0506649365533887,0.006377288623739971,0.9538461538461539
Out,-0.0504769522775738,0.006390434961863534,0.9538461538461539
Out,-0.0503784205352996,0.00639241158882359,0.9538461538461539
Out,-0.0503677304994254,0.006400991121205864,0.9538461538461539
Out,-0.0503180879598963,0.006402313093762908,0.9538461538461539
Out,-0.0502059959587862,0.0064089311556750055,0.9538461538461539
Out,-0.0500434401741237,0.006409593714462938,0.9538461538461539
Out,-0.0499125950541296,0.006428867689755288,0.9538461538461539
Out,-0.0497487690142059,0.006441558441558442,0.9538461538461539
Out,-0.0497395228152518,0.006442897225397485,0.9538461538461539
Out,-0.049635768084271,0.0064442365658455465,0.9538461538461539
Out,-0.0495764243928538,0.006444906444906445,0.9538461538461539
Out,-0.0492212195049927,0.00644624662091911,0.9538461538461539
Out,-0.0491650039289415,0.006447587354409318,0.9538461538461539
Out,-0.0491130803142328,0.0064495995006761675,0.9538461538461539
Out,-0.0490540747844525,0.006460352193393769,0.9538461538461539
Out,-0.0485029436089162,0.006461025427261359,0.9538461538461539
Out,-0.0484503662193834,0.006461698801459094,0.9538461538461539
Out,-0.047897106772973,0.006469115191986645,0.9538461538461539
Out,-0.0477120244536804,0.006469790253574037,0.9538461538461539
Out,-0.0476668451800434,0.006475872153749739,0.9538461538461539
Out,-0.0476170475990962,0.006477225240284162,0.9538461538461539
Out,-0.0474602911573412,0.006480610431692275,0.9538461538461539
Out,-0.0471408771400546,0.00649146686210868,0.9538461538461539
Out,-0.0469833040840299,0.006511237135055661,0.9538461538461539
Out,-0.0466568311923702,0.006515342580916352,0.9538461538461539
Out,-0.0464840639441521,0.00651602732527588,0.9538461538461539
Out,-0.0464086670987423,0.006524255498263706,0.9538461538461539
Out,-0.0462652218251888,0.006551833456620522,0.9538461538461539
Out,-0.0462436566913374,0.006554604080769637,0.9538461538461539
Out,-0.0460780185526987,0.0065608465608465606,0.9538461538461539
Out,-0.046066863431359,0.006562930030697576,0.9538461538461539
Out,-0.045956167309334,0.006563624814736396,0.9538461538461539
Out,-0.0458414877046732,0.006568492425045026,0.9538461538461539
Out,-0.0457776163219794,0.006569884497191905,0.9538461538461539
Out,-0.0457684478089442,0.006587335316617085,0.9538461538461539
Out,-0.0457682542943861,0.006590136054421769,0.9538461538461539
Out,-0.0455556783761313,0.006590836611034336,0.9538461538461539
Out,-0.0454830435535395,0.00659223817118554,0.9538461538461539
Out,-0.0450736881165975,0.006596446430471327,0.9538461538461539
Out,-0.0450309467875464,0.006599254922831293,0.9538461538461539
Out,-0.0446565158308549,0.0066055827828681015,0.9538461538461539
Out,-0.0446171800262211,0.006607694767132047,0.9538461538461539
Out,-0.044398780170204,0.006613333333333333,0.9538461538461539
Out,-0.0442748871745145,0.006617568577222756,0.9538461538461539
Out,-0.0441795141602366,0.006622516556291391,0.9538461538461539
Out,-0.0440266855345105,0.006625347296430861,0.9538461538461539
Out,-0.043637048664876,0.0066274719401389634,0.9538461538461539
Out,-0.0433075580541417,0.006632434745400086,0.9538461538461539
Out,-0.0432629811182946,0.006633854055210785,0.9538461538461539
Out,-0.0430825194099347,0.006634563937934724,0.9538461538461539
Out,-0.0430578916255952,0.006635273972602739,0.9538461538461539
Out,-0.0429728464066385,0.00663598415926362,0.9538461538461539
Out,-0.0428930971531888,0.006640959725792631,0.9538461538461539
Out,-0.0426186477940158,0.006664516822530366,0.9538461538461539
Out,-0.0420640980253026,0.006665949897860445,0.9538461538461539
Out,-0.0417207740291427,0.006666666666666667,0.9538461538461539
Out,-0.0416133880993528,0.0066745613090752505,0.9538461538461539
Out,-0.0415966106724177,0.006675279931093884,0.9538461538461539
Out,-0.0415242403325983,0.006675998707871218,0.9538461538461539
Out,-0.0414890681637344,0.006679594914889032,0.9538461538461539
Out,-0.0413703465584406,0.00668031462126926,0.9538461538461539
Out,-0.041335576550124,0.006682474671265359,0.9538461538461539
Out,-0.0412828725660996,0.006691128858191237,0.9538461538461539
Out,-0.0412412566494295,0.006694018570503131,0.9538461538461539
Out,-0.0412227786967732,0.006696910779866062,0.9538461538461539
Out,-0.0412136670951179,0.006699081577525662,0.9538461538461539
Out,-0.0412076153749859,0.006701978164522755,0.9538461538461539
Out,-0.0411848498400254,0.006702702702702703,0.9538461538461539
Out,-0.0411764866583118,0.00670632774472688,0.9538461538461539
Out,-0.0411706531387598,0.006710682974347873,0.9538461538461539
Out,-0.0411063377573451,0.006711409395973154,0.9538461538461539
Out,-0.041055325064839,0.006717954274569293,0.9538461538461539
Out,-0.0410317301944292,0.006718682271348071,0.9538461538461539
Out,-0.0410042643119528,0.006720138738348146,0.9538461538461539
Out,-0.0408893643188796,0.0067215958369470944,0.9538461538461539
Out,-0.0408794403808649,0.006723053567555845,0.9538461538461539
Out,-0.0408334287929459,0.006728890818319948,0.9538461538461539
Out,-0.0407454584978511,0.006729621187452513,0.9538461538461539
Out,-0.0406362279679557,0.006734738214208125,0.9538461538461539
Out,-0.0405129995740288,0.006735469853340576,0.9538461538461539
Out,-0.040393581827925,0.006739863028590064,0.9538461538461539
Out,-0.0403779311377635,0.006742061765985211,0.9538461538461539
Out,-0.040336386372352,0.006742794997281131,0.9538461538461539
Out,-0.0403323591925605,0.006744995648389904,0.9538461538461539
Out,-0.0403207689366434,0.006749401262791204,0.9538461538461539
Out,-0.0401521132746756,0.006750136091453457,0.9538461538461539
Out,-0.0401314912178428,0.006750871080139373,0.9538461538461539
Out,-0.0400823099980679,0.006758229779812513,0.9538461538461539
Out,-0.0400541185312485,0.0067597034452682074,0.9538461538461539
Out,-0.0400287076269331,0.006761177753544166,0.9538461538461539
Out,-0.040027220169105,0.006767820106975221,0.9538461538461539
Out,-0.0399600099305117,0.006773735387304709,0.9538461538461539
Out,-0.0399110388343794,0.0067789197463371965,0.9538461538461539
Out,-0.039844911511091,0.006780402449693788,0.9538461538461539
Out,-0.0397637582491572,0.00678262772125588,0.9538461538461539
Out,-0.0397133382149879,0.006790799561883899,0.9538461538461539
Out,-0.0393709147861938,0.0068034675737956764,0.9538461538461539
Out,-0.0393126065545715,0.006807202459376372,0.9538461538461539
Out,-0.0392766193052896,0.006807949928626331,0.9538461538461539
Out,-0.0392296576200047,0.006822183098591549,0.9538461538461539
Out,-0.0391069300815275,0.0068236847897864845,0.9538461538461539
Out,-0.0390924471191877,0.006824435883324161,0.9538461538461539
Out,-0.0389682866821866,0.0068342151675485005,0.9538461538461539
Out,-0.0386573190004314,0.006837229819144243,0.9538461538461539
Out,-0.0385161341386021,0.006839492553778268,0.9538461538461539
Out,-0.0384967389827059,0.006840247131509268,0.9538461538461539
Out,-0.0384842909897908,0.006842511864032667,0.9538461538461539
Out,-0.0382889414229791,0.0068478020764303075,0.9538461538461539
Out,-0.0382889233691949,0.0068515858105868055,0.9538461538461539
Out,-0.0382819413057279,0.006858407079646018,0.9538461538461539
Out,-0.0381418843905878,0.006862202545655783,0.9538461538461539
Out,-0.0379815959988633,0.006864481842338352,0.9538461538461539
Out,-0.037978850155632,0.0068667626536715026,0.9538461538461539
Out,-0.0379141677291267,0.006869044981165522,0.9538461538461539
Out,-0.0379071095862761,0.006881243063263041,0.9538461538461539
Out,-0.0378508140457728,0.00688506385341477,0.9538461538461539
Out,-0.0377613893388538,0.0068881235418286856,0.9538461538461539
Out,-0.0377550897623671,0.006898853900077891,0.9538461538461539
Out,-0.0376012384420791,0.006901157613535174,0.9538461538461539
Out,-0.0373659240698685,0.0069103878733838605,0.9538461538461539
Out,-0.0373240179303545,0.006915012268570154,0.9538461538461539
Out,-0.0372159824023504,0.006915783602900167,0.9538461538461539
Out,-0.037122952264101,0.006921187765126144,0.9538461538461539
Out,-0.036912931673268,0.006921960477838562,0.9538461538461539
Out,-0.0369058114453464,0.006925053054841953,0.9538461538461539
Out,-0.0368219399309739,0.006926600379845827,0.9538461538461539
Out,-0.0368016135417899,0.006928922664282521,0.9538461538461539
Out,-0.0367930119396714,0.0069296971051749185,0.9538461538461539
Out,-0.0367796207060966,0.0069304717192041135,0.9538461538461539
Out,-0.0367457345556053,0.006933571907850593,0.9538461538461539
Out,-0.0367417551625366,0.0069405574834881896,0.9538461538461539
Out,-0.0367354097153897,0.006955351133049136,0.9538461538461539
Out,-0.0366917129918122,0.006965509493315358,0.9538461538461539
Out,-0.0365983292587076,0.006966292134831461,0.9538461538461539
Out,-0.0365733130601795,0.006967074952241825,0.9538461538461539
Out,-0.0365423713785925,0.006968641114982578,0.9538461538461539
Out,-0.0364389920144124,0.006977267611973891,0.9538461538461539
Out,-0.0363475105640985,0.0069804098176086465,0.9538461538461539
Out,-0.0363332014691712,0.006984341556832263,0.9538461538461539
Out,-0.0362285138894477,0.006988277727682597,0.9538461538461539
Out,-0.0362045081779073,0.006989065494307293,0.9538461538461539
Out,-0.0361562413145311,0.006989853438556934,0.9538461538461539
Out,-0.0360821783186848,0.0069906415604916,0.9538461538461539
Out,-0.0360805421207551,0.006991429860171402,0.9538461538461539
Out,-0.036042643679394,0.006992218337656479,0.9538461538461539
Out,-0.0359829984802978,0.006996952939848776,0.9538461538461539
Out,-0.0358655527887304,0.007005649717514125,0.9538461538461539
Out,-0.0358526647907169,0.007014368141192442,0.9538461538461539
Out,-0.0358474024246748,0.007015161801312514,0.9538461538461539
Out,-0.0358146832922705,0.007027884833371118,0.9538461538461539
Out,-0.0357791587646535,0.007028681555379209,0.9538461538461539
Out,-0.0357654908761159,0.007031870250652149,0.9538461538461539
Out,-0.0357649605256905,0.007035061840462952,0.9538461538461539
Out,-0.0357083891506264,0.007035860190649115,0.9538461538461539
Out,-0.0356364101620567,0.007037457434733258,0.9538461538461539
Out,-0.0355734589184171,0.007041453719477569,0.9538461538461539
Out,-0.0355561244635229,0.007043053504487106,0.9538461538461539
Out,-0.03552761313761,0.007045454545454546,0.9538461538461539
Out,-0.0354703230403821,0.007053469852104664,0.9538461538461539
Out,-0.0354680631925475,0.007055075102412381,0.9538461538461539
Out,-0.0354506218253634,0.007059091426619606,0.9538461538461539
Out,-0.0354364052833099,0.007063112326270221,0.9538461538461539
Out,-0.0353380325084421,0.00708085883965281,0.9538461538461539
Out,-0.0353179091639984,0.007084095063985375,0.9538461538461539
Out,-0.0352959252668872,0.0070849045823334475,0.9538461538461539
Out,-0.0352647554705873,0.0070857142857142855,0.9538461538461539
Out,-0.0352403347617183,0.007088954950834668,0.9538461538461539
Out,-0.0352300978339341,0.007094633253232636,0.9538461538461539
Out,-0.0352160407341477,0.007095445181963836,0.9538461538461539
Out,-0.035182736714074,0.007096257296554881,0.9538461538461539
Out,-0.0350194003579073,0.007105202842081137,0.9538461538461539
Out,-0.0349409981604621,0.007106831728564879,0.9538461538461539
Out,-0.0349075506000841,0.007107646451908747,0.9538461538461539
Out,-0.0348484077257019,0.00710927645912166,0.9538461538461539
Out,-0.0347361141614322,0.0071100917431192664,0.9538461538461539
Out,-0.0346700584791154,0.0071109072141300605,0.9538461538461539
Out,-0.0346083640843953,0.007111722872218399,0.9538461538461539
Out,-0.034588743408978,0.007112538717448664,0.9538461538461539
Out,-0.0345636708338197,0.00711825487944891,0.9538461538461539
Out,-0.034495826372626,0.0071207074767428505,0.9538461538461539
Out,-0.0342829506500123,0.007121525384792098,0.9538461538461539
Out,-0.0341608084028874,0.007122343480758185,0.9538461538461539
Out,-0.0340521653794271,0.007128895021271703,0.9538461538461539
Out,-0.0339551044819311,0.007132995858260469,0.9538461538461539
Out,-0.0338461617647586,0.0071346375143843494,0.9538461538461539
Out,-0.0336577589977543,0.007136279926335175,0.9538461538461539
Out,-0.033656215948833,0.007140389266382587,0.9538461538461539
Out,-0.0336471450770979,0.007141211702372725,0.9538461538461539
Out,-0.0335231929843753,0.007145326725826899,0.9538461538461539
Out,-0.0332796421588937,0.00714615029967727,0.9538461538461539
Out,-0.033218861977824,0.0071477980170624855,0.9538461538461539
Out,-0.0331489762501637,0.007159353348729792,0.9538461538461539
Out,-0.0331228129723936,0.007165973185390661,0.9538461538461539
Out,-0.0330461220402999,0.007167630057803468,0.9538461538461539
Out,-0.0329598322047269,0.007187572455367493,0.9538461538461539
Out,-0.0328651297372303,0.007199256850905713,0.9538461538461539
Out,-0.0327968858981133,0.007201765594145661,0.9538461538461539
Out,-0.032620640232144,0.007204276086451313,0.9538461538461539
Out,-0.0325150151744933,0.007205113306217315,0.9538461538461539
Out,-0.0324610528895918,0.007222739981360671,0.9538461538461539
Out,-0.0324386991981913,0.007225265120615313,0.9538461538461539
Out,-0.0323192269534815,0.0072261072261072265,0.9538461538461539
Out,-0.0322986637199179,0.007226949527917007,0.9538461538461539
Out,-0.0322446659040673,0.007234539089848308,0.9538461538461539
Out,-0.0321579327755613,0.007238762405137186,0.9538461538461539
Out,-0.0320632169748326,0.007242990654205608,0.9538461538461539
Out,-0.0320529998102735,0.007243836896833742,0.9538461538461539
Out,-0.0320399632849203,0.007246376811594203,0.9538461538461539
Out,-0.0318967839486395,0.007248918508125804,0.9538461538461539
Out,-0.0318640376321952,0.007250613963279149,0.9538461538461539
Out,-0.0318294772256275,0.007251461988304094,0.9538461538461539
Out,-0.0318206525004751,0.0072582533364551624,0.9538461538461539
Out,-0.0318164991005151,0.007260803372760276,0.9538461538461539
Out,-0.031643119307326,0.0072633552014995315,0.9538461538461539
Out,-0.0316170320585793,0.0072642062097246635,0.9538461538461539
Out,-0.0315503259711634,0.00726590882456346,0.9538461538461539
Out,-0.031528443253836,0.007267612237721252,0.9538461538461539
Out,-0.0314989933145759,0.007268464243845252,0.9538461538461539
Out,-0.0313711304352572,0.0072701688555347095,0.9538461538461539
Out,-0.0313204766932805,0.007271021461240764,0.9538461538461539
Out,-0.0313048012297563,0.00727699530516432,0.9538461538461539
Out,-0.0311949899882811,0.00728126834997064,0.9538461538461539
Out,-0.031103332748629,0.007294117647058823,0.9538461538461539
Out,-0.0310375996497246,0.007294975879515237,0.9538461538461539
Out,-0.0308106054862385,0.007298410829899941,0.9538461538461539
Out,-0.03080519748926,0.00730012951842694,0.9538461538461539
Out,-0.0307832086595597,0.00730098916627414,0.9538461538461539
Out,-0.0301741465081436,0.007301849016605818,0.9538461538461539
Out,-0.030093179092012,0.007313908222248437,0.9538461538461539
Out,-0.0300586155961809,0.0073147711184521,0.9538461538461539
Out,-0.03003164479431,0.007315634218289085,0.9538461538461539
Out,-0.0300154429706576,0.007320817097650254,0.9538461538461539
Out,-0.0299537440374526,0.007321681624940954,0.9538461538461539
Out,-0.0299524698735375,0.00732947156874335,0.9538461538461539
Out,-0.0299253445742199,0.007330338141404587,0.9538461538461539
Out,-0.0298848645705751,0.00733120491900201,0.9538461538461539
Out,-0.0298526202931508,0.007333806482138633,0.9538461538461539
Out,-0.0298388130269476,0.007336409892320436,0.9538461538461539
Out,-0.0297715789459774,0.00733814652621612,0.9538461538461539
Out,-0.0297613189667758,0.007339883982478986,0.9538461538461539
Out,-0.0297491917293615,0.007340753019180677,0.9538461538461539
Out,-0.0297412752144086,0.007343361364443918,0.9538461538461539
Out,-0.029707421080496,0.00734423122482824,0.9538461538461539
Out,-0.0296168525913124,0.007345101291316195,0.9538461538461539
Out,-0.0295344173762434,0.0073468420428960774,0.9538461538461539
Out,-0.0294016815602179,0.007347712728134629,0.9538461538461539
Out,-0.0293042947019025,0.0073503260225251926,0.9538461538461539
Out,-0.0292355415972815,0.007352941176470588,0.9538461538461539
Out,-0.0291382209641253,0.007356430944470811,0.9538461538461539
Out,-0.0290134284044679,0.0073599240265906935,0.9538461538461539
Out,-0.0289840977507589,0.007360797815505165,0.9538461538461539
Out,-0.0289755569526471,0.007370423204945316,0.9538461538461539
Out,-0.0289404749528477,0.007371299488764713,0.9538461538461539
Out,-0.0288441868557267,0.007373929590865842,0.9538461538461539
Out,-0.0287712146757108,0.007375684035212943,0.9538461538461539
Out,-0.0286528262606374,0.007381831170377426,0.9538461538461539
Out,-0.0285419073102721,0.007382710169087878,0.9538461538461539
Out,-0.0284423979851603,0.007387988560533841,0.9538461538461539
Out,-0.0282491907963899,0.007404753373940046,0.9538461538461539
Out,-0.0281557928712927,0.007410063344089877,0.9538461538461539
Out,-0.0280873783793404,0.00743672783975051,0.9538461538461539
Out,-0.0280785651840401,0.007441190590494479,0.9538461538461539
Out,-0.0278087294311391,0.007444764649375601,0.9538461538461539
Out,-0.0277610589852908,0.007449237053946894,0.9538461538461539
Out,-0.0277491086172129,0.007451923076923077,0.9538461538461539
Out,-0.027594689740408,0.007453714835296946,0.9538461538461539
Out,-0.0275707596124287,0.007454611037633762,0.9538461538461539
Out,-0.0275234935195388,0.007455507455507456,0.9538461538461539
Out,-0.027514396357718,0.007458198003127631,0.9538461538461539
Out,-0.0274834185232984,0.007462686567164179,0.9538461538461539
Out,-0.027417957418761,0.007467180537155245,0.9538461538461539
Out,-0.027375126950732,0.007472580450765337,0.9538461538461539
Out,-0.0273739666969239,0.007473481195756991,0.9538461538461539
Out,-0.0273581017540452,0.007476184734113107,0.9538461538461539
Out,-0.0273347841189113,0.007479792496079141,0.9538461538461539
Out,-0.0273130246603528,0.007489731819280019,0.9538461538461539
Out,-0.0272662839170678,0.007491541807636539,0.9538461538461539
Out,-0.027248693483843,0.007493352671017646,0.9538461538461539
Out,-0.0271476134838508,0.007497883661869633,0.9538461538461539
Out,-0.0271377165392983,0.007499697592838999,0.9538461538461539
Out,-0.0270839836292129,0.007500604887490926,0.9538461538461539
Out,-0.0270743265590041,0.007507871155243401,0.9538461538461539
Out,-0.0270025823920325,0.0075096899224806205,0.9538461538461539
Out,-0.0269441517161763,0.0075142406980972,0.9538461538461539
Out,-0.0268819999721691,0.007517885291621195,0.9538461538461539
Out,-0.0267799372896164,0.007518796992481203,0.9538461538461539
Out,-0.0266829895094217,0.0075251850952785535,0.9538461538461539
Out,-0.0265037934385605,0.007532499088810594,0.9538461538461539
Out,-0.0264455647119525,0.007533414337788579,0.9538461538461539
Out,-0.0263926058625288,0.007534329809211326,0.9538461538461539
Out,-0.0263483953570111,0.007536161419715571,0.9538461538461539
Out,-0.026116896274428,0.00754257907542579,0.9538461538461539
Out,-0.0260910639484017,0.007545332846537666,0.9538461538461539
Out,-0.0260445723403296,0.007546251217137293,0.9538461538461539
Out,-0.0259683796234386,0.007555447233731416,0.9538461538461539
Out,-0.0259426132011508,0.007556368068251066,0.9538461538461539
Out,-0.0258815593018464,0.0075674356157695594,0.9538461538461539
Out,-0.0258212951064951,0.007568359375,0.9538461538461539
Out,-0.0258003295139757,0.007572056668295066,0.9538461538461539
Out,-0.0257926247110246,0.007577609386458079,0.9538461538461539
Out,-0.0257768628102911,0.007579462102689487,0.9538461538461539
Out,-0.0256405554726573,0.0075822428763605235,0.9538461538461539
Out,-0.0256397701645957,0.0075915268764540226,0.9538461538461539
Out,-0.0256132229447862,0.007595246845522479,0.9538461538461539
Out,-0.025569118328058,0.007596177407498162,0.9538461538461539
Out,-0.0255688213375211,0.007597108197524813,0.9538461538461539
Out,-0.0255595571885742,0.007599901936749203,0.9538461538461539
Out,-0.0255161053181268,0.007602697731453096,0.9538461538461539
Out,-0.0255152086192976,0.007603630120186411,0.9538461538461539
Out,-0.0254596777561393,0.007606428659060238,0.9538461538461539
Out,-0.0253477095957307,0.007609229258713795,0.9538461538461539
Out,-0.0250146775163976,0.007617643445140681,0.9538461538461539
Out,-0.0248186737823343,0.007630769230769231,0.9538461538461539
Out,-0.0247882789715022,0.007633587786259542,0.9538461538461539
Out,-0.0247089836817334,0.0076401725200246455,0.9538461538461539
Out,-0.0247084416055182,0.007643940327949698,0.9538461538461539
Out,-0.0246877055629423,0.0076448828606658446,0.9538461538461539
Out,-0.0245724771930975,0.007645825625847823,0.9538461538461539
Out,-0.0244917130255269,0.007647711853953374,0.9538461538461539
Out,-0.0244059088872588,0.0076486553170490995,0.9538461538461539
Out,-0.0243703196657124,0.007663782447466007,0.9538461538461539
Out,-0.0243303574302172,0.007666625448250278,0.9538461538461539
Out,-0.0243173196518261,0.00766852195423624,0.9538461538461539
Out,-0.0242932623670331,0.007669470559129144,0.9538461538461539
Out,-0.0242194134500089,0.0076751671205743995,0.9538461538461539
Out,-0.0241622631338609,0.007681823813653822,0.9538461538461539
Out,-0.0241396734246848,0.0076827757125154895,0.9538461538461539
Out,-0.0238207256823827,0.007683727847316892,0.9538461538461539
Out,-0.0238179624099814,0.007691353430095521,0.9538461538461539
Out,-0.0237262027963315,0.007692307692307693,0.9538461538461539
Out,-0.0237139812962094,0.007696127110228402,0.9538461538461539
Out,-0.023609424748932,0.007698038241867395,0.9538461538461539
Out,-0.0235202625896235,0.0076989941636657145,0.9538461538461539
Out,-0.0235158542850829,0.007701863354037267,0.9538461538461539
Out,-0.02344063165513,0.007707608155146694,0.9538461538461539
Out,-0.0233148949319035,0.007710483770675289,0.9538461538461539
Out,-0.0232642055432976,0.007712402040054733,0.9538461538461539
Out,-0.0232292660565138,0.007715281234444997,0.9538461538461539
Out,-0.0232189677116447,0.007722007722007722,0.9538461538461539
Out,-0.0232157636056559,0.007722969606377678,0.9538461538461539
Out,-0.0231249349173939,0.00772489409419387,0.9538461538461539
Out,-0.0231092478337244,0.007728745948641236,0.9538461538461539
Out,-0.0231021941162289,0.007738392411382925,0.9538461538461539
Out,-0.0227707042613994,0.007739358382224441,0.9538461538461539
Out,-0.0227548500387508,0.007752907340252595,0.9538461538461539
Out,-0.0226812860075953,0.00776358627598297,0.9538461538461539
Out,-0.0226574662611989,0.007764558547276142,0.9538461538461539
Out,-0.0226322806048773,0.0077655310621242485,0.9538461538461539
Out,-0.0226175172430635,0.007770397292893846,0.9538461538461539
Out,-0.0225808565575074,0.007774294670846395,0.9538461538461539
Out,-0.0224740787220101,0.007776244826288725,0.9538461538461539
Out,-0.0224564322428216,0.007780148073785921,0.9538461538461539
Out,-0.0224306919126222,0.007782101167315175,0.9538461538461539
Out,-0.0222291379222294,0.007786988193921126,0.9538461538461539
Out,-0.0221949832978333,0.007787966335887451,0.9538461538461539
Out,-0.0221058188013316,0.007789923357205679,0.9538461538461539
Out,-0.0220847283475095,0.0077909022367429,0.9538461538461539
Out,-0.0220565752410564,0.007791881362322483,0.9538461538461539
Out,-0.0220304355354229,0.007841153408372329,0.9538461538461539
Out,-0.0220053420313763,0.007842145206172527,0.9538461538461539
Out,-0.0218726767720801,0.007845122105529546,0.9538461538461539
Out,-0.0217657856786124,0.007854066379528755,0.9538461538461539
Out,-0.0217597108834329,0.00785506144685164,0.9538461538461539
Out,-0.0217021069979965,0.00786103714974008,0.9538461538461539
Out,-0.0216996211585053,0.007867021951528995,0.9538461538461539
Out,-0.0216440913673343,0.007868020304568528,0.9538461538461539
Out,-0.0215225663928423,0.007871016884600736,0.9538461538461539
Out,-0.0214937204308829,0.007873015873015874,0.9538461538461539
Out,-0.0214405417630801,0.007874015748031496,0.9538461538461539
Out,-0.0212478383482401,0.00787501587704814,0.9538461538461539
Out,-0.0210831965753657,0.007877016897471731,0.9538461538461539
Out,-0.021064307363581,0.007882023900330536,0.9538461538461539
Out,-0.0209669698886556,0.007884028484231942,0.9538461538461539
Out,-0.0208735362575531,0.00789306174411203,0.9538461538461539
Out,-0.0207841483330813,0.00789406671759613,0.9538461538461539
Out,-0.0207752390495465,0.007895071947026613,0.9538461538461539
Out,-0.0206410993377317,0.007897083174117947,0.9538461538461539
Out,-0.020630799209497,0.007898089171974522,0.9538461538461539
Out,-0.0206272072039274,0.007902115727759368,0.9538461538461539
Out,-0.020615017841696,0.007903123008285532,0.9538461538461539
Out,-0.0205619856021637,0.007913209955328654,0.9538461538461539
Out,-0.0204979359567498,0.00791422006637733,0.9538461538461539
Out,-0.0204732300088285,0.007916241062308479,0.9538461538461539
Out,-0.0203971421865508,0.007951776324227267,0.9538461538461539
Out,-0.0202796547450107,0.007952796305797845,0.9538461538461539
Out,-0.0201067647787807,0.007953816549069917,0.9538461538461539
Out,-0.0199997083859929,0.007960965588084233,0.9538461538461539
Out,-0.0198451121397723,0.007965056526207605,0.9538461538461539
Out,-0.0197759355562442,0.00796710357234644,0.9538461538461539
Out,-0.0197200154237138,0.007972225794007972,0.9538461538461539
Out,-0.0197184512989302,0.00797940797940798,0.9538461538461539
Out,-0.01969366003296,0.007982490021887473,0.9538461538461539
Out,-0.0196806097683097,0.007985574446161773,0.9538461538461539
Out,-0.0196655867369628,0.007987632053594434,0.9538461538461539
Out,-0.0195334271873092,0.007991750451147204,0.9538461538461539
Out,-0.0194477955330595,0.007992780714193631,0.9538461538461539
Out,-0.0194432735176725,0.007993811242908716,0.9538461538461539
Out,-0.0193698635097259,0.008001032391276294,0.9538461538461539
Out,-0.0192784306673598,0.008002065049044915,0.9538461538461539
Out,-0.0192532855351267,0.008003097973409062,0.9538461538461539
Out,-0.0192452242436364,0.008005164622336991,0.9538461538461539
Out,-0.0192238781043762,0.008007232338886736,0.9538461538461539
Out,-0.0191669440336557,0.008008266597778351,0.9538461538461539
Out,-0.0191069993016941,0.008010335917312662,0.9538461538461539
Out,-0.0190047756067086,0.008011370978162553,0.9538461538461539
Out,-0.0189643967196546,0.008014477766287487,0.9538461538461539
Out,-0.0189467603972465,0.008030047921253723,0.9538461538461539
Out,-0.0189317893163392,0.008031088082901554,0.9538461538461539
Out,-0.0186829808796551,0.008037334716100596,0.9538461538461539
Out,-0.0186793024918806,0.008041504539559013,0.9538461538461539
Out,-0.0186474302051947,0.00804254767155273,0.9538461538461539
Out,-0.0186419618955652,0.008044634747632022,0.9538461538461539
Out,-0.0186338204196522,0.00805508639729765,0.9538461538461539
Out,-0.0186131552451875,0.008059274665280124,0.9538461538461539
Out,-0.0186087585876869,0.008061370432973605,0.9538461538461539
Out,-0.01854324278857,0.008062418725617686,0.9538461538461539
Out,-0.0184293343837315,0.008064516129032258,0.9538461538461539
Out,-0.0184273635310299,0.008072916666666667,0.9538461538461539
Out,-0.0183576899338848,0.008073967964578722,0.9538461538461539
Out,-0.0182806515316218,0.008083441981747066,0.9538461538461539
Out,-0.0182222602680421,0.008085550339071466,0.9538461538461539
Out,-0.0181186613120994,0.00809188201513965,0.9538461538461539
Out,-0.0180438499797538,0.008092938258712962,0.9538461538461539
Out,-0.0179527741238738,0.008093994778067885,0.9538461538461539
Out,-0.0179106490724643,0.008118371088123608,0.9538461538461539
Out,-0.0179035186938643,0.008121561435682474,0.9538461538461539
Out,-0.0178961857460925,0.008127949659150499,0.9538461538461539
Out,-0.0178938178540892,0.008129015340238625,0.9538461538461539
Out,-0.0177661974617194,0.008131147540983607,0.9538461538461539
Out,-0.0177563465565694,0.008133280860553588,0.9538461538461539
Out,-0.0177428159729609,0.008140756302521009,0.9538461538461539
Out,-0.017648977052493,0.008142894667717364,0.9538461538461539
Out,-0.0176367001071786,0.007916611690196597,0.9230769230769231
Out,-0.0175951732981282,0.00791765637371338,0.9230769230769231
Out,-0.0175373005073549,0.007926023778071334,0.9230769230769231
Out,-0.017498270011523,0.007927070947284977,0.9230769230769231
Out,-0.0174458595291514,0.007951232441028359,0.9230769230769231
Out,-0.0173777819076805,0.007952286282306162,0.9230769230769231
Out,-0.0173767588655885,0.007953340402969246,0.9230769230769231
Out,-0.0173123922075648,0.007954394803128728,0.9230769230769231
Out,-0.0172388083877306,0.007957559681697613,0.9230769230769231
Out,-0.017143793340526,0.007958615200955034,0.9230769230769231
Out,-0.017128158815562,0.00796072707973995,0.9230769230769231
Out,-0.0171082035958041,0.007961783439490446,0.9230769230769231
Out,-0.0171018640169614,0.007962840079628402,0.9230769230769231
Out,-0.0170683648594337,0.007966011683483803,0.9230769230769231
Out,-0.0170581454286357,0.007970244420828906,0.9230769230769231
Out,-0.0170536030683323,0.007974481658692184,0.9230769230769231
Out,-0.0170419814193331,0.007975541672205237,0.9230769230769231
Out,-0.016952204995647,0.007977662544874352,0.9230769230769231
Out,-0.0168313541220507,0.007979784545817263,0.9230769230769231
Out,-0.0168100424125194,0.007980845969672785,0.9230769230769231
Out,-0.0166420103308979,0.007981907675934548,0.9230769230769231
Out,-0.0166407759399537,0.007985094490284802,0.9230769230769231
Out,-0.0165659466200848,0.007988283850352816,0.9230769230769231
Out,-0.0164947930096714,0.007991475759190196,0.9230769230769231
Out,-0.0164041993779155,0.00801068090787717,0.9230769230769231
Out,-0.0163194364902992,0.008012820512820512,0.9230769230769231
Out,-0.0163092130759712,0.008014961261020572,0.9230769230769231
Out,-0.0162728295760061,0.00801924619085806,0.9230769230769231
Out,-0.0161838697061241,0.008020318139286192,0.9230769230769231
Out,-0.016043153863484,0.008023535704733886,0.9230769230769231
Out,-0.0160068769484052,0.008026755852842809,0.9230769230769231
Out,-0.0159639415202368,0.008029978586723769,0.9230769230769231
Out,-0.0159436396815026,0.008031053406505154,0.9230769230769231
Out,-0.0159161248861536,0.008032128514056224,0.9230769230769231
Out,-0.0158910543225062,0.008033203909492569,0.9230769230769231
Out,-0.0158604479461645,0.008034279592929834,0.9230769230769231
Out,-0.0158228687596434,0.008035355564483728,0.9230769230769231
Out,-0.0157890497149366,0.008036431824270024,0.9230769230769231
Out,-0.0157509444096786,0.008037508372404554,0.9230769230769231
Out,-0.0157447482800476,0.008039662334181965,0.9230769230769231
Out,-0.0157372675394908,0.008045052292839904,0.9230769230769231
Out,-0.0157347337478021,0.008046131151937776,0.9230769230769231
Out,-0.0155016985650554,0.008055853920515575,0.9230769230769231
Out,-0.0154901143041883,0.00805693567879683,0.9230769230769231
Out,-0.0154759443998527,0.008089524066334097,0.9230769230769231
Out,-0.0153731556616673,0.008093889113719142,0.9230769230769231
Out,-0.0153392328391816,0.008114687584527996,0.9230769230769231
Out,-0.0153083108897545,0.008119079837618403,0.9230769230769231
Out,-0.0152863655965552,0.008121277747698972,0.9230769230769231
Out,-0.0151535073797498,0.008122377149045621,0.9230769230769231
Out,-0.015149120372149,0.008125677139761646,0.9230769230769231
Out,-0.0150442456703374,0.008126777732629013,0.9230769230769231
Out,-0.0150087339951648,0.00812787862367922,0.9230769230769231
Out,-0.0149789979071585,0.008136696501220505,0.9230769230769231
Out,-0.0148872736009222,0.008137800081378,0.9230769230769231
Out,-0.0148063843853626,0.008138903960933261,0.9230769230769231
Out,-0.0145941485624694,0.008147745790331342,0.9230769230769231
Out,-0.0145662738839358,0.008152173913043478,0.9230769230769231
Out,-0.0144801666119097,0.008177729317159602,0.9230769230769231
Out,-0.0144391101670723,0.008178844056706653,0.9230769230769231
Out,-0.0142949802717667,0.0081799591002045,0.9230769230769231
Out,-0.0141471159490906,0.00818219009954998,0.9230769230769231
Out,-0.0140701505704916,0.008186655751125664,0.9230769230769231
Out,-0.0140348861344555,0.008188890405350075,0.9230769230769231
Out,-0.0140037744669562,0.008191126279863481,0.9230769230769231
Out,-0.0139516383753638,0.00819336337566571,0.9230769230769231
Out,-0.0139469835566668,0.008234971177600879,0.9230769230769231
Out,-0.0139278424880641,0.008236101578586136,0.9230769230769231
Out,-0.0138863485910398,0.008244023083264633,0.9230769230769231
Out,-0.0138012838035438,0.008247422680412371,0.9230769230769231
Out,-0.0137874096418634,0.008248556502612043,0.9230769230769231
Out,-0.0137537374460861,0.008256501995321316,0.9230769230769231
Out,-0.0136508284692117,0.008261049153242462,0.9230769230769231
Out,-0.0136188828530965,0.008305647840531562,0.9230769230769231
Out,-0.0135932645985423,0.008306797729475287,0.9230769230769231
Out,-0.0135497034652389,0.00831140047097936,0.9230769230769231
Out,-0.0134578004612548,0.00831255195344971,0.9230769230769231
Out,-0.0134208138154742,0.008313703755022862,0.9230769230769231
Out,-0.0133270849515543,0.008318314154997921,0.9230769230769231
Out,-0.0130925125501316,0.008319467554076539,0.9230769230769231
Out,-0.0130691350410548,0.008335648791330925,0.9230769230769231
Out,-0.0130337526754186,0.00837404047452896,0.9230769230769231
Out,-0.0129107981374078,0.008381058807095963,0.9230769230769231
Out,-0.0128525220021742,0.008382229673093043,0.9230769230769231
Out,-0.012829388530593,0.008385744234800839,0.9230769230769231
Out,-0.0128163398942246,0.008386916410399776,0.9230769230769231
Out,-0.0127387013741837,0.008390434904209201,0.9230769230769231
Out,-0.0127291565206065,0.008393956351426972,0.9230769230769231
Out,-0.0126825917378982,0.008399832003359933,0.9230769230769231
Out,-0.0126607784482179,0.008404538450763412,0.9230769230769231
Out,-0.0126490343541029,0.008411608019066312,0.9230769230769231
Out,-0.0126180027895701,0.008412787436904094,0.9230769230769231
Out,-0.0125453122617086,0.008421052631578947,0.9230769230769231
Out,-0.0125219243117642,0.008423417099536711,0.9230769230769231
Out,-0.0125094727804792,0.008428150021070375,0.9230769230769231
Out,-0.012405602999138,0.008430518476886329,0.9230769230769231
Out,-0.0123982466306225,0.008431703204047217,0.9230769230769231
Out,-0.012373498671981,0.008472182999152781,0.9230769230769231
Out,-0.012368197863745,0.008476970895733259,0.9230769230769231
Out,-0.012346763906375,0.008482963381874735,0.9230769230769231
Out,-0.0123425523114487,0.008484162895927601,0.9230769230769231
Out,-0.0123299473260574,0.008490165558228386,0.9230769230769231
Out,-0.0123213712641314,0.008491367110104727,0.9230769230769231
Out,-0.0121518932906506,0.008492569002123142,0.9230769230769231
Out,-0.0121279478486572,0.008508224617129892,0.9230769230769231
Out,-0.0121188499828824,0.008509431286342363,0.9230769230769231
Out,-0.0121095836510654,0.008519096975720574,0.9230769230769231
Out,-0.0120979907205921,0.008521516829995739,0.9230769230769231
Out,-0.0119468289577798,0.008522727272727272,0.9230769230769231
Out,-0.0119082733956231,0.008532423208191127,0.9230769230769231
Out,-0.0118907417861025,0.008538494378824533,0.9230769230769231
Out,-0.011873777287804,0.00854335753951303,0.9230769230769231
Out,-0.0118526371332137,0.008549444286121402,0.9230769230769231
Out,-0.011765325423532,0.008550662676357419,0.9230769230769231
Out,-0.0117618408285872,0.00855188141391106,0.9230769230769231
Out,-0.0117258672689029,0.008553100498930863,0.9230769230769231
Out,-0.0117225241111205,0.008555539711963496,0.9230769230769231
Out,-0.0116100560339604,0.008566533409480296,0.9230769230769231
Out,-0.0115633520951852,0.008572653236176597,0.9230769230769231
Out,-0.0114931392049928,0.008573878250928837,0.9230769230769231
Out,-0.0114510021624358,0.008291636883488206,0.8923076923076924
Out,-0.0113772838699122,0.008294008294008294,0.8923076923076924
Out,-0.0113684068318165,0.008295194508009153,0.8923076923076924
Out,-0.0113465394107786,0.008297567954220314,0.8923076923076924
Out,-0.0112714172412332,0.008299942759015456,0.8923076923076924
Out,-0.0112584765843699,0.0083011306712466,0.8923076923076924
Out,-0.011226326131886,0.008307075336579777,0.8923076923076924
Out,-0.0112025979491627,0.008314220183486239,0.8923076923076924
Out,-0.0110662817477946,0.008316604531115572,0.8923076923076924
Out,-0.0110660802058052,0.00832018361784536,0.8923076923076924
Out,-0.0110566045219518,0.008321377331420373,0.8923076923076924
Out,-0.0110455148646699,0.00832257138757354,0.8923076923076924
Out,-0.0110376986345355,0.008330939385234128,0.8923076923076924
Out,-0.0109236743031504,0.008332136187329406,0.8923076923076924
Out,-0.0109218848434328,0.008339324227174694,0.8923076923076924
Out,-0.0109165587170744,0.008350129570976101,0.8923076923076924
Out,-0.0108746546193488,0.008351331893448524,0.8923076923076924
Out,-0.0107932358705781,0.008352534562211982,0.8923076923076924
Out,-0.0107710648485403,0.008354940939210602,0.8923076923076924
Out,-0.0107178040877208,0.008357348703170028,0.8923076923076924
Out,-0.0106810217164796,0.008362168396770472,0.8923076923076924
Out,-0.0106648195502652,0.0083633741888969,0.8923076923076924
Out,-0.0105663515022619,0.008364580328814536,0.8923076923076924
Out,-0.0105611778086673,0.008365786816673878,0.8923076923076924
Out,-0.0104181218765793,0.008368200836820083,0.8923076923076924
Out,-0.0102059889532929,0.00836940836940837,0.8923076923076924
Out,-0.0101852073416225,0.008370616250541203,0.8923076923076924
Out,-0.0101622550950021,0.008371824480369515,0.8923076923076924
Out,-0.0101369400174819,0.00837424198671672,0.8923076923076924
Out,-0.0100577679690061,0.008375451263537906,0.8923076923076924
Out,-0.0100382156221476,0.008379081190407396,0.8923076923076924
Out,-0.009997667782882,0.00838150289017341,0.8923076923076924
Out,-0.0099890150241985,0.008382714265067205,0.8923076923076924
Out,-0.0099235072541639,0.008385138065635392,0.8923076923076924
Out,-0.0099184866957334,0.008391203703703705,0.8923076923076924
Out,-0.0097301007232916,0.00839727812364268,0.8923076923076924
Out,-0.0096748212571754,0.008399710354815352,0.8923076923076924
Out,-0.009644211152335,0.008400926998841252,0.8923076923076924
Out,-0.0095867920531874,0.008440046565774156,0.8923076923076924
Out,-0.0095718096908836,0.00844373271218518,0.8923076923076924
Out,-0.0095394969897475,0.008463446665693857,0.8923076923076924
Out,-0.0094401030875782,0.008464681844716871,0.8923076923076924
Out,-0.0094049489877968,0.008472100496640374,0.8923076923076924
Out,-0.0093263179752176,0.008477053493130663,0.8923076923076924
Out,-0.0093055593503894,0.008483252888693872,0.8923076923076924
Out,-0.0092799173387784,0.008484493856056173,0.8923076923076924
Out,-0.0091473089698529,0.008485735186539868,0.8923076923076924
Out,-0.0090812957430931,0.008486976880304361,0.8923076923076924
Out,-0.0090770389771525,0.008488218937509147,0.8923076923076924
Out,-0.0090186535784657,0.008489461358313818,0.8923076923076924
Out,-0.0090057154699846,0.00849443468072642,0.8923076923076924
Out,-0.0088823065899434,0.00849567892192764,0.8923076923076924
Out,-0.0088794961120747,0.008519388954171562,0.8923076923076924
Out,-0.0088181327695496,0.008520640517114734,0.8923076923076924
Out,-0.0086800391533163,0.008552049542907697,0.8923076923076924
Out,-0.0086794325829085,0.008557096488639717,0.8923076923076924
Out,-0.0086741048838628,0.008559622195985833,0.8923076923076924
Out,-0.0086636273738207,0.008560885608856088,0.8923076923076924
Out,-0.0085647387980332,0.008562149394744612,0.8923076923076924
Out,-0.0085073752585067,0.008587503701510216,0.8923076923076924
Out,-0.0084894767407192,0.008591319804473412,0.8923076923076924
Out,-0.0084655404648035,0.008592592592592593,0.8923076923076924
Out,-0.0084517169928831,0.008597687518529499,0.8923076923076924
Out,-0.008425957592737,0.008598962194217939,0.8923076923076924
Out,-0.0082970463950863,0.00860023724792408,0.8923076923076924
Out,-0.0082955978498191,0.008614287836031487,0.8923076923076924
Out,-0.0082512433477787,0.008621971160993013,0.8923076923076924
Out,-0.0082408285321525,0.008625817965496729,0.8923076923076924
Out,-0.0081955724828077,0.00862966820413629,0.8923076923076924
Out,-0.0081685300843229,0.008647681526763084,0.8923076923076924
Out,-0.0079621021890757,0.008650260999254289,0.8923076923076924
Out,-0.0079395062819972,0.008651551312649164,0.8923076923076924
Out,-0.0079243047459625,0.008658008658008658,0.8923076923076924
Out,-0.0079068243065052,0.008659301283965363,0.8923076923076924
Out,-0.0078243439432222,0.008686535869402425,0.8923076923076924
Out,-0.0077412793760934,0.008689138576779026,0.8923076923076924
Out,-0.0077270479290636,0.008690440515433023,0.8923076923076924
Out,-0.0076930746715789,0.008695652173913044,0.8923076923076924
Out,-0.0076083463733951,0.008698260347930415,0.8923076923076924
Out,-0.0075963738816725,0.0087008700870087,0.8923076923076924
Out,-0.0075245460832826,0.00870478763319826,0.8923076923076924
Out,-0.0074610221749301,0.00870609426598619,0.8923076923076924
Out,-0.007350150576205,0.008707401291097433,0.8923076923076924
Out,-0.0072631075977589,0.008710016518996846,0.8923076923076924
Out,-0.0072420537131769,0.008712633318311552,0.8923076923076924
Out,-0.0071220168573534,0.008715251690458302,0.8923076923076924
Out,-0.0071166589621913,0.008740204942736588,0.8923076923076924
Out,-0.0071085923858527,0.008748114630467572,0.8923076923076924
Out,-0.0070142847774635,0.008753395713854513,0.8923076923076924
Out,-0.0069967153511178,0.008754716981132076,0.8923076923076924
Out,-0.0068779996057399,0.008767951625094483,0.8923076923076924
Out,-0.0068563613521028,0.008771929824561403,0.8923076923076924
Out,-0.006855797647016,0.008774583963691377,0.8923076923076924
Out,-0.0068015428025502,0.008775911635648358,0.8923076923076924
Out,-0.0067735088700082,0.00877989706327581,0.8923076923076924
Out,-0.0067176820936471,0.008781226343679031,0.8923076923076924
Out,-0.0066734449065382,0.008823976875095086,0.8923076923076924
Out,-0.0066596402587765,0.008830694275274055,0.8923076923076924
Out,-0.0066534830967179,0.008832038982792752,0.8923076923076924
Out,-0.0066156705514116,0.008833384099908621,0.8923076923076924
Out,-0.0064956388826724,0.008834729626808835,0.8923076923076924
Out,-0.0064613031852559,0.008837421910711565,0.8923076923076924
Out,-0.0064463715164402,0.008838768668088998,0.8923076923076924
Out,-0.0064096341571027,0.00884011583600061,0.8923076923076924
Out,-0.0063978896426433,0.008850907981077369,0.8923076923076924
Out,-0.006382979911929,0.008852258852258852,0.8923076923076924
Out,-0.0063758978570122,0.008863080684596576,0.8923076923076924
Out,-0.0063708498014267,0.008864435274338988,0.8923076923076924
Out,-0.0063692932381335,0.008865790278202385,0.8923076923076924
Out,-0.0061446326434124,0.008869857776418412,0.8923076923076924
Out,-0.0061149885277712,0.008875286916602908,0.8923076923076924
Out,-0.006035065689724,0.008876645240281604,0.8923076923076924
Out,-0.0059159074710158,0.008724934945660493,0.8769230769230769
Out,-0.0058788040261434,0.00872627066748316,0.8769230769230769
Out,-0.0057326451778855,0.008727606798346348,0.8769230769230769
Out,-0.0057102843193176,0.008728943338437978,0.8769230769230769
Out,-0.0057069527543881,0.008750383788762665,0.8769230769230769
Out,-0.00569788007547,0.008751727314601566,0.8769230769230769
Out,-0.005594420810868,0.008753071253071253,0.8769230769230769
Out,-0.0055786521561982,0.008754415604361849,0.8769230769230769
Out,-0.0055363411079306,0.008755760368663594,0.8769230769230769
Out,-0.0055216869737298,0.008758451137062077,0.8769230769230769
Out,-0.005470865267445,0.008765185299092726,0.8769230769230769
Out,-0.0054026026779066,0.008766533374346354,0.8769230769230769
Out,-0.0053995163814206,0.008619362782822841,0.8615384615384616
Out,-0.0053972151283909,0.008620689655172414,0.8615384615384616
Out,-0.0053703546277151,0.008623344625808438,0.8615384615384616
Out,-0.0053182798056773,0.008629989212513484,0.8615384615384616
Out,-0.0052989696566507,0.008632649915215045,0.8615384615384616
Out,-0.0052762417633474,0.00863664404688464,0.8615384615384616
Out,-0.005251542582959,0.008637976245565325,0.8615384615384616
Out,-0.0052497553576009,0.008639308855291577,0.8615384615384616
Out,-0.0052392987231745,0.008640641876253664,0.8615384615384616
Out,-0.0052299018552792,0.00865533230293663,0.8615384615384616
Out,-0.0051870165100753,0.008656670273612613,0.8615384615384616
Out,-0.0051814298434901,0.008658008658008658,0.8615384615384616
Out,-0.0051361604068846,0.008659347456316685,0.8615384615384616
Out,-0.0051316886399404,0.008660686668728735,0.8615384615384616
Out,-0.0051261608328311,0.008666047663262148,0.8615384615384616
Out,-0.005074683096589,0.00866738894907909,0.8615384615384616
Out,-0.0049903577000595,0.00867007276668215,0.8615384615384616
Out,-0.0049504010540297,0.008672758246863869,0.8615384615384616
Out,-0.0049167399304817,0.008674101610904586,0.8615384615384616
Out,-0.0049159397986389,0.008676789587852495,0.8615384615384616
Out,-0.0049146455105092,0.008678134201146754,0.8615384615384616
Out,-0.0048958012914869,0.008680824678344443,0.8615384615384616
Out,-0.0048950339070065,0.008691603290392674,0.8615384615384616
Out,-0.0047967542194656,0.008692952499223843,0.8615384615384616
Out,-0.0047904257831517,0.008699704831443219,0.8615384615384616
Out,-0.0046670999849777,0.00870105655686762,0.8615384615384616
Out,-0.0046582660016158,0.008702408702408702,0.8615384615384616
Out,-0.0046580039748624,0.008703761268262356,0.8615384615384616
Out,-0.0046526839065531,0.008705114254624592,0.8615384615384616
Out,-0.004582858233528,0.008707821489659462,0.8615384615384616
Out,-0.0045676761887502,0.008713241014470205,0.8615384615384616
Out,-0.0045560725654079,0.008715953307392997,0.8615384615384616
Out,-0.0044356862758695,0.008717310087173101,0.8615384615384616
Out,-0.0044050613382553,0.008718667289428616,0.8615384615384616
Out,-0.004376193195033,0.008722741433021807,0.8615384615384616
Out,-0.0043672511989629,0.00875684128225176,0.8615384615384616
Out,-0.0043413909587973,0.008758210822646231,0.8615384615384616
Out,-0.0042090255042209,0.008766437069505322,0.8615384615384616
Out,-0.0042081871826318,0.008769182586908864,0.8615384615384616
Out,-0.0041721611256779,0.008770555990602976,0.8615384615384616
Out,-0.0038373137466164,0.00877330408898637,0.8615384615384616
Out,-0.0037226946828083,0.008774678784080225,0.8615384615384616
Out,-0.0037043749687952,0.008776053910045448,0.8615384615384616
Out,-0.0036916891431171,0.00877742946708464,0.8615384615384616
Out,-0.0036811461538261,0.008778805455400532,0.8615384615384616
Out,-0.0036774597340973,0.0087870704534756,0.8615384615384616
Out,-0.0036422693361037,0.008809186723297153,0.8615384615384616
Out,-0.0035724046205833,0.008811959087332809,0.8615384615384616
Out,-0.0034440642188841,0.008814733196914844,0.8615384615384616
Out,-0.0034280719099232,0.008816120906801008,0.8615384615384616
Out,-0.0032605343419678,0.008817509053692331,0.8615384615384616
Out,-0.0031709651972598,0.008830022075055188,0.8615384615384616
Out,-0.0031470032879329,0.008871989860583017,0.8615384615384616
Out,-0.0031318508028665,0.008873395658374267,0.8615384615384616
Out,-0.0029626510477043,0.008897362567524627,0.8615384615384616
Out,-0.0029132807724767,0.008904436317379551,0.8615384615384616
Out,-0.0029108909399234,0.00890726896771115,0.8615384615384616
Out,-0.0029053976861583,0.008908685968819599,0.8615384615384616
Out,-0.0028827224610146,0.008910103420843278,0.8615384615384616
Out,-0.0027086208100353,0.008967173738991193,0.8615384615384616
Out,-0.0026862484583181,0.008971483498878564,0.8615384615384616
Out,-0.0026522002219051,0.008974358974358974,0.8615384615384616
Out,-0.0026400228987782,0.008975797403430037,0.8615384615384616
Out,-0.0026174517122736,0.00851542416452442,0.8153846153846154
Out,-0.0026059251061,0.008526383526383526,0.8153846153846154
Out,-0.0026042689452628,0.008530500563334943,0.8153846153846154
Out,-0.0024919690886349,0.00853187379265937,0.8153846153846154
Out,-0.0023833062696249,0.00853462157809984,0.8153846153846154
Out,-0.0022972553633258,0.008540122462133419,0.8153846153846154
Out,-0.0022861542921829,0.008541498791297342,0.8153846153846154
Out,-0.002170148977997,0.00854287556415216,0.8153846153846154
Out,-0.0019385585532536,0.008544252780912462,0.8153846153846154
Out,-0.0018205222955977,0.008547008547008548,0.8153846153846154
Out,-0.0017924480898151,0.008387096774193548,0.8
Out,-0.0017882034149006,0.008403361344537815,0.8
Out,-0.0017818024526442,0.008404719573298853,0.8
Out,-0.0014393808915786,0.008410156881772603,0.8
Out,-0.0013683668400144,0.008411517308314461,0.8
Out,-0.0012112577861129,0.00841287817505258,0.8
Out,-0.0011264152926206,0.008415601229972487,0.8
Out,-0.0008901631010757,0.008419689119170985,0.8
Out,-0.0008741008810048,0.008421052631578947,0.8
Out,-0.0008535915216536,0.008422416585681892,0.8
Out,-0.0007962729607429,0.008425145819831496,0.8
Out,-0.0007730780995864,0.008426511100307892,0.8
Out,-0.0007391902099593,0.008433344145313007,0.8
Out,-0.0007227108896923,0.00843471208434712,0.8
Out,-0.0006072734774005,0.008442929046923201,0.8
Out,-0.0005596333799194,0.008444300097434233,0.8
Out,-0.0005367240472158,0.008447043534762833,0.8
Out,-0.000471895829071,0.008458035133376708,0.8
Out,-0.0004131405564339,0.008462164361269325,0.8
Out,-0.0003741578266883,0.008463541666666666,0.8
Out,-0.0003616947875375,0.008470434924254765,0.8
Out,-0.0003458313363359,0.008471814923427827,0.8
Out,-0.0002951847214781,0.00847457627118644,0.8
Out,-0.0002754926153626,0.008475957620211898,0.8
Out,-0.0002092038733498,0.008485639686684074,0.8
Out,-0.0001729384355058,0.008487024645013873,0.8
Out,-0.0001683363462239,0.008488410055501142,0.8
Out,-6.54840350441388e-05,0.008493956223456387,0.8
Out,2.61743114596813e-05,0.008498120607942474,0.8
Out,6.093951212227111e-05,0.008499509643674403,0.8
Out,8.510602846001358e-05,0.008500899133562204,0.8
Out,0.0001517453136323,0.008502289077828646,0.8
Out,0.0001722672383404,0.008531583264971289,0.8
Out,0.0003319943534455,0.00853298326222514,0.8
Out,0.0003585237531691,0.008537186012149072,0.8
Out,0.0003845134162032,0.008538587848932676,0.8
Out,0.0003889869944642,0.008541392904073587,0.8
Out,0.000425463672268,0.008544199802826159,0.8
Out,0.0004359865121905,0.008552631578947369,0.8
Out,0.0006059877303141,0.00855403849317322,0.8
Out,0.0006514223383083,0.008555445870352089,0.8
Out,0.0006798847778298,0.008556853710712523,0.8
Out,0.000697746890296,0.008558262014483212,0.8
Out,0.0006990175844859,0.008559670781893004,0.8
Out,0.0007109740139417,0.008561080013170892,0.8
Out,0.0007166530835105,0.008562489708546023,0.8
Out,0.0007902064219468,0.008570957639690126,0.8
Out,0.0008676940858274,0.008573784006595218,0.8
Out,0.0009620155262395,0.008575197889182058,0.8
Out,0.0009753812665972,0.008590781430695523,0.8
Out,0.0010337161147764,0.008593620889109237,0.8
Out,0.0010558907120357,0.00859504132231405,0.8
Out,0.0010600544506118,0.008596462225161184,0.8
Out,0.0011625765409306,0.008619260732637163,0.8
Out,0.0012475661382156,0.0086292731496847,0.8
Out,0.0012565727801432,0.008630705394190872,0.8
Out,0.0013280532680745,0.008632138114209827,0.8
Out,0.0014057224358801,0.008633571309978416,0.8
Out,0.0014651771075603,0.008635004981733644,0.8
Out,0.0014921370907606,0.008636439129712672,0.8
Out,0.0015870489030432,0.008639308855291577,0.8
Out,0.001621825766204,0.008640744433366567,0.8
Out,0.0016901309681331,0.00864218048861559,0.8
Out,0.001701672324996,0.008643617021276596,0.8
Out,0.0017182161250947,0.008671002167750541,0.8
Out,0.0017629325584365,0.00867244829886591,0.8
Out,0.001892675777566,0.008681135225375626,0.8
Out,0.0019265306675561,0.008682584738687594,0.8
Out,0.0019985236571449,0.008685485217972274,0.8
Out,0.0020057483460642,0.008689839572192513,0.8
Out,0.0020365421572197,0.00869710653955511,0.8
Out,0.0020455660701566,0.008698561391769822,0.8
Out,0.0020643905590407,0.008704385671242048,0.8
Out,0.0020801464746663,0.008705842959986606,0.8
Out,0.0022551726122841,0.008707300736771601,0.8
Out,0.0023069776497491,0.008723368562321757,0.8
Out,0.0024032754556152,0.00872776099362202,0.8
Out,0.00248568054585,0.008729226120530469,0.8
Out,0.0024993784365925,0.008730691739422432,0.8
Out,0.0025090632902105,0.008733624454148471,0.8
Out,0.002511325974714,0.00873509155047875,0.8
Out,0.0025453241628216,0.00874096486804505,0.8
Out,0.0025647160511267,0.00874390448965865,0.8
Out,0.002587316281975,0.008745375042045072,0.8
Out,0.0025996273553864,0.008746846089150547,0.8
Out,0.0026142474857581,0.008748317631224764,0.8
Out,0.0027320034523871,0.008749789668517584,0.8
Out,0.0028491690881223,0.00876010781671159,0.8
Out,0.002861931747991,0.008761583824768323,0.8
Out,0.0029119125962581,0.008763060330299966,0.8
Out,0.002917639259077,0.008764537333558066,0.8
Out,0.0029336654990467,0.008767492834260664,0.8
Out,0.0029674019773614,0.008770450328891887,0.8
Out,0.0030026684661459,0.008783783783783784,0.8
Out,0.0030359275102403,0.00878972278566599,0.8
Out,0.0030557372751153,0.00879269529928982,0.8
Out,0.0030603801350265,0.008794182310164045,0.8
Out,0.0031102597122709,0.008795669824086604,0.8
Out,0.0031423017870718,0.008797157841312806,0.8
Out,0.0032411467282135,0.008800135386698257,0.8
Out,0.0032491723717692,0.008803114948366345,0.8
Out,0.0033650960396826,0.008806096528365791,0.8
Out,0.0033757383438239,0.008809080128748094,0.8
Out,0.0034876338945342,0.008815053398881166,0.8
Out,0.0034896606062262,0.00882103477523325,0.8
Out,0.0035043833867572,0.008824028508399796,0.8
Out,0.0035776483219667,0.008825526137135099,0.8
Out,0.0038418828650769,0.008830022075055188,0.8
Out,0.0038692801637657,0.008831521739130434,0.8
Out,0.0038727458447613,0.008833021912688976,0.8
Out,0.0038757144985334,0.008834522595990485,0.8
Out,0.0039309626537841,0.008836023789294817,0.8
Out,0.0039798516350367,0.008857094191790154,0.8
Out,0.0039887604586629,0.00886615515771526,0.8
Out,0.0040452505799273,0.008869179600886918,0.8
Out,0.0040523721916673,0.008870692596383487,0.8
Out,0.0040819239495579,0.008876749743939911,0.8
Out,0.0041529329236265,0.008887369680396513,0.8
Out,0.0041614860747174,0.008891928864569083,0.8
Out,0.0041891417237331,0.008893449632290064,0.8
Out,0.0042662244767427,0.008894970920287376,0.8
Out,0.0042701874331393,0.00889801505817933,0.8
Out,0.004289263676743,0.008907159986296678,0.8
Out,0.004427480091992,0.008908685968819599,0.8
Out,0.0044667825224411,0.008911739502999142,0.8
Out,0.0044690718300757,0.008913267055193692,0.8
Out,0.0044991268904456,0.00891479513115035,0.8
Out,0.004578835418712,0.008916323731138546,0.8
Out,0.0046089146555007,0.008917852855427885,0.8
Out,0.0046195646431083,0.008585164835164836,0.7692307692307693
Out,0.0046326289997083,0.008592541673827118,0.7692307692307693
Out,0.0046378579517839,0.008594018563080097,0.7692307692307693
Out,0.0046378800915005,0.008595495960116899,0.7692307692307693
Out,0.0046482577497206,0.008598452278589854,0.7692307692307693
Out,0.0046730853346143,0.008599931200550396,0.7692307692307693
Out,0.0046941480815396,0.00861623298293986,0.7692307692307693
Out,0.0047086731143221,0.008628127696289905,0.7692307692307693
Out,0.0048986327592962,0.00862961684501208,0.7692307692307693
Out,0.0049857698247131,0.008631106507854307,0.7692307692307693
Out,0.0050484039846294,0.008632596685082873,0.7692307692307693
Out,0.0050532810011968,0.008637070305752288,0.7692307692307693
Out,0.0052749233455411,0.00864304235090752,0.7692307692307693
Out,0.0053200548448432,0.008664009703690868,0.7692307692307693
Out,0.0053315961931262,0.008667013347200554,0.7692307692307693
Out,0.005392093365483,0.008668515950069348,0.7692307692307693
Out,0.0055023763485726,0.008670019074041963,0.7692307692307693
Out,0.0055257018094047,0.008671522719389525,0.7692307692307693
Out,0.0055392577366595,0.008674531575294934,0.7692307692307693
Out,0.0055437492109665,0.008676036786395974,0.7692307692307693
Out,0.0056057944303831,0.008677542519958347,0.7692307692307693
Out,0.0056455732651573,0.008679048776254122,0.7692307692307693
Out,0.0056714155577001,0.008680555555555556,0.7692307692307693
Out,0.005672841473123,0.008688097306689836,0.7692307692307693
Out,0.0057270395603258,0.008689607229753215,0.7692307692307693
Out,0.0057481816012278,0.008692628650904033,0.7692307692307693
Out,0.0058145168397895,0.008706251088281386,0.7692307692307693
Out,0.0058200379276174,0.008707767328456984,0.7692307692307693
Out,0.0058848401439757,0.00870928409684724,0.7692307692307693
Out,0.0059409726433079,0.008715356458079136,0.7692307692307693
Out,0.0059577098691318,0.008721437292865864,0.7692307692307693
Out,0.0060630450336546,0.008722958827634334,0.7692307692307693
Out,0.0060902629606792,0.008724480893386843,0.7692307692307693
Out,0.0061291110360344,0.008732099196646874,0.7692307692307693
Out,0.0061403484607936,0.008739730816290859,0.7692307692307693
Out,0.0061774938678162,0.008741258741258742,0.7692307692307693
Out,0.0061786039967728,0.008742787200559538,0.7692307692307693
Out,0.0062115112809083,0.008744316194473592,0.7692307692307693
Out,0.0063117390716508,0.008768853034023149,0.7692307692307693
Out,0.0063632720611074,0.00877039115944571,0.7692307692307693
Out,0.0063894466299828,0.008775008775008775,0.7692307692307693
Out,0.0064365769812518,0.00877654906090925,0.7692307692307693
Out,0.0064501941611737,0.00877808988764045,0.7692307692307693
Out,0.0064951810623841,0.008782715615668365,0.7692307692307693
Out,0.0065131732333101,0.008788890841975743,0.7692307692307693
Out,0.0065232343743542,0.008790436005625879,0.7692307692307693
Out,0.0065242134074321,0.008796622097114707,0.7692307692307693
Out,0.0065474913030941,0.008798169980644026,0.7692307692307693
Out,0.006590147165531,0.008623724040830694,0.7538461538461538
Out,0.0066055749909611,0.008628279626694841,0.7538461538461538
Out,0.0066211170849678,0.008629799225079253,0.7538461538461538
Out,0.0066546596129345,0.008631319358816275,0.7538461538461538
Out,0.0066760395441495,0.008634361233480176,0.7538461538461538
Out,0.0066844575712831,0.008640451419502733,0.7538461538461538
Out,0.0067025472105877,0.008646550202929239,0.7538461538461538
Out,0.0067364510155865,0.00864807624426403,0.7538461538461538
Out,0.0067539352131019,0.008649602824360106,0.7538461538461538
Out,0.0067573454465271,0.008657243816254417,0.7538461538461538
Out,0.0068135187742441,0.008674101610904586,0.7538461538461538
Out,0.0068670367201792,0.008680248007085917,0.7538461538461538
Out,0.0071024213287491,0.008681785967399007,0.7538461538461538
Out,0.0072252776960992,0.008683324472798157,0.7538461538461538
Out,0.0072256929029911,0.008684863523573201,0.7538461538461538
Out,0.0072479698426779,0.008686403120014181,0.7538461538461538
Out,0.0072828366360471,0.008687943262411348,0.7538461538461538
Out,0.0072901683629901,0.008694109297374025,0.7538461538461538
Out,0.0073117673385415,0.008695652173913044,0.7538461538461538
Out,0.0073242816358046,0.008697195598154064,0.7538461538461538
Out,0.0073345565777133,0.00869873957038878,0.7538461538461538
Out,0.0073402120793473,0.00870028409090909,0.7538461538461538
Out,0.0073511492566575,0.008701829160007104,0.7538461538461538
Out,0.0073520729221493,0.008703374777975134,0.7538461538461538
Out,0.0074938230017459,0.008706467661691543,0.7538461538461538
Out,0.0075675203337219,0.008709562744400995,0.7538461538461538
Out,0.0075722382806239,0.0087297345448067,0.7538461538461538
Out,0.0076219433589437,0.008731290092658588,0.7538461538461538
Out,0.0076954446473211,0.008732846194974157,0.7538461538461538
Out,0.0076980808750131,0.008735960064182563,0.7538461538461538
Out,0.0077810405912237,0.008737517831669045,0.7538461538461538
Out,0.0078350018042595,0.008739076154806492,0.7538461538461538
Out,0.0078375128170125,0.008742194469223908,0.7538461538461538
Out,0.0078813760978366,0.008743754461099216,0.7538461538461538
Out,0.0078881229056295,0.008746876115672974,0.7538461538461538
Out,0.0079593973217861,0.008751562779067691,0.7538461538461538
Out,0.0080902868250221,0.008768790264853258,0.7538461538461538
Out,0.008112212581358,0.008775071633237822,0.7538461538461538
Out,0.0082148974674322,0.00878293601003764,0.7538461538461538
Out,0.0082529277747928,0.008784510577267838,0.7538461538461538
Out,0.0082628589010609,0.008792391889467073,0.7538461538461538
Out,0.008273432705848,0.008793969849246231,0.7538461538461538
Out,0.0082752059421788,0.008797127468581687,0.7538461538461538
Out,0.0082852839081497,0.008808197015998562,0.7538461538461538
Out,0.0083190552085404,0.00884636215923452,0.7538461538461538
Out,0.0084060983407764,0.008847959552184904,0.7538461538461538
Out,0.0084177095576314,0.008851156069364163,0.7538461538461538
Out,0.0084507734849371,0.008855955178022772,0.7538461538461538
Out,0.0084729059336072,0.008880028996013048,0.7538461538461538
Out,0.008526048074792,0.00888163857168751,0.7538461538461538
Out,0.0085655035763113,0.008886470801595938,0.7538461538461538
Out,0.0086038841220152,0.008888082713586069,0.7538461538461538
Out,0.0086131880385595,0.008889695210449928,0.7538461538461538
Out,0.0088208190940222,0.008891308292505897,0.7538461538461538
Out,0.0088289290915075,0.008892921960072596,0.7538461538461538
Out,0.0088666777317214,0.008894536213468869,0.7538461538461538
Out,0.0088668312701549,0.008896151053013798,0.7538461538461538
Out,0.0088787691894592,0.008899382491827097,0.7538461538461538
Out,0.0089748620620337,0.008900999091734786,0.7538461538461538
Out,0.0090288382064569,0.008905852417302799,0.7538461538461538
Out,0.009075754940557,0.008907471368842028,0.7538461538461538
Out,0.009077867942675,0.008915574963609897,0.7538461538461538
Out,0.0090858012137211,0.008925318761384336,0.7538461538461538
Out,0.0091109360559969,0.008935083880379285,0.7538461538461538
Out,0.0091459148980511,0.00893671347802298,0.7538461538461538
Out,0.0091849016345287,0.008944870390653524,0.7538461538461538
Out,0.0092417263830459,0.008946503560343254,0.7538461538461538
Out,0.0092909591737155,0.008948137326515705,0.7538461538461538
Out,0.0093267125164846,0.008949771689497716,0.7538461538461538
Out,0.0093513501740277,0.008951406649616368,0.7538461538461538
Out,0.0093635604624923,0.008954678362573099,0.7538461538461538
Out,0.0093646382065799,0.008956315116066533,0.7538461538461538
Out,0.0094501495899923,0.008957952468007313,0.7538461538461538
Out,0.0094580708360968,0.008961228968544257,0.7538461538461538
Out,0.0095179285342394,0.008962868117797696,0.7538461538461538
Out,0.0095308719480927,0.008964507866813026,0.7538461538461538
Out,0.0095754873094083,0.00896778916544656,0.7538461538461538
Out,0.0096343572849152,0.008969430715723961,0.7538461538461538
Out,0.0096446796604433,0.008971072867081655,0.7538461538461538
Out,0.0096901299451681,0.008984231756508984,0.7538461538461538
Out,0.009709832798182,0.008985879332477536,0.7538461538461538
Out,0.009728882897306,0.008994126284875184,0.7538461538461538
Out,0.0097733081912647,0.00899577749219754,0.7538461538461538
Out,0.009786432795923,0.008997429305912597,0.7538461538461538
Out,0.0097889193366784,0.009009009009009009,0.7538461538461538
Out,0.009864669221363,0.00902227950653655,0.7538461538461538
Out,0.0098685269588654,0.009023941068139963,0.7538461538461538
Out,0.0099107551861022,0.009038922707987456,0.7538461538461538
Out,0.0099179912608406,0.00904559719401883,0.7538461538461538
Out,0.009931681227308,0.009047267355982274,0.7538461538461538
Out,0.0099429243921495,0.009053954175905396,0.7538461538461538
Out,0.0101040579835721,0.009057301293900186,0.7538461538461538
Out,0.0101172705187154,0.009060650887573964,0.7538461538461538
Out,0.0101548851706279,0.00907575476940174,0.7538461538461538
Out,0.0101811156760124,0.009079118028534372,0.7538461538461538
Out,0.0102681042370632,0.009080800593031875,0.7538461538461538
Out,0.0103081618136372,0.009084167593622544,0.7538461538461538
Out,0.0103345553641652,0.00909090909090909,0.7538461538461538
Out,0.0103724708990359,0.009094283593170008,0.7538461538461538
Out,0.0103787022116378,0.009095971783924262,0.7538461538461538
Out,0.0103951588355207,0.0090976606015596,0.7538461538461538
Out,0.0104290066773415,0.009099350046425255,0.7538461538461538
Out,0.0104337429790907,0.009112888227636229,0.7538461538461538
Out,0.0104411431906319,0.009114583333333334,0.7538461538461538
Out,0.010478535138593,0.009117975437290659,0.7538461538461538
Out,0.0104976071437525,0.00912306832991994,0.7538461538461538
Out,0.0105177862823088,0.009124767225325885,0.7538461538461538
Out,0.0105227609280326,0.009126466753585397,0.7538461538461538
Out,0.0105296708353915,0.009131569139023481,0.7538461538461538
Out,0.0106090302853444,0.008951883625512868,0.7384615384615385
Out,0.0106649722006738,0.00897028592786395,0.7384615384615385
Out,0.0107102792768589,0.008976996446605573,0.7384615384615385
Out,0.0107640103256091,0.008980355472404116,0.7384615384615385
Out,0.0107982110400549,0.008983717012914094,0.7384615384615385
Out,0.0109163546818135,0.008988764044943821,0.7384615384615385
Out,0.010998670210443,0.008990447649372542,0.7384615384615385
Out,0.0109991465627703,0.008992131884600974,0.7384615384615385
Out,0.0110069433371833,0.008993816750983699,0.7384615384615385
Out,0.0110301509420881,0.008995502248875561,0.7384615384615385
Out,0.0111138823238595,0.008997188378631678,0.7384615384615385
Out,0.0111158110101856,0.00900225056264066,0.7384615384615385
Out,0.0111249566253996,0.009003939223410242,0.7384615384615385
Out,0.0111322482836641,0.009009009009009009,0.7384615384615385
Out,0.0111814808489838,0.009010700206495213,0.7384615384615385
Out,0.0111875321922546,0.009012392039053699,0.7384615384615385
Out,0.0112066816266268,0.009015777610818933,0.7384615384615385
Out,0.0112456124921751,0.009017471350742063,0.7384615384615385
Out,0.0112927121954891,0.009019165727170236,0.7384615384615385
Out,0.0112974512292444,0.009020860740462319,0.7384615384615385
Out,0.0112993312284055,0.009022556390977444,0.7384615384615385
Out,0.0114540741959365,0.00902764716945646,0.7384615384615385
Out,0.0114952981435155,0.009029345372460496,0.7384615384615385
Out,0.0115200546453013,0.009041250706347712,0.7384615384615385
Out,0.0115274562713645,0.00904295403165034,0.7384615384615385
Out,0.0115399676536465,0.009044657998869417,0.7384615384615385
Out,0.0115410089241524,0.009048067860508954,0.7384615384615385
Out,0.0115410825872127,0.009053187476423991,0.7384615384615385
Out,0.0115622305981573,0.009054895302773062,0.7384615384615385
Out,0.0116582444097702,0.009056603773584906,0.7384615384615385
Out,0.0116991478360033,0.009058312889224382,0.7384615384615385
Out,0.0117500005806173,0.009066868152625614,0.7384615384615385
Out,0.0117554877599779,0.00906858114490837,0.7384615384615385
Out,0.0117635663029603,0.009070294784580499,0.7384615384615385
Out,0.0117970064620448,0.009072009072009071,0.7384615384615385
Out,0.0118366237012436,0.009075439591605219,0.7384615384615385
Out,0.0120702302929641,0.009082308420056764,0.7384615384615385
Out,0.0121003714952744,0.009085746734809767,0.7384615384615385
Out,0.0122093892602376,0.009087466868610375,0.7384615384615385
Out,0.0122249383171426,0.009089187653853437,0.7384615384615385
Out,0.0122297294641795,0.009097801364670205,0.7384615384615385
Out,0.0122955265914465,0.009099526066350712,0.7384615384615385
Out,0.0124067079929092,0.009101251422070534,0.7384615384615385
Out,0.0126179522637829,0.009102977432201783,0.7384615384615385
Out,0.0126300262620056,0.009111617312072893,0.7384615384615385
Out,0.0126737773671606,0.009122006841505131,0.7384615384615385
Out,0.0127513210386802,0.009125475285171103,0.7384615384615385
Out,0.0127631144173649,0.009148084619782733,0.7384615384615385
Out,0.0127889180716784,0.00915157292659676,0.7384615384615385
Out,0.0128107031660377,0.009153318077803204,0.7384615384615385
Out,0.0128446072520144,0.009155063894716766,0.7384615384615385
Out,0.0128737474171449,0.009156810377718427,0.7384615384615385
Out,0.0129062144099251,0.009158557527189467,0.7384615384615385
Out,0.0129633165779773,0.009165552797403094,0.7384615384615385
Out,0.0130102733991611,0.009170806266717615,0.7384615384615385
Out,0.0130116386346494,0.009172558761704567,0.7384615384615385
Out,0.013011965710388,0.009174311926605505,0.7384615384615385
Out,0.0130132769010772,0.009184845005740528,0.7384615384615385
Out,0.0130178889034617,0.009186602870813397,0.7384615384615385
Out,0.0130259026767545,0.009200690051753882,0.7384615384615385
Out,0.0130904733528128,0.009207749856128909,0.7384615384615385
Out,0.0131363429021167,0.009211283822682787,0.7384615384615385
Out,0.0131506649360167,0.00921482050297562,0.7384615384615385
Out,0.0131690450056746,0.009218359900134435,0.7384615384615385
Out,0.0132862803393329,0.009221902017291067,0.7384615384615385
Out,0.0133079457434079,0.00922722029988466,0.7384615384615385
Out,0.0133329534753471,0.009228994424149203,0.7384615384615385
Out,0.013381259619095,0.009230769230769232,0.7384615384615385
Out,0.0134193969277652,0.009232544720138488,0.7384615384615385
Out,0.0134408590103606,0.00923432089265102,0.7384615384615385
Out,0.0134424046227971,0.009248554913294798,0.7384615384615385
Out,0.013520744904905,0.009250337251878975,0.7384615384615385
Out,0.0135683059352913,0.009253903990746095,0.7384615384615385
Out,0.0136349046819171,0.009255688391824142,0.7384615384615385
Out,0.013656980765215,0.009257473481195757,0.7384615384615385
Out,0.0137036912032488,0.009261045726413274,0.7384615384615385
Out,0.0137355676291597,0.009277155005798222,0.7384615384615385
Out,0.0139288102166166,0.009300523154427436,0.7384615384615385
Out,0.0139450368516049,0.009304128707113783,0.7384615384615385
Out,0.013980282370825,0.009313154831199068,0.7384615384615385
Out,0.0140975104479222,0.009318578916715201,0.7384615384615385
Out,0.0141071696574759,0.009320388349514564,0.7384615384615385
Out,0.0141564177641014,0.009327633113097552,0.7384615384615385
Out,0.0142227587670147,0.009329446064139942,0.7384615384615385
Out,0.0142344216346131,0.00933307408127552,0.7384615384615385
Out,0.0142814111481351,0.009334889148191364,0.7384615384615385
Out,0.014327226939432,0.009342156481121059,0.7384615384615385
Out,0.0143531139438704,0.009343975082733113,0.7384615384615385
Out,0.0144228705080434,0.009349435138293729,0.7384615384615385
Out,0.014426963102909,0.009353078721745909,0.7384615384615385
Out,0.0144822399250509,0.009354901578639642,0.7384615384615385
Out,0.0144983620729933,0.0093603744149766,0.7384615384615385
Out,0.0145037253163042,0.009369510052703494,0.7384615384615385
Out,0.01454121744041,0.009371339320577899,0.7384615384615385
Out,0.0145673201405374,0.009380496384600352,0.7384615384615385
Out,0.0145978792215724,0.009382329945269743,0.7384615384615385
Out,0.0146150319454868,0.009385999217833398,0.7384615384615385
Out,0.0146642073975035,0.009397024275646046,0.7384615384615385
Out,0.0146919767839344,0.009408075264602116,0.7384615384615385
Out,0.0147002550603686,0.009411764705882352,0.7384615384615385
Out,0.0147153755490889,0.009413610511865072,0.7384615384615385
Out,0.0147550351532796,0.009417304296645085,0.7384615384615385
Out,0.0147710397523804,0.009430255402750491,0.7384615384615385
Out,0.0148258999998522,0.009435816787890702,0.7384615384615385
Out,0.0148775250937251,0.00943952802359882,0.7384615384615385
Out,0.0149014676349392,0.009459992116673236,0.7384615384615385
Out,0.0149296671045429,0.009461856889414548,0.7384615384615385
Out,0.0149768940157911,0.00946372239747634,0.7384615384615385
Out,0.0150306357044305,0.00946558864129363,0.7384615384615385
Out,0.0150637427652987,0.009467455621301775,0.7384615384615385
Out,0.0150685939398754,0.009469323337936477,0.7384615384615385
Out,0.0150927097415665,0.009473060982830076,0.7384615384615385
Out,0.0150972736515324,0.0094749309119621,0.7384615384615385
Out,0.0151255068897644,0.009491793553490212,0.7384615384615385
Out,0.0151795244948095,0.00949367088607595,0.7384615384615385
Out,0.0151877265306074,0.009497427779976256,0.7384615384615385
Out,0.0151901445176462,0.009499307342172967,0.7384615384615385
Out,0.015240304476684,0.009501187648456057,0.7384615384615385
Out,0.0152538143420217,0.009503068699267472,0.7384615384615385
Out,0.0152892000382506,0.009504950495049505,0.7384615384615385
Out,0.0153154697456656,0.009506833036244802,0.7384615384615385
Out,0.0153363180802986,0.009510600356647513,0.7384615384615385
Out,0.0154008030471248,0.009537055434134712,0.7384615384615385
Out,0.0154082382072322,0.009542743538767396,0.7384615384615385
Out,0.0154402911448,0.00955033824114604,0.7384615384615385
Out,0.0154814521061643,0.009554140127388535,0.7384615384615385
Out,0.0154871077606218,0.009557945041816009,0.7384615384615385
Out,0.0155029765852541,0.009561752988047808,0.7384615384615385
Out,0.0155072339571319,0.009563658099222952,0.7384615384615385
Out,0.0155230203363303,0.009565563969709047,0.7384615384615385
Out,0.015554606855095,0.009575104727707959,0.7384615384615385
Out,0.0155681752976406,0.009577015163607342,0.7384615384615385
Out,0.0156057699401459,0.009578926362003592,0.7384615384615385
Out,0.0156568595660028,0.009588493807431082,0.7384615384615385
Out,0.0157546261399781,0.00959040959040959,0.7384615384615385
Out,0.0158344617973851,0.009592326139088728,0.7384615384615385
Out,0.0158493041342457,0.009596161535385846,0.7384615384615385
Out,0.0158537646836184,0.009598080383923215,0.7384615384615385
Out,0.0159067530542793,0.0096,0.7384615384615385
Out,0.0159124217734847,0.009601920384076815,0.7384615384615385
Out,0.0159238479544183,0.009603841536614645,0.7384615384615385
Out,0.015925177687059,0.009605763458074845,0.7384615384615385
Out,0.0159632762934794,0.009607686148919135,0.7384615384615385
Out,0.0159944465120263,0.00961153384060873,0.7384615384615385
Out,0.016001722729507,0.009613458842379331,0.7384615384615385
Out,0.0160029469948898,0.009615384615384616,0.7384615384615385
Out,0.0160352521308014,0.009617311160088158,0.7384615384615385
Out,0.0161084076545582,0.009623095429029671,0.7384615384615385
Out,0.0162235507093169,0.009424503709645078,0.7230769230769231
Out,0.0162276948727009,0.009432069034718042,0.7230769230769231
Out,0.0162586230184168,0.009439646515364532,0.7230769230769231
Out,0.0162723180989573,0.009449135504624045,0.7230769230769231
Out,0.0162809611930645,0.009451035592197869,0.7230769230769231
Out,0.0163109347616636,0.009454838060752363,0.7230769230769231
Out,0.0163110139109105,0.009460547504025765,0.7230769230769231
Out,0.0163850693458303,0.009462452184417153,0.7230769230769231
Out,0.0164839304830931,0.0094662638469285,0.7230769230769231
Out,0.0165104138167031,0.00947389639185648,0.7230769230769231
Out,0.0165232313835357,0.009477717281710022,0.7230769230769231
Out,0.0165645070688995,0.009479628882613958,0.7230769230769231
Out,0.0166146020899489,0.009494949494949495,0.7230769230769231
Out,0.016634389927492,0.00950262838657501,0.7230769230769231
Out,0.0166810787782011,0.009504550050556117,0.7230769230769231
Out,0.0166944843497576,0.00951417004048583,0.7230769230769231
Out,0.0167050779648804,0.009519951387482276,0.7230769230769231
Out,0.0167953146003884,0.009529602595296026,0.7230769230769231
Out,0.0167965753654679,0.009531535185560738,0.7230769230769231
Out,0.0168772493810061,0.009533468559837728,0.7230769230769231
Out,0.0168853867716933,0.009539273391516136,0.7230769230769231
Out,0.0169227418862644,0.009541209906617946,0.7230769230769231
Out,0.0169321769489676,0.009543147208121827,0.7230769230769231
Out,0.0169329269839085,0.009545085296506904,0.7230769230769231
Out,0.0169562881780842,0.00954702417225269,0.7230769230769231
Out,0.0169631937588298,0.00955478755844684,0.7230769230769231
Out,0.0169741091958932,0.009558673988204189,0.7230769230769231
Out,0.0169922207284732,0.009560618388934093,0.7230769230769231
Out,0.0170087063839932,0.009564509564509565,0.7230769230769231
Out,0.0170370997980604,0.009566456340321597,0.7230769230769231
Out,0.0170494014080941,0.009568403908794789,0.7230769230769231
Out,0.0171232078416168,0.009570352270413357,0.7230769230769231
Out,0.0171699811812194,0.009572301425661914,0.7230769230769231
Out,0.0172239712115552,0.009574251375025463,0.7230769230769231
Out,0.0172936097452014,0.009576202118989406,0.7230769230769231
Out,0.0173080990224153,0.009584013050570963,0.7230769230769231
Out,0.0173228984358924,0.009587923296613628,0.7230769230769231
Out,0.0174408245573385,0.009589879616404815,0.7230769230769231
Out,0.0174934583314465,0.00959379465196979,0.7230769230769231
Out,0.0175117728507111,0.009595753368721927,0.7230769230769231
Out,0.0175143904963023,0.009597712885440065,0.7230769230769231
Out,0.017538580465538,0.00959967320261438,0.7230769230769231
Out,0.017550488023692,0.009601634320735445,0.7230769230769231
Out,0.0175831690195361,0.009605558961782138,0.7230769230769231
Out,0.017596972506056,0.009607522485690924,0.7230769230769231
Out,0.0176439824049234,0.009613417876866434,0.7230769230769231
Out,0.0176493903941975,0.009615384615384616,0.7230769230769231
Out,0.0176625441225493,0.009617352158788622,0.7230769230769231
Out,0.017712090629726,0.00962720196640721,0.7230769230769231
Out,0.0177300102856242,0.009637071970473652,0.7230769230769231
Out,0.0177533328833129,0.00964498255694644,0.7230769230769231
Out,0.0177708945348978,0.009650924024640658,0.7230769230769231
Out,0.017787499186553,0.009654889071487264,0.7230769230769231
Out,0.0179125234032598,0.009658857377722976,0.7230769230769231
Out,0.0179235174942149,0.009660842754367934,0.7230769230769231
Out,0.0179306292900743,0.009662828947368422,0.7230769230769231
Out,0.0180021321762827,0.009664815957228049,0.7230769230769231
Out,0.0180240453886775,0.009676755198682314,0.7230769230769231
Out,0.0180361929583786,0.009680741503604531,0.7230769230769231
Out,0.0180677043540746,0.009682735887927483,0.7230769230769231
Out,0.0181296497639181,0.00968872397443826,0.7230769230769231
Out,0.0181737855509525,0.009690721649484537,0.7230769230769231
Out,0.0182399900143007,0.009692720148484223,0.7230769230769231
Out,0.0182597662497144,0.009694719471947194,0.7230769230769231
Out,0.0182685209734954,0.009696719620383742,0.7230769230769231
Out,0.0183292710603258,0.009702725020644096,0.7230769230769231
Out,0.0183477460907336,0.009710743801652892,0.7230769230769231
Out,0.0183568346059082,0.009712750568299235,0.7230769230769231
Out,0.01839875763742,0.009714758164530797,0.7230769230769231
Out,0.0184782388030719,0.009738914214670534,0.7230769230769231
Out,0.0184987705970182,0.009740932642487047,0.7230769230769231
Out,0.0185138725048434,0.009744972009122952,0.7230769230769231
Out,0.0185511459900201,0.009759136212624584,0.7230769230769231
Out,0.0185705346210478,0.009761163032191069,0.7230769230769231
Out,0.0186031943272226,0.009773341651070909,0.7230769230769231
Out,0.0186134122382571,0.009775374376039933,0.7230769230769231
Out,0.0186216230321664,0.009787588504789672,0.7230769230769231
Out,0.0186256537174248,0.009795748228428512,0.7230769230769231
Out,0.0186588558165052,0.009797790285595165,0.7230769230769231
Out,0.0187258301145226,0.009799833194328608,0.7230769230769231
Out,0.0187908397056904,0.009805967035259754,0.7230769230769231
Out,0.0189002513381491,0.009808013355592655,0.7230769230769231
Out,0.0189028555995739,0.009810060530160718,0.7230769230769231
Out,0.0189875411411056,0.009814157444142827,0.7230769230769231
Out,0.0190685101177384,0.009816207184628237,0.7230769230769231
Out,0.0190769968964632,0.00981825778149154,0.7230769230769231
Out,0.0190819810286901,0.009824414715719064,0.7230769230769231
Out,0.0191533077474101,0.009828523630280217,0.7230769230769231
Out,0.0191763916333558,0.009830579376699435,0.7230769230769231
Out,0.0192412320302535,0.009832635983263598,0.7230769230769231
Out,0.0192545390896787,0.00983469345051266,0.7230769230769231
Out,0.0192732286056086,0.009836751778987024,0.7230769230769231
Out,0.0193186565746683,0.009840871021775544,0.7230769230769231
Out,0.0193362705228514,0.009847056358684266,0.7230769230769231
Out,0.0193426928235848,0.009849119865884326,0.7230769230769231
Out,0.0193531089117733,0.009851184238105219,0.7230769230769231
Out,0.0193781358704034,0.009853249475890986,0.7230769230769231
Out,0.0193896266787034,0.009855315579786118,0.7230769230769231
Out,0.019463489730367,0.00985738255033557,0.7230769230769231
Out,0.0195178471594638,0.009859450388084749,0.7230769230769231
Out,0.0195555232611098,0.009865659109991603,0.7230769230769231
Out,0.0196078963400389,0.00986773042200294,0.7230769230769231
Out,0.0196324842186097,0.009869802603947922,0.7230769230769231
Out,0.0197027573711082,0.009873949579831932,0.7230769230769231
Out,0.0197115538356615,0.00987602437486867,0.7230769230769231
Out,0.0197309839371729,0.009880176581879336,0.7230769230769231
Out,0.0198062553517398,0.009882253994953743,0.7230769230769231
Out,0.0198333944213474,0.009886411442995372,0.7230769230769231
Out,0.0199218555898016,0.009894736842105263,0.7230769230769231
Out,0.0199453921935061,0.009898904802021904,0.7230769230769231
Out,0.0199654088261266,0.00990307627475769,0.7230769230769231
Out,0.0199716709540251,0.009917704156995147,0.7230769230769231
Out,0.0199859380874563,0.009919797382861967,0.7230769230769231
Out,0.0200005122829894,0.009926082365364308,0.7230769230769231
Out,0.0200061872607265,0.009934474741069541,0.7230769230769231
Out,0.0200255601422545,0.009938676252907591,0.7230769230769231
Out,0.020059417839394,0.00994077834179357,0.7230769230769231
Out,0.0200713551222697,0.009942881320076159,0.7230769230769231
Out,0.0201253848023272,0.009944985188319933,0.7230769230769231
Out,0.0201362823362899,0.009947089947089947,0.7230769230769231
Out,0.0201425781634631,0.009949195596951736,0.7230769230769231
Out,0.0201432492212585,0.009951302138471311,0.7230769230769231
Out,0.0201539685277248,0.009953409572215162,0.7230769230769231
Out,0.0202201502115771,0.009961848240779992,0.7230769230769231
Out,0.0202940884118677,0.009974533106960951,0.7230769230769231
Out,0.0203799505845508,0.00997665039269794,0.7230769230769231
Out,0.020436045041869,0.009985128531973655,0.7230769230769231
Out,0.020439959144218,0.009989373007438894,0.7230769230769231
Out,0.0204756872442506,0.009997872793022762,0.7230769230769231
Out,0.0205851709520147,0.010002128112364332,0.7230769230769231
Out,0.0206350486968893,0.010004257130693913,0.7230769230769231
Out,0.0206609044584938,0.010014915832090347,0.7230769230769231
Out,0.0207269517802414,0.010029876227059326,0.7230769230769231
Out,0.0207274663796481,0.010032017075773746,0.7230769230769231
Out,0.0207402628547473,0.010036301516122144,0.7230769230769231
Out,0.0207822646535872,0.010042735042735043,0.7230769230769231
Out,0.0207846110400135,0.010044881384911306,0.7230769230769231
Out,0.0208221344755199,0.010049176822749625,0.7230769230769231
Out,0.0208524795297319,0.010066395373741701,0.7230769230769231
Out,0.0208638673666776,0.01007070923505464,0.7230769230769231
Out,0.0208640370957352,0.0100728675525075,0.7230769230769231
Out,0.0209022426980134,0.010077186963979417,0.7230769230769231
Out,0.0209325922565319,0.010092334120678548,0.7230769230769231
Out,0.0209694682275108,0.010094501718213059,0.7230769230769231
Out,0.021095093704253,0.010120585701981051,0.7230769230769231
Out,0.0210963208170037,0.010122765453370666,0.7230769230769231
Out,0.0212169585518762,0.010127127774186598,0.7230769230769231
Out,0.0212327062077073,0.010129310344827586,0.7230769230769231
Out,0.0212657189418111,0.010131493856434576,0.7230769230769231
Out,0.0213947436493204,0.010146804835924008,0.7230769230769231
Out,0.0214989747671885,0.010148995897214425,0.7230769230769231
Out,0.0215197203030067,0.010153380859796932,0.7230769230769231
Out,0.0215946544127224,0.010157769613140263,0.7230769230769231
Out,0.0215960504206959,0.010162162162162163,0.7230769230769231
Out,0.0215986441231933,0.010164359861591695,0.7230769230769231
Out,0.021633456598084,0.010166558511788881,0.7230769230769231
Out,0.0216808893426255,0.010168758113370835,0.7230769230769231
Out,0.0216846504780348,0.010170958666955204,0.7230769230769231
Out,0.0217709084214942,0.01017536263260446,0.7230769230769231
Out,0.0217801467138456,0.010177566045907319,0.7230769230769231
Out,0.0218535919728416,0.010179770413688543,0.7230769230769231
Out,0.0219085573150247,0.010186389250108365,0.7230769230769231
Out,0.0219368705785809,0.010188597442011706,0.7230769230769231
Out,0.0220019999437496,0.010190806591500434,0.7230769230769231
Out,0.0220369018463283,0.010208514335360555,0.7230769230769231
Out,0.0220426246526981,0.010212950890916993,0.7230769230769231
Out,0.0221180047226751,0.010215170615083678,0.7230769230769231
Out,0.0221959429179831,0.010217391304347826,0.7230769230769231
Out,0.0222177445724237,0.010224059169023277,0.7230769230769231
Out,0.0222379622561598,0.010237421041167502,0.7230769230769231
Out,0.0222451963392801,0.010239651416122004,0.7230769230769231
Out,0.0223131859245461,0.010241882763129222,0.7230769230769231
Out,0.0223227393759737,0.010248582642825993,0.7230769230769231
Out,0.022369694322858,0.01025081788440567,0.7230769230769231
Out,0.0224946014885704,0.01025305410122164,0.7230769230769231
Out,0.0225433942860183,0.010264249836208779,0.7230769230769231
Out,0.0225504788381911,0.010273224043715848,0.7230769230769231
Out,0.0225780075068886,0.010275470048097944,0.7230769230769231
Out,0.0225817021725421,0.010279965004374452,0.7230769230769231
Out,0.0226091820120044,0.010284463894967177,0.7230769230769231
Out,0.0226214834803935,0.010286714817246662,0.7230769230769231
Out,0.0226935015777008,0.010297984224364592,0.7230769230769231
Out,0.0227095114614799,0.01030701754385965,0.7230769230769231
Out,0.02271024008897,0.010309278350515464,0.7230769230769231
Out,0.0227185656070201,0.010322864045684164,0.7230769230769231
Out,0.0227266007542287,0.01032967032967033,0.7230769230769231
Out,0.0227873709826738,0.010334212840809147,0.7230769230769231
Out,0.0228076754999717,0.010336485594897735,0.7230769230769231
Out,0.0228304176948874,0.010338759348878134,0.7230769230769231
Out,0.0228383733124856,0.010341034103410342,0.7230769230769231
Out,0.0229451187175865,0.01034330985915493,0.7230769230769231
Out,0.0230234383595232,0.010345586616773057,0.7230769230769231
Out,0.0230316205900273,0.010347864376926464,0.7230769230769231
Out,0.0230388763764503,0.010350143140277471,0.7230769230769231
Out,0.0230739620640111,0.010352422907488987,0.7230769230769231
Out,0.0231118296955146,0.0103547036792245,0.7230769230769231
Out,0.0232101245284817,0.010375275938189845,0.7230769230769231
Out,0.0232146117523588,0.010391333185938536,0.7230769230769231
Out,0.02321461663264,0.010393631136665192,0.7230769230769231
Out,0.0232870316416087,0.0103959301039593,0.7230769230769231
Out,0.0233774285993513,0.01040283311199646,0.7230769230769231
Out,0.0233974121870077,0.010405136152313482,0.7230769230769231
Out,0.0234042218183531,0.010407440212577503,0.7230769230769231
Out,0.023418767275761,0.010412051395657953,0.7230769230769231
Out,0.023451501664126,0.010414358519831598,0.7230769230769231
Out,0.0234598203079432,0.010416666666666666,0.7230769230769231
Out,0.0234978915585386,0.010418975836843272,0.7230769230769231
Out,0.023559379918039,0.010421286031042129,0.7230769230769231
Out,0.0236060573143854,0.010423597249944556,0.7230769230769231
Out,0.0236245945608742,0.010425909494232475,0.7230769230769231
Out,0.0236332048047912,0.010428222764588418,0.7230769230769231
Out,0.0236963361174429,0.010430537061695517,0.7230769230769231
Out,0.0237208733030138,0.010435168738898756,0.7230769230769231
Out,0.0237286415455284,0.010437486120364202,0.7230769230769231
Out,0.0238823260159902,0.010439804531319414,0.7230769230769231
Out,0.0239145608004081,0.010442123972450567,0.7230769230769231
Out,0.0239336141259498,0.010446765947988441,0.7230769230769231
Out,0.0239941880713414,0.01045373665480427,0.7230769230769231
Out,0.0240033924416332,0.010456062291434927,0.7230769230769231
Out,0.0240071824986515,0.01045838896306186,0.7230769230769231
Out,0.0240137369877144,0.01046071667037614,0.7230769230769231
Out,0.024059778472534,0.010463045414069456,0.7230769230769231
Out,0.024060377717613,0.010465375194834113,0.7230769230769231
Out,0.0240740398635711,0.010472370766488414,0.7230769230769231
Out,0.0241111571590361,0.010477039679001338,0.7230769230769231
Out,0.0241213491976974,0.010491071428571428,0.7230769230769231
Out,0.0241450110679289,0.010493413708417058,0.7230769230769231
Out,0.0242608592430774,0.01050983899821109,0.7230769230769231
Out,0.0242999615876603,0.010514541387024609,0.7230769230769231
Out,0.0243267249742805,0.010516894159767285,0.7230769230769231
Out,0.0243368005141026,0.010519247985675918,0.7230769230769231
Out,0.0243794016573279,0.010526315789473684,0.7230769230769231
Out,0.0244035310595608,0.0105333930972658,0.7230769230769231
Out,0.0244176181519002,0.01054047992823503,0.7230769230769231
Out,0.0244458605559777,0.010542844324809331,0.7230769230769231
Out,0.0244620930147917,0.010545209782364819,0.7230769230769231
Out,0.0244791189618722,0.010549943883277216,0.7230769230769231
Out,0.0245649952024679,0.010552312528064661,0.7230769230769231
Out,0.0245702782747994,0.010559424848348686,0.7230769230769231
Out,0.0246180879703922,0.010564171723982918,0.7230769230769231
Out,0.0246196312213233,0.010566546762589928,0.7230769230769231
Out,0.0246346665978393,0.010568922869350123,0.7230769230769231
Out,0.0246536057042614,0.010571300044984255,0.7230769230769231
Out,0.0246558995337479,0.010573678290213724,0.7230769230769231
Out,0.024666474154981,0.010580819450697884,0.7230769230769231
Out,0.0247053981215321,0.010585585585585585,0.7230769230769231
Out,0.024716472856333,0.010587970263572877,0.7230769230769231
Out,0.0247208369530889,0.010607086436470323,0.7230769230769231
Out,0.0247244704258644,0.010609480812641084,0.7230769230769231
Out,0.0247273027998533,0.010611876270038383,0.7230769230769231
Out,0.0248384935420533,0.010616670431443416,0.7230769230769231
Out,0.0249084232516968,0.010619069136918211,0.7230769230769231
Out,0.0249561656154083,0.010621468926553673,0.7230769230769231
Out,0.024983105825637,0.010623869801084991,0.7230769230769231
Out,0.0249963991623662,0.010635890472957682,0.7230769230769231
Out,0.0250151374394419,0.010638297872340425,0.7230769230769231
Out,0.0250314079668471,0.010643115942028986,0.7230769230769231
Out,0.0251278127364098,0.010645526613816535,0.7230769230769231
Out,0.0251458472024729,0.010647938377888537,0.7230769230769231
Out,0.0251521222983688,0.010650351234987537,0.7230769230769231
Out,0.0251691067503874,0.010652765185856755,0.7230769230769231
Out,0.0251699753023407,0.010655180231240081,0.7230769230769231
Out,0.0251793308537064,0.010657596371882086,0.7230769230769231
Out,0.0251931692134294,0.01066001360852801,0.7230769230769231
Out,0.0252084375198892,0.010662431941923775,0.7230769230769231
Out,0.0252108146059271,0.010664851372815974,0.7230769230769231
Out,0.0252460913945479,0.010679391047489207,0.7230769230769231
Out,0.0252870992428609,0.010681818181818181,0.7230769230769231
Out,0.0252871159449212,0.010684246419640827,0.7230769230769231
Out,0.0253636184345177,0.010689106208778713,0.7230769230769231
Out,0.0253763236776298,0.010696404187528447,0.7230769230769231
Out,0.0254181256440454,0.01070615034168565,0.7230769230769231
Out,0.0255001366463402,0.010708589655958077,0.7230769230769231
Out,0.0255179806902655,0.010718358038768529,0.7230769230769231
Out,0.025626399622217,0.01072080291970803,0.7230769230769231
Out,0.0256570070102584,0.010723248916267396,0.7230769230769231
Out,0.0257450802291523,0.010725696029210407,0.7230769230769231
Out,0.0257616836456425,0.01072814425930153,0.7230769230769231
Out,0.0257998288833065,0.010730593607305937,0.7230769230769231
Out,0.0258210018461472,0.010737948366461046,0.7230769230769231
Out,0.0258331834522473,0.01074777040932998,0.7230769230769231
Out,0.0258437667540072,0.010750228728270814,0.7230769230769231
Out,0.0258463014847143,0.010755148741418764,0.7230769230769231
Out,0.0258485760847023,0.010762537210899932,0.7230769230769231
Out,0.0258764671460606,0.01076500229042602,0.7230769230769231
Out,0.0259053449493623,0.010767468499427262,0.7230769230769231
Out,0.0259100251824042,0.010772404308961724,0.7230769230769231
Out,0.0259336686213995,0.010777344645723459,0.7230769230769231
Out,0.025939536322715,0.010782289515944024,0.7230769230769231
Out,0.0260127194758374,0.010784763653051858,0.7230769230769231
Out,0.0260528028627268,0.010787238925866421,0.7230769230769231
Out,0.0260713082567127,0.01078971533516988,0.7230769230769231
Out,0.0260779416022653,0.010794671566375747,0.7230769230769231
Out,0.0261077926887809,0.010797151389846084,0.7230769230769231
Out,0.0261941128883987,0.010799632352941176,0.7230769230769231
Out,0.0262132561972756,0.010804597701149426,0.7230769230769231
Out,0.0263170350815554,0.010807082087836284,0.7230769230769231
Out,0.0263404091649496,0.010829493087557604,0.7230769230769231
Out,0.0264252304002038,0.010834485938220378,0.7230769230769231
Out,0.0264468109801554,0.010839483394833949,0.7230769230769231
Out,0.0264597529710564,0.010841983852364475,0.7230769230769231
Out,0.026546781257289,0.010846988229863836,0.7230769230769231
Out,0.0265693008018994,0.01084949215143121,0.7230769230769231
Out,0.0265704269984962,0.010857010857010857,0.7230769230769231
Out,0.0265830566834763,0.010859519408502773,0.7230769230769231
Out,0.026588343116202,0.010867052023121387,0.7230769230769231
Out,0.0266580670999649,0.01087207957436965,0.7230769230769231
Out,0.0266753722371053,0.01087962962962963,0.7230769230769231
Out,0.0266948079346835,0.010884668828161186,0.7230769230769231
Out,0.0267008778874375,0.010887190178364606,0.7230769230769231
Out,0.0267197151899646,0.01089223638470452,0.7230769230769231
Out,0.0267953590474615,0.010899814471243042,0.7230769230769231
Out,0.0268411983934072,0.01090234284388773,0.7230769230769231
Out,0.0269257955588353,0.010904872389791183,0.7230769230769231
Out,0.0269627942283917,0.010907403109770248,0.7230769230769231
Out,0.0269830764385637,0.010909935004642525,0.7230769230769231
Out,0.0269991171635526,0.01091500232234092,0.7230769230769231
Out,0.0270354938082784,0.010930232558139534,0.7230769230769231
Out,0.027091108767745,0.010932775063968364,0.7230769230769231
Out,0.0271081201634461,0.010937863625785431,0.7230769230769231
Out,0.0271170666374126,0.010940409683426444,0.7230769230769231
Out,0.0272038561110263,0.010942956926658906,0.7230769230769231
Out,0.0272211774808778,0.010948054973212206,0.7230769230769231
Out,0.0272459823971841,0.010950605778191985,0.7230769230769231
Out,0.0272606707352898,0.010955710955710955,0.7230769230769231
Out,0.0272824446975471,0.010960820895522388,0.7230769230769231
Out,0.0273136411671522,0.010963377653370656,0.7230769230769231
Out,0.027372910033565,0.010965935604293047,0.7230769230769231
Out,0.0274372829700676,0.010971055088702147,0.7230769230769231
Out,0.0274388425130295,0.010976179355441382,0.7230769230769231
Out,0.0274648749782154,0.010981308411214953,0.7230769230769231
Out,0.0274663136697068,0.010983874737088105,0.7230769230769231
Out,0.0274777493818588,0.010986442262739598,0.7230769230769231
Out,0.0274813641628504,0.01098901098901099,0.7230769230769231
Out,0.0275146686314637,0.010991580916744622,0.7230769230769231
Out,0.0275365508756652,0.010994152046783626,0.7230769230769231
Out,0.0275577421879997,0.010996724379971923,0.7230769230769231
Out,0.0275873681551394,0.01100187265917603,0.7230769230769231
Out,0.0275945210764707,0.011007025761124122,0.7230769230769231
Out,0.0276233257630342,0.011009604122745374,0.7230769230769231
Out,0.0276392997618084,0.011012183692596064,0.7230769230769231
Out,0.0276468459482132,0.011014764471525662,0.7230769230769231
Out,0.0276862009832458,0.011025099695050434,0.7230769230769231
Out,0.0277095196150554,0.011027686532144533,0.7230769230769231
Out,0.0277743528987445,0.011030274583431119,0.7230769230769231
Out,0.0278375426944684,0.011035454332002818,0.7230769230769231
Out,0.0278390677061092,0.011051022807430049,0.7230769230769231
Out,0.0278761869665491,0.011053621825023518,0.7230769230769231
Out,0.02788015048571,0.011066635271956676,0.7230769230769231
Out,0.0279758393768413,0.011069241639189827,0.7230769230769231
Out,0.0279864788000563,0.011071849234393404,0.7230769230769231
Out,0.0279978591244451,0.011074458058435438,0.7230769230769231
Out,0.028042923154069,0.011077068112184774,0.7230769230769231
Out,0.0281027389286551,0.011103236475313017,0.7230769230769231
Out,0.0281287095794376,0.011108484991727724,0.7230769230769231
Out,0.0281482924315716,0.011111111111111112,0.7230769230769231
Out,0.028184862345713,0.011116367076631977,0.7230769230769231
Out,0.028225955788802,0.011124260355029586,0.7230769230769231
Out,0.0282474473473686,0.011129528771015865,0.7230769230769231
Out,0.0282730506051754,0.01113216485078162,0.7230769230769231
Out,0.0283068821004522,0.0111348021795783,0.7230769230769231
Out,0.0284006528325367,0.01113744075829384,0.7230769230769231
Out,0.0284268657632011,0.011140080587817017,0.7230769230769231
Out,0.0284610888669482,0.011142721669037459,0.7230769230769231
Out,0.0284946303660238,0.011145364002845624,0.7230769230769231
Out,0.0285337710150704,0.011150652431791221,0.7230769230769231
Out,0.0285538085604685,0.011153298528713811,0.7230769230769231
Out,0.0285851333767693,0.011155945881794445,0.7230769230769231
Out,0.0286036969906193,0.011174512601046125,0.7230769230769231
Out,0.0286800395603465,0.01117717003567182,0.7230769230769231
Out,0.0287066879660096,0.011179828734538535,0.7230769230769231
Out,0.0287164453538325,0.011182488698548656,0.7230769230769231
Out,0.0287263715116377,0.011185149928605425,0.7230769230769231
Out,0.0287400820628165,0.011195807527393997,0.7230769230769231
Out,0.0287485328605268,0.011198475101262807,0.7230769230769231
Out,0.0287921914957025,0.011203814064362336,0.7230769230769231
Out,0.0288187593915705,0.011206485455412495,0.7230769230769231
Out,0.0288418788405733,0.011217183770883056,0.7230769230769231
Out,0.0288474395614867,0.011219861542134162,0.7230769230769231
Out,0.0288765364781713,0.011222540592168099,0.7230769230769231
Out,0.0288960049970603,0.011225220921901122,0.7230769230769231
Out,0.0289115418391934,0.011230585424133811,0.7230769230769231
Out,0.0289478547430688,0.011233269598470364,0.7230769230769231
Out,0.028976636965284,0.011238641798182687,0.7230769230769231
Out,0.0290389523330882,0.011244019138755982,0.7230769230769231
Out,0.0290395507557563,0.011249401627573001,0.7230769230769231
Out,0.0290533662588374,0.011254789272030651,0.7230769230769231
Out,0.0290556670560681,0.01125748502994012,0.7230769230769231
Out,0.029057524029815,0.011260182079540009,0.7230769230769231
Out,0.0291178338818902,0.011262880421758926,0.7230769230769231
Out,0.0291307129562543,0.011265580057526366,0.7230769230769231
Out,0.0291605821306877,0.011279097672186225,0.7230769230769231
Out,0.0291802820349114,0.011289935142925775,0.7230769230769231
Out,0.0291847289438872,0.011292647765497358,0.7230769230769231
Out,0.0291967879350737,0.011300793459966338,0.7230769230769231
Out,0.0291982600900906,0.011308950914340712,0.7230769230769231
Out,0.029257421407705,0.01131167268351384,0.7230769230769231
Out,0.0292679880928187,0.011317120154105466,0.7230769230769231
Out,0.0293776458769535,0.011325301204819277,0.7230769230769231
Out,0.0293808633129841,0.011328030850807424,0.7230769230769231
Out,0.0294479228428781,0.01133076181292189,0.7230769230769231
Out,0.0294492255730582,0.011333494092114782,0.7230769230769231
Out,0.0294962271297271,0.011336227689339121,0.7230769230769231
Out,0.0295288432017147,0.01134717527764365,0.7230769230769231
Out,0.0295532097810866,0.01135539985503745,0.7230769230769231
Out,0.0296064690910162,0.011358144030932818,0.7230769230769231
Out,0.0296098749635471,0.011363636363636364,0.7230769230769231
Out,0.0296753299734626,0.011369134010643444,0.7230769230769231
Out,0.0296904147418635,0.011371884829421728,0.7230769230769231
Out,0.0297105865309306,0.011374636979670862,0.7230769230769231
Out,0.0297252605595331,0.011380145278450363,0.7230769230769231
Out,0.0297532355537052,0.011382901428917413,0.7230769230769231
Out,0.029852559133248,0.011385658914728682,0.7230769230769231
Out,0.0298627490082727,0.011388417736854858,0.7230769230769231
Out,0.0298699027072641,0.01139670223084384,0.7230769230769231
Out,0.0298981828540317,0.011402231926249394,0.7230769230769231
Out,0.029922170594628,0.011404998786702257,0.7230769230769231
Out,0.029983481252799,0.011407766990291262,0.7230769230769231
Out,0.0299947915403835,0.011410536537994658,0.7230769230769231
Out,0.030067127541341,0.011416079669662375,0.7230769230769231
Out,0.0300822581770989,0.01141885325558795,0.7230769230769231
Out,0.0300830783217831,0.011424404472532814,0.7230769230769231
Out,0.0301729787505693,0.011427182105519086,0.7230769230769231
Out,0.0301808710966411,0.011429961089494163,0.7230769230769231
Out,0.0302579632554494,0.011432741425443932,0.7230769230769231
Out,0.030275389577582,0.011443876308741174,0.7230769230769231
Out,0.030390032347389,0.011446663419386265,0.7230769230769231
Out,0.0303977771038944,0.011449451887941534,0.7230769230769231
Out,0.0304112298164366,0.01145224171539961,0.7230769230769231
Out,0.0304222491583744,0.011455032902754082,0.7230769230769231
Out,0.0304383570740037,0.011457825450999512,0.7230769230769231
Out,0.0304614399943867,0.011460619361131432,0.7230769230769231
Out,0.0305079954182195,0.011469009272816008,0.7230769230769231
Out,0.0305624579886413,0.011471808640468635,0.7230769230769231
Out,0.0305899048868815,0.011474609375,0.7230769230769231
Out,0.030628484348198,0.011477411477411478,0.7230769230769231
Out,0.0306711039793061,0.011480214948705422,0.7230769230769231
Out,0.0307141961259448,0.01148301978988517,0.7230769230769231
Out,0.0307346049751696,0.011485826001955034,0.7230769230769231
Out,0.0307814894957332,0.011488633585920312,0.7230769230769231
Out,0.0309482119927121,0.011491442542787287,0.7230769230769231
Out,0.0309671325697766,0.011494252873563218,0.7230769230769231
Out,0.0309881166752559,0.01149706457925636,0.7230769230769231
Out,0.0310445941324237,0.011499877660875948,0.7230769230769231
Out,0.0310473022490013,0.011502692119432207,0.7230769230769231
Out,0.0310733915879226,0.011513963743263106,0.7230769230769231
Out,0.031100274483239,0.011516785101690762,0.7230769230769231
Out,0.0312272525459501,0.01152243196861976,0.7230769230769231
Out,0.0312632719665226,0.011530912659470068,0.7230769230769231
Out,0.0312834626761941,0.011533742331288344,0.7230769230769231
Out,0.0314124631264854,0.011536573392243496,0.7230769230769231
Out,0.0314171718832396,0.011542239685658153,0.7230769230769231
Out,0.0314414983321971,0.011545074920167035,0.7230769230769231
Out,0.0314555900359905,0.011547911547911549,0.7230769230769231
Out,0.0315104126436339,0.0115507495699189,0.7230769230769231
Out,0.0315666727411879,0.011556429800835996,0.7230769230769231
Out,0.0315796966455353,0.011562115621156211,0.7230769230769231
Out,0.0315840733523018,0.01156496062992126,0.7230769230769231
Out,0.0316047998585101,0.011567807039133645,0.7230769230769231
Out,0.0316959645840954,0.011570654849827671,0.7230769230769231
Out,0.0317001585074462,0.011573504063038661,0.7230769230769231
Out,0.0317154128267259,0.011582060128141941,0.7230769230769231
Out,0.0317975701134155,0.011584914961794429,0.7230769230769231
Out,0.0318044820402096,0.011590628853267572,0.7230769230769231
Out,0.031805638321405,0.011604938271604939,0.7230769230769231
Out,0.0318527759382428,0.011607804396147196,0.7230769230769231
Out,0.0318994056302127,0.011610671936758894,0.7230769230769231
Out,0.0319197811552777,0.01161928306551298,0.7230769230769231
Out,0.0320900114461092,0.01162215628090999,0.7230769230769231
Out,0.0321470670782864,0.011633663366336634,0.7230769230769231
Out,0.0321546230881036,0.01163654369893538,0.7230769230769231
Out,0.03218309891653,0.011639425458147598,0.7230769230769231
Out,0.0322405679880973,0.01164230864503344,0.7230769230769231
Out,0.0322614229118879,0.011645193260654113,0.7230769230769231
Out,0.0322618208769674,0.011648079306071871,0.7230769230769231
Out,0.0323077483587155,0.011650966782350025,0.7230769230769231
Out,0.0323356812109818,0.011653855690552939,0.7230769230769231
Out,0.0323517363806362,0.011656746031746032,0.7230769230769231
Out,0.0323640495416726,0.011659637806995783,0.7230769230769231
Out,0.0324027527402103,0.011665425663936461,0.7230769230769231
Out,0.0324123679560367,0.01166832174776564,0.7230769230769231
Out,0.0325047917070053,0.011671219269927986,0.7230769230769231
Out,0.032543288554319,0.011691542288557214,0.7230769230769231
Out,0.0325525910496828,0.011700273836196167,0.7230769230769231
Out,0.032554809088708,0.011703187250996016,0.7230769230769231
Out,0.032590355921147,0.011706102117061022,0.7230769230769231
Out,0.0326053013548535,0.011709018435475834,0.7230769230769231
Out,0.032619485767851,0.011717776115681875,0.7230769230769231
Out,0.0326508890713176,0.011732401397903146,0.7230769230769231
Out,0.0326782166688467,0.011735330836454432,0.7230769230769231
Out,0.0326792394563638,0.011738261738261738,0.7230769230769231
Out,0.032704861819291,0.011741194104421683,0.7230769230769231
Out,0.0327251357165072,0.011744127936031985,0.7230769230769231
Out,0.0327595556144887,0.011747063234191453,0.7230769230769231
Out,0.0328174534641049,0.01175,0.7230769230769231
Out,0.0328325345641288,0.011752938234558639,0.7230769230769231
Out,0.0328440996490618,0.011755877938969485,0.7230769230769231
Out,0.0328503047864151,0.011758819114335751,0.7230769230769231
Out,0.0328643546748471,0.011761761761761762,0.7230769230769231
Out,0.0329053477383597,0.011764705882352941,0.7230769230769231
Out,0.0329239034306853,0.011767651477215823,0.7230769230769231
Out,0.0329372999995009,0.011785356068204614,0.7230769230769231
Out,0.0329774268813064,0.011788312014045649,0.7230769230769231
Out,0.0329975504462265,0.011791269443050678,0.7230769230769231
Out,0.033014266561282,0.01179718875502008,0.7230769230769231
Out,0.0330600258766407,0.01180015064022094,0.7230769230769231
Out,0.0330989090174338,0.011803114013058764,0.7230769230769231
Out,0.0331057799044953,0.011812013068610204,0.7230769230769231
Out,0.0331281948352578,0.011814982403217697,0.7230769230769231
Out,0.0331410716360511,0.011835809619743138,0.7230769230769231
Out,0.0331517783949252,0.011847743887068314,0.7230769230769231
Out,0.0331983900332335,0.011856710393541877,0.7230769230769231
Out,0.033203742390599,0.011865690482201464,0.7230769230769231
Out,0.0332158138772182,0.011868686868686869,0.7230769230769231
Out,0.0333756525901948,0.01187168476888103,0.7230769230769231
Out,0.0334292608455528,0.011874684183931278,0.7230769230769231
Out,0.0334311046446376,0.011886697015680323,0.7230769230769231
Out,0.0336136788180468,0.011889704022261574,0.7230769230769231
Out,0.03364950799715,0.01189873417721519,0.7230769230769231
Out,0.0336635307855096,0.011910795742524075,0.7230769230769231
Out,0.0336812939091353,0.011913814955640051,0.7230769230769231
Out,0.0336845108186261,0.01191683569979716,0.7230769230769231
Out,0.0337257407648788,0.011925907130170008,0.7230769230769231
Out,0.0338117738997876,0.011928934010152284,0.7230769230769231
Out,0.0338651999900228,0.011938023876047752,0.7230769230769231
Out,0.0338721613420344,0.011944091486658195,0.7230769230769231
Out,0.0338789760837344,0.011947127605490595,0.7230769230769231
Out,0.0339023884390791,0.011956245230221318,0.7230769230769231
Out,0.0339609399733226,0.011959287531806615,0.7230769230769231
Out,0.0339930401555157,0.011968423733129615,0.7230769230769231
Out,0.0340079757780141,0.01197452229299363,0.7230769230769231
Out,0.034112034079126,0.011977573904179408,0.7230769230769231
Out,0.0342114155242142,0.011980627071119042,0.7230769230769231
Out,0.0342868171159412,0.011986738077021167,0.7230769230769231
Out,0.034300866833918,0.011992855320234754,0.7230769230769231
Out,0.0343389108475316,0.011998978810314016,0.7230769230769231
Out,0.0344303558961014,0.012002042900919305,0.7230769230769231
Out,0.0344587409367982,0.012011244569384105,0.7230769230769231
Out,0.0344641910647701,0.012014314928425357,0.7230769230769231
Out,0.0344736302123025,0.012023535431056536,0.7230769230769231
Out,0.0344814845619645,0.012026612077789151,0.7230769230769231
Out,0.0345318373378796,0.012029690299462503,0.7230769230769231
Out,0.0348212806729173,0.012032770097286226,0.7230769230769231
Out,0.0348589773370001,0.012038934426229508,0.7230769230769231
Out,0.0348932567003439,0.012042018959774532,0.7230769230769231
Out,0.034918045852788,0.01204510507432086,0.7230769230769231
Out,0.0349320364718438,0.012048192771084338,0.7230769230769231
Out,0.0349455155624064,0.01205437291613234,0.7230769230769231
Out,0.0349562126008261,0.011800923550538737,0.7076923076923077
Out,0.034976667490203,0.01180395175776238,0.7076923076923077
Out,0.0349884360985279,0.011806981519507187,0.7076923076923077
Out,0.0349921540864924,0.011816080143847931,0.7076923076923077
Out,0.0349969751334691,0.011819116135662899,0.7076923076923077
Out,0.0350024075668922,0.011837364899639732,0.7076923076923077
Out,0.0351035657295283,0.01184346035015448,0.7076923076923077
Out,0.0351125928420852,0.011846510430079836,0.7076923076923077
Out,0.0351307487033343,0.011858726475895849,0.7076923076923077
Out,0.0351779304150551,0.01186178442496132,0.7076923076923077
Out,0.035214001523524,0.011892450879007239,0.7076923076923077
Out,0.0352655778383225,0.011895526247737265,0.7076923076923077
Out,0.035265735695285,0.011901681759379043,0.7076923076923077
Out,0.0353687388751864,0.011920186576833377,0.7076923076923077
Out,0.0354123599102716,0.011926367643246047,0.7076923076923077
Out,0.0354326493425487,0.011929460580912862,0.7076923076923077
Out,0.0355020819911229,0.011932555123216601,0.7076923076923077
Out,0.035548744443959,0.011976047904191617,0.7076923076923077
Out,0.035566791266442,0.011979166666666667,0.7076923076923077
Out,0.0356263843132789,0.011982287053920291,0.7076923076923077
Out,0.0356294276007059,0.012001043569006,0.7076923076923077
Out,0.0356367911648405,0.012004175365344467,0.7076923076923077
Out,0.0356527612387463,0.011746280344557557,0.6923076923076923
Out,0.0356634605755916,0.01174934725848564,0.6923076923076923
Out,0.0356827427340193,0.011755485893416929,0.6923076923076923
Out,0.035706914493043,0.011761630946157868,0.6923076923076923
Out,0.0357347078432195,0.011764705882352941,0.6923076923076923
Out,0.0357577931848105,0.011767782426778242,0.6923076923076923
Out,0.0358143778352022,0.01177086058069579,0.6923076923076923
Out,0.0358392050450527,0.011773940345368918,0.6923076923076923
Out,0.0358563822006932,0.011780104712041885,0.6923076923076923
Out,0.0358705077980867,0.01178318931657502,0.6923076923076923
Out,0.0359111507228373,0.01178627553693033,0.6923076923076923
Out,0.0359204813443951,0.011789363374377783,0.6923076923076923
Out,0.0359319851194165,0.011798636601992658,0.6923076923076923
Out,0.0359451480775001,0.011801730920535013,0.6923076923076923
Out,0.0359689387295262,0.01180482686253935,0.6923076923076923
Out,0.0359940413531547,0.011807924429283653,0.6923076923076923
Out,0.0360123209861779,0.011811023622047244,0.6923076923076923
Out,0.036021935819552,0.01181412444211079,0.6923076923076923
Out,0.0360356330183464,0.01182033096926714,0.6923076923076923
Out,0.0360519085252338,0.011823436678928009,0.6923076923076923
Out,0.0360978098192388,0.011829652996845425,0.6923076923076923
Out,0.0361226972625878,0.011832763607678149,0.6923076923076923
Out,0.0361270094532271,0.011835875854813256,0.6923076923076923
Out,0.0361274272619039,0.011838989739542225,0.6923076923076923
Out,0.0361278378889482,0.011845222426954462,0.6923076923076923
Out,0.0361682539145129,0.011848341232227487,0.6923076923076923
Out,0.0362030719986827,0.0118514616802739,0.6923076923076923
Out,0.0362344618526231,0.01185458377239199,0.6923076923076923
Out,0.0362796977657656,0.011857707509881422,0.6923076923076923
Out,0.0363223485778422,0.011860832894043227,0.6923076923076923
Out,0.0363802667128712,0.011867088607594937,0.6923076923076923
Out,0.0364350074273445,0.011870218939593774,0.6923076923076923
Out,0.0364916456001739,0.011873350923482849,0.6923076923076923
Out,0.0366064314706764,0.011895321173671689,0.6923076923076923
Out,0.0366228465191861,0.011898466419883659,0.6923076923076923
Out,0.0366456293988566,0.01190161332980693,0.6923076923076923
Out,0.036657559894477,0.01190791214607039,0.6923076923076923
Out,0.036701968369239,0.011914217633042097,0.6923076923076923
Out,0.0367239846388942,0.011917372881355932,0.6923076923076923
Out,0.0367513157599233,0.011920529801324504,0.6923076923076923
Out,0.0368318197045354,0.01192684866154254,0.6923076923076923
Out,0.0368948977373916,0.011933174224343675,0.6923076923076923
Out,0.0369140695343178,0.011936339522546418,0.6923076923076923
Out,0.0369570610116916,0.011939506500397984,0.6923076923076923
Out,0.0370115053434821,0.01194267515923567,0.6923076923076923
Out,0.03704002857816,0.011945845500398195,0.6923076923076923
Out,0.0370726817414073,0.01195219123505976,0.6923076923076923
Out,0.0370939688407812,0.011955366631243358,0.6923076923076923
Out,0.037131845475716,0.011958543715120914,0.6923076923076923
Out,0.0372246623938234,0.011968085106382979,0.6923076923076923
Out,0.0372415250381672,0.011971268954509178,0.6923076923076923
Out,0.0373116089078399,0.011974454497072911,0.6923076923076923
Out,0.0373194379770221,0.011977641735427202,0.6923076923076923
Out,0.037326624694971,0.011980830670926517,0.6923076923076923
Out,0.0373522123205891,0.011984021304926764,0.6923076923076923
Out,0.0373702091657077,0.011720831113478956,0.676923076923077
Out,0.037401902680327,0.011727078891257996,0.676923076923077
Out,0.0374477501500193,0.011730205278592375,0.676923076923077
Out,0.0374823221219976,0.011758417958311064,0.676923076923077
Out,0.0375124779496552,0.011767852366943032,0.676923076923077
Out,0.0375529399847289,0.011771000535045479,0.676923076923077
Out,0.0375747121523936,0.011774150388011774,0.676923076923077
Out,0.0376226699809464,0.01178045515394913,0.676923076923077
Out,0.0377333910052494,0.011789924973204717,0.676923076923077
Out,0.0377441319204742,0.011793084963816671,0.676923076923077
Out,0.0378205428107404,0.011796246648793566,0.676923076923077
Out,0.0378555490889858,0.011805741883552455,0.676923076923077
Out,0.0378678010841249,0.011831137402527562,0.676923076923077
Out,0.0378954101655397,0.011834319526627219,0.676923076923077
Out,0.0378989649934188,0.011837503362927092,0.676923076923077
Out,0.0379250837268457,0.011840688912809472,0.676923076923077
Out,0.0379332262769316,0.011843876177658143,0.676923076923077
Out,0.0379653448846899,0.011847065158858373,0.676923076923077
Out,0.037970137060652,0.01185025585779693,0.676923076923077
Out,0.0379982003906105,0.011853448275862068,0.676923076923077
Out,0.0380107205277697,0.011856642414443546,0.676923076923077
Out,0.0380196442304375,0.011863035858722027,0.676923076923077
Out,0.03806632614256,0.011866235167206042,0.676923076923077
Out,0.0380764466496805,0.011869436201780416,0.676923076923077
Out,0.0380901827516374,0.01193058568329718,0.676923076923077
Out,0.0380965899785042,0.011937059142702116,0.676923076923077
Out,0.0380978560298845,0.011946782514254684,0.676923076923077
Out,0.0380989567240591,0.0119532735669655,0.676923076923077
Out,0.0381203341124648,0.011956521739130435,0.676923076923077
Out,0.0381360127572387,0.011992368492777324,0.676923076923077
Out,0.0382053086441659,0.011995637949836423,0.676923076923077
Out,0.0382904494016711,0.011998909190073629,0.676923076923077
Out,0.038346747655345,0.012005457025920874,0.676923076923077
Out,0.0383603611905739,0.012008733624454149,0.676923076923077
Out,0.0383689408803343,0.012012012012012012,0.676923076923077
Out,0.0383837841311095,0.012015292190060076,0.676923076923077
Out,0.0384674663307006,0.012018574160065555,0.676923076923077
Out,0.0384702458285733,0.012021857923497269,0.676923076923077
Out,0.0385420562509488,0.01202843083652269,0.676923076923077
Out,0.0385589442008015,0.012035010940919038,0.676923076923077
Out,0.0386003605471876,0.012038303693570451,0.676923076923077
Out,0.0386155762602599,0.0120415982484948,0.676923076923077
Out,0.0386619072085687,0.012068019747668678,0.676923076923077
Out,0.0386746755456677,0.012074643249176729,0.676923076923077
Out,0.0386782564416033,0.012077957727147955,0.676923076923077
Out,0.0386975711296008,0.012081274025260845,0.676923076923077
Out,0.0387032854861952,0.012091233855454795,0.676923076923077
Out,0.0388235030047547,0.012094557449147883,0.676923076923077
Out,0.0388239383638299,0.012097882870497663,0.676923076923077
Out,0.0388454846744454,0.0121012101210121,0.676923076923077
Out,0.0388536629875465,0.012104539202200825,0.676923076923077
Out,0.0388587751969546,0.012107870115575124,0.676923076923077
Out,0.0388923628198807,0.01211120286264795,0.676923076923077
Out,0.0389082930939753,0.012114537444933921,0.676923076923077
Out,0.0389254050017885,0.012121212121212121,0.676923076923077
Out,0.038974202909559,0.01212455221824194,0.676923076923077
Out,0.0390159647153348,0.01213123793768955,0.676923076923077
Out,0.0390402665317971,0.012134583563154992,0.676923076923077
Out,0.039076418818456,0.012137931034482758,0.676923076923077
Out,0.0391124372120896,0.012141280353200883,0.676923076923077
Out,0.0392580057405886,0.012151339409003039,0.676923076923077
Out,0.0392770437319662,0.012154696132596685,0.676923076923077
Out,0.0393031513415985,0.0121580547112462,0.676923076923077
Out,0.0393132853403532,0.012161415146489774,0.676923076923077
Out,0.0393332548401249,0.012168141592920354,0.676923076923077
Out,0.0393568613145588,0.012171507607192255,0.676923076923077
Out,0.0393733584473896,0.012174875484228001,0.676923076923077
Out,0.0393856179239685,0.012178245225574315,0.676923076923077
Out,0.0394412739602861,0.012184990307394073,0.676923076923077
Out,0.0394949303261045,0.01218836565096953,0.676923076923077
Out,0.0395612335221537,0.012191742865059573,0.676923076923077
Out,0.0395884377113969,0.012195121951219513,0.676923076923077
Out,0.0395946216470558,0.012198502911006376,0.676923076923077
Out,0.0396302924820707,0.012201885745978924,0.676923076923077
Out,0.0396773823353786,0.012205270457697643,0.676923076923077
Out,0.0396808304616995,0.01220865704772475,0.676923076923077
Out,0.0396903263360749,0.012212045517624202,0.676923076923077
Out,0.0397295433537445,0.012218828103304638,0.676923076923077
Out,0.0397593244150202,0.012222222222222223,0.676923076923077
Out,0.0399075751340461,0.012225618227285358,0.676923076923077
Out,0.0400247691136831,0.012232415902140673,0.676923076923077
Out,0.040037142612563,0.012235817575083427,0.676923076923077
Out,0.0400529024804809,0.01223922114047288,0.676923076923077
Out,0.0400770023083373,0.012242626599888704,0.676923076923077
Out,0.0400838531319487,0.01224603395491233,0.676923076923077
Out,0.0402149300585844,0.012269938650306749,0.676923076923077
Out,0.0402854783887699,0.012273361227336122,0.676923076923077
Out,0.0402992478790559,0.012283640424343942,0.676923076923077
Out,0.0403586798252348,0.012287070650656241,0.676923076923077
Out,0.0404562467183987,0.012290502793296089,0.676923076923077
Out,0.0404572399074605,0.012300810735253005,0.676923076923077
Out,0.0404770910509523,0.012304250559284116,0.676923076923077
Out,0.0405865843880058,0.012307692307692308,0.676923076923077
Out,0.0405870969610121,0.012338754907459339,0.676923076923077
Out,0.0406170953412795,0.012345679012345678,0.676923076923077
Out,0.0406682928689445,0.01234914397979231,0.676923076923077
Out,0.0406886072554343,0.012352610892756879,0.676923076923077
Out,0.0406915795331888,0.012356079752878404,0.676923076923077
Out,0.0406963915277266,0.012363023321157629,0.676923076923077
Out,0.040736252414729,0.012366498032602586,0.676923076923077
Out,0.040760690061843,0.01238390092879257,0.676923076923077
Out,0.0408306949810453,0.01239087580963109,0.676923076923077
Out,0.0409427038879426,0.012394366197183098,0.676923076923077
Out,0.0409817417442009,0.012397858551704706,0.676923076923077
Out,0.0410054218442614,0.012401352874859075,0.676923076923077
Out,0.0410234502483078,0.01245048104131296,0.676923076923077
Out,0.0410850873472888,0.012454005094820267,0.676923076923077
Out,0.0411002768446121,0.01245753114382786,0.676923076923077
Out,0.0411262929657413,0.012461059190031152,0.676923076923077
Out,0.0411470026745981,0.012464589235127478,0.676923076923077
Out,0.0411789324649347,0.012478729438457176,0.676923076923077
Out,0.0411832189130856,0.0124822695035461,0.676923076923077
Out,0.0411861465049282,0.012485811577752554,0.676923076923077
Out,0.0412095386695017,0.012489355662787397,0.676923076923077
Out,0.0412304681964411,0.01249290176036343,0.676923076923077
Out,0.0412903805700053,0.012496449872195399,0.676923076923077
Out,0.041333953093122,0.0125,0.676923076923077
Out,0.0413416156003145,0.012510662496445835,0.676923076923077
Out,0.0413719606466701,0.012514220705346985,0.676923076923077
Out,0.0414925354936575,0.01251778093883357,0.676923076923077
Out,0.0415643599144645,0.012521343198634035,0.676923076923077
Out,0.0416022063381058,0.012535612535612535,0.676923076923077
Out,0.0416173857496097,0.012539184952978056,0.676923076923077
Out,0.0416229849352945,0.012549914432401598,0.676923076923077
Out,0.0417051571886375,0.012553495007132667,0.676923076923077
Out,0.0417408042516941,0.012557077625570776,0.676923076923077
Out,0.0417955188560248,0.012585812356979404,0.676923076923077
Out,0.0418051405274861,0.012589413447782546,0.676923076923077
Out,0.0418081372691131,0.012621916236374068,0.676923076923077
Out,0.0418224309962792,0.012625538020086082,0.676923076923077
Out,0.0418476002545412,0.012629161882893225,0.676923076923077
Out,0.0419353870500778,0.01264367816091954,0.676923076923077
Out,0.0419912025286103,0.012647312446105202,0.676923076923077
Out,0.0419921595513294,0.012658227848101266,0.676923076923077
Out,0.0420328713717679,0.012661870503597123,0.676923076923077
Out,0.0420499012422631,0.012665515256188831,0.676923076923077
Out,0.0420527587600858,0.012669162107687877,0.676923076923077
Out,0.0420670807318593,0.012676462114664363,0.676923076923077
Out,0.0420694524864038,0.012680115273775217,0.676923076923077
Out,0.0420735325333464,0.012683770539060248,0.676923076923077
Out,0.0420771522931199,0.012691087395442746,0.676923076923077
Out,0.0421859819562986,0.012702078521939953,0.676923076923077
Out,0.0421911322235395,0.012705746462604677,0.676923076923077
Out,0.0422035541412534,0.012709416522241479,0.676923076923077
Out,0.0422035875108711,0.012713088702687085,0.676923076923077
Out,0.0422951648116276,0.012716763005780347,0.676923076923077
Out,0.0422959132191816,0.012720439433362244,0.676923076923077
Out,0.0424462627039967,0.012724117987275883,0.676923076923077
Out,0.0424657690874805,0.012727798669366503,0.676923076923077
Out,0.0424709533470952,0.01273148148148148,0.676923076923077
Out,0.0425543432620557,0.012738853503184714,0.676923076923077
Out,0.042618481724181,0.012742542716478424,0.676923076923077
Out,0.0426217376941111,0.012749927557229788,0.676923076923077
Out,0.042663386403049,0.012757320962597855,0.676923076923077
Out,0.0427304355346191,0.012761020881670533,0.676923076923077
Out,0.0427798605222785,0.012768427161926872,0.676923076923077
Out,0.0427917405069201,0.012816778327993009,0.676923076923077
Out,0.0427928933242979,0.01282798833819242,0.676923076923077
Out,0.0428095539378285,0.012839217974905165,0.676923076923077
Out,0.0428283111195093,0.01284296555750146,0.676923076923077
Out,0.0428453755432914,0.012850467289719626,0.676923076923077
Out,0.0428456571257365,0.012857977790765635,0.676923076923077
Out,0.0429111879622862,0.012865497076023392,0.676923076923077
Out,0.0429286439826382,0.01286926001754899,0.676923076923077
Out,0.0429488797814341,0.012873025160912814,0.676923076923077
Out,0.0429635319018758,0.012891883973044242,0.676923076923077
Out,0.0429704255491517,0.012895662368112544,0.676923076923077
Out,0.0429707989910689,0.01289944297859865,0.676923076923077
Out,0.0429953546896173,0.012914587613736424,0.676923076923077
Out,0.0429953960423238,0.012918379330593071,0.676923076923077
Out,0.0430410011784617,0.012922173274596183,0.676923076923077
Out,0.0430440852560968,0.012933568489124045,0.676923076923077
Out,0.0430628396636322,0.012941176470588235,0.676923076923077
Out,0.0430921967068216,0.012960235640648013,0.676923076923077
Out,0.0431460898336698,0.01296405421331762,0.676923076923077
Out,0.0431570171830656,0.012967875036840553,0.676923076923077
Out,0.0432578149983571,0.012971698113207548,0.676923076923077
Out,0.0432645339495372,0.012975523444411679,0.676923076923077
Out,0.0432876064410038,0.012987012987012988,0.676923076923077
Out,0.0433123521509846,0.012990847357543548,0.676923076923077
Out,0.0433219612583408,0.01299468399291199,0.676923076923077
Out,0.0433310179011241,0.012998522895125554,0.676923076923077
Out,0.0434526760741145,0.01300620750812888,0.676923076923077
Out,0.043500745209926,0.013010053222945003,0.676923076923077
Out,0.0435169040775109,0.013013901212658977,0.676923076923077
Out,0.0435217278667875,0.013029315960912053,0.676923076923077
Out,0.0435374731320433,0.013040901007705987,0.676923076923077
Out,0.043558961174824,0.013056379821958458,0.676923076923077
Out,0.04356168636622,0.013060255268625705,0.676923076923077
Out,0.0436344886804724,0.013071895424836602,0.676923076923077
Out,0.0436855639571751,0.013075780089153046,0.676923076923077
Out,0.0437547514743786,0.013079667063020214,0.676923076923077
Out,0.0437666361052724,0.013083556348498365,0.676923076923077
Out,0.0437730117270387,0.013087447947650209,0.676923076923077
Out,0.0439782468626588,0.013106940720881739,0.676923076923077
Out,0.0440075774809136,0.013110846245530394,0.676923076923077
Out,0.044069837559494,0.013114754098360656,0.676923076923077
Out,0.0440720664169237,0.01311866428145498,0.676923076923077
Out,0.0441244472746321,0.0131225767968983,0.676923076923077
Out,0.0441958992207655,0.013126491646778043,0.676923076923077
Out,0.0442101857125504,0.013134328358208954,0.676923076923077
Out,0.0442372534983289,0.013146100985957573,0.676923076923077
Out,0.0443067775675006,0.013153961136023917,0.676923076923077
Out,0.0443571854650642,0.013157894736842105,0.676923076923077
Out,0.0443982130869803,0.013173652694610778,0.676923076923077
Out,0.0444049667796974,0.013177598083258461,0.676923076923077
Out,0.0445151175907799,0.013185495954450104,0.676923076923077
Out,0.0447438691866378,0.013189448441247002,0.676923076923077
Out,0.0447703142631157,0.013193403298350824,0.676923076923077
Out,0.0448413008820082,0.013205282112845138,0.676923076923077
Out,0.0448595999810677,0.013209246472530772,0.676923076923077
Out,0.0450469881957221,0.013213213213213212,0.676923076923077
Out,0.0450639853784893,0.01321718233703815,0.676923076923077
Out,0.0450655871605977,0.013221153846153846,0.676923076923077
Out,0.0450919273372811,0.013225127742711151,0.676923076923077
Out,0.0450941379228764,0.013233082706766918,0.676923076923077
Out,0.0451427141116246,0.013241047246464039,0.676923076923077
Out,0.0451828750720384,0.013245033112582781,0.676923076923077
Out,0.0452573168387822,0.01324902137910268,0.676923076923077
Out,0.0452775388034857,0.01325301204819277,0.676923076923077
Out,0.0453228666272951,0.013257005122024707,0.676923076923077
Out,0.0453562646946344,0.013261000602772756,0.676923076923077
Out,0.0453566099321588,0.013281014186537881,0.676923076923077
Out,0.0453643273477784,0.013297068600785736,0.676923076923077
Out,0.0454141550381236,0.013301088270858524,0.676923076923077
Out,0.0454175911678416,0.013305110371938312,0.676923076923077
Out,0.0454178303182447,0.013317191283292978,0.676923076923077
Out,0.0454252023454334,0.013321223130487435,0.676923076923077
Out,0.0454606831923969,0.013325257419745608,0.676923076923077
Out,0.0455598249049771,0.013329294153286883,0.676923076923077
Out,0.0455688427314857,0.01333737496210973,0.676923076923077
Out,0.0457787718652189,0.013345465574764938,0.676923076923077
Out,0.0458206598866374,0.013357619914996965,0.676923076923077
Out,0.0458490575198128,0.013361676283024598,0.676923076923077
Out,0.0458552700640255,0.013365735115431349,0.676923076923077
Out,0.0458890081808972,0.013369796414463689,0.676923076923077
Out,0.0458891196598136,0.013373860182370821,0.676923076923077
Out,0.0458992894223085,0.013377926421404682,0.676923076923077
Out,0.0459599546442922,0.01338199513381995,0.676923076923077
Out,0.045962379468746,0.013386066321874049,0.676923076923077
Out,0.0459636238254668,0.013398294762484775,0.676923076923077
Out,0.0460955635198915,0.013402375875723424,0.676923076923077
Out,0.0461044462475703,0.01340645947592931,0.676923076923077
Out,0.0461050115818411,0.013414634146341463,0.676923076923077
Out,0.046114595245585,0.013418725221103996,0.676923076923077
Out,0.0461614823588485,0.013422818791946308,0.676923076923077
Out,0.0461711639940571,0.013431013431013432,0.676923076923077
Out,0.0462030724615231,0.013435114503816794,0.676923076923077
Out,0.0462198901224877,0.013439218081857055,0.676923076923077
Out,0.0463976841113963,0.013443324167430493,0.676923076923077
Out,0.0464934773722063,0.013447432762836185,0.676923076923077
Out,0.0464949731404866,0.01345565749235474,0.676923076923077
Out,0.0465347209940957,0.01346389228886169,0.676923076923077
Out,0.0465608388862305,0.013468013468013467,0.676923076923077
Out,0.04663848541667,0.013480392156862746,0.676923076923077
Out,0.0467422674129142,0.013484523444682808,0.676923076923077
Out,0.0467528843057805,0.0134886572654813,0.676923076923077
Out,0.0467791590974591,0.01349279362158847,0.676923076923077
Out,0.0467924847716048,0.013496932515337423,0.676923076923077
Out,0.0467976999689653,0.01350107394906413,0.676923076923077
Out,0.0468054001423775,0.013505217925107428,0.676923076923077
Out,0.0468106177018643,0.013513513513513514,0.676923076923077
Out,0.0468119691242079,0.013517665130568356,0.676923076923077
Out,0.046875837041067,0.013521819299323909,0.676923076923077
Out,0.0469139642812616,0.013525976022133415,0.676923076923077
Out,0.0469707688820301,0.013530135301353014,0.676923076923077
Out,0.0470550092804122,0.01353429713934174,0.676923076923077
Out,0.0470778985207389,0.013550970126270403,0.676923076923077
Out,0.0470884702480253,0.013563501849568433,0.676923076923077
Out,0.0471150630382157,0.013571869216533004,0.676923076923077
Out,0.0471440096948326,0.013584439641864773,0.676923076923077
Out,0.0471541422378253,0.013588634959851761,0.676923076923077
Out,0.0471563358641614,0.013592832869941304,0.676923076923077
Out,0.0471783291937648,0.013647642679900745,0.676923076923077
Out,0.0471917996865044,0.013660353927351754,0.676923076923077
Out,0.0472445155827504,0.013664596273291925,0.676923076923077
Out,0.0473253081536189,0.013668841255048152,0.676923076923077
Out,0.0473365908352716,0.013673088875077687,0.676923076923077
Out,0.0473521321673839,0.013681592039800995,0.676923076923077
Out,0.0473641269993202,0.013690105787181083,0.676923076923077
Out,0.0473828675407079,0.013694366635543105,0.676923076923077
Out,0.0473905235900874,0.0136986301369863,0.676923076923077
Out,0.0474125108106864,0.01371571072319202,0.676923076923077
Out,0.0475244645060609,0.013719987527284067,0.676923076923077
Out,0.047532409529497,0.013741411617738912,0.676923076923077
Out,0.0475770880734773,0.013745704467353952,0.676923076923077
Out,0.0477548206635149,0.013754298218193186,0.676923076923077
Out,0.0477920450938434,0.01377151799687011,0.676923076923077
Out,0.0478104542225696,0.013775829680651221,0.676923076923077
Out,0.0478316021225443,0.013784461152882205,0.676923076923077
Out,0.047898888493714,0.013788780946411783,0.676923076923077
Out,0.0479062159014591,0.013793103448275862,0.676923076923077
Out,0.0479103557433857,0.013827781269641735,0.676923076923077
Out,0.0480165196865354,0.013871374527112233,0.676923076923077
Out,0.0480731041161316,0.013915243516761544,0.676923076923077
Out,0.0481319360828731,0.013928458372902817,0.676923076923077
Out,0.0481595957562984,0.013932868904369854,0.676923076923077
Out,0.0481695529010608,0.013946117274167988,0.676923076923077
Out,0.0482317515491955,0.013959390862944163,0.676923076923077
Out,0.0482699774668704,0.013963821009203427,0.676923076923077
Out,0.0483297985984305,0.014026139623844438,0.676923076923077
Out,0.0483401644088601,0.014035087719298246,0.676923076923077
Out,0.048436567611147,0.014057507987220448,0.676923076923077
Out,0.0485684858120619,0.014062000639181848,0.676923076923077
Out,0.048605644014728,0.014070994563479372,0.676923076923077
Out,0.0486335098065926,0.014075495841330775,0.676923076923077
Out,0.0487248368850454,0.01408,0.676923076923077
Out,0.0488049584873551,0.014084507042253521,0.676923076923077
Out,0.0488051356179901,0.014098045498237744,0.676923076923077
Out,0.0488918102027514,0.014102564102564103,0.676923076923077
Out,0.0488977744051898,0.014111610006414367,0.676923076923077
Out,0.0489007594798109,0.014116137311517485,0.676923076923077
Out,0.049012120577896,0.014125200642054575,0.676923076923077
Out,0.0490212580938792,0.014129736673089274,0.676923076923077
Out,0.0490728925451159,0.014134275618374558,0.676923076923077
Out,0.0491048308139818,0.014138817480719794,0.676923076923077
Out,0.0492369887445139,0.014143362262937963,0.676923076923077
Out,0.0492408051140619,0.01414790996784566,0.676923076923077
Out,0.0492612578118913,0.014152460598263108,0.676923076923077
Out,0.0492644626922585,0.014166130070830651,0.676923076923077
Out,0.0492933273125755,0.014170692431561997,0.676923076923077
Out,0.0493187518944626,0.014175257731958763,0.676923076923077
Out,0.0494130673639385,0.014179825974863036,0.676923076923077
Out,0.0495084608100925,0.014184397163120567,0.676923076923077
Out,0.0495089629304886,0.014193548387096775,0.676923076923077
Out,0.0495620544877045,0.01419812842852533,0.676923076923077
Out,0.0496038574814647,0.014211886304909561,0.676923076923077
Out,0.0496154861699695,0.014221073044602456,0.676923076923077
Out,0.0496807031162425,0.014225670869705788,0.676923076923077
Out,0.0496917242729669,0.014234875444839857,0.676923076923077
Out,0.049890857286025,0.01426256077795786,0.676923076923077
Out,0.0499281794120646,0.014267185473411154,0.676923076923077
Out,0.0499428523429883,0.014271813168991242,0.676923076923077
Out,0.0499498063062523,0.01427644386761843,0.676923076923077
Out,0.0499499679613317,0.014290354011042547,0.676923076923077
Out,0.0499838184468189,0.014294996751137101,0.676923076923077
Out,0.0499927091596001,0.014304291287386216,0.676923076923077
Out,0.0500536736652843,0.014318255776114546,0.676923076923077
Out,0.0500746492890702,0.014327580592640833,0.676923076923077
Out,0.0500987102837021,0.014332247557003257,0.676923076923077
Out,0.0501455790041189,0.014336917562724014,0.676923076923077
Out,0.0501797421715477,0.014341590612777053,0.676923076923077
Out,0.050183841534622,0.014346266710140202,0.676923076923077
Out,0.0502334485937981,0.011787819253438114,0.5538461538461539
Out,0.0502412056623072,0.011799410029498525,0.5538461538461539
Out,0.0502742876897243,0.01180327868852459,0.5538461538461539
Out,0.0504235632243054,0.011807149885208265,0.5538461538461539
Out,0.0505256404264927,0.011811023622047244,0.5538461538461539
Out,0.0505642949207741,0.011822660098522168,0.5538461538461539
Out,0.0506754324376796,0.011830430496220835,0.5538461538461539
Out,0.0507584116857933,0.01183821111476488,0.5538461538461539
Out,0.0507819181172154,0.011881188118811881,0.5538461538461539
Out,0.050826877493269,0.01188511059755695,0.5538461538461539
Out,0.0508319226103399,0.011936339522546418,0.5538461538461539
Out,0.05087888329191,0.011944260119442602,0.5538461538461539
Out,0.0509409685521403,0.011948224361101892,0.5538461538461539
Out,0.0509445440548355,0.01195219123505976,0.5538461538461539
Out,0.0509446824761044,0.01195616074393889,0.5538461538461539
Out,0.0510314221990136,0.011960132890365448,0.5538461538461539
Out,0.0511140062973834,0.011964107676969093,0.5538461538461539
Out,0.0512047340564223,0.011968085106382979,0.5538461538461539
Out,0.0513245837464265,0.011972065181243765,0.5538461538461539
Out,0.0513409840496233,0.011980033277870216,0.5538461538461539
Out,0.0513843824914542,0.011988011988011988,0.5538461538461539
Out,0.0514346320046191,0.011992005329780146,0.5538461538461539
Out,0.0514438517854329,0.011996001332889037,0.5538461538461539
Out,0.0514515014762442,0.012004001333777926,0.5538461538461539
Out,0.0514565527892374,0.01200800533689126,0.5538461538461539
Out,0.0514647980276492,0.012024048096192385,0.5538461538461539
Out,0.0515591979062848,0.012028065486134313,0.5538461538461539
Out,0.0515785989083413,0.012032085561497326,0.5538461538461539
Out,0.0515918025877096,0.012036108324974924,0.5538461538461539
Out,0.0516020458706038,0.012044161927065908,0.5538461538461539
Out,0.0516193442492097,0.012048192771084338,0.5538461538461539
Out,0.0516678680572886,0.012052226314027453,0.5538461538461539
Out,0.0516728637275082,0.012056262558606833,0.5538461538461539
Out,0.0516901264903417,0.012060301507537688,0.5538461538461539
Out,0.0516943275048361,0.012064343163538873,0.5538461538461539
Out,0.0517046086377461,0.012068387529332886,0.5538461538461539
Out,0.0517105697934142,0.012072434607645875,0.5538461538461539
Out,0.051716428570019,0.012076484401207649,0.5538461538461539
Out,0.0518108669356628,0.012092710782667115,0.5538461538461539
Out,0.0518517572586121,0.0121049092131809,0.5538461538461539
Out,0.0518779607660434,0.012108980827447022,0.5538461538461539
Out,0.0519144327677248,0.012113055181695828,0.5538461538461539
Out,0.0519181070698238,0.012117132278694043,0.5538461538461539
Out,0.051963596685513,0.012133468149646108,0.5538461538461539
Out,0.0519684203263708,0.012137559002022926,0.5538461538461539
Out,0.0520975772837714,0.012145748987854251,0.5538461538461539
Out,0.052322136176692,0.012149848126898413,0.5538461538461539
Out,0.0523233750564059,0.012153950033760972,0.5538461538461539
Out,0.0523922294230233,0.012178619756427604,0.5538461538461539
Out,0.0523934055689856,0.012182741116751269,0.5538461538461539
Out,0.0524061016066754,0.012186865267433988,0.5538461538461539
Out,0.0524879041117667,0.012190992211310531,0.5538461538461539
Out,0.0525151854646891,0.012195121951219513,0.5538461538461539
Out,0.0525376084439308,0.012199254490003388,0.5538461538461539
Out,0.052569789533414,0.012211668928086838,0.5538461538461539
Out,0.052571593823683,0.012219959266802444,0.5538461538461539
Out,0.052592679477092,0.012228260869565218,0.5538461538461539
Out,0.0526131068946166,0.012232415902140673,0.5538461538461539
Out,0.0526933341579505,0.012236573759347382,0.5538461538461539
Out,0.0528579101957071,0.012240734444066644,0.5538461538461539
Out,0.0529229401408967,0.012269938650306749,0.5538461538461539
Out,0.052939133538442,0.012274122059324924,0.5538461538461539
Out,0.0529891636734484,0.01227830832196453,0.5538461538461539
Out,0.0530443275921279,0.012282497441146366,0.5538461538461539
Out,0.0531186545621433,0.012286689419795221,0.5538461538461539
Out,0.0531210367447209,0.012290884260839878,0.5538461538461539
Out,0.053142710492318,0.012303485987696514,0.5538461538461539
Out,0.053321045907906,0.012307692307692308,0.5538461538461539
Out,0.0533548368852118,0.012311901504787962,0.5538461538461539
Out,0.0534260310086734,0.012320328542094456,0.5538461538461539
Out,0.0534723627421676,0.012324546388223211,0.5538461538461539
Out,0.0535241214508315,0.012328767123287671,0.5538461538461539
Out,0.0536327666288853,0.01233721727210418,0.5538461538461539
Out,0.0536345896648878,0.012349914236706689,0.5538461538461539
Out,0.0536361509916477,0.012354152367879203,0.5538461538461539
Out,0.0536509627307728,0.012358393408856848,0.5538461538461539
Out,0.0536964970124421,0.012362637362637362,0.5538461538461539
Out,0.0537132967234362,0.012371134020618556,0.5538461538461539
Out,0.053758566327256,0.012375386730835339,0.5538461538461539
Out,0.0537658459987854,0.012379642365887207,0.5538461538461539
Out,0.053891423269839,0.01238390092879257,0.5538461538461539
Out,0.053944246818129,0.012396694214876033,0.5538461538461539
Out,0.0539639702333746,0.012422360248447204,0.5538461538461539
Out,0.0539979694737684,0.012426648256817397,0.5538461538461539
Out,0.0540662822345159,0.012435233160621761,0.5538461538461539
Out,0.0540775209299538,0.012448132780082987,0.5538461538461539
Out,0.0541232223833332,0.012452438602559669,0.5538461538461539
Out,0.0542021475228061,0.01245674740484429,0.5538461538461539
Out,0.0543270043315018,0.012461059190031152,0.5538461538461539
Out,0.0543661224539718,0.012465373961218837,0.5538461538461539
Out,0.0544155669047478,0.012469691721510218,0.5538461538461539
Out,0.0544307121851925,0.012495661228740022,0.5538461538461539
Out,0.0544435723980661,0.0125,0.5538461538461539
Out,0.0544567453577624,0.01251303441084463,0.5538461538461539
Out,0.054462198777897,0.012539184952978056,0.5538461538461539
Out,0.054464421899506,0.012556679455877224,0.5538461538461539
Out,0.0545252531845507,0.01256106071179344,0.5538461538461539
Out,0.0545346530669818,0.012565445026178011,0.5538461538461539
Out,0.0545416274663956,0.012569832402234637,0.5538461538461539
Out,0.0545974955601328,0.012574222843171499,0.5538461538461539
Out,0.0546398323199439,0.012578616352201259,0.5538461538461539
Out,0.0546473673531165,0.01258301293254107,0.5538461538461539
Out,0.0547156988874458,0.012596221133659902,0.5538461538461539
Out,0.0547335349827792,0.012600630031501575,0.5538461538461539
Out,0.0547455594759817,0.012605042016806723,0.5538461538461539
Out,0.0547579828088513,0.012609457092819614,0.5538461538461539
Out,0.0547884615010256,0.012618296529968454,0.5538461538461539
Out,0.0548051639842837,0.012636012636012635,0.5538461538461539
Out,0.0548530842587183,0.012644889357218124,0.5538461538461539
Out,0.0548562668535779,0.012649332396345749,0.5538461538461539
Out,0.0548742072298238,0.012658227848101266,0.5538461538461539
Out,0.0548767413602461,0.012667135819845179,0.5538461538461539
Out,0.0548827228711618,0.01267605633802817,0.5538461538461539
Out,0.0548868501245463,0.012680521310320535,0.5538461538461539
Out,0.054918406864203,0.012684989429175475,0.5538461538461539
Out,0.0549395801531602,0.012702893436838392,0.5538461538461539
Out,0.0551294621756096,0.012707377338510413,0.5538461538461539
Out,0.0551299841345696,0.012711864406779662,0.5538461538461539
Out,0.0551497123748857,0.012716354645001766,0.5538461538461539
Out,0.0551826746092717,0.012738853503184714,0.5538461538461539
Out,0.0551919494201796,0.012743362831858408,0.5538461538461539
Out,0.0551970215133607,0.012761432116270826,0.5538461538461539
Out,0.0552295483630055,0.01276595744680851,0.5538461538461539
Out,0.0552340861749218,0.0127750177430802,0.5538461538461539
Out,0.0552899151760348,0.012779552715654952,0.5538461538461539
Out,0.0553583283044807,0.01278409090909091,0.5538461538461539
Out,0.0553589314563571,0.012788632326820605,0.5538461538461539
Out,0.0553798974721652,0.01279317697228145,0.5538461538461539
Out,0.0554119750269522,0.012802275960170697,0.5538461538461539
Out,0.0554144237875398,0.012806830309498399,0.5538461538461539
Out,0.0555094279662679,0.012811387900355872,0.5538461538461539
Out,0.0555613052735691,0.012815948736205056,0.5538461538461539
Out,0.0556284556115521,0.01282051282051282,0.5538461538461539
Out,0.0556350659116677,0.01282508015675098,0.5538461538461539
Out,0.0556501427718476,0.012829650748396294,0.5538461538461539
Out,0.0556639505138153,0.012834224598930482,0.5538461538461539
Out,0.0557258151751899,0.012838801711840228,0.5538461538461539
Out,0.0557598187534804,0.012843382090617196,0.5538461538461539
Out,0.055792081811371,0.01284796573875803,0.5538461538461539
Out,0.0558719721136408,0.01285255265976437,0.5538461538461539
Out,0.0558937171819946,0.012857142857142857,0.5538461538461539
Out,0.0559083790783545,0.012870933142652842,0.5538461538461539
Out,0.0559455202232777,0.012875536480686695,0.5538461538461539
Out,0.0559577406863353,0.012880143112701253,0.5538461538461539
Out,0.0559890258323578,0.012917115177610334,0.5538461538461539
Out,0.056019380241143,0.012921751615218953,0.5538461538461539
Out,0.0560454262585655,0.012954300107952501,0.5538461538461539
Out,0.0560726388671098,0.012958963282937365,0.5538461538461539
Out,0.0561887651251257,0.012963629816348578,0.5538461538461539
Out,0.0563398488772272,0.012968299711815562,0.5538461538461539
Out,0.0563417654736783,0.01298232960692391,0.5538461538461539
Out,0.0563526000476551,0.012987012987012988,0.5538461538461539
Out,0.0564432366061157,0.012991699747383616,0.5538461538461539
Out,0.0564954341042445,0.013001083423618635,0.5538461538461539
Out,0.0565160642838562,0.013015184381778741,0.5538461538461539
Out,0.0565551717703932,0.013019891500904159,0.5538461538461539
Out,0.0565625922306241,0.013024602026049204,0.5538461538461539
Out,0.0565869421312977,0.013029315960912053,0.5538461538461539
Out,0.0566200191070543,0.013034033309196235,0.5538461538461539
Out,0.0566824568210695,0.012685755708590069,0.5384615384615384
Out,0.0566902808826301,0.012690355329949238,0.5384615384615384
Out,0.0567176460376149,0.012694958287994197,0.5384615384615384
Out,0.0567701997883723,0.012704174228675136,0.5384615384615384
Out,0.0567943381558071,0.01272264631043257,0.5384615384615384
Out,0.0568018972638431,0.012727272727272728,0.5384615384615384
Out,0.0569120204666359,0.012731902510003638,0.5384615384615384
Out,0.056938248816681,0.012736535662299854,0.5384615384615384
Out,0.0569705990028286,0.012741172187841281,0.5384615384615384
Out,0.0570631033344428,0.012745812090313183,0.5384615384615384
Out,0.0570931440482629,0.012750455373406194,0.5384615384615384
Out,0.057124324760126,0.012783053323593864,0.5384615384615384
Out,0.0571339741519277,0.01278772378516624,0.5384615384615384
Out,0.0571589236274852,0.012792397660818713,0.5384615384615384
Out,0.0572528638433386,0.012797074954296161,0.5384615384615384
Out,0.0572698598368934,0.012801755669348939,0.5384615384615384
Out,0.0573383752918746,0.012806439809732895,0.5384615384615384
Out,0.0573495668073003,0.012844036697247707,0.5384615384615384
Out,0.0573641511228255,0.012858192505510653,0.5384615384615384
Out,0.0573980563017588,0.012867647058823529,0.5384615384615384
Out,0.0574025214115341,0.012872379551305628,0.5384615384615384
Out,0.0574675841828326,0.012877115526122149,0.5384615384615384
Out,0.0574740566238568,0.012934220251293422,0.5384615384615384
Out,0.0575817110479152,0.012939001848428836,0.5384615384615384
Out,0.0575923097465512,0.012943786982248521,0.5384615384615384
Out,0.0576665941106439,0.012948575656677765,0.5384615384615384
Out,0.0576958779140271,0.012953367875647668,0.5384615384615384
Out,0.0577064888020466,0.012972572275759823,0.5384615384615384
Out,0.0578683757073352,0.012977382276603633,0.5384615384615384
Out,0.0578808041790585,0.01298219584569733,0.5384615384615384
Out,0.0579590908537547,0.012991833704528583,0.5384615384615384
Out,0.0579735887697427,0.012996658002227999,0.5384615384615384
Out,0.0581127574172699,0.01300148588410104,0.5384615384615384
Out,0.058195873731815,0.013006317354143442,0.5384615384615384
Out,0.0582025983198085,0.013015991074748977,0.5384615384615384
Out,0.0582583864156905,0.013020833333333334,0.5384615384615384
Out,0.0583078775382763,0.013030528667163067,0.5384615384615384
Out,0.0583322346980341,0.013045098770033545,0.5384615384615384
Out,0.0583851119471701,0.013049962714392245,0.5384615384615384
Out,0.0584011755682566,0.013054830287206266,0.5384615384615384
Out,0.0584449034239209,0.013059701492537313,0.5384615384615384
Out,0.0584601539805937,0.013084112149532711,0.5384615384615384
Out,0.0585288341593758,0.013093901982790871,0.5384615384615384
Out,0.0585441201886063,0.013103706476974916,0.5384615384615384
Out,0.0585650493690353,0.013123359580052493,0.5384615384615384
Out,0.0585688644766698,0.01312828207051763,0.5384615384615384
Out,0.0586057895794553,0.013138138138138139,0.5384615384615384
Out,0.0586073877013351,0.01314800901577761,0.5384615384615384
Out,0.0586136460921354,0.013152950018789928,0.5384615384615384
Out,0.0586346899344303,0.013177710843373495,0.5384615384615384
Out,0.0586670174206098,0.013187641296156745,0.5384615384615384
Out,0.0586964529962217,0.013197586726998492,0.5384615384615384
Out,0.0587497210545626,0.013202565069784986,0.5384615384615384
Out,0.0588223177639601,0.013207547169811321,0.5384615384615384
Out,0.0588590694011105,0.013217522658610271,0.5384615384615384
Out,0.0588789280255132,0.013227513227513227,0.5384615384615384
Out,0.0588882564513536,0.013232514177693762,0.5384615384615384
Out,0.0589224815604498,0.01324252743094968,0.5384615384615384
Out,0.0589469124030052,0.013252555850056797,0.5384615384615384
Out,0.0590262576131693,0.013257575757575758,0.5384615384615384
Out,0.0591216258580692,0.013267626990144048,0.5384615384615384
Out,0.0592512232137775,0.013272658323852863,0.5384615384615384
Out,0.0592665205470485,0.013282732447817837,0.5384615384615384
Out,0.0592938671338657,0.013287775246772968,0.5384615384615384
Out,0.059332990964475,0.013292821876186859,0.5384615384615384
Out,0.0593424203830819,0.01330292664386165,0.5384615384615384
Out,0.0594184014319315,0.013307984790874524,0.5384615384615384
Out,0.0594279756429944,0.013313046785850133,0.5384615384615384
Out,0.0594446590147578,0.013318112633181126,0.5384615384615384
Out,0.0594465859621153,0.013323182337266844,0.5384615384615384
Out,0.0594640037762234,0.013333333333333334,0.5384615384615384
Out,0.0594829513307463,0.013338414634146341,0.5384615384615384
Out,0.059492113167869,0.013343499809378575,0.5384615384615384
Out,0.0595956869577308,0.013348588863463006,0.5384615384615384
Out,0.0596857744753644,0.013353681800839375,0.5384615384615384
Out,0.0596989361271397,0.013358778625954198,0.5384615384615384
Out,0.0598209254384136,0.013363879343260786,0.5384615384615384
Out,0.0598366495095359,0.013374092472296522,0.5384615384615384
Out,0.0598367948982487,0.01338432122370937,0.5384615384615384
Out,0.0598767951443331,0.013389441469013007,0.5384615384615384
Out,0.0598795603192837,0.01339969372128637,0.5384615384615384
Out,0.0599226744278265,0.013404825737265416,0.5384615384615384
Out,0.0599729930268508,0.013409961685823755,0.5384615384615384
Out,0.0600063755543294,0.013420245398773007,0.5384615384615384
Out,0.060011041751621,0.013425393172228616,0.5384615384615384
Out,0.0600400446908447,0.01343054489639294,0.5384615384615384
Out,0.0600808571558325,0.013435700575815739,0.5384615384615384
Out,0.060096164627437,0.013440860215053764,0.5384615384615384
Out,0.0601119047519881,0.013466717968449404,0.5384615384615384
Out,0.0601753445365147,0.013471901462663588,0.5384615384615384
Out,0.0602067313739372,0.013482280431432974,0.5384615384615384
Out,0.060257790976717,0.013492675404780262,0.5384615384615384
Out,0.0603356745976517,0.013503086419753086,0.5384615384615384
Out,0.0603574837491558,0.013513513513513514,0.5384615384615384
Out,0.0603753871509582,0.013518733101583623,0.5384615384615384
Out,0.060383308262397,0.013523956723338485,0.5384615384615384
Out,0.0604629624322133,0.01352918438345574,0.5384615384615384
Out,0.0604752462538076,0.013544891640866873,0.5384615384615384
Out,0.0604966538769042,0.013560635412630763,0.5384615384615384
Out,0.0605103746217412,0.013639906469212782,0.5384615384615384
Out,0.0605274537591987,0.01364522417153996,0.5384615384615384
Out,0.0605370840754778,0.013650546021840874,0.5384615384615384
Out,0.0605542334320328,0.013655872024970737,0.5384615384615384
Out,0.060699785269091,0.01366120218579235,0.5384615384615384
Out,0.0607789144453541,0.01368791552600704,0.5384615384615384
Out,0.0608024771324883,0.0136986301369863,0.5384615384615384
Out,0.0608759400092943,0.01370399373531715,0.5384615384615384
Out,0.0608990874551367,0.013736263736263736,0.5384615384615384
Out,0.0609021758570219,0.013741656851197487,0.5384615384615384
Out,0.0609321180221247,0.0137524557956778,0.5384615384615384
Out,0.060985715006766,0.013757861635220126,0.5384615384615384
Out,0.0609936932191734,0.013763271726307511,0.5384615384615384
Out,0.0610393379322061,0.013768686073957514,0.5384615384615384
Out,0.0610961738172226,0.013774104683195593,0.5384615384615384
Out,0.0612609521708515,0.013779527559055118,0.5384615384615384
Out,0.0613009400341709,0.013795821836815136,0.5384615384615384
Out,0.0613137318499648,0.013801261829652996,0.5384615384615384
Out,0.0614260349596753,0.013806706114398421,0.5384615384615384
Out,0.0614294275715341,0.013812154696132596,0.5384615384615384
Out,0.0614640623368577,0.01381760757994473,0.5384615384615384
Out,0.0615141129520023,0.01382306477093207,0.5384615384615384
Out,0.061519991583219,0.01382852627419992,0.5384615384615384
Out,0.0615578796885887,0.01383946223803875,0.5384615384615384
Out,0.0617268200940085,0.013844936708860759,0.5384615384615384
Out,0.061758720376294,0.013855898653998416,0.5384615384615384
Out,0.0617645191686507,0.013861386138613862,0.5384615384615384
Out,0.061826203299511,0.01386687797147385,0.5384615384615384
Out,0.0618435364540183,0.013883379611265371,0.5384615384615384
Out,0.0619098322503964,0.013888888888888888,0.5384615384615384
Out,0.0620047736614004,0.013894402540690751,0.5384615384615384
Out,0.0620698455116341,0.013899920571882446,0.5384615384615384
Out,0.062076048722216,0.01392203659506762,0.5384615384615384
Out,0.0620867976854062,0.013927576601671309,0.5384615384615384
Out,0.0621810011057348,0.013938669852648347,0.5384615384615384
Out,0.0622211275779334,0.013944223107569721,0.5384615384615384
Out,0.0622467230318517,0.013949780789159028,0.5384615384615384
Out,0.0622572829773941,0.013955342902711323,0.5384615384615384
Out,0.0622995129485092,0.013960909453530115,0.5384615384615384
Out,0.062302325298182,0.013977635782747603,0.5384615384615384
Out,0.0623856869931773,0.013983220135836995,0.5384615384615384
Out,0.0623858803054574,0.013988808952837729,0.5384615384615384
Out,0.0623961604044704,0.013994402239104359,0.5384615384615384
Out,0.062405151706558,0.014,0.5384615384615384
Out,0.0624532835684777,0.014005602240896359,0.5384615384615384
Out,0.0624870671523891,0.014039310068190935,0.5384615384615384
Out,0.0624898874406881,0.014044943820224719,0.5384615384615384
Out,0.0625581054968401,0.01407318053880177,0.5384615384615384
Out,0.0626043223712232,0.014084507042253521,0.5384615384615384
Out,0.0626468358117811,0.014090177133655395,0.5384615384615384
Out,0.0626811887807777,0.014095851792186871,0.5384615384615384
Out,0.0627033272908353,0.014107214832728738,0.5384615384615384
Out,0.0627284050945509,0.014112903225806451,0.5384615384615384
Out,0.0627744507251795,0.014124293785310734,0.5384615384615384
Out,0.0628422212018028,0.014147130153597413,0.5384615384615384
Out,0.06284345018458,0.014152850788515973,0.5384615384615384
Out,0.0628463789506349,0.014158576051779935,0.5384615384615384
Out,0.0629134062436524,0.01417004048582996,0.5384615384615384
Out,0.0629787033991602,0.014181523500810372,0.5384615384615384
Out,0.0630503558351717,0.014187271990271585,0.5384615384615384
Out,0.0630781351817924,0.014193025141930252,0.5384615384615384
Out,0.0631599101120322,0.014198782961460446,0.5384615384615384
Out,0.0631715024249546,0.014210312626877792,0.5384615384615384
Out,0.0631753587887232,0.01421608448415922,0.5384615384615384
Out,0.0631797684149673,0.014221861032100772,0.5384615384615384
Out,0.0633121040806053,0.014227642276422764,0.5384615384615384
Out,0.0633226489613543,0.014233428222854819,0.5384615384615384
Out,0.0633288784541585,0.014239218877135883,0.5384615384615384
Out,0.0633435990638524,0.014245014245014245,0.5384615384615384
Out,0.0633845196423874,0.014250814332247556,0.5384615384615384
Out,0.0634000811587915,0.014256619144602852,0.5384615384615384
Out,0.0634565991812357,0.01426242868785656,0.5384615384615384
Out,0.0634858950685012,0.014279885760913913,0.5384615384615384
Out,0.0634996827006609,0.014291547570436913,0.5384615384615384
Out,0.0635158447573974,0.014303228442991417,0.5384615384615384
Out,0.0635932062209403,0.014309076042518397,0.5384615384615384
Out,0.0636102685996247,0.014314928425357873,0.5384615384615384
Out,0.0636285015397527,0.014320785597381341,0.5384615384615384
Out,0.0636436692861939,0.014338385907414994,0.5384615384615384
Out,0.0636624123734218,0.014350143501435014,0.5384615384615384
Out,0.0636683312705145,0.01435602953240361,0.5384615384615384
Out,0.0636857262641926,0.014373716632443531,0.5384615384615384
Out,0.063696477367393,0.01437962202136401,0.5384615384615384
Out,0.0637356351444997,0.014385532264693794,0.5384615384615384
Out,0.0638202277167138,0.014391447368421052,0.5384615384615384
Out,0.0638415369320242,0.014397367338543809,0.5384615384615384
Out,0.0638482357981379,0.014415156507413509,0.5384615384615384
Out,0.0638578420580864,0.01442109600329625,0.5384615384615384
Out,0.0639778911970442,0.014427040395713108,0.5384615384615384
Out,0.0640039532287567,0.01443298969072165,0.5384615384615384
Out,0.0640132226495113,0.014438943894389438,0.5384615384615384
Out,0.0642186211836214,0.014444903012794058,0.5384615384615384
Out,0.0642776527190033,0.014450867052023121,0.5384615384615384
Out,0.0642942601621705,0.014456836018174308,0.5384615384615384
Out,0.0643046057508798,0.014468788755684168,0.5384615384615384
Out,0.0644182007477045,0.014474772539288668,0.5384615384615384
Out,0.0644635437413647,0.014480761274306992,0.5384615384615384
Out,0.06451484888011,0.014492753623188406,0.5384615384615384
Out,0.0645282872121905,0.014498757249378625,0.5384615384615384
Out,0.0646410287334072,0.014504765851636967,0.5384615384615384
Out,0.0647075409099633,0.014516798009124844,0.5384615384615384
Out,0.0647078139056516,0.014522821576763486,0.5384615384615384
Out,0.0647492281206089,0.014528850145288501,0.5384615384615384
Out,0.0647776390751283,0.014534883720930232,0.5384615384615384
Out,0.0648566850739102,0.014540922309929373,0.5384615384615384
Out,0.0648613667120067,0.014546965918536992,0.5384615384615384
Out,0.0648932059182519,0.014559068219633943,0.5384615384615384
Out,0.0648969580250075,0.014565126924677487,0.5384615384615384
Out,0.0649194575573679,0.014571190674437969,0.5384615384615384
Out,0.0649265079342735,0.014577259475218658,0.5384615384615384
Out,0.0649587582337469,0.014583333333333334,0.5384615384615384
Out,0.0650208090904135,0.014589412255106295,0.5384615384615384
Out,0.0650215370816236,0.014595496246872394,0.5384615384615384
Out,0.0650675875249809,0.014607679465776294,0.5384615384615384
Out,0.0652015733300018,0.014619883040935672,0.5384615384615384
Out,0.0652073420636145,0.014638226683396068,0.5384615384615384
Out,0.0652277654320174,0.014644351464435146,0.5384615384615384
Out,0.0652607526535147,0.014650481372959398,0.5384615384615384
Out,0.0652772298646967,0.014699706005879883,0.5384615384615384
Out,0.0652828644277974,0.014705882352941176,0.5384615384615384
Out,0.0654032237912634,0.014712063892391762,0.5384615384615384
Out,0.0654483678698822,0.014724442574673959,0.5384615384615384
Out,0.0654503111938921,0.014730639730639731,0.5384615384615384
Out,0.0654700274327532,0.014736842105263158,0.5384615384615384
Out,0.0655029123061137,0.014749262536873156,0.5384615384615384
Out,0.065551685713377,0.014774166314900802,0.5384615384615384
Out,0.0656482022149193,0.014786649767638362,0.5384615384615384
Out,0.0656601136650387,0.014805414551607445,0.5384615384615384
Out,0.0657319158364084,0.014817950889077053,0.5384615384615384
Out,0.0657681548477386,0.014824227022448115,0.5384615384615384
Out,0.0658998621058929,0.014830508474576272,0.5384615384615384
Out,0.065910104446646,0.01483679525222552,0.5384615384615384
Out,0.0659373305063292,0.014843087362171332,0.5384615384615384
Out,0.0659423416140768,0.014849384811200678,0.5384615384615384
Out,0.0659881641018683,0.014855687606112054,0.5384615384615384
Out,0.0660569988097049,0.014861995753715499,0.5384615384615384
Out,0.0661361138384745,0.014868309260832626,0.5384615384615384
Out,0.0661583636194034,0.014887282007656316,0.5384615384615384
Out,0.0663164644747813,0.01489995742869306,0.5384615384615384
Out,0.0663173631777993,0.014906303236797274,0.5384615384615384
Out,0.0664268463375185,0.014912654452492544,0.5384615384615384
Out,0.066459464916566,0.014919011082693947,0.5384615384615384
Out,0.0664652981337714,0.014925373134328358,0.5384615384615384
Out,0.0665227918742781,0.014938113529662825,0.5384615384615384
Out,0.0665251380384013,0.014944491887275833,0.5384615384615384
Out,0.0665475876294885,0.0149508756941478,0.5384615384615384
Out,0.0667180002848769,0.014957264957264958,0.5384615384615384
Out,0.0669486128626354,0.014963659683625482,0.5384615384615384
Out,0.0669766000087687,0.014970059880239521,0.5384615384615384
Out,0.066996100626599,0.014976465554129225,0.5384615384615384
Out,0.0670108292183676,0.014989293361884369,0.5384615384615384
Out,0.0670712529620981,0.015002143163309044,0.5384615384615384
Out,0.0670888510905801,0.015008576329331046,0.5384615384615384
Out,0.0670909753893205,0.015021459227467811,0.5384615384615384
Out,0.0670928265207566,0.015027908973808502,0.5384615384615384
Out,0.0671116673390239,0.015034364261168385,0.5384615384615384
Out,0.067185868702572,0.015040825096691019,0.5384615384615384
Out,0.0672595738577078,0.015053763440860216,0.5384615384615384
Out,0.0673116284511464,0.015060240963855422,0.5384615384615384
Out,0.067317346574976,0.014636246233318984,0.5230769230769231
Out,0.0673208420617309,0.014642549526270457,0.5230769230769231
Out,0.0673211944674344,0.014648858250753986,0.5230769230769231
Out,0.0673862131786685,0.014655172413793103,0.5230769230769231
Out,0.0674017731193969,0.01468048359240069,0.5230769230769231
Out,0.0674115647286336,0.01468682505399568,0.5230769230769231
Out,0.0674342947593957,0.014693171996542784,0.5230769230769231
Out,0.0674523020294813,0.014699524427150886,0.5230769230769231
Out,0.0675752195401555,0.01471861471861472,0.5230769230769231
Out,0.067596439193323,0.014724989172802079,0.5230769230769231
Out,0.0676517349812299,0.014731369150779897,0.5230769230769231
Out,0.0676743213252493,0.014744145706851692,0.5230769230769231
Out,0.0676796824331222,0.014763352149370386,0.5230769230769231
Out,0.0677061175961764,0.014769765421372719,0.5230769230769231
Out,0.0677977904084023,0.01477618426770969,0.5230769230769231
Out,0.0678619472342534,0.014782608695652174,0.5230769230769231
Out,0.0678671603261552,0.01478903871248369,0.5230769230769231
Out,0.0679506127476161,0.014801915542011318,0.5230769230769231
Out,0.0679883054191442,0.014808362369337979,0.5230769230769231
Out,0.0680748453288644,0.014814814814814815,0.5230769230769231
Out,0.0681812392781225,0.014834205933682374,0.5230769230769231
Out,0.068210916795102,0.014847161572052401,0.5230769230769231
Out,0.0682522056187765,0.01486013986013986,0.5230769230769231
Out,0.0682630994929321,0.014873140857392825,0.5230769230769231
Out,0.0682667230897032,0.01487964989059081,0.5230769230769231
Out,0.068270932202951,0.0148861646234676,0.5230769230769231
Out,0.0682945814181363,0.014892685063512922,0.5230769230769231
Out,0.0683384217683105,0.014931927975406236,0.5230769230769231
Out,0.0683665450300891,0.014938488576449912,0.5230769230769231
Out,0.0683752109671135,0.014945054945054945,0.5230769230769231
Out,0.0684446088429918,0.014951627088830254,0.5230769230769231
Out,0.0684586621944949,0.01498457470251212,0.5230769230769231
Out,0.0684826380325451,0.014991181657848324,0.5230769230769231
Out,0.0684847987903302,0.014997794441993825,0.5230769230769231
Out,0.0684872340235239,0.015011037527593819,0.5230769230769231
Out,0.0684916889602472,0.015017667844522967,0.5230769230769231
Out,0.068545884664079,0.015030946065428824,0.5230769230769231
Out,0.0685547282693775,0.01504424778761062,0.5230769230769231
Out,0.0685906626391216,0.015064244572441293,0.5230769230769231
Out,0.0686069095264509,0.015070921985815602,0.5230769230769231
Out,0.0686685269401918,0.01507760532150776,0.5230769230769231
Out,0.0686716825598598,0.015084294587400177,0.5230769230769231
Out,0.0686905066651416,0.015090989791389259,0.5230769230769231
Out,0.0687077725352842,0.015104398045313194,0.5230769230769231
Out,0.068758068804881,0.015111111111111112,0.5230769230769231
Out,0.0687752252856744,0.01511783014673188,0.5230769230769231
Out,0.0687803458191913,0.015138023152270703,0.5230769230769231
Out,0.0687873672315118,0.015158270173874276,0.5230769230769231
Out,0.0687944439241102,0.015171798304328426,0.5230769230769231
Out,0.0688482408355807,0.015178571428571428,0.5230769230769231
Out,0.0688629737804104,0.01519213583556747,0.5230769230769231
Out,0.0688758655627608,0.015198927134555208,0.5230769230769231
Out,0.0688999643339136,0.01520572450805009,0.5230769230769231
Out,0.0689324389543749,0.015212527964205816,0.5230769230769231
Out,0.068967627072813,0.015232974910394265,0.5230769230769231
Out,0.0689723684813162,0.015280898876404495,0.5230769230769231
Out,0.0690273457029068,0.015287769784172662,0.5230769230769231
Out,0.0690596782115998,0.015294646873594242,0.5230769230769231
Out,0.0691042167879103,0.0153015301530153,0.5230769230769231
Out,0.0691189923380555,0.01530841963079694,0.5230769230769231
Out,0.0692326864626545,0.015315315315315315,0.5230769230769231
Out,0.0692571032839722,0.015322217214961695,0.5230769230769231
Out,0.0693053069292463,0.015329125338142471,0.5230769230769231
Out,0.0693528855668091,0.015336039693279206,0.5230769230769231
Out,0.0693537416623413,0.015363759602349751,0.5230769230769231
Out,0.0693641426773629,0.015377657168701944,0.5230769230769231
Out,0.0693692761184204,0.015391579900407425,0.5230769230769231
Out,0.0693851544756888,0.015398550724637682,0.5230769230769231
Out,0.0695830005804287,0.015412511332728921,0.5230769230769231
Out,0.0696291372600884,0.015419501133786848,0.5230769230769231
Out,0.069706384131296,0.015454545454545455,0.5230769230769231
Out,0.0697516027505977,0.015461573442473852,0.5230769230769231
Out,0.0697571885029125,0.015468607825295723,0.5230769230769231
Out,0.0697846616394971,0.015489749430523917,0.5230769230769231
Out,0.0698328197299559,0.015546410608139003,0.5230769230769231
Out,0.0698425118385279,0.01555352241537054,0.5230769230769231
Out,0.0698634653078688,0.015560640732265447,0.5230769230769231
Out,0.0698734769725423,0.015567765567765568,0.5230769230769231
Out,0.0699168573488978,0.015574896930829134,0.5230769230769231
Out,0.0699445262061653,0.015582034830430797,0.5230769230769231
Out,0.0699852941282808,0.015589179275561669,0.5230769230769231
Out,0.0699899242770228,0.015596330275229359,0.5230769230769231
Out,0.0700732946489127,0.015603487838458009,0.5230769230769231
Out,0.0702102571902621,0.01566098572086596,0.5230769230769231
Out,0.0702838688698745,0.01566820276497696,0.5230769230769231
Out,0.0703025353937502,0.015675426463808206,0.5230769230769231
Out,0.0703155330069823,0.015704387990762125,0.5230769230769231
Out,0.070355867534953,0.015711645101663587,0.5230769230769231
Out,0.0703708744343842,0.01571890892279242,0.5230769230769231
Out,0.0703889213577906,0.015755329008341055,0.5230769230769231
Out,0.0703920547503628,0.01576263328697265,0.5230769230769231
Out,0.0704266297667749,0.015769944341372914,0.5230769230769231
Out,0.070478871977779,0.01577726218097448,0.5230769230769231
Out,0.0705562005436386,0.015784586815227482,0.5230769230769231
Out,0.070575003718649,0.01580660158066016,0.5230769230769231
Out,0.0705764536974378,0.015828677839851025,0.5230769230769231
Out,0.0705911980811628,0.015843429636533086,0.5230769230769231
Out,0.0706236633339164,0.015850815850815853,0.5230769230769231
Out,0.0706796852709985,0.01585820895522388,0.5230769230769231
Out,0.0707896231372224,0.015865608959402706,0.5230769230769231
Out,0.070791272805205,0.015873015873015872,0.5230769230769231
Out,0.0707999132811268,0.015880429705744978,0.5230769230769231
Out,0.0708685607896382,0.01588785046728972,0.5230769230769231
Out,0.0708903941734699,0.015895278167367927,0.5230769230769231
Out,0.070912927253952,0.015902712815715623,0.5230769230769231
Out,0.0710453136405953,0.015910154422087038,0.5230769230769231
Out,0.0710785306541486,0.015917602996254682,0.5230769230769231
Out,0.0711483440795474,0.01592505854800937,0.5230769230769231
Out,0.0711527395249757,0.015932521087160263,0.5230769230769231
Out,0.0711726155052909,0.015939990623534926,0.5230769230769231
Out,0.0711779955455114,0.01594746716697936,0.5230769230769231
Out,0.0711948755424778,0.015954950727358048,0.5230769230769231
Out,0.0713092081494261,0.01596244131455399,0.5230769230769231
Out,0.0713151900009363,0.015969938938468764,0.5230769230769231
Out,0.071330419437522,0.015977443609022556,0.5230769230769231
Out,0.0713476128159752,0.015984955336154207,0.5230769230769231
Out,0.0714202115855786,0.01599247412982126,0.5230769230769231
Out,0.0715068415402546,0.016022620169651274,0.5230769230769231
Out,0.0715087854446128,0.01603017444601603,0.5230769230769231
Out,0.0715553281780679,0.016037735849056604,0.5230769230769231
Out,0.0715589738471972,0.01604530438886267,0.5230769230769231
Out,0.0715763042746832,0.01606046291922532,0.5230769230769231
Out,0.0715919342336712,0.01606805293005671,0.5230769230769231
Out,0.0716139351610632,0.01607565011820331,0.5230769230769231
Out,0.0716267227115463,0.01608325449385052,0.5230769230769231
Out,0.0716290743838685,0.01609086606720303,0.5230769230769231
Out,0.0716350222549818,0.016098484848484848,0.5230769230769231
Out,0.0716949656808314,0.016106110847939364,0.5230769230769231
Out,0.071726579623116,0.016113744075829384,0.5230769230769231
Out,0.0717266139751982,0.016121384542437174,0.5230769230769231
Out,0.0717357131679755,0.016175071360608945,0.5230769230769231
Out,0.0717656418471569,0.01618277010947168,0.5230769230769231
Out,0.0717765932748863,0.01619047619047619,0.5230769230769231
Out,0.0718071710062682,0.016205910390848427,0.5230769230769231
Out,0.0718482646331569,0.016213638531235097,0.5230769230769231
Out,0.0719194492789725,0.016221374045801526,0.5230769230769231
Out,0.0719565596394579,0.016229116945107397,0.5230769230769231
Out,0.0719694025179323,0.01623686723973257,0.5230769230769231
Out,0.0719821858038843,0.016244624940277116,0.5230769230769231
Out,0.0719997059781503,0.016252390057361378,0.5230769230769231
Out,0.0720118062740725,0.016260162601626018,0.5230769230769231
Out,0.0720501383339046,0.016267942583732056,0.5230769230769231
Out,0.0720564932852412,0.016275730014360938,0.5230769230769231
Out,0.072068111454347,0.016283524904214558,0.5230769230769231
Out,0.0720896408949041,0.016299137104506232,0.5230769230769231
Out,0.072094177023723,0.01630695443645084,0.5230769230769231
Out,0.0721104524101907,0.016314779270633396,0.5230769230769231
Out,0.0721226726183156,0.01633045148895293,0.5230769230769231
Out,0.0721628220734277,0.016338298894762134,0.5230769230769231
Out,0.0721909364015387,0.016346153846153847,0.5230769230769231
Out,0.0722290373017725,0.0163855421686747,0.5230769230769231
Out,0.072232051893857,0.01639344262295082,0.5230769230769231
Out,0.0722439863254688,0.016409266409266408,0.5230769230769231
Out,0.0722507682238073,0.016417189763399325,0.5230769230769231
Out,0.0722784853413694,0.016433059449009184,0.5230769230769231
Out,0.0723922210644351,0.016456921587608905,0.5230769230769231
Out,0.0723938759051255,0.016496846191169336,0.5230769230769231
Out,0.0726237753597069,0.01650485436893204,0.5230769230769231
Out,0.0727147719365266,0.01651287032540068,0.5230769230769231
Out,0.0727319497787947,0.01652089407191448,0.5230769230769231
Out,0.0727789331952423,0.01652892561983471,0.5230769230769231
Out,0.0728836139341272,0.016536964980544747,0.5230769230769231
Out,0.073023277501258,0.016585365853658537,0.5230769230769231
Out,0.0730487284748234,0.016593460224499756,0.5230769230769231
Out,0.0730837585470598,0.0166015625,0.5230769230769231
Out,0.0731015488915848,0.016609672691744015,0.5230769230769231
Out,0.0731127019427723,0.016642192853646598,0.5230769230769231
Out,0.0731443508204405,0.016666666666666666,0.5230769230769231
Out,0.0731711363872305,0.016674840608141245,0.5230769230769231
Out,0.0732592018222551,0.016691212567501227,0.5230769230769231
Out,0.0733030499861973,0.01669941060903733,0.5230769230769231
Out,0.0733495200591014,0.01671583087512291,0.5230769230769231
Out,0.073392081476698,0.016724053123462864,0.5230769230769231
Out,0.0733925351768832,0.016748768472906402,0.5230769230769231
Out,0.0734440385259183,0.016757023164120255,0.5230769230769231
Out,0.0734732840521766,0.016773556980759743,0.5230769230769231
Out,0.0734816700909447,0.016790123456790124,0.5230769230769231
Out,0.0735322636582272,0.01680672268907563,0.5230769230769231
Out,0.0736018825455268,0.01682335477486393,0.5230769230769231
Out,0.073629015199809,0.016840019811788013,0.5230769230769231
Out,0.0736787652344055,0.01684836471754212,0.5230769230769231
Out,0.0736984963611417,0.01685671789786812,0.5230769230769231
Out,0.0737415799722387,0.016865079365079364,0.5230769230769231
Out,0.0738532337483758,0.01693227091633466,0.5230769230769231
Out,0.0739532041041471,0.016966067864271458,0.5230769230769231
Out,0.0739534095673134,0.016974538192710935,0.5230769230769231
Out,0.0739609055134367,0.016983016983016984,0.5230769230769231
Out,0.0739807752038317,0.01699150424787606,0.5230769230769231
Out,0.0739951614933551,0.01701701701701702,0.5230769230769231
Out,0.0740078934791622,0.01702553830746119,0.5230769230769231
Out,0.0740245553516363,0.017034068136272545,0.5230769230769231
Out,0.0740342597951833,0.017042606516290727,0.5230769230769231
Out,0.0741024714535508,0.017059708981435023,0.5230769230769231
Out,0.0741389596880708,0.017076845806127575,0.5230769230769231
Out,0.0741746339747455,0.017085427135678392,0.5230769230769231
Out,0.0742813578818983,0.017094017094017096,0.5230769230769231
Out,0.0743672650865747,0.01710261569416499,0.5230769230769231
Out,0.0744227749369363,0.017111222949169603,0.5230769230769231
Out,0.0744405833504081,0.017119838872104734,0.5230769230769231
Out,0.0744557330560532,0.01714573877962683,0.5230769230769231
Out,0.0744975206975482,0.017154389505549948,0.5230769230769231
Out,0.0745180494048183,0.01719777440566515,0.5230769230769231
Out,0.0745190100931814,0.01720647773279352,0.5230769230769231
Out,0.0745495232722939,0.017223910840932118,0.5230769230769231
Out,0.074653268252095,0.017232640648758235,0.5230769230769231
Out,0.0747080336861072,0.017241379310344827,0.5230769230769231
Out,0.0747879909187073,0.017250126839167934,0.5230769230769231
Out,0.0748040472978457,0.017258883248730966,0.5230769230769231
Out,0.0748504875025779,0.017267648552564754,0.5230769230769231
Out,0.0748601911932285,0.017276422764227643,0.5230769230769231
Out,0.0750134547508738,0.01728520589730554,0.5230769230769231
Out,0.0750566080605555,0.017293997965412006,0.5230769230769231
Out,0.0750819604940712,0.017311608961303463,0.5230769230769231
Out,0.0751742595656247,0.017320427916454408,0.5230769230769231
Out,0.0752242995654958,0.017329255861365953,0.5230769230769231
Out,0.075257301875142,0.017346938775510204,0.5230769230769231
Out,0.075273285324831,0.017373530914665303,0.5230769230769231
Out,0.0754428101090525,0.017382413087934562,0.5230769230769231
Out,0.075468423388431,0.017391304347826087,0.5230769230769231
Out,0.0754999649501909,0.017400204708290685,0.5230769230769231
Out,0.075544619664393,0.017409114183307733,0.5230769230769231
Out,0.0755580599504042,0.017418032786885244,0.5230769230769231
Out,0.0756003491823394,0.017444843509492047,0.5230769230769231
Out,0.075686927456813,0.017453798767967144,0.5230769230769231
Out,0.0757306533871312,0.017480719794344474,0.5230769230769231
Out,0.0757590227591743,0.01748971193415638,0.5230769230769231
Out,0.0758328294907543,0.017498713329902212,0.5230769230769231
Out,0.0759203246666972,0.01752577319587629,0.5230769230769231
Out,0.0759258707356507,0.017543859649122806,0.5230769230769231
Out,0.0759514285760942,0.017552916881775942,0.5230769230769231
Out,0.0759535466126892,0.017598343685300208,0.5230769230769231
Out,0.0759551542837876,0.017607457276022784,0.5230769230769231
Out,0.0759646923396,0.017616580310880828,0.5230769230769231
Out,0.0760426613049383,0.01762571280456195,0.5230769230769231
Out,0.0760859513214393,0.017634854771784232,0.5230769230769231
Out,0.0761068337205937,0.017644006227296314,0.5230769230769231
Out,0.0762176110493568,0.017653167185877467,0.5230769230769231
Out,0.0762699962698161,0.017671517671517672,0.5230769230769231
Out,0.0763075574729179,0.01768990634755463,0.5230769230769231
Out,0.0763138948107141,0.017708333333333333,0.5230769230769231
Out,0.076319054214639,0.01771756122980719,0.5230769230769231
Out,0.076323958061925,0.017726798748696558,0.5230769230769231
Out,0.0763571631983967,0.017754569190600523,0.5230769230769231
Out,0.0763837262932752,0.01781970649895178,0.5230769230769231
Out,0.0763895692382563,0.01782905086523335,0.5230769230769231
Out,0.0764158893824512,0.017838405036726127,0.5230769230769231
Out,0.0764731247305353,0.01784776902887139,0.5230769230769231
Out,0.076505689903677,0.017857142857142856,0.5230769230769231
Out,0.0765620388886962,0.01786652653704677,0.5230769230769231
Out,0.0765769747712458,0.017875920084121977,0.5230769230769231
Out,0.0765825656682031,0.01788532351394003,0.5230769230769231
Out,0.0765970052376382,0.017894736842105262,0.5230769230769231
Out,0.0766964917540747,0.01791359325605901,0.5230769230769231
Out,0.0766999519937841,0.017923036373220874,0.5230769230769231
Out,0.0767458460118655,0.017932489451476793,0.5230769230769231
Out,0.0767542775042831,0.017941952506596307,0.5230769230769231
Out,0.0768025393920855,0.01795142555438226,0.5230769230769231
Out,0.0768026738735341,0.017960908610670893,0.5230769230769231
Out,0.0768160882014455,0.017970401691331923,0.5230769230769231
Out,0.0768214033212443,0.017979904812268643,0.5230769230769231
Out,0.0768424980734707,0.01798941798941799,0.5230769230769231
Out,0.0768696954085379,0.017998941238750663,0.5230769230769231
Out,0.0769168097496575,0.018008474576271187,0.5230769230769231
Out,0.0769642051396826,0.018018018018018018,0.5230769230769231
Out,0.0770259165482416,0.018027571580063628,0.5230769230769231
Out,0.0770413206082527,0.01803713527851459,0.5230769230769231
Out,0.0770502977127344,0.018046709129511677,0.5230769230769231
Out,0.0771044865878445,0.018065887353878853,0.5230769230769231
Out,0.0771194912517652,0.018075491759702286,0.5230769230769231
Out,0.0771631051709805,0.018085106382978722,0.5230769230769231
Out,0.0772274253066493,0.018094731240021287,0.5230769230769231
Out,0.077299410222139,0.01812366737739872,0.5230769230769231
Out,0.0773254207791602,0.018133333333333335,0.5230769230769231
Out,0.0774317048547856,0.01814300960512273,0.5230769230769231
Out,0.0774511093709844,0.018152696209289908,0.5230769230769231
Out,0.0774667014200387,0.018162393162393164,0.5230769230769231
Out,0.0775191406440402,0.018172100481026188,0.5230769230769231
Out,0.0776056561159692,0.01818181818181818,0.5230769230769231
Out,0.0776940756529199,0.018201284796573874,0.5230769230769231
Out,0.0777325513932748,0.01821103374397429,0.5230769230769231
Out,0.0777661418467063,0.018230563002680965,0.5230769230769231
Out,0.077779026278177,0.018240343347639486,0.5230769230769231
Out,0.077801852354859,0.01825013419216318,0.5230769230769231
Out,0.0779191419357259,0.018259935553168637,0.5230769230769231
Out,0.077939933419298,0.018269747447608814,0.5230769230769231
Out,0.0779637015124505,0.01827956989247312,0.5230769230769231
Out,0.0780403090984649,0.01828940290478752,0.5230769230769231
Out,0.0780967250097683,0.01829924650161464,0.5230769230769231
Out,0.0781143388318582,0.01830910070005385,0.5230769230769231
Out,0.0781607211544641,0.018318965517241378,0.5230769230769231
Out,0.0782187526609117,0.01834862385321101,0.5230769230769231
Out,0.0782617386072563,0.0183585313174946,0.5230769230769231
Out,0.0783196257542755,0.01838831800973499,0.5230769230769231
Out,0.0784037774290388,0.0183982683982684,0.5230769230769231
Out,0.0784802604877854,0.018408229561451002,0.5230769230769231
Out,0.0785064930175657,0.018418201516793065,0.5230769230769231
Out,0.0785832087296323,0.018448182311448725,0.5230769230769231
Out,0.0788842830258882,0.018458197611292075,0.5230769230769231
Out,0.0789324809527884,0.018488308863512777,0.5230769230769231
Out,0.078966556603522,0.018498367791077257,0.5230769230769231
Out,0.0791098197654952,0.018508437670114317,0.5230769230769231
Out,0.0791960602418438,0.018518518518518517,0.5230769230769231
Out,0.0792182776399222,0.018528610354223433,0.5230769230769231
Out,0.0792330766843593,0.018558951965065504,0.5230769230769231
Out,0.0792638821170506,0.018569087930092845,0.5230769230769231
Out,0.0792859447830319,0.018579234972677595,0.5230769230769231
Out,0.0792911904312231,0.018589393110989613,0.5230769230769231
Out,0.0792957437827882,0.018599562363238512,0.5230769230769231
Out,0.0793103290209659,0.018609742747673783,0.5230769230769231
Out,0.0793158057121816,0.018619934282584884,0.5230769230769231
Out,0.0793461421062102,0.01863013698630137,0.5230769230769231
Out,0.0793558591120383,0.01864035087719298,0.5230769230769231
Out,0.0795316895025468,0.018650575973669776,0.5230769230769231
Out,0.0796821040012747,0.018660812294182216,0.5230769230769231
Out,0.0797277135299918,0.01868131868131868,0.5230769230769231
Out,0.0797753559739785,0.0187018701870187,0.5230769230769231
Out,0.0798345712181748,0.018712162905888827,0.5230769230769231
Out,0.0798767882774472,0.018732782369146005,0.5230769230769231
Out,0.0799248875412498,0.018743109151047408,0.5230769230769231
Out,0.0799250369193447,0.018826135105204873,0.5230769230769231
Out,0.0799663924858065,0.018836565096952907,0.5230769230769231
Out,0.0799801592922809,0.018857459789240156,0.5230769230769231
Out,0.0800384522254504,0.018867924528301886,0.5230769230769231
Out,0.0800653363551824,0.01888888888888889,0.5230769230769231
Out,0.0800684663988761,0.018909899888765295,0.5230769230769231
Out,0.0801864734832157,0.018920422927100722,0.5230769230769231
Out,0.0802050240144002,0.01893095768374165,0.5230769230769231
Out,0.080269505536647,0.01894150417827298,0.5230769230769231
Out,0.0802959511514607,0.0189520624303233,0.5230769230769231
Out,0.0803225328766219,0.018962632459564976,0.5230769230769231
Out,0.0803292960299799,0.018973214285714284,0.5230769230769231
Out,0.080345095187313,0.018983807928531545,0.5230769230769231
Out,0.0804314598451394,0.01899441340782123,0.5230769230769231
Out,0.0804702516289257,0.019005030743432086,0.5230769230769231
Out,0.0805276064557459,0.01901565995525727,0.5230769230769231
Out,0.0805569293181894,0.01905829596412556,0.5230769230769231
Out,0.0806957190195029,0.019079685746352413,0.5230769230769231
Out,0.0807333416786977,0.01909039865244245,0.5230769230769231
Out,0.0807395856781519,0.01911186059584036,0.5230769230769231
Out,0.0807500190829677,0.019122609673790775,0.5230769230769231
Out,0.0807619538875975,0.019133370849746763,0.5230769230769231
Out,0.0808457150506402,0.019144144144144143,0.5230769230769231
Out,0.0808681113260956,0.019176536943034405,0.5230769230769231
Out,0.0808903485787647,0.019187358916478554,0.5230769230769231
Out,0.080983999597643,0.019198193111236588,0.5230769230769231
Out,0.0811200439834501,0.0192090395480226,0.5230769230769231
Out,0.0811496327852998,0.019263456090651557,0.5230769230769231
Out,0.0811680085100555,0.019329164297896533,0.5230769230769231
Out,0.0812314735703494,0.019417475728155338,0.5230769230769231
Out,0.0812362780129896,0.019428571428571427,0.5230769230769231
Out,0.0812465667231125,0.019439679817038306,0.5230769230769231
Out,0.0812759574172264,0.019461934745277618,0.5230769230769231
Out,0.0813802017423164,0.019473081328751432,0.5230769230769231
Out,0.0814287095640383,0.0194954128440367,0.5230769230769231
Out,0.0815137573068656,0.019506597819850834,0.5230769230769231
Out,0.0815482386040596,0.01951779563719862,0.5230769230769231
Out,0.0815872717096826,0.019529006318207927,0.5230769230769231
Out,0.0818095086380669,0.01954022988505747,0.5230769230769231
Out,0.0818220237154765,0.019551466359977,0.5230769230769231
Out,0.0818324647954809,0.01957397812320092,0.5230769230769231
Out,0.0818642876576066,0.019596541786743516,0.5230769230769231
Out,0.0818943992768481,0.019619157530294286,0.5230769230769231
Out,0.082060253052775,0.019630484988452657,0.5230769230769231
Out,0.0822890418574893,0.019675925925925927,0.5230769230769231
Out,0.082398223645863,0.019698725376593278,0.5230769230769231
Out,0.0824775117651845,0.01971014492753623,0.5230769230769231
Out,0.0824803884241001,0.019721577726218097,0.5230769230769231
Out,0.0825401554245635,0.019744483159117306,0.5230769230769231
Out,0.0826686774582404,0.019755955839628123,0.5230769230769231
Out,0.0826800835089107,0.019767441860465116,0.5230769230769231
Out,0.0828314954866357,0.01977894124490983,0.5230769230769231
Out,0.08286192492447,0.019813519813519812,0.5230769230769231
Out,0.0829674947899639,0.019825072886297375,0.5230769230769231
Out,0.0829958966568599,0.01996476805637111,0.5230769230769231
Out,0.0830426629780184,0.019988242210464434,0.5230769230769231
Out,0.0831882377734811,0.020011771630370805,0.5230769230769231
Out,0.0832463833452415,0.020023557126030624,0.5230769230769231
Out,0.0832638443627096,0.020035356511490868,0.5230769230769231
Out,0.0832966148878289,0.020047169811320754,0.5230769230769231
Out,0.083356012713162,0.020058997050147492,0.5230769230769231
Out,0.0834645663684088,0.02008269344359126,0.5230769230769231
Out,0.0834983980507394,0.02009456264775414,0.5230769230769231
Out,0.0835159093209156,0.020118343195266272,0.5230769230769231
Out,0.0835589631607643,0.020130254588513915,0.5230769230769231
Out,0.0836628068578679,0.02014218009478673,0.5230769230769231
Out,0.083675223804607,0.02015411973918198,0.5230769230769231
Out,0.0837211844612326,0.020166073546856466,0.5230769230769231
Out,0.0837388751369671,0.020178041543026708,0.5230769230769231
Out,0.0837494381112886,0.020202020202020204,0.5230769230769231
Out,0.0838223164968123,0.020214030915576695,0.5230769230769231
Out,0.0838614060900397,0.020226055919095775,0.5230769230769231
Out,0.0840218037445317,0.02025014889815366,0.5230769230769231
Out,0.0840679486386104,0.02026221692491061,0.5230769230769231
Out,0.0841506872890006,0.020274299344066785,0.5230769230769231
Out,0.0842536346053137,0.02028639618138425,0.5230769230769231
Out,0.0842917862698534,0.020298507462686566,0.5230769230769231
Out,0.0843562161409363,0.020347097546379412,0.5230769230769231
Out,0.0844449402874564,0.020444978953698137,0.5230769230769231
Out,0.08445037090507,0.02045728038507822,0.5230769230769231
Out,0.0844928574767303,0.020469596628537028,0.5230769230769231
Out,0.0845920836522478,0.020481927710843374,0.5230769230769231
Out,0.0846851271270228,0.020494273658830622,0.5230769230769231
Out,0.0847801504234737,0.02051901025950513,0.5230769230769231
Out,0.0849257066681348,0.020531400966183576,0.5230769230769231
Out,0.0850277632845282,0.02054380664652568,0.5230769230769231
Out,0.0851048069446639,0.020556227327690448,0.5230769230769231
Out,0.0851137415227215,0.0205686630369026,0.5230769230769231
Out,0.0851496937411214,0.020581113801452784,0.5230769230769231
Out,0.085221373829554,0.02059357964869776,0.5230769230769231
Out,0.0853135380494304,0.020606060606060607,0.5230769230769231
Out,0.0853261780400916,0.02063106796116505,0.5230769230769231
Out,0.0853367090291771,0.020643594414086218,0.5230769230769231
Out,0.0853457285477766,0.02068126520681265,0.5230769230769231
Out,0.0853631162716677,0.020706455542021926,0.5230769230769231
Out,0.0853713182029449,0.020719073735527116,0.5230769230769231
Out,0.0853793620335142,0.020731707317073172,0.5230769230769231
Out,0.0854811609255262,0.020744356314826115,0.5230769230769231
Out,0.0855034083197634,0.020757020757020756,0.5230769230769231
Out,0.0855570664364748,0.020769700671960906,0.5230769230769231
Out,0.0856216387548242,0.02078239608801956,0.5230769230769231
Out,0.0857447945653381,0.020795107033639144,0.5230769230769231
Out,0.0857554824037178,0.020820575627679118,0.5230769230769231
Out,0.0857796646118067,0.020833333333333332,0.5230769230769231
Out,0.0857998429578832,0.020858895705521473,0.5230769230769231
Out,0.0858713749624475,0.020884520884520884,0.5230769230769231
Out,0.0859153695082327,0.02089735709895513,0.5230769230769231
Out,0.0859897838557923,0.020923076923076923,0.5230769230769231
Out,0.0859971419461063,0.020948860135551448,0.5230769230769231
Out,0.0860223039590647,0.020987654320987655,0.5230769230769231
Out,0.0860413346121886,0.021000617665225447,0.5230769230769231
Out,0.0861144765469559,0.021013597033374538,0.5230769230769231
Out,0.0863706409522175,0.021026592455163882,0.5230769230769231
Out,0.0863763350327869,0.02103960396039604,0.5230769230769231
Out,0.086391360267645,0.021052631578947368,0.5230769230769231
Out,0.0864159218475248,0.021065675340768277,0.5230769230769231
Out,0.0864520071768855,0.021078735275883446,0.5230769230769231
Out,0.0865367611331077,0.02109181141439206,0.5230769230769231
Out,0.0866905967206911,0.02111801242236025,0.5230769230769231
Out,0.0867339124202815,0.021144278606965175,0.5230769230769231
Out,0.0867552277503405,0.021157436216552583,0.5230769230769231
Out,0.0867681611775239,0.021170610211706103,0.5230769230769231
Out,0.0867816200577922,0.02118380062305296,0.5230769230769231
Out,0.0868311100581022,0.021210230817217717,0.5230769230769231
Out,0.0868407161815473,0.02122347066167291,0.5230769230769231
Out,0.086854343167789,0.021236727045596503,0.5230769230769231
Out,0.0868652352692226,0.02125,0.5230769230769231
Out,0.0868791648573494,0.021263289555972485,0.5230769230769231
Out,0.0868995295127962,0.02127659574468085,0.5230769230769231
Out,0.087036209652454,0.021289918597370068,0.5230769230769231
Out,0.0870539131627829,0.021303258145363407,0.5230769230769231
Out,0.0870565133749325,0.021316614420062698,0.5230769230769231
Out,0.0870743291120292,0.02132998745294856,0.5230769230769231
Out,0.0870950691833141,0.021343377275580666,0.5230769230769231
Out,0.0871370064400166,0.02135678391959799,0.5230769230769231
Out,0.0871789622373625,0.021370207416719043,0.5230769230769231
Out,0.087196358565972,0.021383647798742137,0.5230769230769231
Out,0.087232387612707,0.02142407057340895,0.5230769230769231
Out,0.0872498957184056,0.02145110410094637,0.5230769230769231
Out,0.087252280406545,0.02147820593809223,0.5230769230769231
Out,0.0872795296537856,0.021491782553729456,0.5230769230769231
Out,0.0872854179823705,0.021505376344086023,0.5230769230769231
Out,0.0873792914365088,0.021532615579480684,0.5230769230769231
Out,0.0874195820157659,0.021546261089987327,0.5230769230769231
Out,0.087462590455731,0.02155992390615092,0.5230769230769231
Out,0.087474563648532,0.021573604060913704,0.5230769230769231
Out,0.0875162479536831,0.021601016518424398,0.5230769230769231
Out,0.0875337206630207,0.021628498727735368,0.5230769230769231
Out,0.0876867602480282,0.021642266072565246,0.5230769230769231
Out,0.0877614102834268,0.021669853409815167,0.5230769230769231
Out,0.0877660716184576,0.021683673469387755,0.5230769230769231
Out,0.0877780283450216,0.02169751116783663,0.5230769230769231
Out,0.0877925968663423,0.021711366538952746,0.5230769230769231
Out,0.0878228038372418,0.021725239616613417,0.5230769230769231
Out,0.087862602944771,0.021739130434782608,0.5230769230769231
Out,0.0878926330313599,0.021753039027511197,0.5230769230769231
Out,0.0878999771415139,0.02176696542893726,0.5230769230769231
Out,0.0880277717306448,0.021780909673286355,0.5230769230769231
Out,0.0881107335799206,0.021794871794871794,0.5230769230769231
Out,0.088115654632737,0.021808851828094934,0.5230769230769231
Out,0.0881378173551395,0.021822849807445442,0.5230769230769231
Out,0.0882062131013617,0.021836865767501604,0.5230769230769231
Out,0.0883587567101529,0.021850899742930592,0.5230769230769231
Out,0.0885393383165629,0.021864951768488745,0.5230769230769231
Out,0.0885628041759989,0.021879021879021878,0.5230769230769231
Out,0.0885901176460431,0.02190721649484536,0.5230769230769231
Out,0.0886188157875482,0.02192134107027724,0.5230769230769231
Out,0.0887231815236337,0.02193548387096774,0.5230769230769231
Out,0.0887382435634376,0.02194964493221433,0.5230769230769231
Out,0.0888969596481137,0.02197802197802198,0.5230769230769231
Out,0.0889291748140976,0.02199223803363519,0.5230769230769231
Out,0.0890424841178729,0.022020725388601035,0.5230769230769231
Out,0.0890992041772557,0.0220349967595593,0.5230769230769231
Out,0.0891219470225781,0.02207792207792208,0.5230769230769231
Out,0.0891443516631137,0.022092267706302793,0.5230769230769231
Out,0.0891620957398192,0.02216427640156454,0.5230769230769231
Out,0.0892289993955782,0.02217873450750163,0.5230769230769231
Out,0.0892801996420673,0.022193211488250653,0.5230769230769231
Out,0.0892962762814995,0.022207707380796866,0.5230769230769231
Out,0.0893328077118466,0.022222222222222223,0.5230769230769231
Out,0.0893489317754651,0.02225130890052356,0.5230769230769231
Out,0.0893559613970931,0.02226588081204977,0.5230769230769231
Out,0.0894040531229394,0.022280471821756225,0.5230769230769231
Out,0.0894134689152321,0.022295081967213116,0.5230769230769231
Out,0.0894418490745192,0.02230971128608924,0.5230769230769231
Out,0.0894715693231322,0.022339027595269383,0.5230769230769231
Out,0.0894852718927121,0.022353714661406968,0.5230769230769231
Out,0.0894914396935936,0.02236842105263158,0.5230769230769231
Out,0.0895834109012633,0.02238314680710994,0.5230769230769231
Out,0.0896167757901842,0.022397891963109356,0.5230769230769231
Out,0.0896277537784392,0.02241265655899802,0.5230769230769231
Out,0.0896312873211602,0.022427440633245383,0.5230769230769231
Out,0.0896386925774705,0.022442244224422443,0.5230769230769231
Out,0.089689442314927,0.022457067371202115,0.5230769230769231
Out,0.0897131020966941,0.02247191011235955,0.5230769230769231
Out,0.0897322997431359,0.022486772486772486,0.5230769230769231
Out,0.0897930449288675,0.022516556291390728,0.5230769230769231
Out,0.0898786735491292,0.02253147779986746,0.5230769230769231
Out,0.0899646776316362,0.022546419098143235,0.5230769230769231
Out,0.0899692011517377,0.0225613802256138,0.5230769230769231
Out,0.090021104443094,0.022591362126245847,0.5230769230769231
Out,0.0900411612601055,0.022606382978723406,0.5230769230769231
Out,0.090048604679688,0.02262142381902861,0.5230769230769231
Out,0.0900770922907004,0.022651565622918056,0.5230769230769231
Out,0.0901212841663553,0.02266666666666667,0.5230769230769231
Out,0.0901663640723466,0.02268178785857238,0.5230769230769231
Out,0.0903435172183122,0.022696929238985315,0.5230769230769231
Out,0.0904345690164016,0.022712090848363394,0.5230769230769231
Out,0.090454637593481,0.022727272727272728,0.5230769230769231
Out,0.0905578460792253,0.02274247491638796,0.5230769230769231
Out,0.0905790227816643,0.022757697456492636,0.5230769230769231
Out,0.090655353922311,0.02277294038847957,0.5230769230769231
Out,0.0907264427764845,0.022788203753351208,0.5230769230769231
Out,0.0907768214053522,0.022803487592219986,0.5230769230769231
Out,0.0908084142716013,0.022818791946308724,0.5230769230769231
Out,0.0909811169140595,0.022834116856950974,0.5230769230769231
Out,0.0910837125641788,0.0228494623655914,0.5230769230769231
Out,0.0911391555570035,0.022864828513786146,0.5230769230769231
Out,0.0911406274872151,0.02288021534320323,0.5230769230769231
Out,0.0911894240275434,0.022895622895622896,0.5230769230769231
Out,0.0912556447561973,0.022911051212938006,0.5230769230769231
Out,0.0912647397212298,0.022926500337154418,0.5230769230769231
Out,0.0912804121163366,0.022941970310391364,0.5230769230769231
Out,0.0913378486074623,0.022957461174881837,0.5230769230769231
Out,0.0913834947775248,0.022972972972972974,0.5230769230769231
Out,0.0914726039220844,0.022988505747126436,0.5230769230769231
Out,0.0914960854001253,0.023004059539918808,0.5230769230769231
Out,0.0915719735112663,0.023019634394041977,0.5230769230769231
Out,0.0915887694962518,0.023035230352303523,0.5230769230769231
Out,0.0915985728515105,0.02305084745762712,0.5230769230769231
Out,0.0918476771508881,0.023066485753052916,0.5230769230769231
Out,0.0919250083096537,0.02308214528173795,0.5230769230769231
Out,0.0919494152875312,0.02309782608695652,0.5230769230769231
Out,0.0920419820730192,0.023113528212100613,0.5230769230769231
Out,0.0920454332192529,0.022448979591836733,0.5076923076923077
Out,0.0920685658187194,0.0224642614023145,0.5076923076923077
Out,0.0921130180697055,0.022479564032697547,0.5076923076923077
Out,0.0921557395279084,0.022494887525562373,0.5076923076923077
Out,0.0922287395526734,0.022510231923601638,0.5076923076923077
Out,0.0923276005086233,0.022525597269624574,0.5076923076923077
Out,0.0924606422207302,0.022540983606557378,0.5076923076923077
Out,0.0924995709069572,0.022556390977443608,0.5076923076923077
Out,0.0925906313239777,0.022571819425444596,0.5076923076923077
Out,0.092599169491858,0.022587268993839837,0.5076923076923077
Out,0.092647400152511,0.022602739726027398,0.5076923076923077
Out,0.0926492343778483,0.022618231665524333,0.5076923076923077
Out,0.0927185080793244,0.02263374485596708,0.5076923076923077
Out,0.0928621583554629,0.022649279341111873,0.5076923076923077
Out,0.092924135133359,0.022664835164835164,0.5076923076923077
Out,0.0929288347417863,0.02268041237113402,0.5076923076923077
Out,0.092940080555344,0.02269601100412655,0.5076923076923077
Out,0.0931035835481968,0.022711631108052306,0.5076923076923077
Out,0.0931299326078322,0.022727272727272728,0.5076923076923077
Out,0.093133526965195,0.022742935906271536,0.5076923076923077
Out,0.0932442649426321,0.022758620689655173,0.5076923076923077
Out,0.0932752557468798,0.022774327122153208,0.5076923076923077
Out,0.0932851087384346,0.022790055248618785,0.5076923076923077
Out,0.0933752103710328,0.022805805114029024,0.5076923076923077
Out,0.0933754721066361,0.022821576763485476,0.5076923076923077
Out,0.0933883130630442,0.022837370242214532,0.5076923076923077
Out,0.0934645822883226,0.022853185595567867,0.5076923076923077
Out,0.0934831314092576,0.02286902286902287,0.5076923076923077
Out,0.093613005743351,0.02288488210818308,0.5076923076923077
Out,0.0936236803864152,0.022916666666666665,0.5076923076923077
Out,0.0936593877608076,0.022932592077831826,0.5076923076923077
Out,0.093726210158381,0.02294853963838665,0.5076923076923077
Out,0.0937899273232218,0.022964509394572025,0.5076923076923077
Out,0.0938815355577827,0.02298050139275766,0.5076923076923077
Out,0.0940115660139232,0.022996515679442508,0.5076923076923077
Out,0.0940223004985995,0.02301255230125523,0.5076923076923077
Out,0.0941577605714071,0.023028611304954642,0.5076923076923077
Out,0.0942763375700209,0.023044692737430168,0.5076923076923077
Out,0.0943053877056889,0.023076923076923078,0.5076923076923077
Out,0.0945659349029617,0.02309307207837649,0.5076923076923077
Out,0.0945717035072343,0.02314165497896213,0.5076923076923077
Out,0.0946463602871181,0.023157894736842106,0.5076923076923077
Out,0.0946569034081149,0.023174157303370788,0.5076923076923077
Out,0.0947227211199399,0.023190442726633873,0.5076923076923077
Out,0.094727227290249,0.023206751054852322,0.5076923076923077
Out,0.0947682838202368,0.02323943661971831,0.5076923076923077
Out,0.0947720298425666,0.023255813953488372,0.5076923076923077
Out,0.0948534257217207,0.0232722143864598,0.5076923076923077
Out,0.094868730101507,0.02328863796753705,0.5076923076923077
Out,0.0948907990909778,0.023305084745762712,0.5076923076923077
Out,0.0949305058173505,0.023321554770318022,0.5076923076923077
Out,0.0949415283593989,0.023371104815864022,0.5076923076923077
Out,0.0949733866119425,0.023387668320340185,0.5076923076923077
Out,0.0949882654115285,0.023404255319148935,0.5076923076923077
Out,0.0950569605591378,0.0234375,0.5076923076923077
Out,0.0950693169169227,0.023454157782515993,0.5076923076923077
Out,0.095099050074479,0.023470839260312945,0.5076923076923077
Out,0.0951408459460624,0.023487544483985764,0.5076923076923077
Out,0.0951615365140732,0.023504273504273504,0.5076923076923077
Out,0.0953537260590704,0.023521026372059873,0.5076923076923077
Out,0.0954573433535773,0.023537803138373753,0.5076923076923077
Out,0.0954700345274157,0.023554603854389723,0.5076923076923077
Out,0.0955053297004906,0.023571428571428573,0.5076923076923077
Out,0.0955615978667963,0.023588277340957826,0.5076923076923077
Out,0.0955690618223318,0.023605150214592276,0.5076923076923077
Out,0.0955778089631114,0.023622047244094488,0.5076923076923077
Out,0.0955894402485004,0.02363896848137536,0.5076923076923077
Out,0.095886190250054,0.023655913978494623,0.5076923076923077
Out,0.095944262551371,0.023672883787661407,0.5076923076923077
Out,0.0960608370332667,0.023689877961234746,0.5076923076923077
Out,0.0961848382094207,0.023706896551724137,0.5076923076923077
Out,0.0961849293097394,0.02372393961179008,0.5076923076923077
Out,0.0964215938695788,0.023758099352051837,0.5076923076923077
Out,0.0964452332877974,0.02377521613832853,0.5076923076923077
Out,0.0965138788529752,0.023792357606344627,0.5076923076923077
Out,0.096517622082846,0.023809523809523808,0.5076923076923077
Out,0.0965343176374743,0.02384393063583815,0.5076923076923077
Out,0.096722529487809,0.02386117136659436,0.5076923076923077
Out,0.0967618188588432,0.023878437047756874,0.5076923076923077
Out,0.0968408201369019,0.02391304347826087,0.5076923076923077
Out,0.0968454931258262,0.023930384336475707,0.5076923076923077
Out,0.0968480635989728,0.023947750362844702,0.5076923076923077
Out,0.0969243492012371,0.023965141612200435,0.5076923076923077
Out,0.0970624122641453,0.023982558139534885,0.5076923076923077
Out,0.0970681693922999,0.024,0.5076923076923077
Out,0.0971057337532226,0.024017467248908297,0.5076923076923077
Out,0.0971198877247243,0.02403495994173343,0.5076923076923077
Out,0.0971500819268845,0.024052478134110787,0.5076923076923077
Out,0.097177247808483,0.024070021881838075,0.5076923076923077
Out,0.0972155737760761,0.02412280701754386,0.5076923076923077
Out,0.0972156902445816,0.024140453547915143,0.5076923076923077
Out,0.0972926883655673,0.024158125915080528,0.5076923076923077
Out,0.097334733466147,0.024175824175824177,0.5076923076923077
Out,0.0974116885774707,0.024193548387096774,0.5076923076923077
Out,0.0974203903221219,0.02421129860601614,0.5076923076923077
Out,0.0976296903574999,0.024229074889867842,0.5076923076923077
Out,0.0977385241128171,0.024246877296105803,0.5076923076923077
Out,0.0977553508643447,0.02426470588235294,0.5076923076923077
Out,0.097755790219569,0.02431834929992631,0.5076923076923077
Out,0.0977974439915172,0.024336283185840708,0.5076923076923077
Out,0.0978283601497814,0.024354243542435424,0.5076923076923077
Out,0.097953201545222,0.024372230428360415,0.5076923076923077
Out,0.0981383264255536,0.024390243902439025,0.5076923076923077
Out,0.0981881995361746,0.02440828402366864,0.5076923076923077
Out,0.0981928220412499,0.02446256486286138,0.5076923076923077
Out,0.0982282982851484,0.024480712166172106,0.5076923076923077
Out,0.0982993300714528,0.024498886414253896,0.5076923076923077
Out,0.0983123724803252,0.02451708766716196,0.5076923076923077
Out,0.0983733618213823,0.02453531598513011,0.5076923076923077
Out,0.0984294979717906,0.024553571428571428,0.5076923076923077
Out,0.0985670685908465,0.024608501118568233,0.5076923076923077
Out,0.098628633335279,0.024626865671641792,0.5076923076923077
Out,0.0986804578010189,0.024719101123595506,0.5076923076923077
Out,0.0987268484764406,0.024737631184407798,0.5076923076923077
Out,0.0987862143756659,0.024756189047261814,0.5076923076923077
Out,0.0988079148235941,0.024774774774774775,0.5076923076923077
Out,0.0988153274548286,0.024793388429752067,0.5076923076923077
Out,0.0990231868659696,0.02481203007518797,0.5076923076923077
Out,0.0990460716103952,0.024830699774266364,0.5076923076923077
Out,0.0990805218909779,0.024868123587038434,0.5076923076923077
Out,0.0990874742899617,0.02490566037735849,0.5076923076923077
Out,0.0992124934188559,0.025,0.5076923076923077
Out,0.099309029517931,0.025018953752843062,0.5076923076923077
Out,0.0993390879891461,0.02503793626707132,0.5076923076923077
Out,0.0994036104634233,0.025095057034220533,0.5076923076923077
Out,0.0994515151278454,0.02511415525114155,0.5076923076923077
Out,0.0995365809008805,0.02517162471395881,0.5076923076923077
Out,0.0995970239512082,0.025190839694656488,0.5076923076923077
Out,0.0996507837427145,0.025210084033613446,0.5076923076923077
Out,0.0996593814070176,0.02522935779816514,0.5076923076923077
Out,0.0997128458858424,0.0252486610558531,0.5076923076923077
Out,0.0997443500759589,0.02526799387442573,0.5076923076923077
Out,0.0997543354401386,0.02532617037605526,0.5076923076923077
Out,0.0997592877013369,0.02536510376633359,0.5076923076923077
Out,0.0998517153811036,0.025384615384615384,0.5076923076923077
Out,0.099862850650649,0.025404157043879907,0.5076923076923077
Out,0.0999446183010412,0.025423728813559324,0.5076923076923077
Out,0.100070164653,0.025443330763299923,0.5076923076923077
Out,0.1000865502081164,0.025482625482625483,0.5076923076923077
Out,0.1001331912818656,0.025502318392581144,0.5076923076923077
Out,0.1001961694202897,0.025522041763341066,0.5076923076923077
Out,0.1002199655336704,0.025541795665634675,0.5076923076923077
Out,0.100309042907367,0.025561580170410533,0.5076923076923077
Out,0.1003499471160457,0.02558139534883721,0.5076923076923077
Out,0.100375681087137,0.02560124127230411,0.5076923076923077
Out,0.1004093871153242,0.02562111801242236,0.5076923076923077
Out,0.1004226734116,0.025680933852140077,0.5076923076923077
Out,0.1004573721619663,0.02570093457943925,0.5076923076923077
Out,0.100472593207598,0.025720966484801246,0.5076923076923077
Out,0.1005143299731489,0.02576112412177986,0.5076923076923077
Out,0.1005147836744072,0.02578125,0.5076923076923077
Out,0.1005278631393649,0.025821596244131457,0.5076923076923077
Out,0.1005721984804899,0.025841816758026624,0.5076923076923077
Out,0.1006311267816778,0.02586206896551724,0.5076923076923077
Out,0.1006940473674247,0.02588235294117647,0.5076923076923077
Out,0.1007132072045516,0.025902668759811617,0.5076923076923077
Out,0.1008739281892896,0.025923016496465043,0.5076923076923077
Out,0.100884076599567,0.025943396226415096,0.5076923076923077
Out,0.1009518918511768,0.025984251968503937,0.5076923076923077
Out,0.1010947925505381,0.026004728132387706,0.5076923076923077
Out,0.1011117536102659,0.026025236593059938,0.5076923076923077
Out,0.1011462373607841,0.026066350710900472,0.5076923076923077
Out,0.1011516755039854,0.02610759493670886,0.5076923076923077
Out,0.101188569402122,0.026128266033254157,0.5076923076923077
Out,0.1011908416852852,0.026148969889064975,0.5076923076923077
Out,0.1012437078765018,0.02619047619047619,0.5076923076923077
Out,0.1012667938347069,0.026211278792692614,0.5076923076923077
Out,0.1012729333981787,0.026273885350318472,0.5076923076923077
Out,0.1012893107764955,0.02631578947368421,0.5076923076923077
Out,0.1013010466568741,0.026336791699920193,0.5076923076923077
Out,0.1013154577187813,0.026357827476038338,0.5076923076923077
Out,0.1013274795702889,0.0264,0.5076923076923077
Out,0.1013565064223878,0.026463512429831595,0.5076923076923077
Out,0.1013987905416961,0.026484751203852328,0.5076923076923077
Out,0.1014516932738573,0.02652733118971061,0.5076923076923077
Out,0.1014971612645598,0.02654867256637168,0.5076923076923077
Out,0.1015768530863334,0.0265914585012087,0.5076923076923077
Out,0.1016255563693091,0.02661290322580645,0.5076923076923077
Out,0.1016434297408397,0.026634382566585957,0.5076923076923077
Out,0.1016708794700653,0.02665589660743134,0.5076923076923077
Out,0.1017626521931253,0.02667744543249798,0.5076923076923077
Out,0.1018012056729947,0.02669902912621359,0.5076923076923077
Out,0.1018657176538656,0.026720647773279354,0.5076923076923077
Out,0.1018956403107875,0.0267639902676399,0.5076923076923077
Out,0.1019668398101514,0.026785714285714284,0.5076923076923077
Out,0.10199416616113,0.026807473598700244,0.5076923076923077
Out,0.1021298034498882,0.026829268292682926,0.5076923076923077
Out,0.1021705563139535,0.026916802610114192,0.5076923076923077
Out,0.1021732880791391,0.026938775510204082,0.5076923076923077
Out,0.1021790261088763,0.02696078431372549,0.5076923076923077
Out,0.102198001820234,0.02698282910874898,0.5076923076923077
Out,0.1024250497206114,0.027004909983633387,0.5076923076923077
Out,0.1024639084885489,0.02702702702702703,0.5076923076923077
Out,0.1025499948795597,0.027049180327868853,0.5076923076923077
Out,0.1025743944098814,0.027071369975389663,0.5076923076923077
Out,0.1026678497203168,0.027093596059113302,0.5076923076923077
Out,0.1027512484193027,0.027115858668857847,0.5076923076923077
Out,0.102784054159207,0.027138157894736843,0.5076923076923077
Out,0.102786573931628,0.027182866556836903,0.5076923076923077
Out,0.1028187538840585,0.02720527617477329,0.5076923076923077
Out,0.1029380550924262,0.027227722772277228,0.5076923076923077
Out,0.1031851492271391,0.027250206440957887,0.5076923076923077
Out,0.103229058045587,0.02727272727272727,0.5076923076923077
Out,0.10325680141386,0.02729528535980149,0.5076923076923077
Out,0.1034455110149166,0.027317880794701987,0.5076923076923077
Out,0.1034596276767713,0.027340513670256836,0.5076923076923077
Out,0.1034933356860284,0.02736318407960199,0.5076923076923077
Out,0.1036855200423525,0.02743142144638404,0.5076923076923077
Out,0.1037055050783147,0.02745424292845258,0.5076923076923077
Out,0.1037703335287139,0.027477102414654453,0.5076923076923077
Out,0.1037992566014521,0.027545909849749584,0.5076923076923077
Out,0.1038030669747448,0.02756892230576441,0.5076923076923077
Out,0.1039732887094474,0.027591973244147156,0.5076923076923077
Out,0.104003649067989,0.027615062761506277,0.5076923076923077
Out,0.1040694651464522,0.02763819095477387,0.5076923076923077
Out,0.1040730792033478,0.027661357921207042,0.5076923076923077
Out,0.1041296381224498,0.027684563758389263,0.5076923076923077
Out,0.1042173061994516,0.027707808564231738,0.5076923076923077
Out,0.1043392498062754,0.02773109243697479,0.5076923076923077
Out,0.104529180433229,0.027754415475189236,0.5076923076923077
Out,0.1046947934331048,0.027777777777777776,0.5076923076923077
Out,0.1047126767502283,0.02780117944397641,0.5076923076923077
Out,0.1047127434795865,0.02782462057335582,0.5076923076923077
Out,0.104811162233703,0.027848101265822784,0.5076923076923077
Out,0.1051513143484129,0.02787162162162162,0.5076923076923077
Out,0.1053882944334253,0.027895181741335588,0.5076923076923077
Out,0.1055198018644094,0.02801358234295416,0.5076923076923077
Out,0.1055439273772613,0.02806122448979592,0.5076923076923077
Out,0.1055780228548081,0.028085106382978724,0.5076923076923077
Out,0.1055844406225946,0.027257240204429302,0.49230769230769234
Out,0.1057053495958112,0.027280477408354646,0.49230769230769234
Out,0.1058863923743638,0.027303754266211604,0.49230769230769234
Out,0.1060859395688826,0.027327070879590094,0.49230769230769234
Out,0.1062725920870193,0.02735042735042735,0.49230769230769234
Out,0.1062775887488952,0.0273972602739726,0.49230769230769234
Out,0.1062905996098063,0.027420736932305057,0.49230769230769234
Out,0.1063215111374967,0.027467811158798282,0.49230769230769234
Out,0.106367137405969,0.027491408934707903,0.49230769230769234
Out,0.1063722446378881,0.027538726333907058,0.49230769230769234
Out,0.1064640642162023,0.02756244616709733,0.49230769230769234
Out,0.1064711376125064,0.027586206896551724,0.49230769230769234
Out,0.1067875624704127,0.027610008628127698,0.49230769230769234
Out,0.1068130085025925,0.027633851468048358,0.49230769230769234
Out,0.1068542530648639,0.027657735522904063,0.49230769230769234
Out,0.1068782862532251,0.027705627705627706,0.49230769230769234
Out,0.106883025542841,0.02772963604852686,0.49230769230769234
Out,0.1069024113053728,0.027753686036426712,0.49230769230769234
Out,0.1070107399050542,0.027777777777777776,0.49230769230769234
Out,0.1071549903352563,0.02780191138140747,0.49230769230769234
Out,0.1073289932245591,0.02782608695652174,0.49230769230769234
Out,0.1073659344232503,0.0278503046127067,0.49230769230769234
Out,0.1074006851952622,0.027972027972027972,0.49230769230769234
Out,0.1075312324303142,0.02799650043744532,0.49230769230769234
Out,0.107532986767904,0.028021015761821366,0.49230769230769234
Out,0.1075529900747206,0.028045574057843997,0.49230769230769234
Out,0.1075974204428733,0.027192982456140352,0.47692307692307695
Out,0.1077939138453897,0.027216856892010536,0.47692307692307695
Out,0.1079136589545957,0.027240773286467488,0.47692307692307695
Out,0.1079837244654648,0.027264731750219876,0.47692307692307695
Out,0.1080324052170709,0.027288732394366196,0.47692307692307695
Out,0.1080409986802855,0.027312775330396475,0.47692307692307695
Out,0.1082214970000416,0.02736098852603707,0.47692307692307695
Out,0.108279000646256,0.02743362831858407,0.47692307692307695
Out,0.1082833407928027,0.0274822695035461,0.47692307692307695
Out,0.108317335298107,0.027506654835847383,0.47692307692307695
Out,0.1083221097436493,0.027531083481349913,0.47692307692307695
Out,0.1083594726496941,0.027555555555555555,0.47692307692307695
Out,0.1084666015055934,0.027580071174377226,0.47692307692307695
Out,0.1085415675559879,0.027604630454140695,0.47692307692307695
Out,0.1086187342782976,0.027629233511586453,0.47692307692307695
Out,0.1086679736788271,0.02770330652368186,0.47692307692307695
Out,0.1087788160035525,0.027728085867620753,0.47692307692307695
Out,0.1088382307971728,0.027777777777777776,0.47692307692307695
Out,0.10909454472108,0.02780269058295964,0.47692307692307695
Out,0.1091503838449083,0.027827648114901255,0.47692307692307695
Out,0.1092339500667518,0.027852650494159928,0.47692307692307695
Out,0.1096287736673893,0.02787769784172662,0.47692307692307695
Out,0.1098511490103678,0.0279027902790279,0.47692307692307695
Out,0.1098690654996747,0.027927927927927927,0.47692307692307695
Out,0.1099657855350537,0.028003613369467027,0.47692307692307695
Out,0.110039281100928,0.02802893309222423,0.47692307692307695
Out,0.1103508543910707,0.028054298642533938,0.47692307692307695
Out,0.1103650180739675,0.028079710144927536,0.47692307692307695
Out,0.1103818393306994,0.028130671506352088,0.47692307692307695
Out,0.1104333311596874,0.02815622161671208,0.47692307692307695
Out,0.1104564302024347,0.028181818181818183,0.47692307692307695
Out,0.1104861408520216,0.028207461328480437,0.47692307692307695
Out,0.1105226424117364,0.028233151183970857,0.47692307692307695
Out,0.1105397649096031,0.028258887876025523,0.47692307692307695
Out,0.1105935875417248,0.028284671532846715,0.47692307692307695
Out,0.1107219799122815,0.028388278388278388,0.47692307692307695
Out,0.1107639658258413,0.02841429880843263,0.47692307692307695
Out,0.1108582375920812,0.028440366972477066,0.47692307692307695
Out,0.1110961803972583,0.028466483011937556,0.47692307692307695
Out,0.1111914440769026,0.02849264705882353,0.47692307692307695
Out,0.1112414778885406,0.028518859245630176,0.47692307692307695
Out,0.1112524477073838,0.0285451197053407,0.47692307692307695
Out,0.1114469995315272,0.02857142857142857,0.47692307692307695
Out,0.1114698978443672,0.02859778597785978,0.47692307692307695
Out,0.1114840458189739,0.028624192059095107,0.47692307692307695
Out,0.1115647699667158,0.02865064695009242,0.47692307692307695
Out,0.1117999813549954,0.028677150786308975,0.47692307692307695
Out,0.1118213330849411,0.028703703703703703,0.47692307692307695
Out,0.1118261650782098,0.028730305838739572,0.47692307692307695
Out,0.1119651505942627,0.0287569573283859,0.47692307692307695
Out,0.1119939000856167,0.028783658310120707,0.47692307692307695
Out,0.1120136791258031,0.028810408921933085,0.47692307692307695
Out,0.1120650096353576,0.02883720930232558,0.47692307692307695
Out,0.1120938019847601,0.028864059590316574,0.47692307692307695
Out,0.112103990775216,0.028917910447761194,0.47692307692307695
Out,0.11210583420563,0.028944911297852476,0.47692307692307695
Out,0.1121157256573675,0.028999064546304958,0.47692307692307695
Out,0.1121878849391394,0.02902621722846442,0.47692307692307695
Out,0.1121932015806506,0.029053420805998126,0.47692307692307695
Out,0.1122064723947727,0.029080675422138838,0.47692307692307695
Out,0.1122585077501753,0.02916274694261524,0.47692307692307695
Out,0.1123309097213653,0.02919020715630885,0.47692307692307695
Out,0.1123998849881813,0.029217719132893498,0.47692307692307695
Out,0.1124403544544919,0.029245283018867925,0.47692307692307695
Out,0.1126277837969609,0.02927289896128423,0.47692307692307695
Out,0.1128602120999018,0.02930056710775047,0.47692307692307695
Out,0.1129745234143446,0.02838221381267739,0.46153846153846156
Out,0.112976654163724,0.028409090909090908,0.46153846153846156
Out,0.1129863869129667,0.02843601895734597,0.46153846153846156
Out,0.1131804491446812,0.028462998102466792,0.46153846153846156
Out,0.1132484124878708,0.02849002849002849,0.46153846153846156
Out,0.1133677868852055,0.028517110266159697,0.46153846153846156
Out,0.1133915261119048,0.02759276879162702,0.4461538461538462
Out,0.1134115413357672,0.02761904761904762,0.4461538461538462
Out,0.1135345045213566,0.027645376549094377,0.4461538461538462
Out,0.1137057645797648,0.02767175572519084,0.4461538461538462
Out,0.1137060818968848,0.027698185291308502,0.4461538461538462
Out,0.1137133089665897,0.027724665391969407,0.4461538461538462
Out,0.1137685762086437,0.027751196172248804,0.4461538461538462
Out,0.1137979246841938,0.027777777777777776,0.4461538461538462
Out,0.1138823622260515,0.027804410354745925,0.4461538461538462
Out,0.1140009617667939,0.02783109404990403,0.4461538461538462
Out,0.1140806511339673,0.027884615384615386,0.4461538461538462
Out,0.1142089787703991,0.02791145332050048,0.4461538461538462
Out,0.1142119537546948,0.028019323671497585,0.4461538461538462
Out,0.1142328461071627,0.02804642166344294,0.4461538461538462
Out,0.1143629002492497,0.028073572120038724,0.4461538461538462
Out,0.1144176238549798,0.02810077519379845,0.4461538461538462
Out,0.1147898202268152,0.028128031037827354,0.4461538461538462
Out,0.1148333313682428,0.02815533980582524,0.4461538461538462
Out,0.1148817899847015,0.028182701652089408,0.4461538461538462
Out,0.1150978725302531,0.02821011673151751,0.4461538461538462
Out,0.1151676471470435,0.028237585199610515,0.4461538461538462
Out,0.1157702105606932,0.02837573385518591,0.4461538461538462
Out,0.1160936989488472,0.02840352595494613,0.4461538461538462
Out,0.1160968320721109,0.028431372549019607,0.4461538461538462
Out,0.1161035078259798,0.02845927379784102,0.4461538461538462
Out,0.1161495181140578,0.02848722986247544,0.4461538461538462
Out,0.1163221502285254,0.028515240904621434,0.4461538461538462
Out,0.1164965836875897,0.028543307086614175,0.4461538461538462
Out,0.1165380890358644,0.027586206896551724,0.4307692307692308
Out,0.1167868365441512,0.027613412228796843,0.4307692307692308
Out,0.1168398969037209,0.027640671273445213,0.4307692307692308
Out,0.1169104638007592,0.02766798418972332,0.4307692307692308
Out,0.1169675001978529,0.027695351137487636,0.4307692307692308
Out,0.1170371711043467,0.027722772277227723,0.4307692307692308
Out,0.1171809863657585,0.027750247770069375,0.4307692307692308
Out,0.1172241003562721,0.027833001988071572,0.4307692307692308
Out,0.1172373214113337,0.027860696517412936,0.4307692307692308
Out,0.117259348194781,0.027888446215139442,0.4307692307692308
Out,0.1173470447644734,0.027916251246261216,0.4307692307692308
Out,0.1173484834773455,0.027944111776447105,0.4307692307692308
Out,0.1173514149960385,0.027972027972027972,0.4307692307692308
Out,0.1173648553352019,0.028,0.4307692307692308
Out,0.1173891415821988,0.028028028028028028,0.4307692307692308
Out,0.1175009866019829,0.028056112224448898,0.4307692307692308
Out,0.1175080748955,0.028084252758274825,0.4307692307692308
Out,0.1175959468092394,0.028112449799196786,0.4307692307692308
Out,0.1176136079923668,0.02814070351758794,0.4307692307692308
Out,0.1176531811900511,0.028169014084507043,0.4307692307692308
Out,0.1177341850680092,0.028197381671701913,0.4307692307692308
Out,0.1178141851434724,0.028225806451612902,0.4307692307692308
Out,0.1178378127230097,0.028254288597376387,0.4307692307692308
Out,0.1180127976404813,0.028282828282828285,0.4307692307692308
Out,0.1180895663029447,0.028311425682507583,0.4307692307692308
Out,0.1181298023609573,0.02834008097165992,0.4307692307692308
Out,0.1182128045472057,0.028368794326241134,0.4307692307692308
Out,0.1184240900004829,0.028397565922920892,0.4307692307692308
Out,0.1184310781273745,0.028426395939086295,0.4307692307692308
Out,0.1185886709112653,0.028455284552845527,0.4307692307692308
Out,0.118663134125541,0.028484231943031537,0.4307692307692308
Out,0.1188507907913816,0.028513238289205704,0.4307692307692308
Out,0.1188781569117646,0.02854230377166157,0.4307692307692308
Out,0.1188956038883836,0.02857142857142857,0.4307692307692308
Out,0.1189134300867577,0.028600612870275793,0.4307692307692308
Out,0.1192316417568769,0.028629856850715747,0.4307692307692308
Out,0.1192413445858043,0.028659160696008188,0.4307692307692308
Out,0.1192970230870104,0.028688524590163935,0.4307692307692308
Out,0.1194067303969564,0.028717948717948718,0.4307692307692308
Out,0.1194732557525831,0.028747433264887063,0.4307692307692308
Out,0.1194745618439546,0.02877697841726619,0.4307692307692308
Out,0.1195291500456233,0.02880658436213992,0.4307692307692308
Out,0.1196643253789042,0.028836251287332648,0.4307692307692308
Out,0.1197462947951244,0.0288659793814433,0.4307692307692308
Out,0.1200131384263771,0.02889576883384933,0.4307692307692308
Out,0.1200574519655065,0.028925619834710745,0.4307692307692308
Out,0.1200798764683472,0.028955532574974147,0.4307692307692308
Out,0.1200925052730536,0.028985507246376812,0.4307692307692308
Out,0.1201490728783011,0.029015544041450778,0.4307692307692308
Out,0.1201787791685525,0.029045643153526972,0.4307692307692308
Out,0.1203122610063969,0.029075804776739357,0.4307692307692308
Out,0.1205910797461567,0.029106029106029108,0.4307692307692308
Out,0.1207412983166521,0.029136316337148804,0.4307692307692308
Out,0.1208378440356422,0.029166666666666667,0.4307692307692308
Out,0.1208437428142428,0.029197080291970802,0.4307692307692308
Out,0.1209776040229603,0.029227557411273485,0.4307692307692308
Out,0.1210564313813895,0.029258098223615466,0.4307692307692308
Out,0.1210812068909878,0.029288702928870293,0.4307692307692308
Out,0.1210928800195401,0.02931937172774869,0.4307692307692308
Out,0.1215275261060622,0.029350104821802937,0.4307692307692308
Out,0.1215908891318624,0.02938090241343127,0.4307692307692308
Out,0.1216271252951387,0.029411764705882353,0.4307692307692308
Out,0.1216787406809134,0.029442691903259727,0.4307692307692308
Out,0.1217958352653642,0.029473684210526315,0.4307692307692308
Out,0.1218407289452673,0.029535864978902954,0.4307692307692308
Out,0.1218512452316431,0.029567053854276663,0.4307692307692308
Out,0.1219587035646326,0.02959830866807611,0.4307692307692308
Out,0.1219684251560535,0.02962962962962963,0.4307692307692308
Out,0.1220407605579042,0.029723991507430998,0.4307692307692308
Out,0.1220675010368366,0.02975557917109458,0.4307692307692308
Out,0.1222372074721731,0.029787234042553193,0.4307692307692308
Out,0.1224633954906764,0.029818956336528223,0.4307692307692308
Out,0.1225630879677784,0.029850746268656716,0.4307692307692308
Out,0.1227970945993921,0.029914529914529916,0.4307692307692308
Out,0.1229850336155951,0.029946524064171122,0.4307692307692308
Out,0.1230149559576365,0.029978586723768737,0.4307692307692308
Out,0.1232923129639289,0.030010718113612004,0.4307692307692308
Out,0.1234938836000362,0.030042918454935622,0.4307692307692308
Out,0.1237896880365816,0.03007518796992481,0.4307692307692308
Out,0.1238307287601904,0.030107526881720432,0.4307692307692308
Out,0.1240082076186497,0.030139935414424113,0.4307692307692308
Out,0.1240491728958325,0.03017241379310345,0.4307692307692308
Out,0.1242029147848496,0.030204962243797196,0.4307692307692308
Out,0.124427338872049,0.03023758099352052,0.4307692307692308
Out,0.1245384529596512,0.03027027027027027,0.4307692307692308
Out,0.1247761885057148,0.030303030303030304,0.4307692307692308
Out,0.125158821432484,0.030335861321776816,0.4307692307692308
Out,0.1251835587075368,0.03036876355748373,0.4307692307692308
Out,0.1252280577695946,0.03040173724212812,0.4307692307692308
Out,0.1255730090334741,0.030434782608695653,0.4307692307692308
Out,0.1256194442262034,0.030467899891186073,0.4307692307692308
Out,0.1258400097703274,0.030501089324618737,0.4307692307692308
Out,0.1259359419017858,0.03056768558951965,0.4307692307692308
Out,0.1259519599686737,0.030601092896174863,0.4307692307692308
Out,0.126112118662826,0.030634573304157548,0.4307692307692308
Out,0.1261234953876039,0.03066812705366922,0.4307692307692308
Out,0.1263054640735946,0.03070175438596491,0.4307692307692308
Out,0.1263090521781585,0.030735455543358946,0.4307692307692308
Out,0.126544695289243,0.03076923076923077,0.4307692307692308
Out,0.1267335958409484,0.030837004405286344,0.4307692307692308
Out,0.1267928028750556,0.030871003307607496,0.4307692307692308
Out,0.1268562235533628,0.030939226519337018,0.4307692307692308
Out,0.1269310346023208,0.031007751937984496,0.4307692307692308
Out,0.1270170552147983,0.02993348115299335,0.4153846153846154
Out,0.1272815374072027,0.03,0.4153846153846154
Out,0.1273299525476163,0.030033370411568408,0.4153846153846154
Out,0.1273823062455382,0.030066815144766147,0.4153846153846154
Out,0.1273915238327506,0.030100334448160536,0.4153846153846154
Out,0.1274198902082295,0.030133928571428572,0.4153846153846154
Out,0.1275433799804651,0.030201342281879196,0.4153846153846154
Out,0.1277432083307204,0.030235162374020158,0.4153846153846154
Out,0.1279725496850507,0.030269058295964126,0.4153846153846154
Out,0.1280255599056636,0.030303030303030304,0.4153846153846154
Out,0.128057282415323,0.030337078651685393,0.4153846153846154
Out,0.1282811205256985,0.02924634420697413,0.4
Out,0.128364021271081,0.02927927927927928,0.4
Out,0.1285791746588422,0.029312288613303268,0.4
Out,0.1286401084695063,0.029345372460496615,0.4
Out,0.1287180976677845,0.02937853107344633,0.4
Out,0.1287207268665825,0.029411764705882353,0.4
Out,0.1287366462621157,0.02944507361268403,0.4
Out,0.1290268798588822,0.02947845804988662,0.4
Out,0.1292069036629037,0.029511918274687854,0.4
Out,0.1293516125607213,0.029545454545454545,0.4
Out,0.1293542257394087,0.02957906712172924,0.4
Out,0.1294732633182806,0.029612756264236904,0.4
Out,0.1294859970277558,0.029646522234891677,0.4
Out,0.1295089637678153,0.02968036529680365,0.4
Out,0.1295138954873637,0.029714285714285714,0.4
Out,0.129516146897777,0.029748283752860413,0.4
Out,0.1295942702986597,0.02981651376146789,0.4
Out,0.1299253566770958,0.029850746268656716,0.4
Out,0.1301749141572992,0.029885057471264367,0.4
Out,0.1301990481410759,0.029953917050691243,0.4
Out,0.1305146620062002,0.029988465974625143,0.4
Out,0.1306031439710757,0.03002309468822171,0.4
Out,0.1312128651534408,0.03009259259259259,0.4
Out,0.1315960094383791,0.030197444831591175,0.4
Out,0.1319078568217822,0.030267753201396973,0.4
Out,0.1319356058500065,0.030303030303030304,0.4
Out,0.1319498308628311,0.030338389731621937,0.4
Out,0.1320273260999215,0.028070175438596492,0.36923076923076925
Out,0.13217587866507,0.02810304449648712,0.36923076923076925
Out,0.1322799301300887,0.02813599062133646,0.36923076923076925
Out,0.1322872304066136,0.028169014084507043,0.36923076923076925
Out,0.1323633095058356,0.0282021151586369,0.36923076923076925
Out,0.1323847281961766,0.02823529411764706,0.36923076923076925
Out,0.1326342160549967,0.02830188679245283,0.36923076923076925
Out,0.1326454624811619,0.02833530106257379,0.36923076923076925
Out,0.1328638662993552,0.028402366863905324,0.36923076923076925
Out,0.1332338393579824,0.02843601895734597,0.36923076923076925
Out,0.1332451513816711,0.027283511269276393,0.35384615384615387
Out,0.1333385771835212,0.027315914489311165,0.35384615384615387
Out,0.1334875985857249,0.027348394768133173,0.35384615384615387
Out,0.1335160673196248,0.02738095238095238,0.35384615384615387
Out,0.1337740870678812,0.027413587604290822,0.35384615384615387
Out,0.1339771815134286,0.027446300715990454,0.35384615384615387
Out,0.1340086520221761,0.027479091995221028,0.35384615384615387
Out,0.1341905933340688,0.02751196172248804,0.35384615384615387
Out,0.1342467776102841,0.027544910179640718,0.35384615384615387
Out,0.1344371337233247,0.027577937649880094,0.35384615384615387
Out,0.1346600797455942,0.027611044417767107,0.35384615384615387
Out,0.1348804877223438,0.027644230769230768,0.35384615384615387
Out,0.1351608047849922,0.027677496991576414,0.35384615384615387
Out,0.1354281811454951,0.027710843373493974,0.35384615384615387
Out,0.1354474333454565,0.027744270205066344,0.35384615384615387
Out,0.1355199207277201,0.027777777777777776,0.35384615384615387
Out,0.1357788848357267,0.02781136638452237,0.35384615384615387
Out,0.1359616623833611,0.02784503631961259,0.35384615384615387
Out,0.1360919016453136,0.027878787878787878,0.35384615384615387
Out,0.1361355656027969,0.027912621359223302,0.35384615384615387
Out,0.1363836865898809,0.027946537059538274,0.35384615384615387
Out,0.1365185135447685,0.027980535279805353,0.35384615384615387
Out,0.1365877147531087,0.028014616321559074,0.35384615384615387
Out,0.1366871702314345,0.02804878048780488,0.35384615384615387
Out,0.1370979865225995,0.028083028083028084,0.35384615384615387
Out,0.1372744243600425,0.028117359413202935,0.35384615384615387
Out,0.1376689584432965,0.028151774785801713,0.35384615384615387
Out,0.1379283842825227,0.028186274509803922,0.35384615384615387
Out,0.1379389462481713,0.02822085889570552,0.35384615384615387
Out,0.1381861303684719,0.02702702702702703,0.3384615384615385
Out,0.1383397855440016,0.02706027060270603,0.3384615384615385
Out,0.1384679515088613,0.027093596059113302,0.3384615384615385
Out,0.1389152843276613,0.025893958076448828,0.3230769230769231
Out,0.1389277831993082,0.025925925925925925,0.3230769230769231
Out,0.1389799501383891,0.02595797280593325,0.3230769230769231
Out,0.1390014448807102,0.026054590570719603,0.3230769230769231
Out,0.1392690922588797,0.02608695652173913,0.3230769230769231
Out,0.1393207283667353,0.026119402985074626,0.3230769230769231
Out,0.139678430756499,0.026151930261519303,0.3230769230769231
Out,0.1397114737746579,0.026184538653366583,0.3230769230769231
Out,0.1398360801157122,0.026217228464419477,0.3230769230769231
Out,0.1398856716307398,0.02625,0.3230769230769231
Out,0.1400484508601153,0.026282853566958697,0.3230769230769231
Out,0.1403812950707874,0.02631578947368421,0.3230769230769231
Out,0.1406031741472052,0.026348808030112924,0.3230769230769231
Out,0.1406975893404263,0.026381909547738693,0.3230769230769231
Out,0.1407923816011215,0.026415094339622643,0.3230769230769231
Out,0.1408757256391798,0.02648171500630517,0.3230769230769231
Out,0.1413500045637586,0.026515151515151516,0.3230769230769231
Out,0.1413907666376253,0.02654867256637168,0.3230769230769231
Out,0.1414606168535366,0.026615969581749048,0.3230769230769231
Out,0.1417231860291909,0.0266497461928934,0.3230769230769231
Out,0.1418341336919585,0.026683608640406607,0.3230769230769231
Out,0.1421985628301595,0.026717557251908396,0.3230769230769231
Out,0.1423510709750157,0.026785714285714284,0.3230769230769231
Out,0.1428460275394044,0.02681992337164751,0.3230769230769231
Out,0.142949118865264,0.026854219948849106,0.3230769230769231
Out,0.1431746863451721,0.026888604353393086,0.3230769230769231
Out,0.1434655484482446,0.026923076923076925,0.3230769230769231
Out,0.1437357225734086,0.026957637997432605,0.3230769230769231
Out,0.1438470146156902,0.02699228791773779,0.3230769230769231
Out,0.1441589921055447,0.027061855670103094,0.3230769230769231
Out,0.1442984237230163,0.027096774193548386,0.3230769230769231
Out,0.1443920570632318,0.027131782945736434,0.3230769230769231
Out,0.1443975619569284,0.027166882276843468,0.3230769230769231
Out,0.1445987305216477,0.027202072538860103,0.3230769230769231
Out,0.1449307694178935,0.027237354085603113,0.3230769230769231
Out,0.1451164388207773,0.02727272727272727,0.3230769230769231
Out,0.1453551701196247,0.027308192457737322,0.3230769230769231
Out,0.1453821469892392,0.027379400260756193,0.3230769230769231
Out,0.1456274414072227,0.02741514360313316,0.3230769230769231
Out,0.145779832634072,0.0274869109947644,0.3230769230769231
Out,0.1459162938274674,0.027522935779816515,0.3230769230769231
Out,0.1459506711203209,0.027559055118110236,0.3230769230769231
Out,0.1460126492664104,0.02759526938239159,0.3230769230769231
Out,0.1461684920610262,0.02763157894736842,0.3230769230769231
Out,0.1463523366342176,0.02766798418972332,0.3230769230769231
Out,0.1464134782508991,0.027704485488126648,0.3230769230769231
Out,0.1465044072032226,0.02774108322324967,0.3230769230769231
Out,0.1465124093113941,0.027777777777777776,0.3230769230769231
Out,0.1465555170612867,0.02781456953642384,0.3230769230769231
Out,0.1468830880659292,0.027888446215139442,0.3230769230769231
Out,0.1474652782053892,0.027925531914893616,0.3230769230769231
Out,0.147627899219144,0.02796271637816245,0.3230769230769231
Out,0.1476790671826315,0.028,0.3230769230769231
Out,0.1476827514684093,0.028037383177570093,0.3230769230769231
Out,0.1477123014175313,0.02807486631016043,0.3230769230769231
Out,0.1477996786718934,0.028112449799196786,0.3230769230769231
Out,0.1478146515902922,0.028150134048257374,0.3230769230769231
Out,0.1478397701243489,0.028187919463087248,0.3230769230769231
Out,0.1478564691653061,0.028225806451612902,0.3230769230769231
Out,0.14787637192554,0.02826379542395693,0.3230769230769231
Out,0.1479215058460006,0.02837837837837838,0.3230769230769231
Out,0.1480267812400906,0.028416779431664412,0.3230769230769231
Out,0.1480302069665178,0.028455284552845527,0.3230769230769231
Out,0.1482494283897213,0.028493894165535955,0.3230769230769231
Out,0.1482530028012599,0.028532608695652172,0.3230769230769231
Out,0.1482860720648017,0.02861035422343324,0.3230769230769231
Out,0.1483115855717,0.0286493860845839,0.3230769230769231
Out,0.1483598113894617,0.028688524590163935,0.3230769230769231
Out,0.148370219362812,0.028727770177838577,0.3230769230769231
Out,0.1484801950600135,0.028767123287671233,0.3230769230769231
Out,0.1485162916724506,0.02880658436213992,0.3230769230769231
Out,0.1485845428522231,0.028846153846153848,0.3230769230769231
Out,0.1486278770338104,0.02888583218707015,0.3230769230769231
Out,0.1488732374372144,0.028925619834710745,0.3230769230769231
Out,0.1488744843266073,0.028965517241379312,0.3230769230769231
Out,0.1493041198198533,0.029005524861878452,0.3230769230769231
Out,0.14949872663331,0.029045643153526972,0.3230769230769231
Out,0.1494993364337967,0.029085872576177285,0.3230769230769231
Out,0.1495154241588949,0.02912621359223301,0.3230769230769231
Out,0.1495725149607,0.029166666666666667,0.3230769230769231
Out,0.1497120708890291,0.027816411682892908,0.3076923076923077
Out,0.1497534196201917,0.02789400278940028,0.3076923076923077
Out,0.14979482157828,0.027932960893854747,0.3076923076923077
Out,0.1498255001689372,0.027972027972027972,0.3076923076923077
Out,0.1498709465822111,0.028050490883590462,0.3076923076923077
Out,0.1499306273237023,0.02812939521800281,0.3076923076923077
Out,0.1499716223894114,0.028169014084507043,0.3076923076923077
Out,0.1500471635507587,0.028208744710860368,0.3076923076923077
Out,0.1500855802183072,0.028288543140028287,0.3076923076923077
Out,0.1502412196457563,0.028328611898016998,0.3076923076923077
Out,0.1502472339412773,0.028368794326241134,0.3076923076923077
Out,0.1503749813673376,0.02844950213371266,0.3076923076923077
Out,0.150473710594891,0.02857142857142857,0.3076923076923077
Out,0.1506311619573137,0.02865329512893983,0.3076923076923077
Out,0.15074165959812,0.028694404591104734,0.3076923076923077
Out,0.1508775715270287,0.02877697841726619,0.3076923076923077
Out,0.1509273885751918,0.02881844380403458,0.3076923076923077
Out,0.1509326336429005,0.02886002886002886,0.3076923076923077
Out,0.1509488946387834,0.028901734104046242,0.3076923076923077
Out,0.1509878270869189,0.028985507246376812,0.3076923076923077
Out,0.1511855920882631,0.029069767441860465,0.3076923076923077
Out,0.1513894667784407,0.02911208151382824,0.3076923076923077
Out,0.1515100171125237,0.029154518950437316,0.3076923076923077
Out,0.1515834577235738,0.029239766081871343,0.3076923076923077
Out,0.1516061596025435,0.029282576866764276,0.3076923076923077
Out,0.1517795412652339,0.02932551319648094,0.3076923076923077
Out,0.1517953562849231,0.02936857562408223,0.3076923076923077
Out,0.1518197263899999,0.029411764705882353,0.3076923076923077
Out,0.1520119780063636,0.029455081001472753,0.3076923076923077
Out,0.152122727574458,0.029498525073746312,0.3076923076923077
Out,0.1521688140849212,0.029585798816568046,0.3076923076923077
Out,0.1522499560573542,0.02962962962962963,0.3076923076923077
Out,0.1522809552431255,0.02967359050445104,0.3076923076923077
Out,0.152315431429561,0.029717682020802376,0.3076923076923077
Out,0.1524637162439576,0.02976190476190476,0.3076923076923077
Out,0.1525419761929067,0.029806259314456036,0.3076923076923077
Out,0.1527380671813231,0.029895366218236172,0.3076923076923077
Out,0.1527749218731974,0.029985007496251874,0.3076923076923077
Out,0.1528821203352827,0.03003003003003003,0.3076923076923077
Out,0.1528948599806707,0.03007518796992481,0.3076923076923077
Out,0.1529402650586853,0.030120481927710843,0.3076923076923077
Out,0.1530445638460145,0.030165912518853696,0.3076923076923077
Out,0.1530650001571396,0.030349013657056147,0.3076923076923077
Out,0.1530749809893342,0.030395136778115502,0.3076923076923077
Out,0.1531801951389655,0.030534351145038167,0.3076923076923077
Out,0.1532607922856632,0.03058103975535168,0.3076923076923077
Out,0.1533790764898265,0.030627871362940276,0.3076923076923077
Out,0.1534477237706648,0.03067484662576687,0.3076923076923077
Out,0.15355771077712,0.030721966205837174,0.3076923076923077
Out,0.1536153725031279,0.03076923076923077,0.3076923076923077
Out,0.1538129425336112,0.030816640986132512,0.3076923076923077
Out,0.1540643136370347,0.030864197530864196,0.3076923076923077
Out,0.1541012432110202,0.030911901081916538,0.3076923076923077
Out,0.1541110303930972,0.030959752321981424,0.3076923076923077
Out,0.1544902372889207,0.031007751937984496,0.3076923076923077
Out,0.154544184406426,0.03110419906687403,0.3076923076923077
Out,0.1546358905801343,0.03115264797507788,0.3076923076923077
Out,0.1546390354679901,0.031201248049921998,0.3076923076923077
Out,0.1548518940189193,0.03125,0.3076923076923077
Out,0.1549275969159799,0.03129890453834116,0.3076923076923077
Out,0.1550963776453725,0.03134796238244514,0.3076923076923077
Out,0.1551153042014765,0.03139717425431711,0.3076923076923077
Out,0.1551413729428841,0.031446540880503145,0.3076923076923077
Out,0.1553900785600411,0.031496062992125984,0.3076923076923077
Out,0.1555358480811161,0.031545741324921134,0.3076923076923077
Out,0.1556263684609791,0.0315955766192733,0.3076923076923077
Out,0.1558200438394267,0.03169572107765452,0.3076923076923077
Out,0.1561638502857117,0.031746031746031744,0.3076923076923077
Out,0.1562118772668456,0.03184713375796178,0.3076923076923077
Out,0.1562959838677899,0.03189792663476874,0.3076923076923077
Out,0.1563066020423975,0.03194888178913738,0.3076923076923077
Out,0.1564476618586152,0.032,0.3076923076923077
Out,0.1564705814033621,0.03205128205128205,0.3076923076923077
Out,0.1565211592974612,0.03210272873194221,0.3076923076923077
Out,0.156557784412226,0.0322061191626409,0.3076923076923077
Out,0.1566790196819137,0.03231017770597738,0.3076923076923077
Out,0.1567191782459263,0.03241491085899514,0.3076923076923077
Out,0.1568677791248558,0.032467532467532464,0.3076923076923077
Out,0.1568990177319755,0.032520325203252036,0.3076923076923077
Out,0.1571281760110808,0.03257328990228013,0.3076923076923077
Out,0.1573234318365595,0.03262642740619902,0.3076923076923077
Out,0.157356909800026,0.032679738562091505,0.3076923076923077
Out,0.1576400991196824,0.03273322422258593,0.3076923076923077
Out,0.157736871576846,0.03278688524590164,0.3076923076923077
Out,0.1578044116572415,0.03284072249589491,0.3076923076923077
Out,0.1578544902533677,0.03289473684210526,0.3076923076923077
Out,0.1578550923165326,0.03305785123966942,0.3076923076923077
Out,0.1579213014478769,0.033112582781456956,0.3076923076923077
Out,0.158006757347192,0.03316749585406302,0.3076923076923077
Out,0.1581406396242802,0.03322259136212625,0.3076923076923077
Out,0.158361823043491,0.033277870216306155,0.3076923076923077
Out,0.1585942909918616,0.03333333333333333,0.3076923076923077
Out,0.1585950286436681,0.0333889816360601,0.3076923076923077
Out,0.1587070703554685,0.033444816053511704,0.3076923076923077
Out,0.1587818059203343,0.03350083752093802,0.3076923076923077
Out,0.1588290169296282,0.03355704697986577,0.3076923076923077
Out,0.1590400376523723,0.03367003367003367,0.3076923076923077
Out,0.1594196485163799,0.03372681281618887,0.3076923076923077
Out,0.159571080095713,0.033783783783783786,0.3076923076923077
Out,0.1597474117797447,0.03395585738539898,0.3076923076923077
Out,0.1602403725650248,0.034013605442176874,0.3076923076923077
Out,0.1603174622647578,0.034129692832764506,0.3076923076923077
Out,0.16061564282786,0.03418803418803419,0.3076923076923077
Out,0.160814013221995,0.03430531732418525,0.3076923076923077
Out,0.161334760602174,0.03436426116838488,0.3076923076923077
Out,0.1614459783279395,0.03442340791738382,0.3076923076923077
Out,0.1615660305538625,0.034482758620689655,0.3076923076923077
Out,0.1617336723676147,0.03454231433506045,0.3076923076923077
Out,0.1617606486450552,0.03460207612456748,0.3076923076923077
Out,0.1618378774747672,0.03292894280762565,0.2923076923076923
Out,0.1619669629519563,0.03298611111111111,0.2923076923076923
Out,0.1621475041418486,0.03304347826086956,0.2923076923076923
Out,0.1621609531522803,0.033101045296167246,0.2923076923076923
Out,0.1623012221029294,0.03315881326352531,0.2923076923076923
Out,0.1623130209707842,0.033216783216783216,0.2923076923076923
Out,0.1623472933640325,0.03327495621716287,0.2923076923076923
Out,0.1623573820035955,0.03333333333333333,0.2923076923076923
Out,0.1624965734300691,0.033391915641476276,0.2923076923076923
Out,0.1626882703775558,0.03345070422535211,0.2923076923076923
Out,0.1629342214701938,0.033628318584070796,0.2923076923076923
Out,0.1629753296496032,0.03368794326241135,0.2923076923076923
Out,0.1630116314704348,0.03374777975133215,0.2923076923076923
Out,0.1631100645425383,0.033807829181494664,0.2923076923076923
Out,0.1631751205510229,0.0338680926916221,0.2923076923076923
Out,0.1633556020100909,0.034050179211469536,0.2923076923076923
Out,0.163929199233449,0.03411131059245961,0.2923076923076923
Out,0.1639720915361537,0.0341726618705036,0.2923076923076923
Out,0.1641333884701881,0.03423423423423423,0.2923076923076923
Out,0.1641397848716006,0.03429602888086643,0.2923076923076923
Out,0.1648453322386455,0.034358047016274866,0.2923076923076923
Out,0.1651266370355539,0.034420289855072464,0.2923076923076923
Out,0.1651996822518892,0.034482758620689655,0.2923076923076923
Out,0.1652208569704423,0.03272727272727273,0.27692307692307694
Out,0.1652867432476978,0.032846715328467155,0.27692307692307694
Out,0.165295309699208,0.03296703296703297,0.27692307692307694
Out,0.1653267439680267,0.03302752293577982,0.27692307692307694
Out,0.1653401381722923,0.03308823529411765,0.27692307692307694
Out,0.1653785983420875,0.03314917127071823,0.27692307692307694
Out,0.1654495762869172,0.033271719038817,0.27692307692307694
Out,0.1654906599040003,0.03333333333333333,0.27692307692307694
Out,0.1654929024055222,0.03339517625231911,0.27692307692307694
Out,0.165808747541188,0.03345724907063197,0.27692307692307694
Out,0.1658977676014285,0.0335195530726257,0.27692307692307694
Out,0.1660990367722032,0.033582089552238806,0.27692307692307694
Out,0.1661825320952228,0.03364485981308411,0.27692307692307694
Out,0.1664853070856899,0.033707865168539325,0.27692307692307694
Out,0.1665699741490373,0.03377110694183865,0.27692307692307694
Out,0.1666920952216123,0.03383458646616541,0.27692307692307694
Out,0.1667248828395531,0.03389830508474576,0.27692307692307694
Out,0.1667347031274126,0.033962264150943396,0.27692307692307694
Out,0.1669204964400507,0.034026465028355386,0.27692307692307694
Out,0.1669403040063325,0.03415559772296015,0.27692307692307694
Out,0.1672133089579022,0.03428571428571429,0.27692307692307694
Out,0.1672643278113972,0.03435114503816794,0.27692307692307694
Out,0.16744561813039,0.03441682600382409,0.27692307692307694
Out,0.1675607506032121,0.034482758620689655,0.27692307692307694
Out,0.1675838942442984,0.0345489443378119,0.27692307692307694
Out,0.1676139377627129,0.03461538461538462,0.27692307692307694
Out,0.1678345332137841,0.03468208092485549,0.27692307692307694
Out,0.1678778434782168,0.03474903474903475,0.27692307692307694
Out,0.1680318322184872,0.03481624758220503,0.27692307692307694
Out,0.1680795479912564,0.03488372093023256,0.27692307692307694
Out,0.1681404398629045,0.03501945525291829,0.27692307692307694
Out,0.1682570368988484,0.03508771929824561,0.27692307692307694
Out,0.1684122345213194,0.03515625,0.27692307692307694
Out,0.1685149168386196,0.03522504892367906,0.27692307692307694
Out,0.1685314454112776,0.03536345776031434,0.27692307692307694
Out,0.1685407853381935,0.03543307086614173,0.27692307692307694
Out,0.1685994750174537,0.03550295857988166,0.27692307692307694
Out,0.1689224426283072,0.03557312252964427,0.27692307692307694
Out,0.1690974802355889,0.03564356435643564,0.27692307692307694
Out,0.1692351307612594,0.03571428571428571,0.27692307692307694
Out,0.1692719145494433,0.03578528827037773,0.27692307692307694
Out,0.1692827071252993,0.03592814371257485,0.27692307692307694
Out,0.1694979811721041,0.036,0.27692307692307694
Out,0.1695766252538494,0.036072144288577156,0.27692307692307694
Out,0.1697896951756261,0.03614457831325301,0.27692307692307694
Out,0.1698282228696638,0.03621730382293763,0.27692307692307694
Out,0.1698901925914963,0.036290322580645164,0.27692307692307694
Out,0.1699416118452569,0.03636363636363636,0.27692307692307694
Out,0.1701315560167112,0.03643724696356275,0.27692307692307694
Out,0.1703795418277062,0.036511156186612576,0.27692307692307694
Out,0.1705459733764951,0.036585365853658534,0.27692307692307694
Out,0.1705658609490138,0.03665987780040733,0.27692307692307694
Out,0.1709217235786045,0.036734693877551024,0.27692307692307694
Out,0.1709354928441535,0.03680981595092025,0.27692307692307694
Out,0.1709981464092987,0.036885245901639344,0.27692307692307694
Out,0.1709998091179215,0.03696098562628337,0.27692307692307694
Out,0.1710388808617425,0.03711340206185567,0.27692307692307694
Out,0.1710444868389119,0.0371900826446281,0.27692307692307694
Out,0.1712506177215867,0.037267080745341616,0.27692307692307694
Out,0.1713398810186499,0.03734439834024896,0.27692307692307694
Out,0.1713653869685906,0.037422037422037424,0.27692307692307694
Out,0.1714526338772215,0.0375,0.27692307692307694
Out,0.1717106396136192,0.03765690376569038,0.27692307692307694
Out,0.1717436664595879,0.03773584905660377,0.27692307692307694
Out,0.1717551450256306,0.037815126050420166,0.27692307692307694
Out,0.1718644689931864,0.03805496828752643,0.27692307692307694
Out,0.1721257214909199,0.038135593220338986,0.27692307692307694
Out,0.1722932198077145,0.03821656050955414,0.27692307692307694
Out,0.1723398165198419,0.03829787234042553,0.27692307692307694
Out,0.1724669927639719,0.03837953091684435,0.27692307692307694
Out,0.1724771566321332,0.03854389721627409,0.27692307692307694
Out,0.1724880236668317,0.03862660944206009,0.27692307692307694
Out,0.1725950661838358,0.03870967741935484,0.27692307692307694
Out,0.1726063094340133,0.03879310344827586,0.27692307692307694
Out,0.1726231676683567,0.038876889848812095,0.27692307692307694
Out,0.1726445212756339,0.03896103896103896,0.27692307692307694
Out,0.1727047335495464,0.039045553145336226,0.27692307692307694
Out,0.1727294807907873,0.0391304347826087,0.27692307692307694
Out,0.1727875515668132,0.0392156862745098,0.27692307692307694
Out,0.1728323944287086,0.039301310043668124,0.27692307692307694
Out,0.1729166836276052,0.03938730853391685,0.27692307692307694
Out,0.1729690181817018,0.039473684210526314,0.27692307692307694
Out,0.1730135859819348,0.03956043956043956,0.27692307692307694
Out,0.1731200307661596,0.039735099337748346,0.27692307692307694
Out,0.1731965147114015,0.03982300884955752,0.27692307692307694
Out,0.173202791303228,0.03991130820399113,0.27692307692307694
Out,0.1732642788763398,0.04,0.27692307692307694
Out,0.1733377418435129,0.0400890868596882,0.27692307692307694
Out,0.1734102112154408,0.040268456375838924,0.27692307692307694
Out,0.1734931291593064,0.04035874439461883,0.27692307692307694
Out,0.1735176210084784,0.04044943820224719,0.27692307692307694
Out,0.1735585261154453,0.04054054054054054,0.27692307692307694
Out,0.1737442986004246,0.040632054176072234,0.27692307692307694
Out,0.1738491218610656,0.04072398190045249,0.27692307692307694
Out,0.1739380689380992,0.04081632653061224,0.27692307692307694
Out,0.1739616584932248,0.04090909090909091,0.27692307692307694
Out,0.1739776590802281,0.04100227790432802,0.27692307692307694
Out,0.1739881736816224,0.0410958904109589,0.27692307692307694
Out,0.1740044426357474,0.041189931350114416,0.27692307692307694
Out,0.1740717261959451,0.04128440366972477,0.27692307692307694
Out,0.1741541703146264,0.041379310344827586,0.27692307692307694
Out,0.1741839480153953,0.04157043879907621,0.27692307692307694
Out,0.1741862634270446,0.041666666666666664,0.27692307692307694
Out,0.174228381661455,0.04176334106728538,0.27692307692307694
Out,0.1742565278541828,0.04186046511627907,0.27692307692307694
Out,0.1742596344523704,0.04195804195804196,0.27692307692307694
Out,0.1742616265023031,0.04205607476635514,0.27692307692307694
Out,0.1743321089942049,0.04215456674473068,0.27692307692307694
Out,0.1743459819249221,0.04245283018867924,0.27692307692307694
Out,0.1744904610083584,0.0425531914893617,0.27692307692307694
Out,0.1745124461803181,0.04265402843601896,0.27692307692307694
Out,0.1745821937738529,0.04295942720763723,0.27692307692307694
Out,0.1746444560887491,0.0430622009569378,0.27692307692307694
Out,0.1747321293421472,0.04326923076923077,0.27692307692307694
Out,0.1752543772246816,0.043373493975903614,0.27692307692307694
Out,0.1752581674377648,0.043478260869565216,0.27692307692307694
Out,0.175357596535106,0.043583535108958835,0.27692307692307694
Out,0.1753916268377487,0.043689320388349516,0.27692307692307694
Out,0.1754006857855338,0.043795620437956206,0.27692307692307694
Out,0.1755097616394466,0.04390243902439024,0.27692307692307694
Out,0.1755342849044288,0.04411764705882353,0.27692307692307694
Out,0.1755844566447962,0.044226044226044224,0.27692307692307694
Out,0.1758378032270932,0.04433497536945813,0.27692307692307694
Out,0.1758984677990014,0.044444444444444446,0.27692307692307694
Out,0.1759450630998297,0.04455445544554455,0.27692307692307694
Out,0.176000319895375,0.04466501240694789,0.27692307692307694
Out,0.17601545091399,0.04477611940298507,0.27692307692307694
Out,0.176207707476716,0.04488778054862843,0.27692307692307694
Out,0.1762105330796288,0.045,0.27692307692307694
Out,0.176227176913373,0.045112781954887216,0.27692307692307694
Out,0.1765096718816694,0.04522613065326633,0.27692307692307694
Out,0.1766756251579455,0.04534005037783375,0.27692307692307694
Out,0.1767968070842498,0.045454545454545456,0.27692307692307694
Out,0.1768136941963847,0.043037974683544304,0.26153846153846155
Out,0.1768674545905674,0.04314720812182741,0.26153846153846155
Out,0.1770116018445054,0.043256997455470736,0.26153846153846155
Out,0.17723716828914,0.04336734693877551,0.26153846153846155
Out,0.1773666342976396,0.043478260869565216,0.26153846153846155
Out,0.1775459789701901,0.04358974358974359,0.26153846153846155
Out,0.1776568554179025,0.043701799485861184,0.26153846153846155
Out,0.1777568423571502,0.04381443298969072,0.26153846153846155
Out,0.1778844653868577,0.04404145077720207,0.26153846153846155
Out,0.1778934937260826,0.04415584415584416,0.26153846153846155
Out,0.1779819517339175,0.044270833333333336,0.26153846153846155
Out,0.1781941402564006,0.044386422976501305,0.26153846153846155
Out,0.1783229772419176,0.04450261780104712,0.26153846153846155
Out,0.1784207520233628,0.04473684210526316,0.26153846153846155
Out,0.1784222973261925,0.044854881266490766,0.26153846153846155
Out,0.1784596693467797,0.04509283819628647,0.26153846153846155
Out,0.1785936049732303,0.04521276595744681,0.26153846153846155
Out,0.1786146976080245,0.04533333333333334,0.26153846153846155
Out,0.1786346699480046,0.0456989247311828,0.26153846153846155
Out,0.1786592473131626,0.04582210242587601,0.26153846153846155
Out,0.178741308367044,0.04594594594594595,0.26153846153846155
Out,0.1788668271472513,0.04607046070460705,0.26153846153846155
Out,0.178897388650115,0.04619565217391304,0.26153846153846155
Out,0.1790145014363209,0.04632152588555858,0.26153846153846155
Out,0.1790601623865267,0.046703296703296704,0.26153846153846155
Out,0.1790855258409337,0.046831955922865015,0.26153846153846155
Out,0.179300172870962,0.04696132596685083,0.26153846153846155
Out,0.1793465847382293,0.04709141274238227,0.26153846153846155
Out,0.1794277332004483,0.04735376044568245,0.26153846153846155
Out,0.179442133078733,0.047619047619047616,0.26153846153846155
Out,0.1794478767964724,0.047752808988764044,0.26153846153846155
Out,0.1794580794830765,0.04788732394366197,0.26153846153846155
Out,0.1795529168051125,0.0480225988700565,0.26153846153846155
Out,0.1795922209758886,0.04815864022662889,0.26153846153846155
Out,0.1795961560871608,0.048295454545454544,0.26153846153846155
Out,0.1797089231778222,0.04843304843304843,0.26153846153846155
Out,0.1798242465856465,0.04857142857142857,0.26153846153846155
Out,0.1799278058141563,0.04871060171919771,0.26153846153846155
Out,0.1801399703080102,0.04885057471264368,0.26153846153846155
Out,0.180219402818439,0.04899135446685879,0.26153846153846155
Out,0.1802424491762281,0.049132947976878616,0.26153846153846155
Out,0.1803699949048867,0.04927536231884058,0.26153846153846155
Out,0.1805326512218482,0.04941860465116279,0.26153846153846155
Out,0.180730903884611,0.04956268221574344,0.26153846153846155
Out,0.1807837451976024,0.04678362573099415,0.24615384615384617
Out,0.180815428906338,0.047058823529411764,0.24615384615384617
Out,0.1808990341056052,0.0471976401179941,0.24615384615384617
Out,0.1811443657454776,0.047337278106508875,0.24615384615384617
Out,0.1812023150737594,0.04747774480712166,0.24615384615384617
Out,0.1813736341516937,0.047619047619047616,0.24615384615384617
Out,0.1813860378554468,0.04776119402985075,0.24615384615384617
Out,0.1815869820481902,0.04790419161676647,0.24615384615384617
Out,0.181648760636039,0.04804804804804805,0.24615384615384617
Out,0.1817130018637872,0.04819277108433735,0.24615384615384617
Out,0.1818116483159454,0.04833836858006042,0.24615384615384617
Out,0.1818962933002745,0.048484848484848485,0.24615384615384617
Out,0.1820435726562869,0.0486322188449848,0.24615384615384617
Out,0.1820859135047021,0.04878048780487805,0.24615384615384617
Out,0.1820886737634349,0.04892966360856269,0.24615384615384617
Out,0.1821115164020534,0.049079754601226995,0.24615384615384617
Out,0.1821330318773846,0.04923076923076923,0.24615384615384617
Out,0.1823087625513404,0.04938271604938271,0.24615384615384617
Out,0.1824598284141476,0.04953560371517028,0.24615384615384617
Out,0.1826790387534923,0.049689440993788817,0.24615384615384617
Out,0.1826967230529498,0.04984423676012461,0.24615384615384617
Out,0.1827109701809508,0.05,0.24615384615384617
Out,0.1827260271280074,0.050314465408805034,0.24615384615384617
Out,0.1828475538231297,0.050473186119873815,0.24615384615384617
Out,0.1830336470194379,0.05063291139240506,0.24615384615384617
Out,0.1832208579704655,0.050955414012738856,0.24615384615384617
Out,0.183232601321499,0.051118210862619806,0.24615384615384617
Out,0.1832367598609064,0.05128205128205128,0.24615384615384617
Out,0.1833254801484696,0.05144694533762058,0.24615384615384617
Out,0.1833491496081117,0.05161290322580645,0.24615384615384617
Out,0.183368505044681,0.05177993527508091,0.24615384615384617
Out,0.1835072990044595,0.05194805194805195,0.24615384615384617
Out,0.1835677002017485,0.05211726384364821,0.24615384615384617
Out,0.183664177402094,0.05245901639344262,0.24615384615384617
Out,0.1838424648185711,0.05263157894736842,0.24615384615384617
Out,0.1839249150767092,0.052805280528052806,0.24615384615384617
Out,0.1842372960455613,0.052980132450331126,0.24615384615384617
Out,0.1844758262003824,0.053156146179401995,0.24615384615384617
Out,0.1845117938228795,0.05333333333333334,0.24615384615384617
Out,0.1845844251869322,0.05351170568561873,0.24615384615384617
Out,0.1846434335156096,0.053691275167785234,0.24615384615384617
Out,0.1848059987135608,0.05405405405405406,0.24615384615384617
Out,0.1848176442931263,0.05423728813559322,0.24615384615384617
Out,0.1848738559773379,0.05442176870748299,0.24615384615384617
Out,0.1849619596096591,0.05460750853242321,0.24615384615384617
Out,0.1850306367753462,0.0547945205479452,0.24615384615384617
Out,0.1850345415890171,0.054982817869415807,0.24615384615384617
Out,0.1851022091367629,0.05517241379310345,0.24615384615384617
Out,0.1851375896125078,0.05536332179930796,0.24615384615384617
Out,0.1852283186092518,0.05555555555555555,0.24615384615384617
Out,0.1854343999779176,0.05574912891986063,0.24615384615384617
Out,0.1854697543790956,0.055944055944055944,0.24615384615384617
Out,0.1855592548925521,0.056140350877192984,0.24615384615384617
Out,0.1855989934621089,0.056338028169014086,0.24615384615384617
Out,0.1856006943196676,0.05653710247349823,0.24615384615384617
Out,0.185734608846126,0.05673758865248227,0.24615384615384617
Out,0.1860050190408829,0.05693950177935943,0.24615384615384617
Out,0.1860445927437296,0.05714285714285714,0.24615384615384617
Out,0.1860906348031371,0.05734767025089606,0.24615384615384617
Out,0.1861561784510828,0.05755395683453238,0.24615384615384617
Out,0.1862653965810931,0.05776173285198556,0.24615384615384617
Out,0.1864224927301261,0.057971014492753624,0.24615384615384617
Out,0.1864285211080545,0.05818181818181818,0.24615384615384617
Out,0.186468627003938,0.058394160583941604,0.24615384615384617
Out,0.1865798267190074,0.05860805860805861,0.24615384615384617
Out,0.1865948195078628,0.058823529411764705,0.24615384615384617
Out,0.1867067543158782,0.05904059040590406,0.24615384615384617
Out,0.1867402894720471,0.05925925925925926,0.24615384615384617
Out,0.1870398613215644,0.05947955390334572,0.24615384615384617
Out,0.1871892488463054,0.05970149253731343,0.24615384615384617
Out,0.1871915077102947,0.0599250936329588,0.24615384615384617
Out,0.1873424668141253,0.06015037593984962,0.24615384615384617
Out,0.1873983205087337,0.06037735849056604,0.24615384615384617
Out,0.1874872983778075,0.06060606060606061,0.24615384615384617
Out,0.1874907067571406,0.060836501901140684,0.24615384615384617
Out,0.187656609403223,0.061068702290076333,0.24615384615384617
Out,0.1877591047420294,0.06130268199233716,0.24615384615384617
Out,0.1878140820945256,0.06153846153846154,0.24615384615384617
Out,0.1878171830913575,0.06177606177606178,0.24615384615384617
Out,0.1878494593717973,0.0622568093385214,0.24615384615384617
Out,0.1880072401710139,0.0625,0.24615384615384617
Out,0.1881703461722167,0.06274509803921569,0.24615384615384617
Out,0.1883940380414588,0.06299212598425197,0.24615384615384617
Out,0.1885332968569705,0.06324110671936758,0.24615384615384617
Out,0.1886304249376342,0.06349206349206349,0.24615384615384617
Out,0.1886327656774946,0.06374501992031872,0.24615384615384617
Out,0.1890909861643448,0.064,0.24615384615384617
Out,0.1891249230589847,0.0642570281124498,0.24615384615384617
Out,0.1893955350898645,0.06451612903225806,0.24615384615384617
Out,0.1894950367592286,0.06477732793522267,0.24615384615384617
Out,0.1896400973147074,0.06504065040650407,0.24615384615384617
Out,0.189846329898606,0.0653061224489796,0.24615384615384617
Out,0.1899668217817232,0.06557377049180328,0.24615384615384617
Out,0.190308986637108,0.06584362139917696,0.24615384615384617
Out,0.1903402421309532,0.06611570247933884,0.24615384615384617
Out,0.1903896679676917,0.06639004149377593,0.24615384615384617
Out,0.1903912110771038,0.06666666666666667,0.24615384615384617
Out,0.1904330210268331,0.06694560669456066,0.24615384615384617
Out,0.1904438571046171,0.06722689075630252,0.24615384615384617
Out,0.1906822845216882,0.06751054852320675,0.24615384615384617
Out,0.1906843916218312,0.06779661016949153,0.24615384615384617
Out,0.1907682933951388,0.06808510638297872,0.24615384615384617
Out,0.1908543660500077,0.06837606837606838,0.24615384615384617
Out,0.1908792918150201,0.06866952789699571,0.24615384615384617
Out,0.1908947524221212,0.06896551724137931,0.24615384615384617
Out,0.1909022917954441,0.06926406926406926,0.24615384615384617
Out,0.1910046775617201,0.06956521739130435,0.24615384615384617
Out,0.1910052069250827,0.06986899563318777,0.24615384615384617
Out,0.1910160977428106,0.06578947368421052,0.23076923076923078
Out,0.1911893480380724,0.06607929515418502,0.23076923076923078
Out,0.1912289684722867,0.06637168141592921,0.23076923076923078
Out,0.1914033534051945,0.06666666666666667,0.23076923076923078
Out,0.1914458367325134,0.06696428571428571,0.23076923076923078
Out,0.1915319077068713,0.06726457399103139,0.23076923076923078
Out,0.1916151699823149,0.06756756756756757,0.23076923076923078
Out,0.1916467963431304,0.06787330316742081,0.23076923076923078
Out,0.1916526283198627,0.06818181818181818,0.23076923076923078
Out,0.1916698551172135,0.06880733944954129,0.23076923076923078
Out,0.1918286441187093,0.06912442396313365,0.23076923076923078
Out,0.191902853237299,0.06944444444444445,0.23076923076923078
Out,0.1919408891854177,0.06976744186046512,0.23076923076923078
Out,0.1920614532602395,0.06542056074766354,0.2153846153846154
Out,0.1922846094552233,0.06572769953051644,0.2153846153846154
Out,0.1924212784094779,0.0660377358490566,0.2153846153846154
Out,0.1924663317435114,0.06635071090047394,0.2153846153846154
Out,0.1925792505469652,0.06666666666666667,0.2153846153846154
Out,0.192610926825681,0.06698564593301436,0.2153846153846154
Out,0.1926145637586748,0.0673076923076923,0.2153846153846154
Out,0.1928333480403259,0.06763285024154589,0.2153846153846154
Out,0.1929500956637372,0.06796116504854369,0.2153846153846154
Out,0.1931343937914358,0.06829268292682927,0.2153846153846154
Out,0.1931869392461346,0.06862745098039216,0.2153846153846154
Out,0.1932279100965366,0.06896551724137931,0.2153846153846154
Out,0.1932458928781583,0.06930693069306931,0.2153846153846154
Out,0.1933102824138384,0.06965174129353234,0.2153846153846154
Out,0.1935000400806087,0.07,0.2153846153846154
Out,0.1935185998711558,0.07035175879396985,0.2153846153846154
Out,0.1935876253032006,0.0707070707070707,0.2153846153846154
Out,0.1935975623671404,0.07106598984771574,0.2153846153846154
Out,0.1936674874244105,0.07142857142857142,0.2153846153846154
Out,0.1936837214292991,0.07179487179487179,0.2153846153846154
Out,0.1937458635363693,0.07216494845360824,0.2153846153846154
Out,0.1938281540193461,0.07253886010362694,0.2153846153846154
Out,0.1938707902582331,0.07291666666666667,0.2153846153846154
Out,0.1942946872871991,0.07329842931937172,0.2153846153846154
Out,0.1947357792215223,0.07368421052631578,0.2153846153846154
Out,0.1947406198359038,0.07407407407407407,0.2153846153846154
Out,0.1947555448112355,0.07446808510638298,0.2153846153846154
Out,0.194926166251481,0.06951871657754011,0.2
Out,0.1949980641269419,0.06989247311827956,0.2
Out,0.1950134645763001,0.07027027027027027,0.2
Out,0.1952081574569251,0.07065217391304347,0.2
Out,0.1952105945142697,0.07103825136612021,0.2
Out,0.1952257659598344,0.07142857142857142,0.2
Out,0.1953306923690861,0.06629834254143646,0.18461538461538463
Out,0.1953753320546299,0.06666666666666667,0.18461538461538463
Out,0.1953965028792729,0.0670391061452514,0.18461538461538463
Out,0.1956074604994929,0.06741573033707865,0.18461538461538463
Out,0.1957604629989023,0.06779661016949153,0.18461538461538463
Out,0.1959408174799004,0.06818181818181818,0.18461538461538463
Out,0.1962574939754502,0.06857142857142857,0.18461538461538463
Out,0.1963128078406809,0.06896551724137931,0.18461538461538463
Out,0.1963918215704738,0.06936416184971098,0.18461538461538463
Out,0.1964040245097561,0.06976744186046512,0.18461538461538463
Out,0.196621691963522,0.07017543859649122,0.18461538461538463
Out,0.1967219509396438,0.07058823529411765,0.18461538461538463
Out,0.1967808621959768,0.07100591715976332,0.18461538461538463
Out,0.1968486881363922,0.07142857142857142,0.18461538461538463
Out,0.1969724321325578,0.0718562874251497,0.18461538461538463
Out,0.1970469201383194,0.07228915662650602,0.18461538461538463
Out,0.1971283170709796,0.07272727272727272,0.18461538461538463
Out,0.1973374519550043,0.07317073170731707,0.18461538461538463
Out,0.1973923048784128,0.0736196319018405,0.18461538461538463
Out,0.1974040893630231,0.07407407407407407,0.18461538461538463
Out,0.197434058039746,0.07453416149068323,0.18461538461538463
Out,0.1976575416266325,0.075,0.18461538461538463
Out,0.1977530625114708,0.07547169811320754,0.18461538461538463
Out,0.1977824000752237,0.0759493670886076,0.18461538461538463
Out,0.197982657599399,0.07643312101910828,0.18461538461538463
Out,0.1980371020589192,0.07692307692307693,0.18461538461538463
Out,0.1981119565935217,0.07741935483870968,0.18461538461538463
Out,0.1982122728805539,0.07792207792207792,0.18461538461538463
Out,0.1982352328469475,0.0784313725490196,0.18461538461538463
Out,0.1983790522468727,0.07894736842105263,0.18461538461538463
Out,0.1984444671872487,0.07947019867549669,0.18461538461538463
Out,0.1985072408730653,0.08,0.18461538461538463
Out,0.1986141708737654,0.08053691275167785,0.18461538461538463
Out,0.1991012004283879,0.07432432432432433,0.16923076923076924
Out,0.1992503615365005,0.07482993197278912,0.16923076923076924
Out,0.1992515108152801,0.07534246575342465,0.16923076923076924
Out,0.1992584573760583,0.0763888888888889,0.16923076923076924
Out,0.1993174949312837,0.07692307692307693,0.16923076923076924
Out,0.1993835672986047,0.07746478873239436,0.16923076923076924
Out,0.1995897417066775,0.07092198581560284,0.15384615384615385
Out,0.2000003705687666,0.07142857142857142,0.15384615384615385
Out,0.2000561227910579,0.07194244604316546,0.15384615384615385
Out,0.2001207209157195,0.07246376811594203,0.15384615384615385
Out,0.2001836637527225,0.072992700729927,0.15384615384615385
Out,0.2002980684675648,0.07352941176470588,0.15384615384615385
Out,0.2004193473263137,0.07407407407407407,0.15384615384615385
Out,0.2005989763870753,0.07462686567164178,0.15384615384615385
Out,0.2007192176289256,0.07518796992481203,0.15384615384615385
Out,0.2008016911892151,0.07575757575757576,0.15384615384615385
Out,0.2008415604687422,0.07633587786259542,0.15384615384615385
Out,0.2010388087701651,0.07692307692307693,0.15384615384615385
Out,0.2012925216522529,0.07751937984496124,0.15384615384615385
Out,0.2013023669373689,0.078125,0.15384615384615385
Out,0.2014586859860542,0.07874015748031496,0.15384615384615385
Out,0.2015445934414149,0.07936507936507936,0.15384615384615385
Out,0.2018246007077211,0.08,0.15384615384615385
Out,0.20193989115906,0.08064516129032258,0.15384615384615385
Out,0.2020158312157552,0.08130081300813008,0.15384615384615385
Out,0.2020750480116101,0.08196721311475409,0.15384615384615385
Out,0.2020809907637166,0.08264462809917356,0.15384615384615385
Out,0.2021466121015891,0.08333333333333333,0.15384615384615385
Out,0.2022974136969521,0.08403361344537816,0.15384615384615385
Out,0.2023981590751707,0.0847457627118644,0.15384615384615385
Out,0.2024956097958968,0.08547008547008547,0.15384615384615385
Out,0.2025613469646193,0.08620689655172414,0.15384615384615385
Out,0.2025696137521377,0.08695652173913043,0.15384615384615385
Out,0.2026656529365651,0.08771929824561403,0.15384615384615385
Out,0.2029368057605054,0.08849557522123894,0.15384615384615385
Out,0.2029400930698751,0.08928571428571429,0.15384615384615385
Out,0.2030557725370028,0.09009009009009009,0.15384615384615385
Out,0.2030735369951662,0.09090909090909091,0.15384615384615385
Out,0.2034829762991951,0.09174311926605505,0.15384615384615385
Out,0.2035294260609947,0.09259259259259259,0.15384615384615385
Out,0.2036996792004124,0.09345794392523364,0.15384615384615385
Out,0.2040120310021629,0.09433962264150944,0.15384615384615385
Out,0.2041896355291304,0.09523809523809523,0.15384615384615385
Out,0.2042309801062868,0.09615384615384616,0.15384615384615385
Out,0.204246633861109,0.0970873786407767,0.15384615384615385
Out,0.2045255533868016,0.09803921568627451,0.15384615384615385
Out,0.2046658436971353,0.09900990099009901,0.15384615384615385
Out,0.2047944605695073,0.1,0.15384615384615385
Out,0.2050411374804512,0.10101010101010101,0.15384615384615385
Out,0.2050434936623177,0.10204081632653061,0.15384615384615385
Out,0.2053394786949307,0.10309278350515463,0.15384615384615385
Out,0.2057364506675445,0.10416666666666667,0.15384615384615385
Out,0.2058358940075488,0.10526315789473684,0.15384615384615385
Out,0.2064348251879657,0.10638297872340426,0.15384615384615385
Out,0.2067531884161062,0.10752688172043011,0.15384615384615385
Out,0.2068334716174246,0.10869565217391304,0.15384615384615385
Out,0.2068822703181226,0.10989010989010989,0.15384615384615385
Out,0.2068969264272685,0.1111111111111111,0.15384615384615385
Out,0.2074477079104921,0.11235955056179775,0.15384615384615385
Out,0.2074587924027583,0.11363636363636363,0.15384615384615385
Out,0.2075169344380986,0.11494252873563218,0.15384615384615385
Out,0.2076193058434656,0.11627906976744186,0.15384615384615385
Out,0.2076248333324996,0.11764705882352941,0.15384615384615385
Out,0.2078389684397079,0.11904761904761904,0.15384615384615385
Out,0.2079363664858265,0.12195121951219512,0.15384615384615385
Out,0.208108265621735,0.12345679012345678,0.15384615384615385
Out,0.2085501243824749,0.125,0.15384615384615385
Out,0.2086562246844612,0.12658227848101267,0.15384615384615385
Out,0.2086896374664639,0.1282051282051282,0.15384615384615385
Out,0.2092674332246126,0.12987012987012986,0.15384615384615385
Out,0.2101207700784144,0.13157894736842105,0.15384615384615385
Out,0.210598390660458,0.13333333333333333,0.15384615384615385
Out,0.2106234672497879,0.13513513513513514,0.15384615384615385
Out,0.2110449660492855,0.136986301369863,0.15384615384615385
Out,0.2110764814097339,0.1388888888888889,0.15384615384615385
Out,0.2112458094131929,0.14084507042253522,0.15384615384615385
Out,0.2112606526916781,0.14285714285714285,0.15384615384615385
Out,0.2113260371556286,0.14492753623188406,0.15384615384615385
Out,0.2115029057731836,0.14705882352941177,0.15384615384615385
Out,0.211910019179093,0.14925373134328357,0.15384615384615385
Out,0.2120106384311836,0.15151515151515152,0.15384615384615385
Out,0.2120408908816524,0.15384615384615385,0.15384615384615385
Out,0.2120627360875326,0.15625,0.15384615384615385
Out,0.212587442953817,0.15873015873015872,0.15384615384615385
Out,0.2134860779432921,0.16129032258064516,0.15384615384615385
Out,0.2135255435324365,0.16393442622950818,0.15384615384615385
Out,0.2138305790785167,0.16666666666666666,0.15384615384615385
Out,0.2139556988058063,0.1694915254237288,0.15384615384615385
Out,0.2140928005817438,0.1724137931034483,0.15384615384615385
Out,0.2148760415530579,0.17543859649122806,0.15384615384615385
Out,0.2149053429302188,0.17857142857142858,0.15384615384615385
Out,0.2151580901729982,0.18181818181818182,0.15384615384615385
Out,0.2160520733828658,0.18518518518518517,0.15384615384615385
Out,0.2162481140521247,0.18867924528301888,0.15384615384615385
Out,0.2166720108749356,0.19230769230769232,0.15384615384615385
Out,0.217282876716367,0.19607843137254902,0.15384615384615385
Out,0.2173315450584062,0.18,0.13846153846153847
Out,0.2179684432793841,0.1836734693877551,0.13846153846153847
Out,0.2184111003789322,0.1875,0.13846153846153847
Out,0.2187435892304123,0.19148936170212766,0.13846153846153847
Out,0.2187453924626679,0.1956521739130435,0.13846153846153847
Out,0.2188469862872205,0.2,0.13846153846153847
Out,0.2191578620944044,0.20454545454545456,0.13846153846153847
Out,0.2193911266393194,0.21428571428571427,0.13846153846153847
Out,0.2201801528772125,0.21951219512195122,0.13846153846153847
Out,0.2202987857925958,0.225,0.13846153846153847
Out,0.2204845736197184,0.23076923076923078,0.13846153846153847
Out,0.2208444763036239,0.23684210526315788,0.13846153846153847
Out,0.2224336831079898,0.24324324324324326,0.13846153846153847
Out,0.2227017358930594,0.25,0.13846153846153847
Out,0.2237141194931353,0.2571428571428571,0.13846153846153847
Out,0.2246982657351938,0.2647058823529412,0.13846153846153847
Out,0.2247872430413394,0.2727272727272727,0.13846153846153847
Out,0.2251507264631763,0.28125,0.13846153846153847
Out,0.2252099040602699,0.2903225806451613,0.13846153846153847
Out,0.2262138769993252,0.3,0.13846153846153847
Out,0.227236575196204,0.3103448275862069,0.13846153846153847
Out,0.2280562652955337,0.32142857142857145,0.13846153846153847
Out,0.2285981524905898,0.3333333333333333,0.13846153846153847
Out,0.2292500630456513,0.34615384615384615,0.13846153846153847
Out,0.2294154950428376,0.32,0.12307692307692308
Out,0.2304632412642003,0.2916666666666667,0.1076923076923077
Out,0.2315125939411111,0.2608695652173913,0.09230769230769231
Out,0.2320208787859438,0.2857142857142857,0.09230769230769231
Out,0.2320228936715479,0.3,0.09230769230769231
Out,0.2330141175131388,0.3157894736842105,0.09230769230769231
Out,0.2350899422204946,0.3333333333333333,0.09230769230769231
Out,0.2352146762173518,0.35294117647058826,0.09230769230769231
Out,0.2354071202623363,0.375,0.09230769230769231
Out,0.239182766198758,0.4,0.09230769230769231
Out,0.2395556621312548,0.42857142857142855,0.09230769230769231
Out,0.2396542183068993,0.46153846153846156,0.09230769230769231
Out,0.2401548275624798,0.4166666666666667,0.07692307692307693
Out,0.2467921757692862,0.36363636363636365,0.06153846153846154
Out,0.2541707381905985,0.3,0.046153846153846156
Out,0.2586706398323871,0.2222222222222222,0.03076923076923077
Out,0.2594607625835728,0.125,0.015384615384615385
Out,0.2627882227610837,0.14285714285714285,0.015384615384615385
Out,0.2631973909841877,0.0,0.0
Out,0.2649633268668443,0.0,0.0
Out,0.2685013446699967,0.0,0.0
Out,0.2765122083374201,0.0,0.0
Out,0.2885797408900761,0.0,0.0
Out,0.2912519696302473,0.0,0.0
Out,,1.0,0.0
