series,threshold,precision,recall
In,9.45060164667666e-05,0.006153023006955591,1.0
In,0.00030233318102546036,0.006154669521006155,1.0
In,0.00033717177575454116,0.006156316916488222,1.0
In,0.00035276240669190884,0.006157965194109772,1.0
In,0.00045383034739643335,0.006159614354579539,1.0
In,0.0005410310695879161,0.0061612643986070185,1.0
In,0.0006040484295226634,0.006162915326902465,1.0
In,0.0006641590152867138,0.006164567140176896,1.0
In,0.0008259201422333717,0.0061662198391420914,1.0
In,0.0008510527550242841,0.006167873424510592,1.0
In,0.00089373963419348,0.006169527896995708,1.0
In,0.0009509603260084987,0.006171183257311511,1.0
In,0.000964424863923341,0.006172839506172839,1.0
In,0.0009671662119217217,0.006174496644295302,1.0
In,0.0009765411959961057,0.006176154672395274,1.0
In,0.0010228935861960053,0.006177813591189901,1.0
In,0.0010620864341035485,0.006179473401397098,1.0
In,0.0012147019151598215,0.006181134103735555,1.0
In,0.0012472597882151604,0.006182795698924731,1.0
In,0.0012795865768566728,0.006184458187684862,1.0
In,0.0013030340196564794,0.006186121570736955,1.0
In,0.0013277524849399924,0.006187785848802798,1.0
In,0.0013715052045881748,0.006189451022604951,1.0
In,0.00140814995393157,0.006191117092866756,1.0
In,0.0015141202602535486,0.006192784060312331,1.0
In,0.0017038859659805894,0.0061944519256665765,1.0
In,0.0017779243644326925,0.006196120689655173,1.0
In,0.0017959258984774351,0.006197790353004581,1.0
In,0.0019649160094559193,0.0061994609164420485,1.0
In,0.0020044553093612194,0.006201132380695605,1.0
In,0.0021883181761950254,0.006202804746494067,1.0
In,0.002280967542901635,0.006204478014567035,1.0
In,0.002301344648003578,0.0062061521856449,1.0
In,0.002311118645593524,0.006207827260458839,1.0
In,0.002375392010435462,0.006209503239740821,1.0
In,0.0023780250921845436,0.006211180124223602,1.0
In,0.002394414274021983,0.006212857914640735,1.0
In,0.0024647549726068974,0.006214536611726561,1.0
In,0.002501017414033413,0.006216216216216216,1.0
In,0.002543415641412139,0.006217896728845634,1.0
In,0.0025641582906246185,0.006219578150351541,1.0
In,0.0025966856628656387,0.0062212604814714636,1.0
In,0.0026034917682409286,0.006222943722943723,1.0
In,0.002623743610456586,0.0062246278755074425,1.0
In,0.0026596456300467253,0.006226312939902545,1.0
In,0.002681409940123558,0.006227998916869754,1.0
In,0.0027150376699864864,0.006229685807150596,1.0
In,0.0027259329799562693,0.006231373611487402,1.0
In,0.002888248534873128,0.006233062330623307,1.0
In,0.0028940776828676462,0.00623475196530225,1.0
In,0.002950475551187992,0.006236442516268981,1.0
In,0.0029976186342537403,0.006238133984269053,1.0
In,0.003082660725340247,0.006239826370048833,1.0
In,0.0030968384817242622,0.006241519674355495,1.0
In,0.0031519941985607147,0.006243213897937025,1.0
In,0.003322659293189645,0.006244909041542221,1.0
In,0.003393136663362384,0.0062466051059206955,1.0
In,0.003438818734139204,0.006248302091822874,1.0
In,0.003515643533319235,0.00625,1.0
In,0.0036019454710185528,0.0062516988312041315,1.0
In,0.0036229086108505726,0.006253398586188146,1.0
In,0.0037041432224214077,0.006255099265705739,1.0
In,0.0037756608799099922,0.006256800870511426,1.0
In,0.004320243373513222,0.006258503401360544,1.0
In,0.004358879290521145,0.006260206859009254,1.0
In,0.004359656013548374,0.0062619112442145386,1.0
In,0.004465532023459673,0.006263616557734205,1.0
In,0.00447577890008688,0.006265322800326887,1.0
In,0.004517427179962397,0.006267029972752043,1.0
In,0.0047044912353158,0.006268738075769964,1.0
In,0.004771004430949688,0.0062704471101417665,1.0
In,0.004839886911213398,0.006272157076629398,1.0
In,0.004938132129609585,0.006273867975995636,1.0
In,0.004969887901097536,0.006275579809004093,1.0
In,0.005139138549566269,0.006277292576419214,1.0
In,0.0052679721266031265,0.006279006279006279,1.0
In,0.005299472715705633,0.006280720917531403,1.0
In,0.0053024087101221085,0.0062824364927615405,1.0
In,0.005325722508132458,0.006284153005464481,1.0
In,0.005338216666132212,0.006285870456408855,1.0
In,0.005365361459553242,0.0062875888463641335,1.0
In,0.005621552001684904,0.006289308176100629,1.0
In,0.0059072417207062244,0.006291028446389497,1.0
In,0.0060440716333687305,0.006292749658002736,1.0
In,0.0060976785607635975,0.006294471811713191,1.0
In,0.006124371662735939,0.006296194908294552,1.0
In,0.006138134747743607,0.006297918948521358,1.0
In,0.006210587453097105,0.006299643933168995,1.0
In,0.006353807169944048,0.006301369863013699,1.0
In,0.0063970647752285,0.006303096738832557,1.0
In,0.006545079872012138,0.006304824561403508,1.0
In,0.006573204882442951,0.006306553331505347,1.0
In,0.006710551679134369,0.006308283049917718,1.0
In,0.0067118871957063675,0.006310013717421125,1.0
In,0.006746665108948946,0.006311745334796927,1.0
In,0.0068466742523014545,0.00631347790282734,1.0
In,0.006880715489387512,0.006315211422295442,1.0
In,0.006981666199862957,0.006316945893985169,1.0
In,0.0070894150994718075,0.006318681318681319,1.0
In,0.007162609603255987,0.006320417697169552,1.0
In,0.007172035053372383,0.0063221550302363936,1.0
In,0.007244683336466551,0.006323893318669233,1.0
In,0.007404133211821318,0.0063256325632563256,1.0
In,0.007491534575819969,0.006327372764786795,1.0
In,0.007590563036501408,0.006329113924050633,1.0
In,0.007804936729371548,0.006330856041838701,1.0
In,0.007834859192371368,0.006332599118942731,1.0
In,0.008106786757707596,0.006334343156155329,1.0
In,0.008159948512911797,0.006336088154269973,1.0
In,0.008172566071152687,0.006337834114081014,1.0
In,0.00830785185098648,0.006339581036383682,1.0
In,0.00831589661538601,0.006341328921974083,1.0
In,0.008416352793574333,0.0063430777716492,1.0
In,0.008546394295990467,0.006344827586206896,1.0
In,0.008622058667242527,0.0063465783664459164,1.0
In,0.008635244332253933,0.006348330113165885,1.0
In,0.008685334585607052,0.006350082827167311,1.0
In,0.008727164939045906,0.0063518365092515875,1.0
In,0.008770209737122059,0.006353591160220995,1.0
In,0.008839065209031105,0.0063553467808786955,1.0
In,0.009000608697533607,0.006357103372028745,1.0
In,0.009018723852932453,0.006358860934476085,1.0
In,0.009112321771681309,0.006360619469026549,1.0
In,0.009270141832530499,0.00636237897648686,1.0
In,0.009335745126008987,0.0063641394576646375,1.0
In,0.00934690423309803,0.006365900913368392,1.0
In,0.00942024402320385,0.00636766334440753,1.0
In,0.009720340371131897,0.006369426751592357,1.0
In,0.009946485050022602,0.006371191135734072,1.0
In,0.009987899102270603,0.006372956497644777,1.0
In,0.010001730173826218,0.006374722838137472,1.0
In,0.010071659460663795,0.00637649015802606,1.0
In,0.010091939941048622,0.006378258458125347,1.0
In,0.010163255967199802,0.0063800277392510405,1.0
In,0.010168914683163166,0.006381798002219756,1.0
In,0.010191362351179123,0.006383569247849014,1.0
In,0.01023176684975624,0.006385341476957246,1.0
In,0.01035215426236391,0.006387114690363788,1.0
In,0.010406136512756348,0.006388888888888889,1.0
In,0.010465826839208603,0.006390664073353709,1.0
In,0.010501866228878498,0.006392440244580322,1.0
In,0.010723866522312164,0.006394217403391716,1.0
In,0.010893907397985458,0.006395995550611791,1.0
In,0.010942131280899048,0.006397774687065368,1.0
In,0.010952197946608067,0.006399554813578186,1.0
In,0.011045955121517181,0.0064013359309769,1.0
In,0.01115494966506958,0.006403118040089087,1.0
In,0.011218834668397903,0.006404901141743247,1.0
In,0.011238669976592064,0.006406685236768802,1.0
In,0.011244421824812889,0.006408470325996099,1.0
In,0.011300910264253616,0.00641025641025641,1.0
In,0.011306279338896275,0.006412043490381935,1.0
In,0.011341633275151253,0.006413831567205801,1.0
In,0.011419100686907768,0.006415620641562064,1.0
In,0.011423402465879917,0.006417410714285714,1.0
In,0.011528382077813148,0.006419201786212671,1.0
In,0.011590411886572838,0.0064209938581797875,1.0
In,0.01187795028090477,0.006422786931024853,1.0
In,0.011878757737576962,0.006424581005586592,1.0
In,0.011991342529654503,0.006426376082704666,1.0
In,0.011997777968645096,0.006428172163219676,1.0
In,0.012006400153040886,0.006429969247973162,1.0
In,0.012036744505167007,0.006431767337807606,1.0
In,0.012106165289878845,0.0064335664335664336,1.0
In,0.012123160064220428,0.006435366536094013,1.0
In,0.01218676008284092,0.006437167646235657,1.0
In,0.012191611342132092,0.006438969764837626,1.0
In,0.012369407340884209,0.00644077289274713,1.0
In,0.012381359934806824,0.006442577030812325,1.0
In,0.01243281178176403,0.00644438217988232,1.0
In,0.012471292167901993,0.006446188340807175,1.0
In,0.01247582770884037,0.006447995514437903,1.0
In,0.012571431696414948,0.006449803701626472,1.0
In,0.012653053738176823,0.0064516129032258064,1.0
In,0.012705410830676556,0.006453423120089787,1.0
In,0.01271097268909216,0.006455234353073253,1.0
In,0.012858724221587181,0.006457046603032005,1.0
In,0.012888738885521889,0.006458859870822803,1.0
In,0.012891572900116444,0.0064606741573033704,1.0
In,0.012968061491847038,0.006462489463332397,1.0
In,0.013016708195209503,0.006464305789769534,1.0
In,0.013054920360445976,0.006466123137475401,1.0
In,0.013089526444673538,0.0064679415073115865,1.0
In,0.01322051789611578,0.006469760900140647,1.0
In,0.013427581638097763,0.006471581316826111,1.0
In,0.01342782098799944,0.00647340275823248,1.0
In,0.013559027574956417,0.006475225225225225,1.0
In,0.013568038120865822,0.006477048718670797,1.0
In,0.013574644923210144,0.006478873239436619,1.0
In,0.013603581115603447,0.006480698788391096,1.0
In,0.013646053150296211,0.006482525366403607,1.0
In,0.013794572092592716,0.006484352974344516,1.0
In,0.013927449472248554,0.0064861816130851666,1.0
In,0.013972293585538864,0.006488011283497884,1.0
In,0.01406063511967659,0.006489841986455982,1.0
In,0.014228973537683487,0.006491673722833756,1.0
In,0.014238386414945126,0.006493506493506494,1.0
In,0.014253002591431141,0.006495340299350466,1.0
In,0.014314403757452965,0.0064971751412429375,1.0
In,0.014450355432927608,0.0064990110200621645,1.0
In,0.01452524121850729,0.006500847936687394,1.0
In,0.01460077241063118,0.006502685891998869,1.0
In,0.014709831215441227,0.006504524886877828,1.0
In,0.014756202697753906,0.006506364922206506,1.0
In,0.014827955514192581,0.006508205998868138,1.0
In,0.014909809455275536,0.006510048117746957,1.0
In,0.014910951256752014,0.0065118912797281995,1.0
In,0.014911454170942307,0.006513735485698103,1.0
In,0.015263991430401802,0.006515580736543909,1.0
In,0.015374868176877499,0.006517427033153868,1.0
In,0.01545247994363308,0.006519274376417234,1.0
In,0.015478378161787987,0.00652112276722427,1.0
In,0.015494451858103275,0.0065229722064662505,1.0
In,0.01563977263867855,0.006524822695035461,1.0
In,0.015641432255506516,0.0065266742338251985,1.0
In,0.015850672498345375,0.006528526823729776,1.0
In,0.015862582251429558,0.00653038046564452,1.0
In,0.015917541459202766,0.006532235160465777,1.0
In,0.015979334712028503,0.006534090909090909,1.0
In,0.016082677990198135,0.006535947712418301,1.0
In,0.01618773862719536,0.006537805571347356,1.0
In,0.01624377630650997,0.006539664486778504,1.0
In,0.016278183087706566,0.006541524459613196,1.0
In,0.016388481482863426,0.006543385490753912,1.0
In,0.016456497833132744,0.006545247581104155,1.0
In,0.01653621718287468,0.00654711073156846,1.0
In,0.01657102443277836,0.006548974943052392,1.0
In,0.016677865758538246,0.006550840216462546,1.0
In,0.016769565641880035,0.0065527065527065526,1.0
In,0.016878953203558922,0.006554573952693075,1.0
In,0.016920339316129684,0.006556442417331813,1.0
In,0.01692175306379795,0.006558311947533505,1.0
In,0.01710091531276703,0.006560182544209926,1.0
In,0.017124537378549576,0.006562054208273894,1.0
In,0.01712961122393608,0.006563926940639269,1.0
In,0.017184851691126823,0.006565800742220953,1.0
In,0.017279043793678284,0.0065676756139348945,1.0
In,0.01738796941936016,0.006569551556698086,1.0
In,0.017394844442605972,0.006571428571428572,1.0
In,0.017440110445022583,0.006573306659045442,1.0
In,0.01747661456465721,0.0065751858204688395,1.0
In,0.017541376873850822,0.00657706605661996,1.0
In,0.01759200170636177,0.006578947368421052,1.0
In,0.0178285650908947,0.006580829756795422,1.0
In,0.01787007972598076,0.00658271322266743,1.0
In,0.01788380742073059,0.006584597766962496,1.0
In,0.01789357140660286,0.006586483390607102,1.0
In,0.017973551526665688,0.006588370094528788,1.0
In,0.017986703664064407,0.006590257879656161,1.0
In,0.01799039915204048,0.006592146746918888,1.0
In,0.018000967800617218,0.006594036697247707,1.0
In,0.018034590408205986,0.00659592773157442,1.0
In,0.018101917579770088,0.006597819850831899,1.0
In,0.018307426944375038,0.006599713055954089,1.0
In,0.018397044390439987,0.006601607347876005,1.0
In,0.01848943531513214,0.006603502727533735,1.0
In,0.018525928258895874,0.006605399195864446,1.0
In,0.01856864243745804,0.006607296753806378,1.0
In,0.018740804865956306,0.0066091954022988505,1.0
In,0.0189041905105114,0.006611095142282265,1.0
In,0.019000113010406494,0.006612995974698103,1.0
In,0.01911212131381035,0.006614897900488927,1.0
In,0.019123516976833344,0.006616800920598389,1.0
In,0.019241835922002792,0.006618705035971223,1.0
In,0.019249780103564262,0.006620610247553253,1.0
In,0.019300345331430435,0.006622516556291391,1.0
In,0.01931019499897957,0.0066244239631336405,1.0
In,0.0193557757884264,0.006626332469029098,1.0
In,0.019360844045877457,0.006628242074927954,1.0
In,0.019381731748580933,0.006630152781781493,1.0
In,0.019624799489974976,0.0066320645905421,1.0
In,0.019823789596557617,0.006633977502163254,1.0
In,0.019831445068120956,0.006635891517599538,1.0
In,0.019899437204003334,0.006637806637806638,1.0
In,0.01994342729449272,0.0066397228637413395,1.0
In,0.020013634115457535,0.006641640196361536,1.0
In,0.020016159862279892,0.006643558636626227,1.0
In,0.02007422409951687,0.0066454781854955215,1.0
In,0.02011180855333805,0.006647398843930636,1.0
In,0.020196903496980667,0.0066493206128939,1.0
In,0.020269278436899185,0.006651243493348756,1.0
In,0.020316654816269875,0.006653167486259763,1.0
In,0.020391013473272324,0.006655092592592593,1.0
In,0.020456762984395027,0.0066570188133140374,1.0
In,0.02070099301636219,0.006658946149392009,1.0
In,0.020729374140501022,0.00666087460179554,1.0
In,0.020767655223608017,0.006662804171494786,1.0
In,0.02080680802464485,0.006664734859461026,1.0
In,0.020926959812641144,0.006666666666666667,1.0
In,0.02094099298119545,0.006668599594085242,1.0
In,0.020975057035684586,0.006670533642691415,1.0
In,0.021316103637218475,0.006672468813460981,1.0
In,0.02148326300084591,0.006674405107370864,1.0
In,0.021685851737856865,0.006676342525399129,1.0
In,0.021743500605225563,0.006678281068524971,1.0
In,0.021745087578892708,0.006680220737728725,1.0
In,0.021879399195313454,0.006682161533991865,1.0
In,0.02191295102238655,0.0066841034582970065,1.0
In,0.021918252110481262,0.006686046511627907,1.0
In,0.02195371314883232,0.006687990694969468,1.0
In,0.021993586793541908,0.006689936009307737,1.0
In,0.022025881335139275,0.00669188245562991,1.0
In,0.022105250507593155,0.00669383003492433,1.0
In,0.022158971056342125,0.006695778748180495,1.0
In,0.02226831391453743,0.006697728596389051,1.0
In,0.022269830107688904,0.0066996795805418004,1.0
In,0.02229459583759308,0.006701631701631702,1.0
In,0.022381598129868507,0.006703584960652871,1.0
In,0.022500282153487206,0.006705539358600583,1.0
In,0.022509843111038208,0.006707494896471274,1.0
In,0.022539278492331505,0.006709451575262544,1.0
In,0.022557152435183525,0.006711409395973154,1.0
In,0.02257631905376911,0.006713368359603036,1.0
In,0.02266656793653965,0.006715328467153284,1.0
In,0.022813960909843445,0.006717289719626168,1.0
In,0.02289959415793419,0.006719252118025124,1.0
In,0.022920869290828705,0.0067212156633547635,1.0
In,0.023005440831184387,0.006723180356620871,1.0
In,0.023141857236623764,0.006725146198830409,1.0
In,0.023144299164414406,0.006727113190991518,1.0
In,0.023241395130753517,0.006729081334113517,1.0
In,0.02326466143131256,0.006731050629206907,1.0
In,0.023303328081965446,0.006733021077283372,1.0
In,0.02335994690656662,0.006734992679355783,1.0
In,0.023447813466191292,0.006736965436438196,1.0
In,0.023529477417469025,0.006738939349545854,1.0
In,0.023645900189876556,0.006740914419695193,1.0
In,0.023704586550593376,0.0067428906479038405,1.0
In,0.023759599775075912,0.006744868035190616,1.0
In,0.023866400122642517,0.0067468465825755355,1.0
In,0.023876551538705826,0.0067488262910798125,1.0
In,0.02390902116894722,0.0067508071617258586,1.0
In,0.024076171219348907,0.006752789195537287,1.0
In,0.02419600635766983,0.006754772393538913,1.0
In,0.024261480197310448,0.006756756756756757,1.0
In,0.024319199845194817,0.006758742286218043,1.0
In,0.02436128258705139,0.006760728982951205,1.0
In,0.024393852800130844,0.006762716847985887,1.0
In,0.024420810863375664,0.006764705882352941,1.0
In,0.02443484030663967,0.006472491909385114,0.9565217391304348
In,0.024449173361063004,0.006474396703943496,0.9565217391304348
In,0.024472948163747787,0.006476302619958787,0.9565217391304348
In,0.024585263803601265,0.006478209658421673,0.9565217391304348
In,0.02459348551928997,0.006480117820324006,0.9565217391304348
In,0.02459460124373436,0.00648202710665881,0.9565217391304348
In,0.024599222466349602,0.006483937518420277,0.9565217391304348
In,0.02461845614016056,0.006485849056603774,0.9565217391304348
In,0.024809805676341057,0.006487761722205839,0.9565217391304348
In,0.024818992242217064,0.006489675516224189,0.9565217391304348
In,0.02485916018486023,0.006491590439657716,0.9565217391304348
In,0.02500152215361595,0.006493506493506494,0.9565217391304348
In,0.025205571204423904,0.006495423678771774,0.9565217391304348
In,0.02532183937728405,0.006497341996455995,0.9565217391304348
In,0.02534041553735733,0.006499261447562777,0.9565217391304348
In,0.025352582335472107,0.0065011820330969266,0.9565217391304348
In,0.02546987682580948,0.00650310375406444,0.9565217391304348
In,0.02547822892665863,0.006505026611472502,0.9565217391304348
In,0.025506339967250824,0.006506950606329488,0.9565217391304348
In,0.02552032843232155,0.00650887573964497,0.9565217391304348
In,0.025598697364330292,0.006510802012429713,0.9565217391304348
In,0.025613725185394287,0.006512729425695678,0.9565217391304348
In,0.025620590895414352,0.006514657980456026,0.9565217391304348
In,0.025643281638622284,0.006516587677725118,0.9565217391304348
In,0.025644201785326004,0.006518518518518518,0.9565217391304348
In,0.025646410882472992,0.006520450503852994,0.9565217391304348
In,0.025710370391607285,0.006522383634746516,0.9565217391304348
In,0.025759324431419373,0.006524317912218268,0.9565217391304348
In,0.025830227881669998,0.006526253337288638,0.9565217391304348
In,0.025887060910463333,0.006528189910979229,0.9565217391304348
In,0.025905288755893707,0.006530127634312852,0.9565217391304348
In,0.025944363325834274,0.006532066508313539,0.9565217391304348
In,0.025986455380916595,0.006534006534006534,0.9565217391304348
In,0.026028478518128395,0.006535947712418301,0.9565217391304348
In,0.026089202612638474,0.006537890044576523,0.9565217391304348
In,0.026099450886249542,0.006539833531510107,0.9565217391304348
In,0.026169516146183014,0.006541778174249183,0.9565217391304348
In,0.026228981092572212,0.006543723973825104,0.9565217391304348
In,0.026373891159892082,0.006545670931270455,0.9565217391304348
In,0.02643420547246933,0.006547619047619048,0.9565217391304348
In,0.02644984982907772,0.006549568323905924,0.9565217391304348
In,0.026471896097064018,0.006551518761167362,0.9565217391304348
In,0.02654774859547615,0.0065534703604408695,0.9565217391304348
In,0.026566749438643456,0.006555423122765197,0.9565217391304348
In,0.026622124016284943,0.006557377049180328,0.9565217391304348
In,0.026645880192518234,0.00655933214072749,0.9565217391304348
In,0.02677002176642418,0.00656128839844915,0.9565217391304348
In,0.026838624849915504,0.0065632458233890216,0.9565217391304348
In,0.026993336156010628,0.006565204416592062,0.9565217391304348
In,0.02711271122097969,0.006567164179104477,0.9565217391304348
In,0.02712421864271164,0.006569125111973723,0.9565217391304348
In,0.027140997350215912,0.006571087216248507,0.9565217391304348
In,0.027594324201345444,0.006573050492978787,0.9565217391304348
In,0.027651755139231682,0.00657501494321578,0.9565217391304348
In,0.027679188176989555,0.006576980568011958,0.9565217391304348
In,0.027715155854821205,0.006578947368421052,0.9565217391304348
In,0.027744818478822708,0.006580915345498056,0.9565217391304348
In,0.027905993163585663,0.006582884500299222,0.9565217391304348
In,0.027927279472351074,0.006584854833882071,0.9565217391304348
In,0.027950046584010124,0.006586826347305389,0.9565217391304348
In,0.02814619243144989,0.006588799041629231,0.9565217391304348
In,0.028169844299554825,0.006590772917914919,0.9565217391304348
In,0.028336182236671448,0.006592747977225052,0.9565217391304348
In,0.02836519666016102,0.006594724220623501,0.9565217391304348
In,0.028527043759822845,0.006596701649175412,0.9565217391304348
In,0.028546681627631187,0.0065986802639472104,0.9565217391304348
In,0.028608132153749466,0.006600660066006601,0.9565217391304348
In,0.028644442558288574,0.006602641056422569,0.9565217391304348
In,0.028646374121308327,0.006604623236265386,0.9565217391304348
In,0.028742939233779907,0.006606606606606606,0.9565217391304348
In,0.028763342648744583,0.006608591168519075,0.9565217391304348
In,0.028836417943239212,0.006610576923076923,0.9565217391304348
In,0.02884877659380436,0.0066125638713555755,0.9565217391304348
In,0.028939519077539444,0.00661455201443175,0.9565217391304348
In,0.029047783464193344,0.006616541353383459,0.9565217391304348
In,0.029109520837664604,0.006618531889290012,0.9565217391304348
In,0.029127957299351692,0.0066205236232320195,0.9565217391304348
In,0.029162967577576637,0.006622516556291391,0.9565217391304348
In,0.02918815426528454,0.00662451068955134,0.9565217391304348
In,0.02924695611000061,0.006626506024096385,0.9565217391304348
In,0.02928541600704193,0.006628502561012353,0.9565217391304348
In,0.02934139594435692,0.006630500301386378,0.9565217391304348
In,0.029370181262493134,0.006632499246306904,0.9565217391304348
In,0.02944612130522728,0.0066344993968636915,0.9565217391304348
In,0.029560919851064682,0.006636500754147813,0.9565217391304348
In,0.029589250683784485,0.006638503319251659,0.9565217391304348
In,0.02970629371702671,0.006640507093268941,0.9565217391304348
In,0.029810592532157898,0.006642512077294686,0.9565217391304348
In,0.02993631549179554,0.006644518272425249,0.9565217391304348
In,0.029948430135846138,0.006646525679758308,0.9565217391304348
In,0.02998856082558632,0.006648534300392868,0.9565217391304348
In,0.029997171834111214,0.006650544135429262,0.9565217391304348
In,0.030007846653461456,0.006652555185969156,0.9565217391304348
In,0.030076486989855766,0.006654567453115548,0.9565217391304348
In,0.03013468347489834,0.0066565809379727685,0.9565217391304348
In,0.03023815155029297,0.006658595641646489,0.9565217391304348
In,0.03025711327791214,0.006660611565243718,0.9565217391304348
In,0.03028624877333641,0.006662628709872804,0.9565217391304348
In,0.030364973470568657,0.006664647076643442,0.9565217391304348
In,0.030409250408411026,0.006666666666666667,0.9565217391304348
In,0.030508477240800858,0.006668687481054865,0.9565217391304348
In,0.030539441853761673,0.0066707095209217705,0.9565217391304348
In,0.030573073774576187,0.006672732787382469,0.9565217391304348
In,0.030678078532218933,0.006674757281553398,0.9565217391304348
In,0.0308028906583786,0.006676783004552352,0.9565217391304348
In,0.030833370983600616,0.006678809957498482,0.9565217391304348
In,0.031080175191164017,0.006680838141512299,0.9565217391304348
In,0.03108242340385914,0.006682867557715674,0.9565217391304348
In,0.031091660261154175,0.006684898207231844,0.9565217391304348
In,0.031128322705626488,0.006686930091185411,0.9565217391304348
In,0.03114756941795349,0.006688963210702341,0.9565217391304348
In,0.031227638944983482,0.006690997566909975,0.9565217391304348
In,0.031249962747097015,0.006693033160937024,0.9565217391304348
In,0.03126877546310425,0.006695069993913573,0.9565217391304348
In,0.03139001131057739,0.006697108066971081,0.9565217391304348
In,0.03145245462656021,0.006699147381242387,0.9565217391304348
In,0.03149070218205452,0.006701187937861712,0.9565217391304348
In,0.031575608998537064,0.006703229737964655,0.9565217391304348
In,0.03170078620314598,0.006705272782688205,0.9565217391304348
In,0.031802691519260406,0.006707317073170732,0.9565217391304348
In,0.032087862491607666,0.006709362610551998,0.9565217391304348
In,0.032141316682100296,0.006711409395973154,0.9565217391304348
In,0.032168641686439514,0.006713457430576747,0.9565217391304348
In,0.032209329307079315,0.006715506715506716,0.9565217391304348
In,0.03225746378302574,0.006717557251908397,0.9565217391304348
In,0.03229045495390892,0.006719609040928528,0.9565217391304348
In,0.03247446194291115,0.006721662083715246,0.9565217391304348
In,0.032536424696445465,0.006723716381418093,0.9565217391304348
In,0.03254631534218788,0.006725771935188016,0.9565217391304348
In,0.032582588493824005,0.00672782874617737,0.9565217391304348
In,0.0326371043920517,0.00672988681553992,0.9565217391304348
In,0.03264108672738075,0.006731946144430845,0.9565217391304348
In,0.03268880397081375,0.006734006734006734,0.9565217391304348
In,0.03284274414181709,0.006736068585425597,0.9565217391304348
In,0.03307249769568443,0.006738131699846861,0.9565217391304348
In,0.03311217576265335,0.006740196078431373,0.9565217391304348
In,0.03316295146942139,0.006742261722341404,0.9565217391304348
In,0.03321734815835953,0.00674432863274065,0.9565217391304348
In,0.03327692300081253,0.006746396810794235,0.9565217391304348
In,0.03328266367316246,0.006748466257668712,0.9565217391304348
In,0.03328850865364075,0.006750536974532065,0.9565217391304348
In,0.033415041863918304,0.006752608962553714,0.9565217391304348
In,0.03346371278166771,0.006754682222904513,0.9565217391304348
In,0.03351522609591484,0.006756756756756757,0.9565217391304348
In,0.033546172082424164,0.006758832565284178,0.9565217391304348
In,0.03360380232334137,0.006760909649661954,0.9565217391304348
In,0.033770304173231125,0.006762988011066708,0.9565217391304348
In,0.03380131348967552,0.006765067650676507,0.9565217391304348
In,0.03383879363536835,0.00676714856967087,0.9565217391304348
In,0.03434060141444206,0.00676923076923077,0.9565217391304348
In,0.034359756857156754,0.006771314250538628,0.9565217391304348
In,0.03449631109833717,0.0067733990147783255,0.9565217391304348
In,0.034512344747781754,0.006775485063135201,0.9565217391304348
In,0.03465291112661362,0.006777572396796057,0.9565217391304348
In,0.0346674770116806,0.006779661016949152,0.9565217391304348
In,0.034716151654720306,0.006781750924784217,0.9565217391304348
In,0.03481529280543327,0.0067838421214924454,0.9565217391304348
In,0.03485395386815071,0.006785934608266502,0.9565217391304348
In,0.03493475914001465,0.006788028386300524,0.9565217391304348
In,0.035032812505960464,0.006790123456790123,0.9565217391304348
In,0.03503654524683952,0.006792219820932387,0.9565217391304348
In,0.03504886478185654,0.0067943174799258805,0.9565217391304348
In,0.03507184237241745,0.006796416434970652,0.9565217391304348
In,0.03509460389614105,0.006798516687268232,0.9565217391304348
In,0.035126060247421265,0.0068006182380216385,0.9565217391304348
In,0.0351642370223999,0.006802721088435374,0.9565217391304348
In,0.03526405245065689,0.006804825239715435,0.9565217391304348
In,0.03538818284869194,0.006806930693069307,0.9565217391304348
In,0.03542031720280647,0.006809037449705973,0.9565217391304348
In,0.03552265465259552,0.006811145510835914,0.9565217391304348
In,0.03554825112223625,0.006813254877671105,0.9565217391304348
In,0.035599321126937866,0.006815365551425031,0.9565217391304348
In,0.03562917932868004,0.006817477533312674,0.9565217391304348
In,0.03569364920258522,0.006819590824550527,0.9565217391304348
In,0.03577201068401337,0.006821705426356589,0.9565217391304348
In,0.03591301664710045,0.006823821339950372,0.9565217391304348
In,0.03601105883717537,0.006825938566552901,0.9565217391304348
In,0.03604958951473236,0.006828057107386716,0.9565217391304348
In,0.03605908900499344,0.006830176963675877,0.9565217391304348
In,0.0360884927213192,0.0068322981366459624,0.9565217391304348
In,0.03615392744541168,0.006834420627524076,0.9565217391304348
In,0.03628576546907425,0.006836544437538844,0.9565217391304348
In,0.03631042689085007,0.006838669567920423,0.9565217391304348
In,0.03635544702410698,0.006840796019900498,0.9565217391304348
In,0.036381252110004425,0.006842923794712286,0.9565217391304348
In,0.036464206874370575,0.006845052893590542,0.9565217391304348
In,0.03651001304388046,0.006847183317771553,0.9565217391304348
In,0.036544788628816605,0.00684931506849315,0.9565217391304348
In,0.036717601120471954,0.006851448146994706,0.9565217391304348
In,0.03671926259994507,0.006853582554517134,0.9565217391304348
In,0.036738693714141846,0.006855718292302898,0.9565217391304348
In,0.03685306757688522,0.00685785536159601,0.9565217391304348
In,0.03700478747487068,0.006859993763642033,0.9565217391304348
In,0.037047386169433594,0.006862133499688085,0.9565217391304348
In,0.03707972168922424,0.006864274570982839,0.9565217391304348
In,0.037222251296043396,0.00686641697877653,0.9565217391304348
In,0.03746882081031799,0.006868560724320949,0.9565217391304348
In,0.037576861679553986,0.006870705808869456,0.9565217391304348
In,0.03764187544584274,0.006872852233676976,0.9565217391304348
In,0.037733472883701324,0.006875,0.9565217391304348
In,0.03782259672880173,0.006877149109096593,0.9565217391304348
In,0.03802034258842468,0.0068792995622263915,0.9565217391304348
In,0.03803076967597008,0.00688145136065061,0.9565217391304348
In,0.038152847439050674,0.00688360450563204,0.9565217391304348
In,0.03816486895084381,0.006885758998435055,0.9565217391304348
In,0.03818795457482338,0.0068879148403256105,0.9565217391304348
In,0.03835581988096237,0.006890072032571249,0.9565217391304348
In,0.03836031258106232,0.006892230576441102,0.9565217391304348
In,0.03839708864688873,0.006894390473205891,0.9565217391304348
In,0.03853044658899307,0.006896551724137931,0.9565217391304348
In,0.03867574781179428,0.006898714330511132,0.9565217391304348
In,0.03874840587377548,0.006900878293601004,0.9565217391304348
In,0.038753628730773926,0.006903043614684657,0.9565217391304348
In,0.038853731006383896,0.006905210295040804,0.9565217391304348
In,0.038975175470113754,0.006907378335949764,0.9565217391304348
In,0.03899739310145378,0.006909547738693468,0.9565217391304348
In,0.039172496646642685,0.006911718504555451,0.9565217391304348
In,0.039191506803035736,0.0069138906348208675,0.9565217391304348
In,0.03920622915029526,0.0069160641307764855,0.9565217391304348
In,0.03925158083438873,0.006918238993710692,0.9565217391304348
In,0.039363794028759,0.006920415224913495,0.9565217391304348
In,0.0394071489572525,0.006922592825676526,0.9565217391304348
In,0.039547402411699295,0.006924771797293044,0.9565217391304348
In,0.03967577964067459,0.0069269521410579345,0.9565217391304348
In,0.0396852046251297,0.006929133858267717,0.9565217391304348
In,0.039832666516304016,0.006931316950220542,0.9565217391304348
In,0.03992559015750885,0.006933501418216199,0.9565217391304348
In,0.04023612663149834,0.0069356872635561164,0.9565217391304348
In,0.04028782248497009,0.006937874487543362,0.9565217391304348
In,0.0403757207095623,0.00694006309148265,0.9565217391304348
In,0.04047306254506111,0.006942253076680341,0.9565217391304348
In,0.0404815636575222,0.006944444444444444,0.9565217391304348
In,0.040554601699113846,0.006946637196084623,0.9565217391304348
In,0.04064144566655159,0.006948831332912192,0.9565217391304348
In,0.04064963757991791,0.0069510268562401265,0.9565217391304348
In,0.04071702063083649,0.00695322376738306,0.9565217391304348
In,0.04074773192405701,0.006955422067657287,0.9565217391304348
In,0.0409119576215744,0.006957621758380772,0.9565217391304348
In,0.040999460965394974,0.006959822840873141,0.9565217391304348
In,0.04101266711950302,0.006962025316455696,0.9565217391304348
In,0.04105335474014282,0.006964229186451409,0.9565217391304348
In,0.041085582226514816,0.006966434452184927,0.9565217391304348
In,0.041162218898534775,0.006968641114982578,0.9565217391304348
In,0.04124157130718231,0.00697084917617237,0.9565217391304348
In,0.041398435831069946,0.006973058637083994,0.9565217391304348
In,0.04151922091841698,0.006975269499048827,0.9565217391304348
In,0.041543781757354736,0.006977481763399937,0.9565217391304348
In,0.041714951395988464,0.006979695431472081,0.9565217391304348
In,0.04189375415444374,0.006981910504601714,0.9565217391304348
In,0.041914746165275574,0.006984126984126984,0.9565217391304348
In,0.04198579862713814,0.006986344871387742,0.9565217391304348
In,0.04205969348549843,0.00698856416772554,0.9565217391304348
In,0.04211794584989548,0.0069907848744836356,0.9565217391304348
In,0.04213327914476395,0.006993006993006993,0.9565217391304348
In,0.04217468574643135,0.0069952305246422895,0.9565217391304348
In,0.042237717658281326,0.006997455470737914,0.9565217391304348
In,0.04254679009318352,0.006999681832643971,0.9565217391304348
In,0.042659491300582886,0.007001909611712286,0.9565217391304348
In,0.04268091917037964,0.0070041388092964025,0.9565217391304348
In,0.04270978644490242,0.0070063694267515925,0.9565217391304348
In,0.042870763689279556,0.007008601465434852,0.9565217391304348
In,0.04288429021835327,0.007010834926704908,0.9565217391304348
In,0.04289008304476738,0.007013069811922219,0.9565217391304348
In,0.042941540479660034,0.00701530612244898,0.9565217391304348
In,0.043211739510297775,0.007017543859649123,0.9565217391304348
In,0.04323102906346321,0.007019783024888321,0.9565217391304348
In,0.04330917447805405,0.007022023619533993,0.9565217391304348
In,0.04346494749188423,0.0070242656449553,0.9565217391304348
In,0.04353100806474686,0.007026509102523155,0.9565217391304348
In,0.04358407482504845,0.007028753993610224,0.9565217391304348
In,0.04360624775290489,0.007031000319590924,0.9565217391304348
In,0.04377668350934982,0.007033248081841432,0.9565217391304348
In,0.04389834776520729,0.007035497281739686,0.9565217391304348
In,0.04400161653757095,0.007037747920665387,0.9565217391304348
In,0.04401759058237076,0.00704,0.9565217391304348
In,0.04435693845152855,0.007042253521126761,0.9565217391304348
In,0.04439308121800423,0.007044508485430675,0.9565217391304348
In,0.044569917023181915,0.007046764894298526,0.9565217391304348
In,0.044659607112407684,0.007049022749118872,0.9565217391304348
In,0.04476311057806015,0.007051282051282051,0.9565217391304348
In,0.0449429526925087,0.007053542802180186,0.9565217391304348
In,0.044963251799345016,0.007055805003207184,0.9565217391304348
In,0.04496755823493004,0.007058068655758742,0.9565217391304348
In,0.04499068856239319,0.007060333761232349,0.9565217391304348
In,0.04500684514641762,0.007062600321027288,0.9565217391304348
In,0.04501570388674736,0.007064868336544637,0.9565217391304348
In,0.045015715062618256,0.007067137809187279,0.9565217391304348
In,0.04501725360751152,0.007069408740359897,0.9565217391304348
In,0.04505002126097679,0.007071681131468981,0.9565217391304348
In,0.045084770768880844,0.00707395498392283,0.9565217391304348
In,0.04510863497853279,0.007076230299131554,0.9565217391304348
In,0.04512392356991768,0.007078507078507079,0.9565217391304348
In,0.04518973082304001,0.007080785323463148,0.9565217391304348
In,0.045241471379995346,0.0070830650354153256,0.9565217391304348
In,0.04527030512690544,0.007085346215780998,0.9565217391304348
In,0.04543297737836838,0.007087628865979381,0.9565217391304348
In,0.04544151574373245,0.007089912987431518,0.9565217391304348
In,0.04573972895741463,0.0070921985815602835,0.9565217391304348
In,0.045814234763383865,0.00709448564979039,0.9565217391304348
In,0.04587513580918312,0.0070967741935483875,0.9565217391304348
In,0.046055957674980164,0.007099064214262665,0.9565217391304348
In,0.04615224525332451,0.0071013557133634605,0.9565217391304348
In,0.04625203460454941,0.007103648692282854,0.9565217391304348
In,0.0470227375626564,0.0071059431524547806,0.9565217391304348
In,0.04703468456864357,0.007108239095315024,0.9565217391304348
In,0.04712739586830139,0.007110536522301228,0.9565217391304348
In,0.04715251550078392,0.007112835434852894,0.9565217391304348
In,0.04719676822423935,0.0071151358344113845,0.9565217391304348
In,0.04723082482814789,0.0071174377224199285,0.9565217391304348
In,0.04724286496639252,0.007119741100323625,0.9565217391304348
In,0.047455139458179474,0.00712204596956944,0.9565217391304348
In,0.04756925627589226,0.007124352331606218,0.9565217391304348
In,0.04761907458305359,0.007126660187884677,0.9565217391304348
In,0.04767687991261482,0.007128969539857421,0.9565217391304348
In,0.04772487282752991,0.00713128038897893,0.9565217391304348
In,0.04775635898113251,0.007133592736705577,0.9565217391304348
In,0.047771502286195755,0.007135906584495621,0.9565217391304348
In,0.04777912423014641,0.007138221933809215,0.9565217391304348
In,0.047781091183423996,0.007140538786108407,0.9565217391304348
In,0.04826103150844574,0.007142857142857143,0.9565217391304348
In,0.04826792702078819,0.0071451770055212735,0.9565217391304348
In,0.04829578101634979,0.007147498375568551,0.9565217391304348
In,0.048305656760931015,0.007149821254468639,0.9565217391304348
In,0.048612214624881744,0.007152145643693108,0.9565217391304348
In,0.048917222768068314,0.007154471544715447,0.9565217391304348
In,0.048930324614048004,0.0071567989590110605,0.9565217391304348
In,0.04905214160680771,0.007159127888057273,0.9565217391304348
In,0.04917151853442192,0.007161458333333333,0.9565217391304348
In,0.049203041940927505,0.007163790296320417,0.9565217391304348
In,0.04950743168592453,0.0071661237785016286,0.9565217391304348
In,0.04962236434221268,0.007168458781362007,0.9565217391304348
In,0.04971742630004883,0.007170795306388526,0.9565217391304348
In,0.04976055398583412,0.007173133355070101,0.9565217391304348
In,0.04981274902820587,0.007175472928897586,0.9565217391304348
In,0.049862176179885864,0.007177814029363785,0.9565217391304348
In,0.05004986748099327,0.007180156657963447,0.9565217391304348
In,0.05012216418981552,0.007182500816193275,0.9565217391304348
In,0.05020177364349365,0.007184846505551927,0.9565217391304348
In,0.05034991726279259,0.007187193727540019,0.9565217391304348
In,0.05040355771780014,0.00718954248366013,0.9565217391304348
In,0.05044248700141907,0.007191892775416803,0.9565217391304348
In,0.05052000284194946,0.007194244604316547,0.9565217391304348
In,0.05064765363931656,0.007196597971867844,0.9565217391304348
In,0.05077258497476578,0.007198952879581152,0.9565217391304348
In,0.050832994282245636,0.007201309328968904,0.9565217391304348
In,0.051269520074129105,0.007203667321545514,0.9565217391304348
In,0.051495835185050964,0.007206026858827383,0.9565217391304348
In,0.051662445068359375,0.007208387942332897,0.9565217391304348
In,0.05168062821030617,0.007210750573582432,0.9565217391304348
In,0.0517185814678669,0.007213114754098361,0.9565217391304348
In,0.05190039426088333,0.007215480485405051,0.9565217391304348
In,0.051978856325149536,0.007217847769028871,0.9565217391304348
In,0.052467331290245056,0.007220216606498195,0.9565217391304348
In,0.052502598613500595,0.007222586999343401,0.9565217391304348
In,0.05266984924674034,0.00722495894909688,0.9565217391304348
In,0.052719153463840485,0.007227332457293035,0.9565217391304348
In,0.05300047621130943,0.007229707525468288,0.9565217391304348
In,0.053163714706897736,0.007232084155161078,0.9565217391304348
In,0.05348537489771843,0.007234462347911871,0.9565217391304348
In,0.053675729781389236,0.007236842105263158,0.9565217391304348
In,0.053819142282009125,0.007239223428759461,0.9565217391304348
In,0.05386369675397873,0.007241606319947334,0.9565217391304348
In,0.05392320081591606,0.007243990780375371,0.9565217391304348
In,0.05400022864341736,0.007246376811594203,0.9565217391304348
In,0.05441820248961449,0.007248764415156508,0.9565217391304348
In,0.054457493126392365,0.007251153592617007,0.9565217391304348
In,0.05445895344018936,0.007253544345532476,0.9565217391304348
In,0.05447504669427872,0.007255936675461741,0.9565217391304348
In,0.05464251711964607,0.007258330583965688,0.9565217391304348
In,0.05479681119322777,0.007260726072607261,0.9565217391304348
In,0.05507297441363335,0.007263123142951469,0.9565217391304348
In,0.05518753454089165,0.00726552179656539,0.9565217391304348
In,0.055703356862068176,0.00726792203501817,0.9565217391304348
In,0.055747389793395996,0.007270323859881031,0.9565217391304348
In,0.05598137527704239,0.007272727272727273,0.9565217391304348
In,0.05611347034573555,0.007275132275132275,0.9565217391304348
In,0.05620310828089714,0.007277538868673503,0.9565217391304348
In,0.05630732327699661,0.00727994705493051,0.9565217391304348
In,0.0565221942961216,0.007282356835484938,0.9565217391304348
In,0.056773602962493896,0.00728476821192053,0.9565217391304348
In,0.05687298998236656,0.00728718118582312,0.9565217391304348
In,0.05701180920004845,0.00728959575878065,0.9565217391304348
In,0.057075344026088715,0.007292011932383162,0.9565217391304348
In,0.057304419577121735,0.007294429708222812,0.9565217391304348
In,0.05768745020031929,0.007296849087893864,0.9565217391304348
In,0.05769016966223717,0.0072992700729927005,0.9565217391304348
In,0.05798669904470444,0.007301692665117823,0.9565217391304348
In,0.058016370981931686,0.0073041168658698535,0.9565217391304348
In,0.05811798572540283,0.0073065426768515445,0.9565217391304348
In,0.05846824869513512,0.007308970099667774,0.9565217391304348
In,0.05864878371357918,0.007311399135925557,0.9565217391304348
In,0.058993369340896606,0.007313829787234043,0.9565217391304348
In,0.059440527111291885,0.007316262055204523,0.9565217391304348
In,0.059654489159584045,0.007318695941450432,0.9565217391304348
In,0.05978735536336899,0.007321131447587354,0.9565217391304348
In,0.059981875121593475,0.007323568575233023,0.9565217391304348
In,0.060048844665288925,0.007326007326007326,0.9565217391304348
In,0.06012789160013199,0.0073284477015323115,0.9565217391304348
In,0.06049938127398491,0.007330889703432189,0.9565217391304348
In,0.06088843196630478,0.007333333333333333,0.9565217391304348
In,0.061094678938388824,0.007335778592864288,0.9565217391304348
In,0.06148502975702286,0.00733822548365577,0.9565217391304348
In,0.061559371650218964,0.007340674007340674,0.9565217391304348
In,0.06176510453224182,0.007343124165554072,0.9565217391304348
In,0.061819106340408325,0.007345575959933222,0.9565217391304348
In,0.061995767056941986,0.007348029392117568,0.9565217391304348
In,0.062090545892715454,0.007350484463748747,0.9565217391304348
In,0.062131837010383606,0.007352941176470588,0.9565217391304348
In,0.062362976372241974,0.007355399531929121,0.9565217391304348
In,0.062412019819021225,0.007357859531772575,0.9565217391304348
In,0.06245596706867218,0.007360321177651389,0.9565217391304348
In,0.06258437037467957,0.007362784471218206,0.9565217391304348
In,0.0626080110669136,0.007365249414127887,0.9565217391304348
In,0.06260929256677628,0.007367716008037508,0.9565217391304348
In,0.06261266767978668,0.007370184254606365,0.9565217391304348
In,0.06284169852733612,0.007372654155495978,0.9565217391304348
In,0.06287644803524017,0.0073751257123700975,0.9565217391304348
In,0.06291921436786652,0.007377598926894702,0.9565217391304348
In,0.06300662457942963,0.007380073800738007,0.9565217391304348
In,0.0631384328007698,0.00738255033557047,0.9565217391304348
In,0.0634162425994873,0.007385028533064787,0.9565217391304348
In,0.06341751664876938,0.007387508394895903,0.9565217391304348
In,0.06407389789819717,0.007389989922741014,0.9565217391304348
In,0.0642324909567833,0.00739247311827957,0.9565217391304348
In,0.06430070102214813,0.007394957983193277,0.9565217391304348
In,0.06454704701900482,0.007397444519166106,0.9565217391304348
In,0.06544414162635803,0.007399932727884292,0.9565217391304348
In,0.06553221493959427,0.007402422611036339,0.9565217391304348
In,0.06571374088525772,0.007404914170313026,0.9565217391304348
In,0.06582565605640411,0.007407407407407408,0.9565217391304348
In,0.06629493087530136,0.00740990232401482,0.9565217391304348
In,0.0663454532623291,0.007412398921832884,0.9565217391304348
In,0.06637813150882721,0.00741489720256151,0.9565217391304348
In,0.06647647172212601,0.007417397167902899,0.9565217391304348
In,0.06658583879470825,0.007419898819561552,0.9565217391304348
In,0.06659086048603058,0.007422402159244264,0.9565217391304348
In,0.06695357710123062,0.007424907188660142,0.9565217391304348
In,0.06696166843175888,0.007427413909520594,0.9565217391304348
In,0.06712821125984192,0.007429922323539345,0.9565217391304348
In,0.06726539134979248,0.007432432432432433,0.9565217391304348
In,0.06749583035707474,0.007434944237918215,0.9565217391304348
In,0.06770578026771545,0.0074374577417173765,0.9565217391304348
In,0.06787732988595963,0.0074399729455529254,0.9565217391304348
In,0.06798949092626572,0.007442489851150203,0.9565217391304348
In,0.06803464889526367,0.007445008460236886,0.9565217391304348
In,0.06814469397068024,0.007447528774542992,0.9565217391304348
In,0.06824176758527756,0.007450050795800881,0.9565217391304348
In,0.06834658980369568,0.007452574525745257,0.9565217391304348
In,0.06859907507896423,0.007455099966113182,0.9565217391304348
In,0.0687200129032135,0.007457627118644068,0.9565217391304348
In,0.06891898065805435,0.007460155985079688,0.9565217391304348
In,0.0691666454076767,0.007462686567164179,0.9565217391304348
In,0.06928453594446182,0.007465218866644045,0.9565217391304348
In,0.06940395385026932,0.00746775288526816,0.9565217391304348
In,0.06986000388860703,0.007470288624787776,0.9565217391304348
In,0.0716615542769432,0.007472826086956522,0.9565217391304348
In,0.07185357064008713,0.007475365273530411,0.9565217391304348
In,0.07231797277927399,0.007477906186267845,0.9565217391304348
In,0.07254823297262192,0.007480448826929616,0.9565217391304348
In,0.07295902073383331,0.007482993197278911,0.9565217391304348
In,0.07328296452760696,0.00748553929908132,0.9565217391304348
In,0.07337753474712372,0.007488087134104833,0.9565217391304348
In,0.07359454780817032,0.00749063670411985,0.9565217391304348
In,0.07362721860408783,0.007493188010899182,0.9565217391304348
In,0.0738326907157898,0.007495741056218058,0.9565217391304348
In,0.07431311905384064,0.007498295841854124,0.9565217391304348
In,0.07438614219427109,0.007500852369587453,0.9565217391304348
In,0.07466451078653336,0.007503410641200546,0.9565217391304348
In,0.07482906430959702,0.007505970658478335,0.9565217391304348
In,0.0754733681678772,0.007508532423208191,0.9565217391304348
In,0.07591023296117783,0.0075110959371799246,0.9565217391304348
In,0.07591886818408966,0.007513661202185792,0.9565217391304348
In,0.07633106410503387,0.007516228220020499,0.9565217391304348
In,0.07638749480247498,0.007518796992481203,0.9565217391304348
In,0.07667986303567886,0.007521367521367521,0.9565217391304348
In,0.07671357691287994,0.007523939808481532,0.9565217391304348
In,0.0768931657075882,0.00752651385562778,0.9565217391304348
In,0.07704056054353714,0.007529089664613279,0.9565217391304348
In,0.07738947123289108,0.007531667237247518,0.9565217391304348
In,0.0775054395198822,0.007534246575342466,0.9565217391304348
In,0.07772869616746902,0.0075368276807125725,0.9565217391304348
In,0.07799223065376282,0.0075394105551747775,0.9565217391304348
In,0.07826638221740723,0.0075419952005485085,0.9565217391304348
In,0.07856021076440811,0.0075445816186556925,0.9565217391304348
In,0.07857920974493027,0.007547169811320755,0.9565217391304348
In,0.07877066731452942,0.0075497597803706245,0.9565217391304348
In,0.0790264829993248,0.007552351527634741,0.9565217391304348
In,0.07908027619123459,0.007554945054945055,0.9565217391304348
In,0.0791545882821083,0.007557540364136035,0.9565217391304348
In,0.07915501296520233,0.007560137457044674,0.9565217391304348
In,0.07938252389431,0.0075627363355104844,0.9565217391304348
In,0.07944290339946747,0.007565337001375516,0.9565217391304348
In,0.07980847358703613,0.007567939456484348,0.9565217391304348
In,0.08055520802736282,0.007570543702684102,0.9565217391304348
In,0.08081521093845367,0.007573149741824441,0.9565217391304348
In,0.0809018462896347,0.007575757575757576,0.9565217391304348
In,0.08177131414413452,0.007578367206338271,0.9565217391304348
In,0.08224847167730331,0.007580978635423846,0.9565217391304348
In,0.08281471580266953,0.007583591864874182,0.9565217391304348
In,0.08292256295681,0.007586206896551724,0.9565217391304348
In,0.0830455794930458,0.0075888237323214905,0.9565217391304348
In,0.08314341306686401,0.00759144237405107,0.9565217391304348
In,0.08319444954395294,0.0075940628236106315,0.9565217391304348
In,0.08367947489023209,0.007596685082872928,0.9565217391304348
In,0.08379408717155457,0.0075993091537132984,0.9565217391304348
In,0.08382558077573776,0.007601935038009675,0.9565217391304348
In,0.08425974100828171,0.0076045627376425855,0.9565217391304348
In,0.08456473052501678,0.007607192254495159,0.9565217391304348
In,0.08458757400512695,0.007609823590453131,0.9565217391304348
In,0.08469358831644058,0.007612456747404845,0.9565217391304348
In,0.08521275967359543,0.00761509172724126,0.9565217391304348
In,0.08563446998596191,0.007617728531855956,0.9565217391304348
In,0.08569762110710144,0.007620367163145133,0.9565217391304348
In,0.08591783791780472,0.007623007623007623,0.9565217391304348
In,0.08598002046346664,0.0076256499133448875,0.9565217391304348
In,0.0861801952123642,0.0076282940360610264,0.9565217391304348
In,0.08653780817985535,0.007630939993062782,0.9565217391304348
In,0.08654764294624329,0.007633587786259542,0.9565217391304348
In,0.08664810657501221,0.0076362374175633465,0.9565217391304348
In,0.08690854907035828,0.007638888888888889,0.9565217391304348
In,0.08713560551404953,0.007641542202153525,0.9565217391304348
In,0.0876026377081871,0.007644197359277276,0.9565217391304348
In,0.0876174047589302,0.0076468543621828295,0.9565217391304348
In,0.08763262629508972,0.0076495132127955496,0.9565217391304348
In,0.08771450072526932,0.0076521739130434785,0.9565217391304348
In,0.0879025012254715,0.007654836464857342,0.9565217391304348
In,0.08794659376144409,0.007657500870170553,0.9565217391304348
In,0.08854151517152786,0.00766016713091922,0.9565217391304348
In,0.08867688477039337,0.007662835249042145,0.9565217391304348
In,0.0887877345085144,0.007665505226480836,0.9565217391304348
In,0.08882524073123932,0.007668177065179505,0.9565217391304348
In,0.0888989120721817,0.007670850767085077,0.9565217391304348
In,0.08894239366054535,0.0076735263341471925,0.9565217391304348
In,0.08908222615718842,0.007676203768318213,0.9565217391304348
In,0.08932974934577942,0.007678883071553229,0.9565217391304348
In,0.08933243155479431,0.007681564245810056,0.9565217391304348
In,0.08971504122018814,0.007684247293049249,0.9565217391304348
In,0.08985434472560883,0.007686932215234102,0.9565217391304348
In,0.0899747684597969,0.007689619014330654,0.9565217391304348
In,0.09001615643501282,0.007692307692307693,0.9565217391304348
In,0.09002440422773361,0.007694998251136761,0.9565217391304348
In,0.0900781899690628,0.007697690692792162,0.9565217391304348
In,0.09074483066797256,0.0077003850192509625,0.9565217391304348
In,0.09088750183582306,0.007703081232492998,0.9565217391304348
In,0.09092070907354355,0.007705779334500876,0.9565217391304348
In,0.09174589812755585,0.007708479327259986,0.9565217391304348
In,0.0918453261256218,0.0077111812127585,0.9565217391304348
In,0.09184890985488892,0.007713884992987377,0.9565217391304348
In,0.09207811206579208,0.007716590669940372,0.9565217391304348
In,0.09214618802070618,0.0077192982456140355,0.9565217391304348
In,0.09216660261154175,0.007722007722007722,0.9565217391304348
In,0.09237615764141083,0.007724719101123595,0.9565217391304348
In,0.09246884286403656,0.007727432384966632,0.9565217391304348
In,0.09292489290237427,0.007730147575544624,0.9565217391304348
In,0.09316044300794601,0.00773286467486819,0.9565217391304348
In,0.09329778701066971,0.007735583684950774,0.9565217391304348
In,0.09334757179021835,0.007738304607808653,0.9565217391304348
In,0.09351901710033417,0.007741027445460943,0.9565217391304348
In,0.09365426748991013,0.007743752199929602,0.9565217391304348
In,0.09397148340940475,0.007746478873239437,0.9565217391304348
In,0.09414035081863403,0.007749207467418105,0.9565217391304348
In,0.09421531856060028,0.007751937984496124,0.9565217391304348
In,0.09446792304515839,0.007754670426506873,0.9565217391304348
In,0.09449504315853119,0.007757404795486601,0.9565217391304348
In,0.09466090053319931,0.007760141093474427,0.9565217391304348
In,0.09467093646526337,0.0077628793225123505,0.9565217391304348
In,0.09478532522916794,0.007765619484645252,0.9565217391304348
In,0.09491197019815445,0.007768361581920904,0.9565217391304348
In,0.09494411945343018,0.007771105616389968,0.9565217391304348
In,0.09576708823442459,0.0077738515901060075,0.9565217391304348
In,0.09625300765037537,0.007776599505125486,0.9565217391304348
In,0.09627693891525269,0.007779349363507779,0.9565217391304348
In,0.09635534137487411,0.007782101167315175,0.9565217391304348
In,0.09648239612579346,0.00778485491861288,0.9565217391304348
In,0.09651535749435425,0.007787610619469027,0.9565217391304348
In,0.09681307524442673,0.007790368271954674,0.9565217391304348
In,0.09683123230934143,0.0077931278781438185,0.9565217391304348
In,0.09701541066169739,0.007795889440113395,0.9565217391304348
In,0.09713079035282135,0.0077986529599432825,0.9565217391304348
In,0.09714843332767487,0.007801418439716312,0.9565217391304348
In,0.0973413959145546,0.007804185881518269,0.9565217391304348
In,0.0979909896850586,0.007806955287437899,0.9565217391304348
In,0.09799683839082718,0.007809726659566915,0.9565217391304348
In,0.09810622781515121,0.0078125,0.9565217391304348
In,0.09822290390729904,0.007815275310834813,0.9565217391304348
In,0.0983702763915062,0.007818052594171997,0.9565217391304348
In,0.09896028786897659,0.007820831852115179,0.9565217391304348
In,0.09943468868732452,0.007823613086770981,0.9565217391304348
In,0.1001206785440445,0.007826396300249021,0.9565217391304348
In,0.10019417852163315,0.007829181494661922,0.9565217391304348
In,0.10032960772514343,0.007831968672125312,0.9565217391304348
In,0.1005748063325882,0.007834757834757835,0.9565217391304348
In,0.10075733810663223,0.007837548984681154,0.9565217391304348
In,0.10113175958395004,0.007840342124019958,0.9565217391304348
In,0.10149645805358887,0.00784313725490196,0.9565217391304348
In,0.10183402895927429,0.007845934379457917,0.9565217391304348
In,0.10193856805562973,0.00784873349982162,0.9565217391304348
In,0.10314697027206421,0.007851534618129907,0.9565217391304348
In,0.10361997783184052,0.00785433773652267,0.9565217391304348
In,0.1036369651556015,0.007857142857142858,0.9565217391304348
In,0.10386227816343307,0.007859949982136478,0.9565217391304348
In,0.10412447899580002,0.007862759113652609,0.9565217391304348
In,0.10438456386327744,0.007865570253843403,0.9565217391304348
In,0.10552581399679184,0.007868383404864092,0.9565217391304348
In,0.10573206841945648,0.007871198568872988,0.9565217391304348
In,0.10582937300205231,0.007874015748031496,0.9565217391304348
In,0.10583311319351196,0.007876834944504118,0.9565217391304348
In,0.106063611805439,0.007879656160458453,0.9565217391304348
In,0.10616101324558258,0.007882479398065209,0.9565217391304348
In,0.10618839412927628,0.007885304659498209,0.9565217391304348
In,0.10631029307842255,0.007888131946934385,0.9565217391304348
In,0.10669310390949249,0.007890961262553802,0.9565217391304348
In,0.10684982687234879,0.007893792608539648,0.9565217391304348
In,0.10717790573835373,0.007896625987078248,0.9565217391304348
In,0.1076110303401947,0.007899461400359067,0.9565217391304348
In,0.10767856240272522,0.007902298850574713,0.9565217391304348
In,0.10773569345474243,0.007905138339920948,0.9565217391304348
In,0.10785718262195587,0.007907979870596693,0.9565217391304348
In,0.10820305347442627,0.007910823444804028,0.9565217391304348
In,0.10854083299636841,0.007913669064748202,0.9565217391304348
In,0.10867267102003098,0.00791651673263764,0.9565217391304348
In,0.10871511697769165,0.007919366450683946,0.9565217391304348
In,0.10936789959669113,0.00792221822110191,0.9565217391304348
In,0.10948697477579117,0.00792507204610951,0.9565217391304348
In,0.10978865623474121,0.007927927927927928,0.9565217391304348
In,0.10998069494962692,0.007930785868781542,0.9565217391304348
In,0.11060169339179993,0.007933645870897944,0.9565217391304348
In,0.11158835887908936,0.007936507936507936,0.9565217391304348
In,0.11180350929498672,0.007939372067845544,0.9565217391304348
In,0.11200739443302155,0.007942238267148015,0.9565217391304348
In,0.11234483867883682,0.007945106536655833,0.9565217391304348
In,0.11235550045967102,0.007947976878612716,0.9565217391304348
In,0.11280679702758789,0.00795084929526563,0.9565217391304348
In,0.11282383650541306,0.007953723788864787,0.9565217391304348
In,0.11287356913089752,0.007956600361663653,0.9565217391304348
In,0.11313465982675552,0.007959479015918957,0.9565217391304348
In,0.1133398562669754,0.007962359753890699,0.9565217391304348
In,0.11454766988754272,0.007965242577842143,0.9565217391304348
In,0.11457692086696625,0.00796812749003984,0.9565217391304348
In,0.11463218927383423,0.007971014492753623,0.9565217391304348
In,0.11494177579879761,0.007973903588256614,0.9565217391304348
In,0.11499949544668198,0.007976794778825236,0.9565217391304348
In,0.11548302322626114,0.00797968806673921,0.9565217391304348
In,0.11559182405471802,0.007982583454281567,0.9565217391304348
In,0.11570851504802704,0.007985480943738656,0.9565217391304348
In,0.11618857085704803,0.007988380537400145,0.9565217391304348
In,0.11627697944641113,0.007991282237559027,0.9565217391304348
In,0.11659495532512665,0.007994186046511628,0.9565217391304348
In,0.11735112965106964,0.007997091966557615,0.9565217391304348
In,0.11926519870758057,0.008,0.9565217391304348
In,0.12023327499628067,0.008002910149145144,0.9565217391304348
In,0.12076839804649353,0.008005822416302766,0.9565217391304348
In,0.12147857248783112,0.008008736803785948,0.9565217391304348
In,0.12217700481414795,0.008011653313911144,0.9565217391304348
In,0.12222381681203842,0.008014571948998178,0.9565217391304348
In,0.12230093777179718,0.008017492711370262,0.9565217391304348
In,0.12232191115617752,0.008020415603353991,0.9565217391304348
In,0.12244276702404022,0.008023340627279359,0.9565217391304348
In,0.1233968734741211,0.008026267785479753,0.9565217391304348
In,0.12410012632608414,0.008029197080291971,0.9565217391304348
In,0.12471197545528412,0.008032128514056224,0.9565217391304348
In,0.12489837408065796,0.008035062089116142,0.9565217391304348
In,0.1250084489583969,0.00803799780781878,0.9565217391304348
In,0.12503086030483246,0.00804093567251462,0.9565217391304348
In,0.12504279613494873,0.008043875685557587,0.9565217391304348
In,0.12546439468860626,0.008046817849305048,0.9565217391304348
In,0.12556542456150055,0.00804976216611782,0.9565217391304348
In,0.1256726235151291,0.008052708638360176,0.9565217391304348
In,0.12638498842716217,0.008055657268399853,0.9565217391304348
In,0.12665961682796478,0.00805860805860806,0.9565217391304348
In,0.12700994312763214,0.008061561011359472,0.9565217391304348
In,0.1275539994239807,0.008064516129032258,0.9565217391304348
In,0.12762871384620667,0.008067473414008068,0.9565217391304348
In,0.12847363948822021,0.008070432868672046,0.9565217391304348
In,0.12909534573554993,0.008073394495412844,0.9565217391304348
In,0.12940791249275208,0.008076358296622614,0.9565217391304348
In,0.1294638067483902,0.008079324274697026,0.9565217391304348
In,0.13009993731975555,0.008082292432035268,0.9565217391304348
In,0.13019555807113647,0.00808526277104006,0.9565217391304348
In,0.1303519904613495,0.008088235294117648,0.9565217391304348
In,0.13145270943641663,0.008091210003677823,0.9565217391304348
In,0.131496861577034,0.008094186902133923,0.9565217391304348
In,0.13177914917469025,0.008097165991902834,0.9565217391304348
In,0.13181360065937042,0.008100147275405008,0.9565217391304348
In,0.1319570690393448,0.008103130755064457,0.9565217391304348
In,0.13285773992538452,0.008106116433308769,0.9565217391304348
In,0.1332707405090332,0.008109104312569112,0.9565217391304348
In,0.13330119848251343,0.008112094395280236,0.9565217391304348
In,0.1334732621908188,0.008115086683880487,0.9565217391304348
In,0.13426296412944794,0.008118081180811807,0.9565217391304348
In,0.13503596186637878,0.008121077888519748,0.9565217391304348
In,0.13544674217700958,0.00812407680945347,0.9565217391304348
In,0.13612054288387299,0.008127077946065755,0.9565217391304348
In,0.13620403409004211,0.008130081300813009,0.9565217391304348
In,0.1362358033657074,0.008133086876155268,0.9565217391304348
In,0.13627536594867706,0.008136094674556213,0.9565217391304348
In,0.13638603687286377,0.008139104698483167,0.9565217391304348
In,0.1370883733034134,0.008142116950407105,0.9565217391304348
In,0.13722731173038483,0.008145131432802665,0.9565217391304348
In,0.1375577449798584,0.008148148148148147,0.9565217391304348
In,0.13766300678253174,0.008151167098925528,0.9565217391304348
In,0.13787570595741272,0.00815418828762046,0.9565217391304348
In,0.13821423053741455,0.008157211716722283,0.9565217391304348
In,0.13894985616207123,0.008160237388724036,0.9565217391304348
In,0.13896775245666504,0.00816326530612245,0.9565217391304348
In,0.13932135701179504,0.008166295471417966,0.9565217391304348
In,0.13995303213596344,0.008169327887114742,0.9565217391304348
In,0.14029157161712646,0.008172362555720654,0.9565217391304348
In,0.14054225385189056,0.008175399479747306,0.9565217391304348
In,0.1405613124370575,0.008178438661710037,0.9565217391304348
In,0.1412345916032791,0.008181480104127928,0.9565217391304348
In,0.14239993691444397,0.00818452380952381,0.9565217391304348
In,0.1431684046983719,0.008187569780424266,0.9565217391304348
In,0.14333148300647736,0.008190618019359643,0.9565217391304348
In,0.14436237514019012,0.00819366852886406,0.9565217391304348
In,0.1445356011390686,0.00819672131147541,0.9565217391304348
In,0.14467522501945496,0.008199776369735371,0.9565217391304348
In,0.14496222138404846,0.00820283370618941,0.9565217391304348
In,0.14502482116222382,0.008205893323386795,0.9565217391304348
In,0.14687412977218628,0.008208955223880597,0.9565217391304348
In,0.1469486802816391,0.008212019410227697,0.9565217391304348
In,0.14766670763492584,0.008215085884988798,0.9565217391304348
In,0.1480647772550583,0.008218154650728428,0.9565217391304348
In,0.14836901426315308,0.008221225710014948,0.9565217391304348
In,0.14859776198863983,0.00822429906542056,0.9565217391304348
In,0.14864800870418549,0.008227374719521317,0.9565217391304348
In,0.14879675209522247,0.00823045267489712,0.9565217391304348
In,0.14882615208625793,0.008233532934131737,0.9565217391304348
In,0.14886119961738586,0.008236615499812805,0.9565217391304348
In,0.14924709498882294,0.008239700374531835,0.9565217391304348
In,0.1493712216615677,0.008242787560884226,0.9565217391304348
In,0.149415984749794,0.008245877061469266,0.9565217391304348
In,0.14970733225345612,0.008248968878890138,0.9565217391304348
In,0.1511319875717163,0.008252063015753939,0.9565217391304348
In,0.15124636888504028,0.00825515947467167,0.9565217391304348
In,0.15181894600391388,0.008258258258258258,0.9565217391304348
In,0.15253600478172302,0.008261359369132557,0.9565217391304348
In,0.152659609913826,0.008264462809917356,0.9565217391304348
In,0.15343719720840454,0.008267568583239383,0.9565217391304348
In,0.15416620671749115,0.008270676691729323,0.9565217391304348
In,0.1543949544429779,0.008273787138021812,0.9565217391304348
In,0.1549386978149414,0.008276899924755455,0.9565217391304348
In,0.1549661010503769,0.008280015054572827,0.9565217391304348
In,0.1553945541381836,0.008283132530120483,0.9565217391304348
In,0.15571995079517365,0.008286252354048965,0.9565217391304348
In,0.15638884902000427,0.008289374529012811,0.9565217391304348
In,0.15659761428833008,0.008292499057670561,0.9565217391304348
In,0.15701842308044434,0.008295625942684766,0.9565217391304348
In,0.15762537717819214,0.008298755186721992,0.9565217391304348
In,0.1588517725467682,0.00830188679245283,0.9565217391304348
In,0.15901078283786774,0.008305020762551907,0.9565217391304348
In,0.15904492139816284,0.008308157099697885,0.9565217391304348
In,0.16097544133663177,0.00831129580657348,0.9565217391304348
In,0.16206039488315582,0.008314436885865457,0.9565217391304348
In,0.16217082738876343,0.00831758034026465,0.9565217391304348
In,0.16224436461925507,0.00832072617246596,0.9565217391304348
In,0.16229160130023956,0.00832387438516837,0.9565217391304348
In,0.16245035827159882,0.008327024981074944,0.9565217391304348
In,0.1638146936893463,0.008330177962892843,0.9565217391304348
In,0.1639193445444107,0.008333333333333333,0.9565217391304348
In,0.16395415365695953,0.008336491095111784,0.9565217391304348
In,0.16432633996009827,0.008339651250947688,0.9565217391304348
In,0.16571955382823944,0.008342813803564657,0.9565217391304348
In,0.16615618765354156,0.00834597875569044,0.9565217391304348
In,0.16622184216976166,0.008349146110056925,0.9565217391304348
In,0.16652056574821472,0.008352315869400152,0.9565217391304348
In,0.16722042858600616,0.008355488036460312,0.9565217391304348
In,0.1675698608160019,0.008358662613981762,0.9565217391304348
In,0.167668417096138,0.008361839604713038,0.9565217391304348
In,0.16816456615924835,0.008365019011406844,0.9565217391304348
In,0.16841387748718262,0.008368200836820083,0.9565217391304348
In,0.16997584700584412,0.00837138508371385,0.9565217391304348
In,0.1701938509941101,0.008374571754853444,0.9565217391304348
In,0.17123568058013916,0.008377760853008377,0.9565217391304348
In,0.17184214293956757,0.008380952380952381,0.9565217391304348
In,0.17336654663085938,0.008384146341463415,0.9565217391304348
In,0.17373089492321014,0.008387342737323675,0.9565217391304348
In,0.1738661527633667,0.008390541571319604,0.9565217391304348
In,0.17402951419353485,0.008393742846241892,0.9565217391304348
In,0.17468735575675964,0.008396946564885497,0.9565217391304348
In,0.1748751997947693,0.008400152730049638,0.9565217391304348
In,0.17536620795726776,0.008403361344537815,0.9565217391304348
In,0.17558549344539642,0.008406572411157814,0.9565217391304348
In,0.17578411102294922,0.008409785932721712,0.9565217391304348
In,0.17588107287883759,0.008413001912045888,0.9565217391304348
In,0.176665797829628,0.008416220351951033,0.9565217391304348
In,0.17669683694839478,0.008419441255262151,0.9565217391304348
In,0.17842529714107513,0.008422664624808576,0.9565217391304348
In,0.1786724328994751,0.008425890463423975,0.9565217391304348
In,0.1800348311662674,0.00842911877394636,0.9565217391304348
In,0.18032754957675934,0.00843234955921809,0.9565217391304348
In,0.18061071634292603,0.00843558282208589,0.9565217391304348
In,0.18070809543132782,0.008438818565400843,0.9565217391304348
In,0.1808474063873291,0.00844205679201842,0.9565217391304348
In,0.18089964985847473,0.008445297504798464,0.9565217391304348
In,0.18113860487937927,0.008448540706605223,0.9565217391304348
In,0.18133336305618286,0.008451786400307337,0.9565217391304348
In,0.18164096772670746,0.008455034588777863,0.9565217391304348
In,0.18197500705718994,0.008458285274894272,0.9565217391304348
In,0.18314629793167114,0.008461538461538461,0.9565217391304348
In,0.18347951769828796,0.008464794151596768,0.9565217391304348
In,0.18382477760314941,0.008468052347959968,0.9565217391304348
In,0.18440580368041992,0.008471313053523296,0.9565217391304348
In,0.1849527657032013,0.00847457627118644,0.9565217391304348
In,0.1851230412721634,0.008477842003853564,0.9565217391304348
In,0.18513204157352448,0.008481110254433308,0.9565217391304348
In,0.18573935329914093,0.008484381025838797,0.9565217391304348
In,0.18667103350162506,0.008487654320987654,0.9565217391304348
In,0.18677064776420593,0.008490930142802007,0.9565217391304348
In,0.18715351819992065,0.008494208494208495,0.9565217391304348
In,0.18760168552398682,0.008497489378138278,0.9565217391304348
In,0.1885729730129242,0.008500772797527048,0.9565217391304348
In,0.18878425657749176,0.008504058755315036,0.9565217391304348
In,0.18878868222236633,0.008507347254447023,0.9565217391304348
In,0.19027245044708252,0.00851063829787234,0.9565217391304348
In,0.19096606969833374,0.008513931888544891,0.9565217391304348
In,0.19175556302070618,0.008517228029423151,0.9565217391304348
In,0.1926799714565277,0.008520526723470178,0.9565217391304348
In,0.19332483410835266,0.008523827973653622,0.9565217391304348
In,0.19362512230873108,0.008527131782945736,0.9565217391304348
In,0.1944105178117752,0.008530438154323382,0.9565217391304348
In,0.19447046518325806,0.008533747090768037,0.9565217391304348
In,0.1947897970676422,0.008537058595265812,0.9565217391304348
In,0.19483248889446259,0.008540372670807454,0.9565217391304348
In,0.19559600949287415,0.00854368932038835,0.9565217391304348
In,0.19566656649112701,0.008547008547008548,0.9565217391304348
In,0.1961776614189148,0.008550330353672756,0.9565217391304348
In,0.1972057819366455,0.008553654743390357,0.9565217391304348
In,0.19725333154201508,0.008556981719175419,0.9565217391304348
In,0.1979070007801056,0.008560311284046693,0.9565217391304348
In,0.1980464905500412,0.008563643441027637,0.9565217391304348
In,0.19850608706474304,0.008566978193146417,0.9565217391304348
In,0.19901597499847412,0.008570315543435918,0.9565217391304348
In,0.19959641993045807,0.00857365549493375,0.9565217391304348
In,0.19985361397266388,0.008576998050682261,0.9565217391304348
In,0.1998823881149292,0.00858034321372855,0.9565217391304348
In,0.20008841156959534,0.008583690987124463,0.9565217391304348
In,0.2001441866159439,0.00858704137392662,0.9565217391304348
In,0.20089241862297058,0.008590394377196407,0.9565217391304348
In,0.20139648020267487,0.00859375,0.9565217391304348
In,0.20159952342510223,0.008597108245408363,0.9565217391304348
In,0.20209231972694397,0.008600469116497263,0.9565217391304348
In,0.20294049382209778,0.008603832616347283,0.9565217391304348
In,0.20310823619365692,0.008607198748043818,0.9565217391304348
In,0.20407740771770477,0.008610567514677104,0.9565217391304348
In,0.20440459251403809,0.008613938919342208,0.9565217391304348
In,0.2049914002418518,0.008617312965139052,0.9565217391304348
In,0.20534397661685944,0.008620689655172414,0.9565217391304348
In,0.20545001327991486,0.00862406899255194,0.9565217391304348
In,0.20554639399051666,0.008627450980392156,0.9565217391304348
In,0.2057027667760849,0.008630835621812475,0.9565217391304348
In,0.2062259316444397,0.008634222919937205,0.9565217391304348
In,0.2062547206878662,0.008637612877895563,0.9565217391304348
In,0.20727430284023285,0.00864100549882168,0.9565217391304348
In,0.20815016329288483,0.008644400785854617,0.9565217391304348
In,0.20907029509544373,0.008647798742138365,0.9565217391304348
In,0.2092362344264984,0.008651199370821865,0.9565217391304348
In,0.20986860990524292,0.00865460267505901,0.9565217391304348
In,0.21034839749336243,0.008658008658008658,0.9565217391304348
In,0.21060220897197723,0.008661417322834646,0.9565217391304348
In,0.21073319017887115,0.00866482867270579,0.9565217391304348
In,0.21133822202682495,0.008668242710795903,0.9565217391304348
In,0.21143485605716705,0.008671659440283799,0.9565217391304348
In,0.21153509616851807,0.008675078864353312,0.9565217391304348
In,0.21185140311717987,0.008678500986193294,0.9565217391304348
In,0.21206286549568176,0.008681925808997633,0.9565217391304348
In,0.21262240409851074,0.008685353335965259,0.9565217391304348
In,0.21268144249916077,0.008688783570300158,0.9565217391304348
In,0.2126968502998352,0.00869221651521138,0.9565217391304348
In,0.21277634799480438,0.008695652173913044,0.9565217391304348
In,0.2138383984565735,0.008699090549624358,0.9565217391304348
In,0.21428410708904266,0.00870253164556962,0.9565217391304348
In,0.21475879848003387,0.008705975464978234,0.9565217391304348
In,0.21527808904647827,0.00870942201108472,0.9565217391304348
In,0.21544881165027618,0.008712871287128714,0.9565217391304348
In,0.21568015217781067,0.008716323296354992,0.9565217391304348
In,0.21685296297073364,0.008719778042013475,0.9565217391304348
In,0.21711672842502594,0.008723235527359239,0.9565217391304348
In,0.21766245365142822,0.00872669575565252,0.9565217391304348
In,0.21819408237934113,0.00873015873015873,0.9565217391304348
In,0.21895122528076172,0.008733624454148471,0.9565217391304348
In,0.21898427605628967,0.008737092930897538,0.9565217391304348
In,0.2196214497089386,0.00874056416368693,0.9565217391304348
In,0.22016273438930511,0.008744038155802861,0.9565217391304348
In,0.22173461318016052,0.00874751491053678,0.9565217391304348
In,0.22215725481510162,0.008750994431185362,0.9565217391304348
In,0.22233814001083374,0.008754476721050538,0.9565217391304348
In,0.22303776443004608,0.00875796178343949,0.9565217391304348
In,0.22439634799957275,0.008761449621664676,0.9565217391304348
In,0.22498910129070282,0.008764940239043825,0.9565217391304348
In,0.22505012154579163,0.00876843363889996,0.9565217391304348
In,0.22512367367744446,0.008771929824561403,0.9565217391304348
In,0.22525112330913544,0.008775428799361787,0.9565217391304348
In,0.22525587677955627,0.008778930566640064,0.9565217391304348
In,0.2253318727016449,0.008782435129740519,0.9565217391304348
In,0.2255581170320511,0.00878594249201278,0.9565217391304348
In,0.22556884586811066,0.008789452656811825,0.9565217391304348
In,0.22574178874492645,0.008792965627498001,0.9565217391304348
In,0.2264777272939682,0.008796481407437025,0.9565217391304348
In,0.22742590308189392,0.0088,0.9565217391304348
In,0.2274431735277176,0.008803521408563426,0.9565217391304348
In,0.2276827096939087,0.008807045636509208,0.9565217391304348
In,0.22781236469745636,0.00881057268722467,0.9565217391304348
In,0.22810733318328857,0.008814102564102564,0.9565217391304348
In,0.2281419187784195,0.008817635270541082,0.9565217391304348
In,0.228209987282753,0.008821170809943865,0.9565217391304348
In,0.22854286432266235,0.008824709185720016,0.9565217391304348
In,0.22864356637001038,0.00882825040128411,0.9565217391304348
In,0.22890864312648773,0.008831794460056202,0.9565217391304348
In,0.22909465432167053,0.008835341365461847,0.9565217391304348
In,0.2291153520345688,0.008838891120932101,0.9565217391304348
In,0.22992989420890808,0.008842443729903537,0.9565217391304348
In,0.23010282218456268,0.008845999195818254,0.9565217391304348
In,0.23039734363555908,0.008849557522123894,0.9565217391304348
In,0.23075205087661743,0.008853118712273641,0.9565217391304348
In,0.2307547777891159,0.008856682769726247,0.9565217391304348
In,0.23075750470161438,0.008860249697946033,0.9565217391304348
In,0.2311408817768097,0.008863819500402902,0.9565217391304348
In,0.2317681908607483,0.00886739218057235,0.9565217391304348
In,0.23177263140678406,0.008870967741935484,0.9565217391304348
In,0.23245538771152496,0.008874546187979023,0.9565217391304348
In,0.23264747858047485,0.00887812752219532,0.9565217391304348
In,0.23299917578697205,0.008881711748082357,0.9565217391304348
In,0.23427413403987885,0.008885298869143781,0.9565217391304348
In,0.2342762053012848,0.008888888888888889,0.9565217391304348
In,0.2344415932893753,0.00889248181083266,0.9565217391304348
In,0.2346915751695633,0.008896077638495753,0.9565217391304348
In,0.23474839329719543,0.00889967637540453,0.9565217391304348
In,0.23503418266773224,0.008903278025091057,0.9565217391304348
In,0.23631064593791962,0.008906882591093117,0.9565217391304348
In,0.23638570308685303,0.008910490076954233,0.9565217391304348
In,0.2371480017900467,0.008914100486223663,0.9565217391304348
In,0.23723305761814117,0.008917713822456425,0.9565217391304348
In,0.23787958920001984,0.008921330089213302,0.9565217391304348
In,0.23852577805519104,0.008924949290060852,0.9565217391304348
In,0.23856306076049805,0.008928571428571428,0.9565217391304348
In,0.23913438618183136,0.008932196508323184,0.9565217391304348
In,0.23931527137756348,0.008935824532900082,0.9565217391304348
In,0.2396889328956604,0.008939455505891914,0.9565217391304348
In,0.23987524211406708,0.00894308943089431,0.9565217391304348
In,0.239885613322258,0.008946726311508743,0.9565217391304348
In,0.2400233894586563,0.008950366151342554,0.9565217391304348
In,0.24002757668495178,0.008954008954008955,0.9565217391304348
In,0.240130215883255,0.008957654723127036,0.9565217391304348
In,0.2402128279209137,0.008961303462321792,0.9565217391304348
In,0.2406274527311325,0.008964955175224124,0.9565217391304348
In,0.24087321758270264,0.008968609865470852,0.9565217391304348
In,0.24126730859279633,0.00897226753670473,0.9565217391304348
In,0.24136415123939514,0.00897592819257446,0.9565217391304348
In,0.24203692376613617,0.008979591836734694,0.9565217391304348
In,0.2420637309551239,0.00898325847284606,0.9565217391304348
In,0.2421550750732422,0.008986928104575163,0.9565217391304348
In,0.24254024028778076,0.008990600735594606,0.9565217391304348
In,0.24257566034793854,0.008994276369582993,0.9565217391304348
In,0.24292239546775818,0.00899795501022495,0.9565217391304348
In,0.2437025010585785,0.00900163666121113,0.9565217391304348
In,0.244166299700737,0.009005321326238231,0.9565217391304348
In,0.2446746826171875,0.009009009009009009,0.9565217391304348
In,0.24512003362178802,0.009012699713232281,0.9565217391304348
In,0.24704134464263916,0.009016393442622951,0.9565217391304348
In,0.24713072180747986,0.009020090200902008,0.9565217391304348
In,0.24742843210697174,0.009023789991796555,0.9565217391304348
In,0.2477649599313736,0.009027492819039803,0.9565217391304348
In,0.24864868819713593,0.0090311986863711,0.9565217391304348
In,0.2499525547027588,0.009034907597535934,0.9565217391304348
In,0.2502371072769165,0.009038619556285949,0.9565217391304348
In,0.2504587769508362,0.009042334566378957,0.9565217391304348
In,0.25096336007118225,0.009046052631578948,0.9565217391304348
In,0.25157642364501953,0.00904977375565611,0.9565217391304348
In,0.25168880820274353,0.00905349794238683,0.9565217391304348
In,0.25238656997680664,0.009057225195553726,0.9565217391304348
In,0.2525390684604645,0.009060955518945634,0.9565217391304348
In,0.25268030166625977,0.009064688916357644,0.9565217391304348
In,0.25340911746025085,0.009068425391591096,0.9565217391304348
In,0.25431475043296814,0.009072164948453608,0.9565217391304348
In,0.25486984848976135,0.009075907590759076,0.9565217391304348
In,0.2561912536621094,0.009079653322327692,0.9565217391304348
In,0.25698551535606384,0.009083402146985962,0.9565217391304348
In,0.2572387456893921,0.009087154068566708,0.9565217391304348
In,0.2576373219490051,0.00909090909090909,0.9565217391304348
In,0.25788938999176025,0.009094667217858619,0.9565217391304348
In,0.25799667835235596,0.009098428453267164,0.9565217391304348
In,0.2581987679004669,0.009102192800992967,0.9565217391304348
In,0.25820043683052063,0.009105960264900662,0.9565217391304348
In,0.2582954168319702,0.009109730848861283,0.9565217391304348
In,0.2590559422969818,0.009113504556752278,0.9565217391304348
In,0.25961872935295105,0.009117281392457521,0.9565217391304348
In,0.2596548795700073,0.00912106135986733,0.9565217391304348
In,0.2597663998603821,0.009124844462878473,0.9565217391304348
In,0.2607012987136841,0.009128630705394191,0.9565217391304348
In,0.2617208659648895,0.0091324200913242,0.9565217391304348
In,0.26272839307785034,0.009136212624584718,0.9565217391304348
In,0.262791246175766,0.009140008309098464,0.9565217391304348
In,0.26300039887428284,0.00914380714879468,0.9565217391304348
In,0.26381295919418335,0.009147609147609148,0.9565217391304348
In,0.26437535881996155,0.009151414309484194,0.9565217391304348
In,0.26519542932510376,0.009155222638368706,0.9565217391304348
In,0.2667497396469116,0.009159034138218152,0.9565217391304348
In,0.26691362261772156,0.009162848812994586,0.9565217391304348
In,0.26731961965560913,0.009166666666666667,0.9565217391304348
In,0.267773300409317,0.00917048770320967,0.9565217391304348
In,0.2680993378162384,0.009174311926605505,0.9565217391304348
In,0.26887446641921997,0.00917813934084272,0.9565217391304348
In,0.2693575322628021,0.009181969949916527,0.9565217391304348
In,0.2698732912540436,0.00918580375782881,0.9565217391304348
In,0.27004286646842957,0.009189640768588136,0.9565217391304348
In,0.2707369923591614,0.00919348098620978,0.9565217391304348
In,0.27088016271591187,0.00919732441471572,0.9565217391304348
In,0.2710132300853729,0.009201171058134672,0.9565217391304348
In,0.2714509665966034,0.009205020920502092,0.9565217391304348
In,0.2722468078136444,0.009208874005860193,0.9565217391304348
In,0.27245667576789856,0.009212730318257957,0.9565217391304348
In,0.27259278297424316,0.009216589861751152,0.9565217391304348
In,0.2729235589504242,0.009220452640402346,0.9565217391304348
In,0.27296972274780273,0.009224318658280923,0.9565217391304348
In,0.2730250656604767,0.009228187919463088,0.9565217391304348
In,0.2732171416282654,0.009232060428031893,0.9565217391304348
In,0.27326515316963196,0.009235936188077247,0.9565217391304348
In,0.27332374453544617,0.009239815203695927,0.9565217391304348
In,0.27350324392318726,0.009243697478991597,0.9565217391304348
In,0.27399134635925293,0.009247583018074821,0.9565217391304348
In,0.27417653799057007,0.009251471825063078,0.9565217391304348
In,0.27462854981422424,0.009255363904080775,0.9565217391304348
In,0.2751062512397766,0.009259259259259259,0.9565217391304348
In,0.27523350715637207,0.009263157894736843,0.9565217391304348
In,0.27574434876441956,0.009267059814658803,0.9565217391304348
In,0.276123970746994,0.009270965023177412,0.9565217391304348
In,0.27617841958999634,0.00927487352445194,0.9565217391304348
In,0.27677688002586365,0.009278785322648671,0.9565217391304348
In,0.27750885486602783,0.009282700421940928,0.9565217391304348
In,0.2787718176841736,0.009286618826509076,0.9565217391304348
In,0.2787849009037018,0.009290540540540541,0.9565217391304348
In,0.27882423996925354,0.009294465568229826,0.9565217391304348
In,0.27883368730545044,0.009298393913778529,0.9565217391304348
In,0.27887147665023804,0.009302325581395349,0.9565217391304348
In,0.2792413532733917,0.009306260575296108,0.9565217391304348
In,0.2800934314727783,0.009310198899703767,0.9565217391304348
In,0.2801027297973633,0.009314140558848433,0.9565217391304348
In,0.28010308742523193,0.009318085556967387,0.9565217391304348
In,0.2811063230037689,0.009322033898305085,0.9565217391304348
In,0.2813047170639038,0.009325985587113183,0.9565217391304348
In,0.28212249279022217,0.009329940627650551,0.9565217391304348
In,0.2821469008922577,0.009333899024183284,0.9565217391304348
In,0.282322496175766,0.00933786078098472,0.9565217391304348
In,0.28244319558143616,0.009341825902335456,0.9565217391304348
In,0.28289374709129333,0.009345794392523364,0.9565217391304348
In,0.2830328643321991,0.009349766255843604,0.9565217391304348
In,0.28366878628730774,0.00935374149659864,0.9565217391304348
In,0.28384843468666077,0.009357720119098255,0.9565217391304348
In,0.28393274545669556,0.009361702127659575,0.9565217391304348
In,0.284005343914032,0.009365687526607066,0.9565217391304348
In,0.28401172161102295,0.009369676320272573,0.9565217391304348
In,0.28413015604019165,0.009373668512995313,0.9565217391304348
In,0.28454169631004333,0.00937766410912191,0.9565217391304348
In,0.28506019711494446,0.009381663113006396,0.9565217391304348
In,0.28526365756988525,0.00938566552901024,0.9565217391304348
In,0.28552305698394775,0.009389671361502348,0.9565217391304348
In,0.2858653962612152,0.009393680614859094,0.9565217391304348
In,0.28614553809165955,0.009397693293464331,0.9565217391304348
In,0.28647300601005554,0.009401709401709401,0.9565217391304348
In,0.28663718700408936,0.00940572894399316,0.9565217391304348
In,0.28707802295684814,0.009409751924721984,0.9565217391304348
In,0.2871471345424652,0.009413778348309799,0.9565217391304348
In,0.28771042823791504,0.009417808219178082,0.9565217391304348
In,0.2882366180419922,0.009421841541755889,0.9565217391304348
In,0.288655549287796,0.009425878320479864,0.9565217391304348
In,0.2894812822341919,0.009429918559794257,0.9565217391304348
In,0.290571928024292,0.009433962264150943,0.9565217391304348
In,0.29059502482414246,0.009438009438009438,0.9565217391304348
In,0.2907955050468445,0.00944206008583691,0.9565217391304348
In,0.2912445068359375,0.009446114212108201,0.9565217391304348
In,0.29186737537384033,0.009450171821305841,0.9565217391304348
In,0.2920311391353607,0.009454232917920068,0.9565217391304348
In,0.29225847125053406,0.009458297506448839,0.9565217391304348
In,0.292468786239624,0.00946236559139785,0.9565217391304348
In,0.29254665970802307,0.00946643717728055,0.9565217391304348
In,0.29272428154945374,0.009470512268618166,0.9565217391304348
In,0.29274076223373413,0.009474590869939707,0.9565217391304348
In,0.29327431321144104,0.009478672985781991,0.9565217391304348
In,0.2935028672218323,0.009482758620689655,0.9565217391304348
In,0.29362836480140686,0.009486847779215178,0.9565217391304348
In,0.2941440939903259,0.009490940465918895,0.9565217391304348
In,0.29424601793289185,0.009495036685369012,0.9565217391304348
In,0.2947603762149811,0.009499136442141624,0.9565217391304348
In,0.29490944743156433,0.009503239740820735,0.9565217391304348
In,0.29491183161735535,0.00950734658599827,0.9565217391304348
In,0.29494503140449524,0.009511456982274102,0.9565217391304348
In,0.29544901847839355,0.009515570934256055,0.9565217391304348
In,0.29550716280937195,0.009519688446559932,0.9565217391304348
In,0.29580938816070557,0.009523809523809525,0.9565217391304348
In,0.29587048292160034,0.009527934170636639,0.9565217391304348
In,0.29592999815940857,0.009532062391681109,0.9565217391304348
In,0.29595914483070374,0.00953619419159081,0.9565217391304348
In,0.29601404070854187,0.009540329575021683,0.9565217391304348
In,0.2963150143623352,0.009544468546637744,0.9565217391304348
In,0.29638826847076416,0.009548611111111112,0.9565217391304348
In,0.29654985666275024,0.009552757273122015,0.9565217391304348
In,0.2968132495880127,0.009556907037358819,0.9565217391304348
In,0.29800763726234436,0.009561060408518035,0.9565217391304348
In,0.2980327606201172,0.009565217391304347,0.9565217391304348
In,0.29803603887557983,0.009569377990430622,0.9565217391304348
In,0.298483669757843,0.009573542210617928,0.9565217391304348
In,0.2985210716724396,0.00957771005659556,0.9565217391304348
In,0.29858285188674927,0.009581881533101045,0.9565217391304348
In,0.29860612750053406,0.009586056644880174,0.9565217391304348
In,0.29894089698791504,0.00959023539668701,0.9565217391304348
In,0.29909130930900574,0.009594417793283908,0.9565217391304348
In,0.2992402911186218,0.009598603839441536,0.9565217391304348
In,0.30003219842910767,0.00960279353993889,0.9565217391304348
In,0.3001348674297333,0.00960698689956332,0.9565217391304348
In,0.30021581053733826,0.009611183923110528,0.9565217391304348
In,0.30025017261505127,0.009615384615384616,0.9565217391304348
In,0.3003849685192108,0.009619588981198076,0.9565217391304348
In,0.3005637526512146,0.009623797025371828,0.9565217391304348
In,0.3005952537059784,0.00962800875273523,0.9565217391304348
In,0.30062246322631836,0.009632224168126095,0.9565217391304348
In,0.3012060225009918,0.009636443276390714,0.9565217391304348
In,0.3012082576751709,0.009640666082383873,0.9565217391304348
In,0.30158329010009766,0.009644892590968873,0.9565217391304348
In,0.30170315504074097,0.009649122807017544,0.9565217391304348
In,0.3017796576023102,0.009653356735410267,0.9565217391304348
In,0.3024140000343323,0.009657594381035996,0.9565217391304348
In,0.3024959862232208,0.00966183574879227,0.9565217391304348
In,0.3027946352958679,0.009666080843585237,0.9565217391304348
In,0.30280205607414246,0.00967032967032967,0.9565217391304348
In,0.3030991852283478,0.009674582233948988,0.9565217391304348
In,0.3035396933555603,0.009678838539375276,0.9565217391304348
In,0.3037850260734558,0.009683098591549295,0.9565217391304348
In,0.3038330674171448,0.009687362395420519,0.9565217391304348
In,0.30393826961517334,0.009691629955947136,0.9565217391304348
In,0.30407586693763733,0.009695901278096077,0.9565217391304348
In,0.3042285442352295,0.009700176366843033,0.9565217391304348
In,0.3046225905418396,0.009704455227172474,0.9565217391304348
In,0.30582955479621887,0.009708737864077669,0.9565217391304348
In,0.3062100410461426,0.009713024282560706,0.9565217391304348
In,0.3068607449531555,0.009717314487632508,0.9565217391304348
In,0.3068627417087555,0.009721608484312859,0.9565217391304348
In,0.30696728825569153,0.009725906277630416,0.9565217391304348
In,0.3073890805244446,0.009730207872622734,0.9565217391304348
In,0.3077048361301422,0.009734513274336283,0.9565217391304348
In,0.3078499138355255,0.009738822487826471,0.9565217391304348
In,0.307977557182312,0.00974313551815766,0.9565217391304348
In,0.3081972897052765,0.00974745237040319,0.9565217391304348
In,0.3083551824092865,0.00975177304964539,0.9565217391304348
In,0.3094467520713806,0.00975609756097561,0.9565217391304348
In,0.30962860584259033,0.009760425909494233,0.9565217391304348
In,0.30970463156700134,0.009764758100310697,0.9565217391304348
In,0.3103708028793335,0.009769094138543518,0.9565217391304348
In,0.31070756912231445,0.009773434029320302,0.9565217391304348
In,0.3112063407897949,0.009777777777777778,0.9565217391304348
In,0.3115590512752533,0.009782125389061804,0.9565217391304348
In,0.3121383786201477,0.009786476868327402,0.9565217391304348
In,0.31220242381095886,0.009790832220738763,0.9565217391304348
In,0.3122602701187134,0.009795191451469279,0.9565217391304348
In,0.3124033510684967,0.009799554565701559,0.9565217391304348
In,0.31305640935897827,0.00980392156862745,0.9565217391304348
In,0.31324052810668945,0.00980829246544806,0.9565217391304348
In,0.31336328387260437,0.009812667261373774,0.9565217391304348
In,0.313612699508667,0.009817045961624275,0.9565217391304348
In,0.31374961137771606,0.009821428571428571,0.9565217391304348
In,0.3141922652721405,0.00982581509602501,0.9565217391304348
In,0.31420212984085083,0.009830205540661306,0.9565217391304348
In,0.31427454948425293,0.009834599910594547,0.9565217391304348
In,0.3142853379249573,0.009838998211091235,0.9565217391304348
In,0.31473308801651,0.009843400447427294,0.9565217391304348
In,0.3148658871650696,0.009847806624888093,0.9565217391304348
In,0.3151763677597046,0.009852216748768473,0.9565217391304348
In,0.31557345390319824,0.00985663082437276,0.9565217391304348
In,0.3157077729701996,0.009861048857014791,0.9565217391304348
In,0.31571224331855774,0.009865470852017937,0.9565217391304348
In,0.3160784840583801,0.00986989681471512,0.9565217391304348
In,0.3163796365261078,0.009874326750448833,0.9565217391304348
In,0.31697264313697815,0.009878760664571173,0.9565217391304348
In,0.3171626329421997,0.009883198562443846,0.9565217391304348
In,0.31722015142440796,0.009887640449438202,0.9565217391304348
In,0.3174353837966919,0.009892086330935251,0.9565217391304348
In,0.31757423281669617,0.009896536212325686,0.9565217391304348
In,0.31764569878578186,0.009900990099009901,0.9565217391304348
In,0.3180016577243805,0.00990544799639802,0.9565217391304348
In,0.31807658076286316,0.00990990990990991,0.9565217391304348
In,0.3193890452384949,0.009914375844975214,0.9565217391304348
In,0.3197208046913147,0.009918845807033363,0.9565217391304348
In,0.3198801279067993,0.009923319801533603,0.9565217391304348
In,0.32000917196273804,0.009927797833935019,0.9565217391304348
In,0.32015156745910645,0.009932279909706547,0.9565217391304348
In,0.32072362303733826,0.00993676603432701,0.9565217391304348
In,0.32076898217201233,0.009941256213285133,0.9565217391304348
In,0.3210579454898834,0.009945750452079566,0.9565217391304348
In,0.3210671842098236,0.009950248756218905,0.9565217391304348
In,0.3212454915046692,0.009954751131221719,0.9565217391304348
In,0.32138633728027344,0.009959257582616569,0.9565217391304348
In,0.32141512632369995,0.009963768115942028,0.9565217391304348
In,0.32174140214920044,0.009968282736746714,0.9565217391304348
In,0.32186323404312134,0.009972801450589302,0.9565217391304348
In,0.3221268653869629,0.009977324263038548,0.9565217391304348
In,0.3221333920955658,0.009981851179673321,0.9565217391304348
In,0.32236069440841675,0.009986382206082615,0.9565217391304348
In,0.32260504364967346,0.009990917347865577,0.9565217391304348
In,0.32266074419021606,0.009995456610631531,0.9565217391304348
In,0.322661817073822,0.01,0.9565217391304348
In,0.322831928730011,0.010004547521600727,0.9565217391304348
In,0.32283663749694824,0.010009099181073703,0.9565217391304348
In,0.3231881856918335,0.010013654984069186,0.9565217391304348
In,0.3233887255191803,0.010018214936247723,0.9565217391304348
In,0.3233891427516937,0.010022779043280182,0.9565217391304348
In,0.3237604796886444,0.010027347310847767,0.9565217391304348
In,0.32428622245788574,0.010031919744642043,0.9565217391304348
In,0.32435092329978943,0.010036496350364963,0.9565217391304348
In,0.32456886768341064,0.010041077133728891,0.9565217391304348
In,0.3251865804195404,0.01004566210045662,0.9565217391304348
In,0.3253817856311798,0.010050251256281407,0.9565217391304348
In,0.32589149475097656,0.010054844606946984,0.9565217391304348
In,0.32589638233184814,0.010059442158207591,0.9565217391304348
In,0.3265964090824127,0.010064043915827997,0.9565217391304348
In,0.3266967535018921,0.010068649885583524,0.9565217391304348
In,0.327023983001709,0.010073260073260074,0.9565217391304348
In,0.32705697417259216,0.010077874484654145,0.9565217391304348
In,0.32754671573638916,0.01008249312557287,0.9565217391304348
In,0.32791829109191895,0.010087116001834021,0.9565217391304348
In,0.3281837999820709,0.010091743119266056,0.9565217391304348
In,0.3286338448524475,0.010096374483708122,0.9565217391304348
In,0.32898053526878357,0.010101010101010102,0.9565217391304348
In,0.3291934132575989,0.010105649977032614,0.9565217391304348
In,0.32984238862991333,0.01011029411764706,0.9565217391304348
In,0.32986679673194885,0.010114942528735632,0.9565217391304348
In,0.3305400311946869,0.010119595216191352,0.9565217391304348
In,0.3310132622718811,0.010124252185918085,0.9565217391304348
In,0.33128634095191956,0.010128913443830571,0.9565217391304348
In,0.3315861225128174,0.010133578995854445,0.9565217391304348
In,0.33181241154670715,0.010138248847926268,0.9565217391304348
In,0.3327102065086365,0.010142923005993546,0.9565217391304348
In,0.33296114206314087,0.01014760147601476,0.9565217391304348
In,0.3334788382053375,0.01015228426395939,0.9565217391304348
In,0.333975225687027,0.010156971375807941,0.9565217391304348
In,0.3340752422809601,0.010161662817551964,0.9565217391304348
In,0.33414825797080994,0.010166358595194085,0.9565217391304348
In,0.3341640532016754,0.010171058714748035,0.9565217391304348
In,0.3345658779144287,0.010175763182238668,0.9565217391304348
In,0.334693044424057,0.01018047200370199,0.9565217391304348
In,0.33480092883110046,0.010185185185185186,0.9565217391304348
In,0.33483800292015076,0.010189902732746642,0.9565217391304348
In,0.33505621552467346,0.010194624652455977,0.9565217391304348
In,0.33513182401657104,0.010199350950394067,0.9565217391304348
In,0.33549803495407104,0.01020408163265306,0.9565217391304348
In,0.3355479836463928,0.010208816705336427,0.9565217391304348
In,0.33566686511039734,0.01021355617455896,0.9565217391304348
In,0.33580613136291504,0.010218300046446818,0.9565217391304348
In,0.3358844518661499,0.010223048327137546,0.9565217391304348
In,0.3363811671733856,0.010227801022780102,0.9565217391304348
In,0.33659517765045166,0.010232558139534883,0.9565217391304348
In,0.33663880825042725,0.010237319683573755,0.9565217391304348
In,0.33680757880210876,0.010242085661080074,0.9565217391304348
In,0.33759626746177673,0.010246856078248719,0.9565217391304348
In,0.3380938172340393,0.010251630941286114,0.9565217391304348
In,0.3386632204055786,0.010256410256410256,0.9565217391304348
In,0.33896133303642273,0.010261194029850746,0.9565217391304348
In,0.3391054570674896,0.01026598226784881,0.9565217391304348
In,0.3396505117416382,0.01027077497665733,0.9565217391304348
In,0.33994045853614807,0.010275572162540868,0.9565217391304348
In,0.34002023935317993,0.010280373831775701,0.9565217391304348
In,0.3403109610080719,0.010285179990649837,0.9565217391304348
In,0.3404811918735504,0.01028999064546305,0.9565217391304348
In,0.3405642509460449,0.010294805802526907,0.9565217391304348
In,0.3412097990512848,0.010299625468164793,0.9565217391304348
In,0.34123459458351135,0.010304449648711944,0.9565217391304348
In,0.3417259156703949,0.010309278350515464,0.9565217391304348
In,0.3417345881462097,0.010314111579934365,0.9565217391304348
In,0.3423835337162018,0.010318949343339587,0.9565217391304348
In,0.3427387773990631,0.010323791647114031,0.9565217391304348
In,0.34314075112342834,0.010328638497652582,0.9565217391304348
In,0.34337812662124634,0.010333489901362142,0.9565217391304348
In,0.34385108947753906,0.010338345864661654,0.9565217391304348
In,0.3438740670681,0.010343206393982134,0.9565217391304348
In,0.3440762162208557,0.010348071495766699,0.9565217391304348
In,0.34420210123062134,0.010352941176470589,0.9565217391304348
In,0.3446252644062042,0.010357815442561206,0.9565217391304348
In,0.34498468041419983,0.010362694300518135,0.9565217391304348
In,0.345209538936615,0.010367577756833177,0.9565217391304348
In,0.3454139530658722,0.010372465818010372,0.9565217391304348
In,0.3459569811820984,0.010377358490566037,0.9565217391304348
In,0.3463565707206726,0.010382255781028787,0.9565217391304348
In,0.3464234173297882,0.010387157695939566,0.9565217391304348
In,0.346772700548172,0.010392064241851677,0.9565217391304348
In,0.347107470035553,0.010396975425330813,0.9565217391304348
In,0.34730589389801025,0.010401891252955082,0.9565217391304348
In,0.3478296101093292,0.010406811731315043,0.9565217391304348
In,0.3480125069618225,0.010411736867013724,0.9565217391304348
In,0.3481135368347168,0.010416666666666666,0.9565217391304348
In,0.3482130169868469,0.010421601136901942,0.9565217391304348
In,0.34839001297950745,0.01042654028436019,0.9565217391304348
In,0.34864819049835205,0.010431484115694643,0.9565217391304348
In,0.3488275408744812,0.010436432637571158,0.9565217391304348
In,0.3492448925971985,0.01044138585666825,0.9565217391304348
In,0.34933000802993774,0.010446343779677113,0.9565217391304348
In,0.349599689245224,0.010451306413301662,0.9565217391304348
In,0.3499695956707001,0.010456273764258554,0.9565217391304348
In,0.3501766622066498,0.010461245839277223,0.9565217391304348
In,0.3502499461174011,0.010466222645099905,0.9565217391304348
In,0.35104307532310486,0.010471204188481676,0.9565217391304348
In,0.351167768239975,0.010476190476190476,0.9565217391304348
In,0.35154080390930176,0.010481181515007145,0.9565217391304348
In,0.35156384110450745,0.010486177311725452,0.9565217391304348
In,0.35185256600379944,0.010491177873152123,0.9565217391304348
In,0.35224679112434387,0.01049618320610687,0.9565217391304348
In,0.3523406982421875,0.010501193317422435,0.9565217391304348
In,0.35234376788139343,0.010506208213944603,0.9565217391304348
In,0.3527032434940338,0.01051122790253225,0.9565217391304348
In,0.3528234660625458,0.010516252390057362,0.9565217391304348
In,0.35291391611099243,0.010521281683405069,0.9565217391304348
In,0.3529442548751831,0.010526315789473684,0.9565217391304348
In,0.353157639503479,0.010531354715174725,0.9565217391304348
In,0.35360702872276306,0.01053639846743295,0.9565217391304348
In,0.35364606976509094,0.010541447053186392,0.9565217391304348
In,0.35422536730766296,0.010546500479386385,0.9565217391304348
In,0.3543337881565094,0.010551558752997603,0.9565217391304348
In,0.3544231951236725,0.01055662188099808,0.9565217391304348
In,0.3553934395313263,0.01056168987037926,0.9565217391304348
In,0.3554481565952301,0.010566762728146013,0.9565217391304348
In,0.3560197353363037,0.010571840461316675,0.9565217391304348
In,0.35623598098754883,0.010576923076923078,0.9565217391304348
In,0.35691672563552856,0.010582010582010581,0.9565217391304348
In,0.35728010535240173,0.010587102983638113,0.9565217391304348
In,0.35729843378067017,0.01059220028887819,0.9565217391304348
In,0.35751625895500183,0.010597302504816955,0.9565217391304348
In,0.357806533575058,0.010602409638554217,0.9565217391304348
In,0.35806649923324585,0.010607521697203472,0.9565217391304348
In,0.3583391606807709,0.010612638687891944,0.9565217391304348
In,0.35862812399864197,0.010617760617760617,0.9565217391304348
In,0.35888031125068665,0.010622887493964268,0.9565217391304348
In,0.35930711030960083,0.010628019323671498,0.9565217391304348
In,0.35932859778404236,0.010633156114064766,0.9565217391304348
In,0.3593539297580719,0.010638297872340425,0.9565217391304348
In,0.3596293330192566,0.010643444605708756,0.9565217391304348
In,0.3598315715789795,0.010648596321393998,0.9565217391304348
In,0.36030271649360657,0.010653753026634382,0.9565217391304348
In,0.3608648478984833,0.01065891472868217,0.9565217391304348
In,0.36130353808403015,0.010664081434803683,0.9565217391304348
In,0.3613378405570984,0.01066925315227934,0.9565217391304348
In,0.3613728880882263,0.010674429888403688,0.9565217391304348
In,0.362176775932312,0.010679611650485437,0.9565217391304348
In,0.3624749183654785,0.010684798445847498,0.9565217391304348
In,0.3624882102012634,0.010689990281827016,0.9565217391304348
In,0.3634612560272217,0.0106951871657754,0.9565217391304348
In,0.3638451099395752,0.010700389105058366,0.9565217391304348
In,0.3643733859062195,0.01070559610705596,0.9565217391304348
In,0.36452487111091614,0.010710808179162609,0.9565217391304348
In,0.3645639717578888,0.01071602532878714,0.9565217391304348
In,0.3651490807533264,0.010721247563352826,0.9565217391304348
In,0.365527480840683,0.010726474890297415,0.9565217391304348
In,0.3655952215194702,0.010731707317073172,0.9565217391304348
In,0.36565980315208435,0.010736944851146901,0.9565217391304348
In,0.36597782373428345,0.0107421875,0.9565217391304348
In,0.3660475015640259,0.01074743527112848,0.9565217391304348
In,0.36617717146873474,0.010752688172043012,0.9565217391304348
In,0.3662338852882385,0.010757946210268949,0.9565217391304348
In,0.36726194620132446,0.010273972602739725,0.9130434782608695
In,0.3673607110977173,0.010279001468428781,0.9130434782608695
In,0.3675041198730469,0.01028403525954946,0.9130434782608695
In,0.367529958486557,0.0102890739833415,0.9130434782608695
In,0.3675418794155121,0.010294117647058823,0.9130434782608695
In,0.3682202398777008,0.010299166257969592,0.9130434782608695
In,0.3682713210582733,0.010304219823356232,0.9130434782608695
In,0.36849522590637207,0.010309278350515464,0.9130434782608695
In,0.3687916100025177,0.01031434184675835,0.9130434782608695
In,0.3688230812549591,0.010319410319410319,0.9130434782608695
In,0.36907270550727844,0.01032448377581121,0.9130434782608695
In,0.3695047199726105,0.010329562223315297,0.9130434782608695
In,0.36978617310523987,0.01033464566929134,0.9130434782608695
In,0.37030166387557983,0.0103397341211226,0.9130434782608695
In,0.3704107403755188,0.010344827586206896,0.9130434782608695
In,0.3704690635204315,0.010349926071956629,0.9130434782608695
In,0.37049224972724915,0.010355029585798817,0.9130434782608695
In,0.3705655336380005,0.010360138135175136,0.9130434782608695
In,0.3706457316875458,0.010365251727541954,0.9130434782608695
In,0.37099507451057434,0.01037037037037037,0.9130434782608695
In,0.3711196184158325,0.010375494071146246,0.9130434782608695
In,0.37122708559036255,0.010380622837370242,0.9130434782608695
In,0.37136343121528625,0.010385756676557863,0.9130434782608695
In,0.3716541826725006,0.010390895596239486,0.9130434782608695
In,0.37210845947265625,0.010396039603960397,0.9130434782608695
In,0.3723706603050232,0.010401188707280832,0.9130434782608695
In,0.3734157681465149,0.010406342913776016,0.9130434782608695
In,0.3735021650791168,0.010411502231036193,0.9130434782608695
In,0.3737504780292511,0.010416666666666666,0.9130434782608695
In,0.37417906522750854,0.010421836228287842,0.9130434782608695
In,0.3742191195487976,0.010427010923535254,0.9130434782608695
In,0.37542781233787537,0.010432190760059613,0.9130434782608695
In,0.37546029686927795,0.010437375745526839,0.9130434782608695
In,0.3757863938808441,0.0104425658876181,0.9130434782608695
In,0.3758287727832794,0.010447761194029851,0.9130434782608695
In,0.37589317560195923,0.010452961672473868,0.9130434782608695
In,0.3764227032661438,0.01045816733067729,0.9130434782608695
In,0.37670984864234924,0.01046337817638266,0.9130434782608695
In,0.37686797976493835,0.010468594217347957,0.9130434782608695
In,0.377359539270401,0.010473815461346634,0.9130434782608695
In,0.3773905336856842,0.010479041916167664,0.9130434782608695
In,0.37740835547447205,0.010484273589615577,0.9130434782608695
In,0.3774551749229431,0.01048951048951049,0.9130434782608695
In,0.3774624168872833,0.010494752623688156,0.9130434782608695
In,0.37753811478614807,0.0105,0.9130434782608695
In,0.3779847323894501,0.010505252626313157,0.9130434782608695
In,0.3780893385410309,0.010510510510510511,0.9130434782608695
In,0.37815338373184204,0.010515773660490736,0.9130434782608695
In,0.37829142808914185,0.010521042084168337,0.9130434782608695
In,0.3786579668521881,0.010526315789473684,0.9130434782608695
In,0.37870845198631287,0.01053159478435306,0.9130434782608695
In,0.3788398206233978,0.010536879076768691,0.9130434782608695
In,0.3788514733314514,0.010542168674698794,0.9130434782608695
In,0.37887269258499146,0.01054746358613762,0.9130434782608695
In,0.3794442117214203,0.010552763819095477,0.9130434782608695
In,0.3797228932380676,0.010558069381598794,0.9130434782608695
In,0.38037359714508057,0.01056338028169014,0.9130434782608695
In,0.38058707118034363,0.010568696527428284,0.9130434782608695
In,0.3807429075241089,0.010574018126888218,0.9130434782608695
In,0.3809325695037842,0.01057934508816121,0.9130434782608695
In,0.38155919313430786,0.010584677419354838,0.9130434782608695
In,0.38165879249572754,0.01059001512859304,0.9130434782608695
In,0.3817582428455353,0.010595358224016145,0.9130434782608695
In,0.3820624351501465,0.01060070671378092,0.9130434782608695
In,0.38245755434036255,0.010606060606060607,0.9130434782608695
In,0.38282930850982666,0.010611419909044972,0.9130434782608695
In,0.3828764259815216,0.010616784630940344,0.9130434782608695
In,0.38351038098335266,0.010622154779969651,0.9130434782608695
In,0.3846883773803711,0.01062753036437247,0.9130434782608695
In,0.3848079741001129,0.010632911392405063,0.9130434782608695
In,0.38517579436302185,0.010638297872340425,0.9130434782608695
In,0.3852270841598511,0.010643689812468323,0.9130434782608695
In,0.3858160972595215,0.010649087221095335,0.9130434782608695
In,0.3859185576438904,0.0106544901065449,0.9130434782608695
In,0.3859371542930603,0.01065989847715736,0.9130434782608695
In,0.3859688639640808,0.010665312341289994,0.9130434782608695
In,0.3860757648944855,0.01016260162601626,0.8695652173913043
In,0.38638103008270264,0.010167768174885612,0.8695652173913043
In,0.3870403468608856,0.01017293997965412,0.8695652173913043
In,0.3877847194671631,0.010178117048346057,0.8695652173913043
In,0.38799530267715454,0.010183299389002037,0.8695652173913043
In,0.38799870014190674,0.010188487009679063,0.8695652173913043
In,0.3881516456604004,0.010193679918450561,0.8695652173913043
In,0.3886820077896118,0.010198878123406425,0.8695652173913043
In,0.38872063159942627,0.01020408163265306,0.8695652173913043
In,0.38887497782707214,0.010209290454313425,0.8695652173913043
In,0.3891724944114685,0.010214504596527068,0.8695652173913043
In,0.3898453712463379,0.010219724067450179,0.8695652173913043
In,0.38991889357566833,0.010224948875255624,0.8695652173913043
In,0.39015939831733704,0.010230179028132993,0.8695652173913043
In,0.3904227614402771,0.01023541453428864,0.8695652173913043
In,0.39089512825012207,0.010240655401945725,0.8695652173913043
In,0.3910338580608368,0.010245901639344262,0.8695652173913043
In,0.39121371507644653,0.010251153254741158,0.8695652173913043
In,0.3912256956100464,0.010256410256410256,0.8695652173913043
In,0.3914223909378052,0.01026167265264238,0.8695652173913043
In,0.3914479911327362,0.01026694045174538,0.8695652173913043
In,0.39187854528427124,0.01027221366204417,0.8695652173913043
In,0.3919128179550171,0.010277492291880781,0.8695652173913043
In,0.3919276297092438,0.010282776349614395,0.8695652173913043
In,0.3919791877269745,0.0102880658436214,0.8695652173913043
In,0.39200547337532043,0.010293360782295419,0.8695652173913043
In,0.392181932926178,0.010298661174047374,0.8695652173913043
In,0.3924168348312378,0.010303967027305513,0.8695652173913043
In,0.39251500368118286,0.010309278350515464,0.8695652173913043
In,0.3925723135471344,0.010314595152140279,0.8695652173913043
In,0.3925729990005493,0.010319917440660475,0.8695652173913043
In,0.3927142322063446,0.010325245224574084,0.8695652173913043
In,0.3927866816520691,0.010330578512396695,0.8695652173913043
In,0.3933444917201996,0.0103359173126615,0.8695652173913043
In,0.39345863461494446,0.010341261633919338,0.8695652173913043
In,0.39374178647994995,0.010346611484738748,0.8695652173913043
In,0.3942217230796814,0.010351966873706004,0.8695652173913043
In,0.39432311058044434,0.010357327809425169,0.8695652173913043
In,0.39444786310195923,0.010362694300518135,0.8695652173913043
In,0.39474937319755554,0.010368066355624676,0.8695652173913043
In,0.3955608308315277,0.01037344398340249,0.8695652173913043
In,0.39569780230522156,0.010378827192527244,0.8695652173913043
In,0.39614030718803406,0.010384215991692628,0.8695652173913043
In,0.3963872790336609,0.01038961038961039,0.8695652173913043
In,0.39730915427207947,0.010395010395010396,0.8695652173913043
In,0.3977307081222534,0.010400416016640665,0.8695652173913043
In,0.3978085219860077,0.01040582726326743,0.8695652173913043
In,0.3978251516819,0.010411244143675169,0.8695652173913043
In,0.39788827300071716,0.010416666666666666,0.8695652173913043
In,0.39821889996528625,0.010422094841063054,0.8695652173913043
In,0.39868301153182983,0.010427528675703858,0.8695652173913043
In,0.39880070090293884,0.010432968179447054,0.8695652173913043
In,0.398888498544693,0.010438413361169102,0.8695652173913043
In,0.39945462346076965,0.010443864229765013,0.8695652173913043
In,0.399479478597641,0.01044932079414838,0.8695652173913043
In,0.39972802996635437,0.010454783063251438,0.8695652173913043
In,0.3997989892959595,0.010460251046025104,0.8695652173913043
In,0.400337815284729,0.010465724751439037,0.8695652173913043
In,0.4005081355571747,0.010471204188481676,0.8695652173913043
In,0.4008542001247406,0.010476689366160294,0.8695652173913043
In,0.40103721618652344,0.010482180293501049,0.8695652173913043
In,0.4011187255382538,0.01048767697954903,0.8695652173913043
In,0.4015437960624695,0.01049317943336831,0.8695652173913043
In,0.40160906314849854,0.009973753280839895,0.8260869565217391
In,0.4017281234264374,0.009978991596638655,0.8260869565217391
In,0.4017479419708252,0.009984235417761429,0.8260869565217391
In,0.40231552720069885,0.009989484752891693,0.8260869565217391
In,0.4028508961200714,0.009994739610731194,0.8260869565217391
In,0.40305522084236145,0.01,0.8260869565217391
In,0.40310901403427124,0.010005265929436546,0.8260869565217391
In,0.40323564410209656,0.010010537407797681,0.8260869565217391
In,0.40332475304603577,0.010015814443858724,0.8260869565217391
In,0.4034064710140228,0.010021097046413503,0.8260869565217391
In,0.40345174074172974,0.010026385224274407,0.8260869565217391
In,0.4035038650035858,0.01003167898627244,0.8260869565217391
In,0.40352949500083923,0.010036978341257264,0.8260869565217391
In,0.40355879068374634,0.01004228329809725,0.8260869565217391
In,0.4036693274974823,0.010047593865679535,0.8260869565217391
In,0.4038407504558563,0.010052910052910053,0.8260869565217391
In,0.40411704778671265,0.010058231868713605,0.8260869565217391
In,0.40450790524482727,0.010063559322033898,0.8260869565217391
In,0.4045315980911255,0.010068892421833599,0.8260869565217391
In,0.4046144187450409,0.01007423117709438,0.8260869565217391
In,0.4046229422092438,0.010079575596816976,0.8260869565217391
In,0.40491586923599243,0.010084925690021231,0.8260869565217391
In,0.40502724051475525,0.01009028146574615,0.8260869565217391
In,0.4056870937347412,0.010095642933049946,0.8260869565217391
In,0.4060212969779968,0.010101010101010102,0.8260869565217391
In,0.4062044024467468,0.010106382978723405,0.8260869565217391
In,0.40643250942230225,0.010111761575306013,0.8260869565217391
In,0.4064997732639313,0.010117145899893504,0.8260869565217391
In,0.40667304396629333,0.010122535961640916,0.8260869565217391
In,0.40689530968666077,0.010127931769722815,0.8260869565217391
In,0.40695104002952576,0.010133333333333333,0.8260869565217391
In,0.40697038173675537,0.010138740661686232,0.8260869565217391
In,0.40708303451538086,0.01014415376401495,0.8260869565217391
In,0.40757861733436584,0.01014957264957265,0.8260869565217391
In,0.407980352640152,0.010154997327632281,0.8260869565217391
In,0.4081132113933563,0.010160427807486631,0.8260869565217391
In,0.40840309858322144,0.010165864098448368,0.8260869565217391
In,0.4089871048927307,0.010171306209850108,0.8260869565217391
In,0.40954846143722534,0.010176754151044456,0.8260869565217391
In,0.40990594029426575,0.010182207931404072,0.8260869565217391
In,0.40991610288619995,0.010187667560321715,0.8260869565217391
In,0.4099205434322357,0.0101931330472103,0.8260869565217391
In,0.4105037748813629,0.010198604401502952,0.8260869565217391
In,0.4107871651649475,0.01020408163265306,0.8260869565217391
In,0.4114731252193451,0.010209564750134336,0.8260869565217391
In,0.41149771213531494,0.01021505376344086,0.8260869565217391
In,0.4115215241909027,0.010220548682087143,0.8260869565217391
In,0.41154950857162476,0.01022604951560818,0.8260869565217391
In,0.4115504026412964,0.010231556273559504,0.8260869565217391
In,0.4117536246776581,0.010237068965517241,0.8260869565217391
In,0.41187581419944763,0.010242587601078167,0.8260869565217391
In,0.4119490683078766,0.010248112189859764,0.8260869565217391
In,0.4120967388153076,0.01025364274150027,0.8260869565217391
In,0.41259124875068665,0.010259179265658747,0.8260869565217391
In,0.41287869215011597,0.010264721772015126,0.8260869565217391
In,0.413070946931839,0.01027027027027027,0.8260869565217391
In,0.4131259024143219,0.010275824770146024,0.8260869565217391
In,0.41339683532714844,0.010281385281385282,0.8260869565217391
In,0.41365131735801697,0.01028695181375203,0.8260869565217391
In,0.413738876581192,0.010292524377031419,0.8260869565217391
In,0.4141007661819458,0.010298102981029811,0.8260869565217391
In,0.41463908553123474,0.010303687635574838,0.8260869565217391
In,0.4146798551082611,0.010309278350515464,0.8260869565217391
In,0.41490721702575684,0.01031487513572204,0.8260869565217391
In,0.4151660203933716,0.010320478001086366,0.8260869565217391
In,0.4155857563018799,0.010326086956521738,0.8260869565217391
In,0.41580575704574585,0.010331702011963024,0.8260869565217391
In,0.41591358184814453,0.010337323177366704,0.8260869565217391
In,0.4161469042301178,0.010342950462710943,0.8260869565217391
In,0.4163745045661926,0.010348583877995643,0.8260869565217391
In,0.41666537523269653,0.010354223433242507,0.8260869565217391
In,0.41678187251091003,0.010359869138495093,0.8260869565217391
In,0.4170093238353729,0.010365521003818877,0.8260869565217391
In,0.41702067852020264,0.01037117903930131,0.8260869565217391
In,0.41703417897224426,0.010376843255051884,0.8260869565217391
In,0.41709646582603455,0.010382513661202186,0.8260869565217391
In,0.41719570755958557,0.01038819026790596,0.8260869565217391
In,0.4172256886959076,0.010393873085339168,0.8260869565217391
In,0.41738033294677734,0.010399562123700055,0.8260869565217391
In,0.4174546003341675,0.0104052573932092,0.8260869565217391
In,0.41758105158805847,0.010410958904109589,0.8260869565217391
In,0.41759175062179565,0.010416666666666666,0.8260869565217391
In,0.4178813099861145,0.010422380691168404,0.8260869565217391
In,0.41800835728645325,0.010428100987925357,0.8260869565217391
In,0.41812533140182495,0.01043382756727073,0.8260869565217391
In,0.41812771558761597,0.010439560439560439,0.8260869565217391
In,0.4182635247707367,0.010445299615173173,0.8260869565217391
In,0.41830864548683167,0.010451045104510451,0.8260869565217391
In,0.4183405041694641,0.010456796917996699,0.8260869565217391
In,0.4183999300003052,0.010462555066079295,0.8260869565217391
In,0.41842859983444214,0.01046831955922865,0.8260869565217391
In,0.41873031854629517,0.010474090407938258,0.8260869565217391
In,0.4192996621131897,0.010479867622724766,0.8260869565217391
In,0.4193646311759949,0.010485651214128035,0.8260869565217391
In,0.4201342463493347,0.010491441192711209,0.8260869565217391
In,0.42035749554634094,0.010497237569060774,0.8260869565217391
In,0.4203912019729614,0.010503040353786623,0.8260869565217391
In,0.42060428857803345,0.010508849557522125,0.8260869565217391
In,0.42084139585494995,0.010514665190924184,0.8260869565217391
In,0.4210284650325775,0.010520487264673311,0.8260869565217391
In,0.421061635017395,0.010526315789473684,0.8260869565217391
In,0.4211106598377228,0.010532150776053215,0.8260869565217391
In,0.42138436436653137,0.010537992235163616,0.8260869565217391
In,0.42139917612075806,0.010543840177580466,0.8260869565217391
In,0.4217059314250946,0.010549694614103275,0.8260869565217391
In,0.42208316922187805,0.010555555555555556,0.8260869565217391
In,0.42313000559806824,0.010561423012784881,0.8260869565217391
In,0.42317670583724976,0.010567296996662959,0.8260869565217391
In,0.4236471951007843,0.010573177518085699,0.8260869565217391
In,0.4236871600151062,0.010579064587973273,0.8260869565217391
In,0.42402541637420654,0.010584958217270195,0.8260869565217391
In,0.42435064911842346,0.010590858416945374,0.8260869565217391
In,0.4243934750556946,0.010596765197992191,0.8260869565217391
In,0.4243941903114319,0.010602678571428572,0.8260869565217391
In,0.4245072603225708,0.01060859854829704,0.8260869565217391
In,0.4247097671031952,0.010614525139664804,0.8260869565217391
In,0.4249219298362732,0.010620458356623811,0.8260869565217391
In,0.4253947138786316,0.010626398210290829,0.8260869565217391
In,0.42540740966796875,0.010632344711807499,0.8260869565217391
In,0.4266693592071533,0.010638297872340425,0.8260869565217391
In,0.42692217230796814,0.010644257703081233,0.8260869565217391
In,0.4269486367702484,0.010650224215246636,0.8260869565217391
In,0.4272046983242035,0.01065619742007852,0.8260869565217391
In,0.4275808334350586,0.010662177328843996,0.8260869565217391
In,0.4276908040046692,0.010668163952835485,0.8260869565217391
In,0.42771124839782715,0.010674157303370787,0.8260869565217391
In,0.428126722574234,0.010680157391793142,0.8260869565217391
In,0.4282244145870209,0.010686164229471317,0.8260869565217391
In,0.4283100664615631,0.010692177827799663,0.8260869565217391
In,0.42895016074180603,0.010698198198198198,0.8260869565217391
In,0.4300868511199951,0.010704225352112675,0.8260869565217391
In,0.4304678738117218,0.010710259301014656,0.8260869565217391
In,0.4305114150047302,0.01071630005640158,0.8260869565217391
In,0.4308564364910126,0.01072234762979684,0.8260869565217391
In,0.430955708026886,0.010728402032749858,0.8260869565217391
In,0.4309583902359009,0.010734463276836158,0.8260869565217391
In,0.4310057461261749,0.010740531373657434,0.8260869565217391
In,0.43114447593688965,0.010746606334841629,0.8260869565217391
In,0.4314505457878113,0.010752688172043012,0.8260869565217391
In,0.4315493106842041,0.010758776896942242,0.8260869565217391
In,0.431619256734848,0.01076487252124646,0.8260869565217391
In,0.4316644072532654,0.010770975056689343,0.8260869565217391
In,0.43166643381118774,0.010777084515031198,0.8260869565217391
In,0.4317442774772644,0.010783200908059024,0.8260869565217391
In,0.4317956566810608,0.010789324247586598,0.8260869565217391
In,0.4321850836277008,0.010795454545454546,0.8260869565217391
In,0.43228965997695923,0.010801591813530414,0.8260869565217391
In,0.4323198199272156,0.01080773606370876,0.8260869565217391
In,0.43232834339141846,0.010813887307911212,0.8260869565217391
In,0.43248096108436584,0.01082004555808656,0.8260869565217391
In,0.43280503153800964,0.010826210826210826,0.8260869565217391
In,0.43288591504096985,0.010832383124287344,0.8260869565217391
In,0.4328891932964325,0.010838562464346835,0.8260869565217391
In,0.4333033859729767,0.010844748858447488,0.8260869565217391
In,0.4333099126815796,0.010850942318675044,0.8260869565217391
In,0.43374010920524597,0.010857142857142857,0.8260869565217391
In,0.43411698937416077,0.010863350485991996,0.8260869565217391
In,0.43471992015838623,0.010869565217391304,0.8260869565217391
In,0.4348262548446655,0.010875787063537493,0.8260869565217391
In,0.43487218022346497,0.010882016036655211,0.8260869565217391
In,0.43496620655059814,0.010888252148997135,0.8260869565217391
In,0.4350159466266632,0.010894495412844037,0.8260869565217391
In,0.43588972091674805,0.010900745840504877,0.8260869565217391
In,0.43620526790618896,0.010907003444316877,0.8260869565217391
In,0.43645837903022766,0.010913268236645606,0.8260869565217391
In,0.4364967346191406,0.010919540229885057,0.8260869565217391
In,0.4365159869194031,0.010925819436457734,0.8260869565217391
In,0.43662479519844055,0.01093210586881473,0.8260869565217391
In,0.4369271397590637,0.010938399539435808,0.8260869565217391
In,0.4369460642337799,0.010944700460829493,0.8260869565217391
In,0.4369857609272003,0.01095100864553314,0.8260869565217391
In,0.4371567964553833,0.010957324106113034,0.8260869565217391
In,0.43747520446777344,0.010963646855164455,0.8260869565217391
In,0.43773555755615234,0.010969976905311778,0.8260869565217391
In,0.4377436339855194,0.01097631426920855,0.8260869565217391
In,0.4379679262638092,0.010982658959537572,0.8260869565217391
In,0.438083291053772,0.01098901098901099,0.8260869565217391
In,0.43827781081199646,0.01099537037037037,0.8260869565217391
In,0.4383942186832428,0.011001737116386797,0.8260869565217391
In,0.4384612441062927,0.01100811123986095,0.8260869565217391
In,0.43852266669273376,0.011014492753623189,0.8260869565217391
In,0.4391319751739502,0.011020881670533642,0.8260869565217391
In,0.4393661618232727,0.011027278003482298,0.8260869565217391
In,0.4394611418247223,0.011033681765389082,0.8260869565217391
In,0.44007664918899536,0.011040092969203951,0.8260869565217391
In,0.44028401374816895,0.011046511627906977,0.8260869565217391
In,0.4403010308742523,0.011052937754508435,0.8260869565217391
In,0.4404657483100891,0.011059371362048894,0.8260869565217391
In,0.440662145614624,0.0110658124635993,0.8260869565217391
In,0.4408358931541443,0.011072261072261072,0.8260869565217391
In,0.44122448563575745,0.011078717201166181,0.8260869565217391
In,0.4415445327758789,0.011085180863477246,0.8260869565217391
In,0.4421745836734772,0.011091652072387624,0.8260869565217391
In,0.4425383508205414,0.011098130841121495,0.8260869565217391
In,0.4426347315311432,0.011104617182933957,0.8260869565217391
In,0.4427679777145386,0.011111111111111112,0.8260869565217391
In,0.44278204441070557,0.011117612638970159,0.8260869565217391
In,0.4428151249885559,0.011124121779859485,0.8260869565217391
In,0.44308510422706604,0.011130638547158758,0.8260869565217391
In,0.4431569576263428,0.011137162954279016,0.8260869565217391
In,0.4431939721107483,0.011143695014662757,0.8260869565217391
In,0.44319963455200195,0.011150234741784037,0.8260869565217391
In,0.44330400228500366,0.011156782149148562,0.8260869565217391
In,0.44338923692703247,0.011163337250293772,0.8260869565217391
In,0.4439156651496887,0.011169900058788948,0.8260869565217391
In,0.444805383682251,0.011176470588235295,0.8260869565217391
In,0.4450398087501526,0.011183048852266038,0.8260869565217391
In,0.44518622756004333,0.011189634864546525,0.8260869565217391
In,0.4453585147857666,0.011196228638774307,0.8260869565217391
In,0.4453946053981781,0.011202830188679245,0.8260869565217391
In,0.44544708728790283,0.011209439528023599,0.8260869565217391
In,0.44575756788253784,0.011216056670602124,0.8260869565217391
In,0.44593673944473267,0.011222681630242174,0.8260869565217391
In,0.4464103877544403,0.011229314420803783,0.8260869565217391
In,0.44657444953918457,0.011235955056179775,0.8260869565217391
In,0.44674310088157654,0.011242603550295858,0.8260869565217391
In,0.4467812180519104,0.011249259917110717,0.8260869565217391
In,0.44684433937072754,0.011255924170616114,0.8260869565217391
In,0.4470348358154297,0.011262596324836989,0.8260869565217391
In,0.44715866446495056,0.011269276393831554,0.8260869565217391
In,0.4472905695438385,0.011275964391691394,0.8260869565217391
In,0.4473215341567993,0.011282660332541567,0.8260869565217391
In,0.44751280546188354,0.0112893642305407,0.8260869565217391
In,0.4479012191295624,0.011296076099881093,0.8260869565217391
In,0.4483323097229004,0.011302795954788817,0.8260869565217391
In,0.448359876871109,0.01130952380952381,0.8260869565217391
In,0.4485029876232147,0.011316259678379988,0.8260869565217391
In,0.4486018419265747,0.01132300357568534,0.8260869565217391
In,0.4488007426261902,0.011329755515802028,0.8260869565217391
In,0.4491451382637024,0.011336515513126491,0.8260869565217391
In,0.44930797815322876,0.011343283582089553,0.8260869565217391
In,0.4497021436691284,0.011350059737156512,0.8260869565217391
In,0.44971731305122375,0.011356843992827256,0.8260869565217391
In,0.449756383895874,0.011363636363636364,0.8260869565217391
In,0.44980672001838684,0.011370436864153202,0.8260869565217391
In,0.4499094784259796,0.011377245508982036,0.8260869565217391
In,0.44992873072624207,0.011384062312762133,0.8260869565217391
In,0.4500841200351715,0.011390887290167866,0.8260869565217391
In,0.4501594007015228,0.011397720455908818,0.8260869565217391
In,0.45052728056907654,0.011404561824729893,0.8260869565217391
In,0.45073655247688293,0.011411411411411412,0.8260869565217391
In,0.45127639174461365,0.01141826923076923,0.8260869565217391
In,0.45236924290657043,0.011425135297654841,0.8260869565217391
In,0.45237791538238525,0.011432009626955475,0.8260869565217391
In,0.4524460732936859,0.011438892233594221,0.8260869565217391
In,0.4525359570980072,0.01144578313253012,0.8260869565217391
In,0.45268353819847107,0.011452682338758288,0.8260869565217391
In,0.45290639996528625,0.011459589867310011,0.8260869565217391
In,0.45298317074775696,0.011466505733252867,0.8260869565217391
In,0.45338088274002075,0.011473429951690822,0.8260869565217391
In,0.4534376561641693,0.011480362537764351,0.8260869565217391
In,0.45346951484680176,0.011487303506650543,0.8260869565217391
In,0.45348504185676575,0.011494252873563218,0.8260869565217391
In,0.45357826352119446,0.011501210653753027,0.8260869565217391
In,0.45401453971862793,0.01150817686250757,0.8260869565217391
In,0.45408982038497925,0.011515151515151515,0.8260869565217391
In,0.45422306656837463,0.011522134627046696,0.8260869565217391
In,0.45427101850509644,0.011529126213592233,0.8260869565217391
In,0.45475226640701294,0.01153612629022465,0.8260869565217391
In,0.4552233815193176,0.011543134872417983,0.8260869565217391
In,0.4553513526916504,0.011550151975683891,0.8260869565217391
In,0.45575159788131714,0.011557177615571776,0.8260869565217391
In,0.4559171795845032,0.011564211807668898,0.8260869565217391
In,0.45621776580810547,0.011571254567600487,0.8260869565217391
In,0.45640069246292114,0.01157830591102986,0.8260869565217391
In,0.4568825960159302,0.011585365853658536,0.8260869565217391
In,0.45701637864112854,0.011592434411226357,0.8260869565217391
In,0.4571763575077057,0.0115995115995116,0.8260869565217391
In,0.45721155405044556,0.011606597434331093,0.8260869565217391
In,0.45739373564720154,0.011613691931540342,0.8260869565217391
In,0.45750001072883606,0.011620795107033639,0.8260869565217391
In,0.4575793147087097,0.011627906976744186,0.8260869565217391
In,0.4576929211616516,0.011635027556644213,0.8260869565217391
In,0.45776045322418213,0.011642156862745098,0.8260869565217391
In,0.45793989300727844,0.011649294911097487,0.8260869565217391
In,0.45846500992774963,0.011656441717791411,0.8260869565217391
In,0.4584810733795166,0.011663597298956415,0.8260869565217391
In,0.45855116844177246,0.01167076167076167,0.8260869565217391
In,0.45892250537872314,0.011677934849416103,0.8260869565217391
In,0.45901238918304443,0.011685116851168511,0.8260869565217391
In,0.4590491056442261,0.011692307692307693,0.8260869565217391
In,0.4591258764266968,0.011699507389162561,0.8260869565217391
In,0.4591546952724457,0.01170671595810228,0.8260869565217391
In,0.4592507779598236,0.011713933415536375,0.8260869565217391
In,0.45931190252304077,0.011721159777914868,0.8260869565217391
In,0.4596278667449951,0.011728395061728396,0.8260869565217391
In,0.45978569984436035,0.01173563928350834,0.8260869565217391
In,0.4603344202041626,0.011742892459826947,0.8260869565217391
In,0.46039968729019165,0.011750154607297465,0.8260869565217391
In,0.46052733063697815,0.011757425742574257,0.8260869565217391
In,0.46073004603385925,0.011764705882352941,0.8260869565217391
In,0.46073126792907715,0.011771995043370507,0.8260869565217391
In,0.4610598385334015,0.011779293242405457,0.8260869565217391
In,0.4612073600292206,0.011786600496277916,0.8260869565217391
In,0.4615046977996826,0.011793916821849782,0.8260869565217391
In,0.4630367159843445,0.011801242236024845,0.8260869565217391
In,0.46354785561561584,0.011808576755748913,0.8260869565217391
In,0.4636112153530121,0.01181592039800995,0.8260869565217391
In,0.4642178416252136,0.011823273179838207,0.8260869565217391
In,0.464525431394577,0.011830635118306352,0.8260869565217391
In,0.4648888111114502,0.011838006230529595,0.8260869565217391
In,0.46502044796943665,0.011845386533665835,0.8260869565217391
In,0.46514421701431274,0.011852776044915784,0.8260869565217391
In,0.46578654646873474,0.011860174781523096,0.8260869565217391
In,0.46594366431236267,0.011867582760774516,0.8260869565217391
In,0.4659779965877533,0.011875,0.8260869565217391
In,0.4660072326660156,0.011882426516572859,0.8260869565217391
In,0.46602946519851685,0.011889862327909888,0.8260869565217391
In,0.46611282229423523,0.011897307451471509,0.8260869565217391
In,0.46627265214920044,0.011904761904761904,0.8260869565217391
In,0.46687525510787964,0.011912225705329153,0.8260869565217391
In,0.46730563044548035,0.01191969887076537,0.8260869565217391
In,0.4673490822315216,0.011927181418706842,0.8260869565217391
In,0.4674604833126068,0.01193467336683417,0.8260869565217391
In,0.467572957277298,0.011942174732872407,0.8260869565217391
In,0.467623770236969,0.011949685534591196,0.8260869565217391
In,0.46766433119773865,0.01195720578980491,0.8260869565217391
In,0.46794232726097107,0.011964735516372796,0.8260869565217391
In,0.4679602086544037,0.011972274732199117,0.8260869565217391
In,0.46803486347198486,0.01197982345523329,0.8260869565217391
In,0.46806102991104126,0.011987381703470032,0.8260869565217391
In,0.46810394525527954,0.011994949494949494,0.8260869565217391
In,0.4681640565395355,0.012002526847757423,0.8260869565217391
In,0.4684763252735138,0.012010113780025285,0.8260869565217391
In,0.4688776731491089,0.012017710309930424,0.8260869565217391
In,0.46900036931037903,0.012025316455696202,0.8260869565217391
In,0.4690251350402832,0.012032932235592146,0.8260869565217391
In,0.4693278670310974,0.012040557667934094,0.8260869565217391
In,0.46946433186531067,0.012048192771084338,0.8260869565217391
In,0.4696666896343231,0.012055837563451776,0.8260869565217391
In,0.4697587192058563,0.012063492063492064,0.8260869565217391
In,0.4709623456001282,0.01207115628970775,0.8260869565217391
In,0.4710962176322937,0.012078830260648443,0.8260869565217391
In,0.4713079333305359,0.012086513994910942,0.8260869565217391
In,0.47134149074554443,0.0120942075111394,0.8260869565217391
In,0.47138261795043945,0.012101910828025478,0.8260869565217391
In,0.47150570154190063,0.012109623964308477,0.8260869565217391
In,0.4718504846096039,0.01211734693877551,0.8260869565217391
In,0.4721081256866455,0.012125079770261647,0.8260869565217391
In,0.4724229574203491,0.012132822477650063,0.8260869565217391
In,0.4724377691745758,0.012140575079872205,0.8260869565217391
In,0.47250479459762573,0.012148337595907928,0.8260869565217391
In,0.47324126958847046,0.01215611004478567,0.8260869565217391
In,0.47334912419319153,0.012163892445582587,0.8260869565217391
In,0.4733690917491913,0.012171684817424727,0.8260869565217391
In,0.47397616505622864,0.01217948717948718,0.8260869565217391
In,0.47423186898231506,0.012187299550994226,0.8260869565217391
In,0.47443312406539917,0.012195121951219513,0.8260869565217391
In,0.47446203231811523,0.012202954399486191,0.8260869565217391
In,0.47479110956192017,0.012210796915167094,0.8260869565217391
In,0.47495037317276,0.012218649517684888,0.8260869565217391
In,0.4751409590244293,0.012226512226512226,0.8260869565217391
In,0.4753148555755615,0.012234385061171926,0.8260869565217391
In,0.4753636419773102,0.012242268041237113,0.8260869565217391
In,0.4755154848098755,0.012250161186331399,0.8260869565217391
In,0.4757705330848694,0.012258064516129033,0.8260869565217391
In,0.475861519575119,0.012265978050355068,0.8260869565217391
In,0.4760288894176483,0.01227390180878553,0.8260869565217391
In,0.4760487377643585,0.012281835811247576,0.8260869565217391
In,0.47634732723236084,0.012289780077619664,0.8260869565217391
In,0.47640618681907654,0.012297734627831715,0.8260869565217391
In,0.47644904255867004,0.012305699481865285,0.8260869565217391
In,0.47698062658309937,0.012313674659753726,0.8260869565217391
In,0.4770177900791168,0.01232166018158236,0.8260869565217391
In,0.4770677983760834,0.012329656067488644,0.8260869565217391
In,0.4770711660385132,0.012337662337662338,0.8260869565217391
In,0.4771915078163147,0.012345679012345678,0.8260869565217391
In,0.4772251844406128,0.01235370611183355,0.8260869565217391
In,0.477649986743927,0.01236174365647365,0.8260869565217391
In,0.4777010679244995,0.012369791666666666,0.8260869565217391
In,0.47789737582206726,0.012377850162866449,0.8260869565217391
In,0.4779285192489624,0.012385919165580182,0.8260869565217391
In,0.4779614508152008,0.012393998695368558,0.8260869565217391
In,0.4781552851200104,0.012402088772845953,0.8260869565217391
In,0.4784891605377197,0.012410189418680601,0.8260869565217391
In,0.4785333275794983,0.01241830065359477,0.8260869565217391
In,0.478769987821579,0.012426422498364944,0.8260869565217391
In,0.4790480434894562,0.012434554973821989,0.8260869565217391
In,0.47922688722610474,0.012442698100851343,0.8260869565217391
In,0.47923073172569275,0.012450851900393184,0.8260869565217391
In,0.4792316257953644,0.012459016393442624,0.8260869565217391
In,0.479520708322525,0.012467191601049869,0.8260869565217391
In,0.4796488881111145,0.01247537754432042,0.8260869565217391
In,0.4799843728542328,0.012483574244415242,0.8260869565217391
In,0.48029443621635437,0.012491781722550954,0.8260869565217391
In,0.4806714355945587,0.0125,0.8260869565217391
In,0.48072177171707153,0.012508229098090849,0.8260869565217391
In,0.48089227080345154,0.012516469038208168,0.8260869565217391
In,0.4812936782836914,0.012524719841793012,0.8260869565217391
In,0.4815543591976166,0.012532981530343008,0.8260869565217391
In,0.48185357451438904,0.012541254125412541,0.8260869565217391
In,0.48186394572257996,0.012549537648612946,0.8260869565217391
In,0.48186734318733215,0.01255783212161269,0.8260869565217391
In,0.48211467266082764,0.012566137566137565,0.8260869565217391
In,0.4822289049625397,0.01257445400397088,0.8260869565217391
In,0.4822610318660736,0.012582781456953643,0.8260869565217391
In,0.48257341980934143,0.012591119946984758,0.8260869565217391
In,0.4828290641307831,0.012599469496021221,0.8260869565217391
In,0.48346924781799316,0.012607830126078301,0.8260869565217391
In,0.48362699151039124,0.012616201859229747,0.8260869565217391
In,0.48375046253204346,0.012624584717607974,0.8260869565217391
In,0.4837559461593628,0.012632978723404254,0.8260869565217391
In,0.48437395691871643,0.012641383898868928,0.8260869565217391
In,0.48440879583358765,0.012649800266311585,0.8260869565217391
In,0.48579537868499756,0.012658227848101266,0.8260869565217391
In,0.48582491278648376,0.012666666666666666,0.8260869565217391
In,0.48591116070747375,0.012675116744496331,0.8260869565217391
In,0.4859815239906311,0.012683578104138851,0.8260869565217391
In,0.486013263463974,0.012692050768203072,0.8260869565217391
In,0.48610973358154297,0.01270053475935829,0.8260869565217391
In,0.4865182638168335,0.012709030100334449,0.8260869565217391
In,0.4865648150444031,0.012717536813922356,0.8260869565217391
In,0.4865912199020386,0.012726054922973878,0.8260869565217391
In,0.4868150055408478,0.012734584450402145,0.8260869565217391
In,0.48692551255226135,0.012743125419181758,0.8260869565217391
In,0.48695051670074463,0.012751677852348993,0.8260869565217391
In,0.4874749183654785,0.012760241773002015,0.8260869565217391
In,0.48749303817749023,0.012768817204301076,0.8260869565217391
In,0.4877166152000427,0.012777404169468728,0.8260869565217391
In,0.4879453480243683,0.01278600269179004,0.8260869565217391
In,0.48807448148727417,0.012794612794612794,0.8260869565217391
In,0.48847758769989014,0.012803234501347708,0.8260869565217391
In,0.48869141936302185,0.012811867835468645,0.8260869565217391
In,0.48913535475730896,0.01282051282051282,0.8260869565217391
In,0.489274263381958,0.012829169480081027,0.8260869565217391
In,0.4893045723438263,0.012837837837837839,0.8260869565217391
In,0.48932939767837524,0.012846517917511832,0.8260869565217391
In,0.4895343482494354,0.012855209742895805,0.8260869565217391
In,0.4896421432495117,0.012863913337846988,0.8260869565217391
In,0.48997196555137634,0.012872628726287264,0.8260869565217391
In,0.4902404844760895,0.01288135593220339,0.8260869565217391
In,0.4903203547000885,0.012890094979647219,0.8260869565217391
In,0.4903581142425537,0.012898845892735914,0.8260869565217391
In,0.4906206429004669,0.012907608695652174,0.8260869565217391
In,0.4907434582710266,0.01291638341264446,0.8260869565217391
In,0.49098044633865356,0.01292517006802721,0.8260869565217391
In,0.4909859001636505,0.012933968686181076,0.8260869565217391
In,0.4912906587123871,0.012942779291553134,0.8260869565217391
In,0.49139150977134705,0.012951601908657124,0.8260869565217391
In,0.4915308356285095,0.01296043656207367,0.8260869565217391
In,0.4916868507862091,0.012969283276450512,0.8260869565217391
In,0.4919479489326477,0.012978142076502733,0.8260869565217391
In,0.49263128638267517,0.012987012987012988,0.8260869565217391
In,0.492888867855072,0.012995896032831737,0.8260869565217391
In,0.4930219352245331,0.013004791238877482,0.8260869565217391
In,0.4936280846595764,0.013013698630136987,0.8260869565217391
In,0.49382883310317993,0.013022618231665525,0.8260869565217391
In,0.49384933710098267,0.013031550068587106,0.8260869565217391
In,0.49387988448143005,0.013040494166094716,0.8260869565217391
In,0.49414196610450745,0.01304945054945055,0.8260869565217391
In,0.49432533979415894,0.013058419243986255,0.8260869565217391
In,0.4948978126049042,0.013067400275103164,0.8260869565217391
In,0.4951321482658386,0.01307639366827254,0.8260869565217391
In,0.4952496886253357,0.013085399449035813,0.8260869565217391
In,0.4955829679965973,0.013094417643004824,0.8260869565217391
In,0.4955865740776062,0.01310344827586207,0.8260869565217391
In,0.4957054555416107,0.013112491373360938,0.8260869565217391
In,0.4959062337875366,0.013121546961325966,0.8260869565217391
In,0.49639585614204407,0.013130615065653075,0.8260869565217391
In,0.49729111790657043,0.01313969571230982,0.8260869565217391
In,0.49736693501472473,0.01314878892733564,0.8260869565217391
In,0.4975670576095581,0.013157894736842105,0.8260869565217391
In,0.4975699782371521,0.013167013167013167,0.8260869565217391
In,0.4976932108402252,0.013176144244105409,0.8260869565217391
In,0.49769967794418335,0.0131852879944483,0.8260869565217391
In,0.4979022145271301,0.013194444444444444,0.8260869565217391
In,0.4981434941291809,0.01320361362056984,0.8260869565217391
In,0.4983724057674408,0.01321279554937413,0.8260869565217391
In,0.4986332058906555,0.013221990257480862,0.8260869565217391
In,0.4987291395664215,0.013231197771587743,0.8260869565217391
In,0.4988091289997101,0.0132404181184669,0.8260869565217391
In,0.4988510310649872,0.013249651324965132,0.8260869565217391
In,0.49982160329818726,0.013258897418004187,0.8260869565217391
In,0.5007104277610779,0.013268156424581005,0.8260869565217391
In,0.5009122490882874,0.013277428371767994,0.8260869565217391
In,0.50104159116745,0.013286713286713287,0.8260869565217391
In,0.5012909173965454,0.013296011196641007,0.8260869565217391
In,0.5014200210571289,0.01330532212885154,0.8260869565217391
In,0.5015338659286499,0.013314646110721794,0.8260869565217391
In,0.5016043186187744,0.01332398316970547,0.8260869565217391
In,0.5020506381988525,0.013333333333333334,0.8260869565217391
In,0.5022097229957581,0.013342696629213483,0.8260869565217391
In,0.5026717782020569,0.013352073085031623,0.8260869565217391
In,0.5030878186225891,0.013361462728551337,0.8260869565217391
In,0.5033777356147766,0.013370865587614356,0.8260869565217391
In,0.5034428834915161,0.013380281690140845,0.8260869565217391
In,0.5037211179733276,0.013389711064129669,0.8260869565217391
In,0.5037437081336975,0.013399153737658674,0.8260869565217391
In,0.5037444233894348,0.013408609738884969,0.8260869565217391
In,0.5038115978240967,0.013418079096045197,0.8260869565217391
In,0.5039336681365967,0.01342756183745583,0.8260869565217391
In,0.5040830373764038,0.013437057991513438,0.8260869565217391
In,0.5046997666358948,0.013446567586694975,0.8260869565217391
In,0.5047791004180908,0.013456090651558074,0.8260869565217391
In,0.5047884583473206,0.013465627214741318,0.8260869565217391
In,0.5048798322677612,0.01347517730496454,0.8260869565217391
In,0.504970133304596,0.0134847409510291,0.8260869565217391
In,0.505376935005188,0.013494318181818182,0.8260869565217391
In,0.505420982837677,0.013503909026297086,0.8260869565217391
In,0.5058355331420898,0.013513513513513514,0.8260869565217391
In,0.5058960318565369,0.013523131672597865,0.8260869565217391
In,0.5062367916107178,0.013532763532763533,0.8260869565217391
In,0.5064604878425598,0.0135424091233072,0.8260869565217391
In,0.5065445303916931,0.01355206847360913,0.8260869565217391
In,0.5065540671348572,0.013561741613133477,0.8260869565217391
In,0.5067779421806335,0.013571428571428571,0.8260869565217391
In,0.5068001747131348,0.013581129378127233,0.8260869565217391
In,0.5072520971298218,0.013590844062947067,0.8260869565217391
In,0.5075433254241943,0.013600572655690766,0.8260869565217391
In,0.5075793862342834,0.013610315186246419,0.8260869565217391
In,0.5079946517944336,0.013620071684587814,0.8260869565217391
In,0.5080668926239014,0.013629842180774749,0.8260869565217391
In,0.5080685019493103,0.013639626704953339,0.8260869565217391
In,0.508076548576355,0.013649425287356323,0.8260869565217391
In,0.5081491470336914,0.013659237958303379,0.8260869565217391
In,0.5081691741943359,0.013669064748201438,0.8260869565217391
In,0.5083107948303223,0.013678905687544997,0.8260869565217391
In,0.5083997249603271,0.013688760806916427,0.8260869565217391
In,0.508713960647583,0.0136986301369863,0.8260869565217391
In,0.508714497089386,0.013708513708513708,0.8260869565217391
In,0.5088794827461243,0.013718411552346571,0.8260869565217391
In,0.5089539289474487,0.013728323699421965,0.8260869565217391
In,0.5094596147537231,0.01373825018076645,0.8260869565217391
In,0.5097499489784241,0.013748191027496382,0.8260869565217391
In,0.5099902153015137,0.013758146270818247,0.8260869565217391
In,0.5100801587104797,0.013768115942028985,0.8260869565217391
In,0.5105364918708801,0.013778100072516316,0.8260869565217391
In,0.5105905532836914,0.013788098693759071,0.8260869565217391
In,0.5110088586807251,0.013798111837327523,0.8260869565217391
In,0.5110202431678772,0.013808139534883721,0.8260869565217391
In,0.5111529231071472,0.013818181818181818,0.8260869565217391
In,0.5119507312774658,0.013828238719068414,0.8260869565217391
In,0.5119784474372864,0.013838310269482883,0.8260869565217391
In,0.5120593905448914,0.013848396501457727,0.8260869565217391
In,0.5122488141059875,0.013858497447118891,0.8260869565217391
In,0.5124968886375427,0.013868613138686132,0.8260869565217391
In,0.5125077962875366,0.013878743608473338,0.8260869565217391
In,0.5126771330833435,0.013888888888888888,0.8260869565217391
In,0.5128623247146606,0.013899049012435992,0.8260869565217391
In,0.5134083032608032,0.013909224011713031,0.8260869565217391
In,0.5134427547454834,0.01391941391941392,0.8260869565217391
In,0.5136995911598206,0.013929618768328446,0.8260869565217391
In,0.5138397812843323,0.013939838591342627,0.8260869565217391
In,0.5143582224845886,0.013950073421439061,0.8260869565217391
In,0.514533281326294,0.013960323291697281,0.8260869565217391
In,0.5146201848983765,0.013970588235294118,0.8260869565217391
In,0.5148491859436035,0.013980868285504048,0.8260869565217391
In,0.5149418711662292,0.013991163475699559,0.8260869565217391
In,0.5155342221260071,0.01400147383935151,0.8260869565217391
In,0.5159586668014526,0.014011799410029498,0.8260869565217391
In,0.5160549283027649,0.014022140221402213,0.8260869565217391
In,0.516100287437439,0.014032496307237814,0.8260869565217391
In,0.5162334442138672,0.014042867701404288,0.8260869565217391
In,0.5163701176643372,0.014053254437869823,0.8260869565217391
In,0.5166931748390198,0.014063656550703183,0.8260869565217391
In,0.5169413089752197,0.014074074074074074,0.8260869565217391
In,0.5171570181846619,0.014084507042253521,0.8260869565217391
In,0.517212986946106,0.014094955489614243,0.8260869565217391
In,0.5172531008720398,0.014105419450631032,0.8260869565217391
In,0.5173865556716919,0.01411589895988113,0.8260869565217391
In,0.5174607634544373,0.01412639405204461,0.8260869565217391
In,0.5175263285636902,0.014136904761904762,0.8260869565217391
In,0.5178220272064209,0.014147431124348473,0.8260869565217391
In,0.5179659724235535,0.014157973174366617,0.8260869565217391
In,0.518372118473053,0.014168530947054437,0.8260869565217391
In,0.5193045735359192,0.014179104477611941,0.8260869565217391
In,0.5195895433425903,0.014189693801344288,0.8260869565217391
In,0.5197688341140747,0.014200298953662182,0.8260869565217391
In,0.5198893547058105,0.014210919970082274,0.8260869565217391
In,0.5200881361961365,0.014221556886227544,0.8260869565217391
In,0.5201554298400879,0.014232209737827715,0.8260869565217391
In,0.5203429460525513,0.01424287856071964,0.8260869565217391
In,0.5205187797546387,0.014253563390847712,0.8260869565217391
In,0.5206279754638672,0.014264264264264264,0.8260869565217391
In,0.5207998752593994,0.014274981217129978,0.8260869565217391
In,0.520898699760437,0.014285714285714285,0.8260869565217391
In,0.5212557315826416,0.014296463506395787,0.8260869565217391
In,0.5215891003608704,0.01430722891566265,0.8260869565217391
In,0.5217781066894531,0.014318010550113038,0.8260869565217391
In,0.5218092799186707,0.014328808446455505,0.8260869565217391
In,0.5218536257743835,0.014339622641509434,0.8260869565217391
In,0.5218565464019775,0.014350453172205438,0.8260869565217391
In,0.5220028162002563,0.01436130007558579,0.8260869565217391
In,0.5225160121917725,0.014372163388804841,0.8260869565217391
In,0.5225346088409424,0.014383043149129448,0.8260869565217391
In,0.5225397348403931,0.014393939393939395,0.8260869565217391
In,0.5227550864219666,0.014404852160727824,0.8260869565217391
In,0.522964596748352,0.014415781487101669,0.8260869565217391
In,0.5232465267181396,0.01442672741078208,0.8260869565217391
In,0.5234529376029968,0.014437689969604863,0.8260869565217391
In,0.5234957337379456,0.014448669201520912,0.8260869565217391
In,0.523534893989563,0.01445966514459665,0.8260869565217391
In,0.5235673785209656,0.014470677837014471,0.8260869565217391
In,0.5237897038459778,0.014481707317073171,0.8260869565217391
In,0.5239558219909668,0.014492753623188406,0.8260869565217391
In,0.5240082740783691,0.01450381679389313,0.8260869565217391
In,0.5242632031440735,0.014514896867838044,0.8260869565217391
In,0.5243323445320129,0.01452599388379205,0.8260869565217391
In,0.5244367122650146,0.014537107880642693,0.8260869565217391
In,0.5245649814605713,0.01454823889739663,0.8260869565217391
In,0.5247028470039368,0.014559386973180077,0.8260869565217391
In,0.5249195694923401,0.014570552147239263,0.8260869565217391
In,0.5252287983894348,0.014581734458940905,0.8260869565217391
In,0.5253200531005859,0.014592933947772658,0.8260869565217391
In,0.5255758762359619,0.014604150653343582,0.8260869565217391
In,0.5256171226501465,0.014615384615384615,0.8260869565217391
In,0.5256402492523193,0.014626635873749037,0.8260869565217391
In,0.5261139273643494,0.014637904468412942,0.8260869565217391
In,0.5262715220451355,0.014649190439475714,0.8260869565217391
In,0.5268359184265137,0.014660493827160493,0.8260869565217391
In,0.5270479917526245,0.014671814671814672,0.8260869565217391
In,0.5270816683769226,0.014683153013910355,0.8260869565217391
In,0.5271955728530884,0.014694508894044857,0.8260869565217391
In,0.5272282958030701,0.014705882352941176,0.8260869565217391
In,0.5272631049156189,0.01471727343144849,0.8260869565217391
In,0.5281985998153687,0.014728682170542635,0.8260869565217391
In,0.5283259749412537,0.01474010861132661,0.8260869565217391
In,0.5284481644630432,0.014751552795031056,0.8260869565217391
In,0.5285205245018005,0.014763014763014764,0.8260869565217391
In,0.5285534858703613,0.014774494556765163,0.8260869565217391
In,0.5291538834571838,0.014785992217898832,0.8260869565217391
In,0.5291871428489685,0.014797507788161994,0.8260869565217391
In,0.529317319393158,0.014809041309431021,0.8260869565217391
In,0.5295355319976807,0.014820592823712949,0.8260869565217391
In,0.5296784043312073,0.01483216237314598,0.8260869565217391
In,0.5298137068748474,0.01484375,0.8260869565217391
In,0.5299119353294373,0.014855355746677092,0.8260869565217391
In,0.5301574468612671,0.01486697965571205,0.8260869565217391
In,0.5302826166152954,0.014878621769772905,0.8260869565217391
In,0.5304393172264099,0.014890282131661442,0.8260869565217391
In,0.5305887460708618,0.014901960784313726,0.8260869565217391
In,0.530661404132843,0.014913657770800628,0.8260869565217391
In,0.5308603048324585,0.014925373134328358,0.8260869565217391
In,0.5310925841331482,0.014937106918238994,0.8260869565217391
In,0.5311395525932312,0.014948859166011016,0.8260869565217391
In,0.5314418077468872,0.014960629921259842,0.8260869565217391
In,0.5314624309539795,0.014972419227738377,0.8260869565217391
In,0.5318228006362915,0.01498422712933754,0.8260869565217391
In,0.5322899222373962,0.01499605367008682,0.8260869565217391
In,0.5323017835617065,0.015007898894154818,0.8260869565217391
In,0.5323336124420166,0.015019762845849802,0.8260869565217391
In,0.5323705673217773,0.015031645569620253,0.8260869565217391
In,0.5324222445487976,0.015043547110055424,0.8260869565217391
In,0.533495306968689,0.015055467511885896,0.8260869565217391
In,0.5337769389152527,0.01506740681998414,0.8260869565217391
In,0.5339387059211731,0.01507936507936508,0.8260869565217391
In,0.5343636274337769,0.015091342335186657,0.8260869565217391
In,0.5344298481941223,0.015103338632750398,0.8260869565217391
In,0.5347781777381897,0.015115354017501989,0.8260869565217391
In,0.5349907875061035,0.015127388535031847,0.8260869565217391
In,0.535129189491272,0.015139442231075698,0.8260869565217391
In,0.5352454781532288,0.015151515151515152,0.8260869565217391
In,0.535280168056488,0.015163607342378291,0.8260869565217391
In,0.5363945960998535,0.015175718849840255,0.8260869565217391
In,0.5366755127906799,0.015187849720223821,0.8260869565217391
In,0.5367804169654846,0.0152,0.8260869565217391
In,0.5369604229927063,0.01521216973578863,0.8260869565217391
In,0.5373020768165588,0.015224358974358974,0.8260869565217391
In,0.5373082756996155,0.015236567762630313,0.8260869565217391
In,0.5376517176628113,0.015248796147672551,0.8260869565217391
In,0.5381869673728943,0.015261044176706828,0.8260869565217391
In,0.5382190942764282,0.01527331189710611,0.8260869565217391
In,0.5384215712547302,0.015285599356395816,0.8260869565217391
In,0.5384762287139893,0.015297906602254429,0.8260869565217391
In,0.5386396050453186,0.015310233682514102,0.8260869565217391
In,0.5386467576026917,0.01532258064516129,0.8260869565217391
In,0.5388675332069397,0.01533494753833737,0.8260869565217391
In,0.5393558144569397,0.015347334410339256,0.8260869565217391
In,0.5393663048744202,0.015359741309620048,0.8260869565217391
In,0.5396124720573425,0.015372168284789644,0.8260869565217391
In,0.5400220155715942,0.015384615384615385,0.8260869565217391
In,0.5403582453727722,0.01539708265802269,0.8260869565217391
In,0.5407986044883728,0.015409570154095702,0.8260869565217391
In,0.5408200621604919,0.015422077922077922,0.8260869565217391
In,0.5410639047622681,0.015434606011372868,0.8260869565217391
In,0.541067361831665,0.015447154471544716,0.8260869565217391
In,0.5414524674415588,0.015459723352318959,0.8260869565217391
In,0.5414528250694275,0.015472312703583062,0.8260869565217391
In,0.5415832996368408,0.015484922575387123,0.8260869565217391
In,0.5416127443313599,0.015497553017944535,0.8260869565217391
In,0.5416896939277649,0.015510204081632653,0.8260869565217391
In,0.5419620871543884,0.015522875816993464,0.8260869565217391
In,0.5420931577682495,0.01553556827473426,0.8260869565217391
In,0.542153537273407,0.015548281505728314,0.8260869565217391
In,0.5422770977020264,0.015561015561015561,0.8260869565217391
In,0.542339026927948,0.01557377049180328,0.8260869565217391
In,0.5424116253852844,0.015586546349466776,0.8260869565217391
In,0.5427851676940918,0.015599343185550082,0.8260869565217391
In,0.5428071022033691,0.015612161051766639,0.8260869565217391
In,0.5429117679595947,0.015625,0.8260869565217391
In,0.5431134104728699,0.015637860082304528,0.8260869565217391
In,0.5432387590408325,0.015650741350906095,0.8260869565217391
In,0.5432396531105042,0.015663643858202802,0.8260869565217391
In,0.5433695912361145,0.015676567656765675,0.8260869565217391
In,0.5435265898704529,0.01568951279933939,0.8260869565217391
In,0.5436546206474304,0.015702479338842976,0.8260869565217391
In,0.5438143610954285,0.015715467328370553,0.8260869565217391
In,0.5438902974128723,0.015728476821192054,0.8260869565217391
In,0.5439379811286926,0.015741507870753936,0.8260869565217391
In,0.5440024733543396,0.015754560530679935,0.8260869565217391
In,0.5442796349525452,0.015767634854771784,0.8260869565217391
In,0.5445157885551453,0.015780730897009966,0.8260869565217391
In,0.5446130037307739,0.015793848711554447,0.8260869565217391
In,0.5448045134544373,0.015806988352745424,0.8260869565217391
In,0.5449944138526917,0.01582014987510408,0.8260869565217391
In,0.5451375842094421,0.015833333333333335,0.8260869565217391
In,0.5457581877708435,0.0158465387823186,0.8260869565217391
In,0.5458311438560486,0.015859766277128547,0.8260869565217391
In,0.5460720658302307,0.015873015873015872,0.8260869565217391
In,0.5460932850837708,0.01588628762541806,0.8260869565217391
In,0.5462592840194702,0.015899581589958158,0.8260869565217391
In,0.5462720394134521,0.015912897822445562,0.8260869565217391
In,0.5463767051696777,0.01592623637887678,0.8260869565217391
In,0.5463784337043762,0.015939597315436243,0.8260869565217391
In,0.5467488765716553,0.01595298068849706,0.8260869565217391
In,0.5476222634315491,0.015966386554621848,0.8260869565217391
In,0.5476955771446228,0.0159798149705635,0.8260869565217391
In,0.5477784872055054,0.015993265993265993,0.8260869565217391
In,0.5478401184082031,0.016006739679865205,0.8260869565217391
In,0.547895073890686,0.016020236087689713,0.8260869565217391
In,0.5482284426689148,0.016033755274261603,0.8260869565217391
In,0.5486303567886353,0.016047297297297296,0.8260869565217391
In,0.5487099885940552,0.016060862214708368,0.8260869565217391
In,0.5488278865814209,0.016074450084602367,0.8260869565217391
In,0.549105703830719,0.016088060965283656,0.8260869565217391
In,0.5491661429405212,0.016101694915254237,0.8260869565217391
In,0.5491723418235779,0.016115351993214587,0.8260869565217391
In,0.5492901802062988,0.016129032258064516,0.8260869565217391
In,0.5493469834327698,0.016142735768903994,0.8260869565217391
In,0.5496566891670227,0.016156462585034014,0.8260869565217391
In,0.5501400232315063,0.016170212765957447,0.8260869565217391
In,0.5501709580421448,0.016183986371379896,0.8260869565217391
In,0.550422728061676,0.01619778346121057,0.8260869565217391
In,0.5505475997924805,0.016211604095563138,0.8260869565217391
In,0.5507919788360596,0.016225448334756618,0.8260869565217391
In,0.5509346723556519,0.01623931623931624,0.8260869565217391
In,0.5511554479598999,0.016253207869974338,0.8260869565217391
In,0.5516621470451355,0.016267123287671232,0.8260869565217391
In,0.5516889691352844,0.016281062553556127,0.8260869565217391
In,0.5521062016487122,0.016295025728987993,0.8260869565217391
In,0.552291750907898,0.01630901287553648,0.8260869565217391
In,0.5523759722709656,0.01632302405498282,0.8260869565217391
In,0.5524128079414368,0.01633705932932072,0.8260869565217391
In,0.552553117275238,0.016351118760757316,0.8260869565217391
In,0.5525936484336853,0.01636520241171404,0.8260869565217391
In,0.5526599884033203,0.016379310344827588,0.8260869565217391
In,0.5526852607727051,0.01639344262295082,0.8260869565217391
In,0.5530255436897278,0.016407599309153715,0.8260869565217391
In,0.5535503029823303,0.016421780466724288,0.8260869565217391
In,0.5539296865463257,0.01643598615916955,0.8260869565217391
In,0.5539419651031494,0.01645021645021645,0.8260869565217391
In,0.553982675075531,0.016464471403812825,0.8260869565217391
In,0.5543892979621887,0.01647875108412836,0.8260869565217391
In,0.5546136498451233,0.016493055555555556,0.8260869565217391
In,0.5548239946365356,0.016507384882710686,0.8260869565217391
In,0.5550259351730347,0.01652173913043478,0.8260869565217391
In,0.5552605390548706,0.016536118363794605,0.8260869565217391
In,0.5554841756820679,0.016550522648083623,0.8260869565217391
In,0.5555506944656372,0.016564952048823016,0.8260869565217391
In,0.5557568669319153,0.016579406631762654,0.8260869565217391
In,0.5561517477035522,0.016593886462882096,0.8260869565217391
In,0.5561791062355042,0.016608391608391608,0.8260869565217391
In,0.5574435591697693,0.016622922134733157,0.8260869565217391
In,0.5574595928192139,0.016637478108581436,0.8260869565217391
In,0.5575050711631775,0.016652059596844872,0.8260869565217391
In,0.5575564503669739,0.016666666666666666,0.8260869565217391
In,0.5575637221336365,0.016681299385425813,0.8260869565217391
In,0.5576083064079285,0.016695957820738138,0.8260869565217391
In,0.5581132769584656,0.016710642040457344,0.8260869565217391
In,0.5582054257392883,0.016725352112676055,0.8260869565217391
In,0.5582613945007324,0.016740088105726872,0.8260869565217391
In,0.5584389567375183,0.01675485008818342,0.8260869565217391
In,0.5585184693336487,0.01676963812886143,0.8260869565217391
In,0.5590510368347168,0.01678445229681979,0.8260869565217391
In,0.5590518712997437,0.016799292661361626,0.8260869565217391
In,0.5591461658477783,0.016814159292035398,0.8260869565217391
In,0.5591548085212708,0.01682905225863596,0.8260869565217391
In,0.5594174265861511,0.016843971631205674,0.8260869565217391
In,0.5599546432495117,0.01685891748003549,0.8260869565217391
In,0.5599767565727234,0.016873889875666074,0.8260869565217391
In,0.5601712465286255,0.016888888888888887,0.8260869565217391
In,0.5602974891662598,0.016903914590747332,0.8260869565217391
In,0.5603033900260925,0.016918967052537846,0.8260869565217391
In,0.5603567361831665,0.01693404634581105,0.8260869565217391
In,0.5605520009994507,0.01694915254237288,0.8260869565217391
In,0.5607160329818726,0.016964285714285713,0.8260869565217391
In,0.5610647797584534,0.016979445933869526,0.8260869565217391
In,0.5611487627029419,0.01699463327370304,0.8260869565217391
In,0.5615096092224121,0.017009847806624886,0.8260869565217391
In,0.5617960691452026,0.017025089605734768,0.8260869565217391
In,0.5620794892311096,0.017040358744394617,0.8260869565217391
In,0.5622192025184631,0.017055655296229804,0.8260869565217391
In,0.5625181794166565,0.017070979335130278,0.8260869565217391
In,0.5629572868347168,0.0170863309352518,0.8260869565217391
In,0.5633955001831055,0.017101710171017102,0.8260869565217391
In,0.5637248158454895,0.017117117117117116,0.8260869565217391
In,0.5637328624725342,0.017132551848512173,0.8260869565217391
In,0.563759982585907,0.017148014440433214,0.8260869565217391
In,0.5637713670730591,0.017163504968383016,0.8260869565217391
In,0.5641143321990967,0.017179023508137433,0.8260869565217391
In,0.564245343208313,0.017194570135746608,0.8260869565217391
In,0.5654319524765015,0.017210144927536232,0.8260869565217391
In,0.5655302405357361,0.017225747960108794,0.8260869565217391
In,0.5658009648323059,0.017241379310344827,0.8260869565217391
In,0.5663596987724304,0.01725703905540418,0.8260869565217391
In,0.5664678812026978,0.017272727272727273,0.8260869565217391
In,0.5665981769561768,0.017288444040036398,0.8260869565217391
In,0.56666499376297,0.017304189435336976,0.8260869565217391
In,0.5671072006225586,0.01731996353691887,0.8260869565217391
In,0.5672074556350708,0.017335766423357664,0.8260869565217391
In,0.5673425197601318,0.017351598173515982,0.8260869565217391
In,0.5673937797546387,0.01736745886654479,0.8260869565217391
In,0.5676407814025879,0.01738334858188472,0.8260869565217391
In,0.5680943131446838,0.0173992673992674,0.8260869565217391
In,0.5685136914253235,0.017415215398716773,0.8260869565217391
In,0.568781852722168,0.01743119266055046,0.8260869565217391
In,0.5690756440162659,0.017447199265381085,0.8260869565217391
In,0.56923907995224,0.017463235294117647,0.8260869565217391
In,0.5692855715751648,0.017479300827966882,0.8260869565217391
In,0.5693105459213257,0.017495395948434623,0.8260869565217391
In,0.5693209171295166,0.017511520737327188,0.8260869565217391
In,0.5694886445999146,0.017527675276752766,0.8260869565217391
In,0.5697112083435059,0.017543859649122806,0.8260869565217391
In,0.5697275400161743,0.01756007393715342,0.8260869565217391
In,0.5697468519210815,0.01757631822386679,0.8260869565217391
In,0.5706265568733215,0.017592592592592594,0.8260869565217391
In,0.570858895778656,0.017608897126969416,0.8260869565217391
In,0.5719060897827148,0.017625231910946195,0.8260869565217391
In,0.5720202922821045,0.017641597028783658,0.8260869565217391
In,0.5720797181129456,0.017657992565055763,0.8260869565217391
In,0.5722583532333374,0.017674418604651163,0.8260869565217391
In,0.5725656747817993,0.017690875232774673,0.8260869565217391
In,0.5727360248565674,0.017707362534948742,0.8260869565217391
In,0.573496401309967,0.017723880597014924,0.8260869565217391
In,0.5735142230987549,0.017740429505135387,0.8260869565217391
In,0.5735228061676025,0.017757009345794394,0.8260869565217391
In,0.5736327767372131,0.01777362020579981,0.8260869565217391
In,0.5740368962287903,0.017790262172284643,0.8260869565217391
In,0.5740985870361328,0.01780693533270853,0.8260869565217391
In,0.5753622055053711,0.017823639774859287,0.8260869565217391
In,0.5756206512451172,0.01784037558685446,0.8260869565217391
In,0.5764657258987427,0.017857142857142856,0.8260869565217391
In,0.5770100951194763,0.017873941674506115,0.8260869565217391
In,0.5771220922470093,0.017890772128060263,0.8260869565217391
In,0.5776969790458679,0.017907634307257305,0.8260869565217391
In,0.57900071144104,0.017924528301886792,0.8260869565217391
In,0.5798013210296631,0.01794145420207743,0.8260869565217391
In,0.5798565149307251,0.017958412098298678,0.8260869565217391
In,0.5802429914474487,0.017975402081362345,0.8260869565217391
In,0.58043372631073,0.017992424242424244,0.8260869565217391
In,0.5812752842903137,0.01800947867298578,0.8260869565217391
In,0.5813115835189819,0.018026565464895637,0.8260869565217391
In,0.5814290642738342,0.018043684710351376,0.8260869565217391
In,0.5815025568008423,0.01806083650190114,0.8260869565217391
In,0.5818426012992859,0.01807802093244529,0.8260869565217391
In,0.5818701386451721,0.018095238095238095,0.8260869565217391
In,0.5829927325248718,0.01811248808388942,0.8260869565217391
In,0.5831968784332275,0.01812977099236641,0.8260869565217391
In,0.5833494663238525,0.018147086914995225,0.8260869565217391
In,0.583667516708374,0.018164435946462717,0.8260869565217391
In,0.5841382145881653,0.01818181818181818,0.8260869565217391
In,0.5848725438117981,0.018199233716475097,0.8260869565217391
In,0.5852174758911133,0.01821668264621285,0.8260869565217391
In,0.5855709910392761,0.018234165067178502,0.8260869565217391
In,0.5855782628059387,0.01825168107588857,0.8260869565217391
In,0.5857191681861877,0.01826923076923077,0.8260869565217391
In,0.58597332239151,0.01828681424446583,0.8260869565217391
In,0.5863211154937744,0.018304431599229287,0.8260869565217391
In,0.5866002440452576,0.01832208293153327,0.8260869565217391
In,0.5866527557373047,0.01833976833976834,0.8260869565217391
In,0.5867442488670349,0.018357487922705314,0.8260869565217391
In,0.5869722366333008,0.0183752417794971,0.8260869565217391
In,0.5873680114746094,0.018393030009680542,0.8260869565217391
In,0.5874370336532593,0.018410852713178296,0.8260869565217391
In,0.5880869626998901,0.01842870999030068,0.8260869565217391
In,0.5883106589317322,0.018446601941747572,0.8260869565217391
In,0.5888627171516418,0.0184645286686103,0.8260869565217391
In,0.5890802145004272,0.01848249027237354,0.8260869565217391
In,0.5893728137016296,0.018500486854917234,0.8260869565217391
In,0.5896641612052917,0.018518518518518517,0.8260869565217391
In,0.5897154211997986,0.018536585365853658,0.8260869565217391
In,0.5903143882751465,0.0185546875,0.8260869565217391
In,0.5903699398040771,0.01857282502443793,0.8260869565217391
In,0.5909571647644043,0.018590998043052837,0.8260869565217391
In,0.5909953117370605,0.01860920666013712,0.8260869565217391
In,0.5921178460121155,0.018627450980392157,0.8260869565217391
In,0.59226393699646,0.018645731108930325,0.8260869565217391
In,0.5923854112625122,0.018664047151277015,0.8260869565217391
In,0.5925137400627136,0.018682399213372666,0.8260869565217391
In,0.5925140380859375,0.018700787401574805,0.8260869565217391
In,0.5926250219345093,0.0187192118226601,0.8260869565217391
In,0.5930512547492981,0.01873767258382643,0.8260869565217391
In,0.5932255983352661,0.018756169792694965,0.8260869565217391
In,0.5933233499526978,0.018774703557312252,0.8260869565217391
In,0.5933651924133301,0.018793273986152326,0.8260869565217391
In,0.5934194326400757,0.01881188118811881,0.8260869565217391
In,0.5942055583000183,0.018830525272547076,0.8260869565217391
In,0.5946614742279053,0.018849206349206348,0.8260869565217391
In,0.5949883460998535,0.018867924528301886,0.8260869565217391
In,0.5952037572860718,0.018886679920477135,0.8260869565217391
In,0.5960242748260498,0.01890547263681592,0.8260869565217391
In,0.5960614085197449,0.018924302788844622,0.8260869565217391
In,0.5970596671104431,0.018943170488534396,0.8260869565217391
In,0.597215473651886,0.018962075848303395,0.8260869565217391
In,0.5973047018051147,0.01898101898101898,0.8260869565217391
In,0.5974980592727661,0.019,0.8260869565217391
In,0.5977320671081543,0.01901901901901902,0.8260869565217391
In,0.5987637639045715,0.01903807615230461,0.8260869565217391
In,0.5991823077201843,0.01905717151454363,0.8260869565217391
In,0.5993161201477051,0.019076305220883535,0.8260869565217391
In,0.5999734401702881,0.019095477386934675,0.8260869565217391
In,0.6005004048347473,0.019114688128772636,0.8260869565217391
In,0.6006230711936951,0.019133937562940583,0.8260869565217391
In,0.6008486747741699,0.019153225806451613,0.8260869565217391
In,0.6013513803482056,0.01917255297679112,0.8260869565217391
In,0.60423344373703,0.01919191919191919,0.8260869565217391
In,0.6046268343925476,0.019211324570273004,0.8260869565217391
In,0.6048499941825867,0.019230769230769232,0.8260869565217391
In,0.6049343347549438,0.019250253292806486,0.8260869565217391
In,0.6051368713378906,0.019269776876267748,0.8260869565217391
In,0.6052111387252808,0.019289340101522844,0.8260869565217391
In,0.6055440902709961,0.019308943089430895,0.8260869565217391
In,0.6056082844734192,0.019328585961342827,0.8260869565217391
In,0.6057130098342896,0.019348268839103868,0.8260869565217391
In,0.6073389649391174,0.019367991845056064,0.8260869565217391
In,0.6074884533882141,0.019387755102040816,0.8260869565217391
In,0.6076174974441528,0.01940755873340143,0.8260869565217391
In,0.6077374815940857,0.019427402862985686,0.8260869565217391
In,0.6077583432197571,0.019447287615148412,0.8260869565217391
In,0.6081136465072632,0.0194672131147541,0.8260869565217391
In,0.6092123985290527,0.019487179487179488,0.8260869565217391
In,0.6093904972076416,0.019507186858316223,0.8260869565217391
In,0.6100431680679321,0.019527235354573486,0.8260869565217391
In,0.6102677583694458,0.01954732510288066,0.8260869565217391
In,0.6105928421020508,0.01956745623069001,0.8260869565217391
In,0.6111363768577576,0.01958762886597938,0.8260869565217391
In,0.6113119125366211,0.0196078431372549,0.8260869565217391
In,0.6115614175796509,0.01962809917355372,0.8260869565217391
In,0.6126176714897156,0.01964839710444674,0.8260869565217391
In,0.6133303046226501,0.019668737060041408,0.8260869565217391
In,0.6141635775566101,0.019689119170984457,0.8260869565217391
In,0.6150861978530884,0.01970954356846473,0.8260869565217391
In,0.6160838603973389,0.01973001038421599,0.8260869565217391
In,0.6164116859436035,0.01975051975051975,0.8260869565217391
In,0.6166284084320068,0.019771071800208116,0.8260869565217391
In,0.6178054809570312,0.019791666666666666,0.8260869565217391
In,0.617830216884613,0.01981230448383733,0.8260869565217391
In,0.618317186832428,0.019832985386221295,0.8260869565217391
In,0.618798017501831,0.019853709508881923,0.8260869565217391
In,0.6189078688621521,0.0198744769874477,0.8260869565217391
In,0.619500994682312,0.019895287958115182,0.8260869565217391
In,0.6197506189346313,0.019916142557651992,0.8260869565217391
In,0.6203523278236389,0.01993704092339979,0.8260869565217391
In,0.6204754114151001,0.01995798319327731,0.8260869565217391
In,0.6209349632263184,0.019978969505783387,0.8260869565217391
In,0.6210013628005981,0.02,0.8260869565217391
In,0.6210399270057678,0.020021074815595362,0.8260869565217391
In,0.6217306852340698,0.020042194092827006,0.8260869565217391
In,0.6217415928840637,0.02006335797254488,0.8260869565217391
In,0.6224660873413086,0.0200845665961945,0.8260869565217391
In,0.6228359341621399,0.020105820105820106,0.8260869565217391
In,0.6231844425201416,0.020127118644067795,0.8260869565217391
In,0.6233044862747192,0.02014846235418876,0.8260869565217391
In,0.6235730648040771,0.020169851380042462,0.8260869565217391
In,0.623603105545044,0.020191285866099893,0.8260869565217391
In,0.6240167617797852,0.02021276595744681,0.8260869565217391
In,0.6244507431983948,0.02023429179978701,0.8260869565217391
In,0.6251252889633179,0.02025586353944563,0.8260869565217391
In,0.625236988067627,0.020277481323372464,0.8260869565217391
In,0.625481128692627,0.0202991452991453,0.8260869565217391
In,0.6257328987121582,0.020320855614973262,0.8260869565217391
In,0.6258848905563354,0.020342612419700215,0.8260869565217391
In,0.6261693239212036,0.020364415862808145,0.8260869565217391
In,0.6263303756713867,0.0203862660944206,0.8260869565217391
In,0.6267397999763489,0.02040816326530612,0.8260869565217391
In,0.6280224919319153,0.02043010752688172,0.8260869565217391
In,0.6281708478927612,0.02045209903121636,0.8260869565217391
In,0.628176748752594,0.020474137931034482,0.8260869565217391
In,0.6287961006164551,0.020496224379719527,0.8260869565217391
In,0.6288838386535645,0.020518358531317494,0.8260869565217391
In,0.6294190287590027,0.02054054054054054,0.8260869565217391
In,0.6301300525665283,0.020562770562770564,0.8260869565217391
In,0.6305662989616394,0.020585048754062838,0.8260869565217391
In,0.6307909488677979,0.020607375271149676,0.8260869565217391
In,0.6318586468696594,0.02062975027144408,0.8260869565217391
In,0.6327784061431885,0.020652173913043477,0.8260869565217391
In,0.6327787041664124,0.020674646354733407,0.8260869565217391
In,0.6330292820930481,0.020697167755991286,0.8260869565217391
In,0.6332693696022034,0.020719738276990186,0.8260869565217391
In,0.6337293386459351,0.02074235807860262,0.8260869565217391
In,0.6343345046043396,0.020765027322404372,0.8260869565217391
In,0.6344835758209229,0.020787746170678335,0.8260869565217391
In,0.6348832845687866,0.0208105147864184,0.8260869565217391
In,0.6349352598190308,0.020833333333333332,0.8260869565217391
In,0.6357956528663635,0.020856201975850714,0.8260869565217391
In,0.6366833448410034,0.020879120879120878,0.8260869565217391
In,0.6368632912635803,0.020902090209020903,0.8260869565217391
In,0.6373405456542969,0.02092511013215859,0.8260869565217391
In,0.6374934315681458,0.020948180815876516,0.8260869565217391
In,0.6377829313278198,0.02097130242825607,0.8260869565217391
In,0.6380959749221802,0.020994475138121547,0.8260869565217391
In,0.6386286616325378,0.02101769911504425,0.8260869565217391
In,0.6388993859291077,0.021040974529346623,0.8260869565217391
In,0.6389258503913879,0.02106430155210643,0.8260869565217391
In,0.6392322778701782,0.021087680355160933,0.8260869565217391
In,0.6395291686058044,0.021111111111111112,0.8260869565217391
In,0.6398765444755554,0.021134593993325918,0.8260869565217391
In,0.6400529742240906,0.021158129175946547,0.8260869565217391
In,0.6403994560241699,0.021181716833890748,0.8260869565217391
In,0.6410359740257263,0.021205357142857144,0.8260869565217391
In,0.6420100927352905,0.021229050279329607,0.8260869565217391
In,0.6426717638969421,0.021252796420581657,0.8260869565217391
In,0.6429661512374878,0.02127659574468085,0.8260869565217391
In,0.6435856819152832,0.021300448430493273,0.8260869565217391
In,0.6436011791229248,0.02132435465768799,0.8260869565217391
In,0.64363694190979,0.021348314606741574,0.8260869565217391
In,0.6446893811225891,0.021372328458942633,0.8260869565217391
In,0.6449524164199829,0.021396396396396396,0.8260869565217391
In,0.6451035737991333,0.02142051860202931,0.8260869565217391
In,0.6451659202575684,0.02144469525959368,0.8260869565217391
In,0.64522385597229,0.021468926553672316,0.8260869565217391
In,0.6462191343307495,0.021493212669683258,0.8260869565217391
In,0.6467074751853943,0.021517553793884484,0.8260869565217391
In,0.6470353603363037,0.021541950113378686,0.8260869565217391
In,0.6471803188323975,0.021566401816118047,0.8260869565217391
In,0.6478185653686523,0.02159090909090909,0.8260869565217391
In,0.6484981179237366,0.02161547212741752,0.8260869565217391
In,0.6486257314682007,0.02164009111617312,0.8260869565217391
In,0.6510111689567566,0.021664766248574687,0.8260869565217391
In,0.6511203050613403,0.021689497716894976,0.8260869565217391
In,0.6512100696563721,0.021714285714285714,0.8260869565217391
In,0.6512200832366943,0.021739130434782608,0.8260869565217391
In,0.6512305736541748,0.021764032073310423,0.8260869565217391
In,0.6521347761154175,0.021788990825688075,0.8260869565217391
In,0.6535975933074951,0.021814006888633754,0.8260869565217391
In,0.6540759801864624,0.021839080459770115,0.8260869565217391
In,0.654434084892273,0.02186421173762946,0.8260869565217391
In,0.6546290516853333,0.021889400921658985,0.8260869565217391
In,0.6550477147102356,0.02191464821222607,0.8260869565217391
In,0.6555413007736206,0.021939953810623556,0.8260869565217391
In,0.655853807926178,0.021965317919075144,0.8260869565217391
In,0.6558622121810913,0.02199074074074074,0.8260869565217391
In,0.6575806140899658,0.0220162224797219,0.8260869565217391
In,0.6585244536399841,0.022041763341067284,0.8260869565217391
In,0.6586621403694153,0.022067363530778164,0.8260869565217391
In,0.6594991087913513,0.022093023255813953,0.8260869565217391
In,0.6595011353492737,0.02211874272409779,0.8260869565217391
In,0.6596027612686157,0.022144522144522144,0.8260869565217391
In,0.6600353121757507,0.022170361726954493,0.8260869565217391
In,0.6603249311447144,0.02219626168224299,0.8260869565217391
In,0.6615731716156006,0.022222222222222223,0.8260869565217391
In,0.6619483828544617,0.02224824355971897,0.8260869565217391
In,0.6620181202888489,0.022274325908558032,0.8260869565217391
In,0.6620524525642395,0.022300469483568074,0.8260869565217391
In,0.6622506976127625,0.022326674500587545,0.8260869565217391
In,0.6622692346572876,0.02235294117647059,0.8260869565217391
In,0.6622896194458008,0.02237926972909305,0.8260869565217391
In,0.6627092957496643,0.02240566037735849,0.8260869565217391
In,0.6628630757331848,0.02243211334120425,0.8260869565217391
In,0.6638337969779968,0.022458628841607566,0.8260869565217391
In,0.6641122102737427,0.022485207100591716,0.8260869565217391
In,0.664334237575531,0.022511848341232227,0.8260869565217391
In,0.6643535494804382,0.022538552787663108,0.8260869565217391
In,0.6644960045814514,0.022565320665083134,0.8260869565217391
In,0.6646028161048889,0.022592152199762187,0.8260869565217391
In,0.6647486090660095,0.02261904761904762,0.8260869565217391
In,0.6655480861663818,0.02264600715137068,0.8260869565217391
In,0.6658848524093628,0.022673031026252982,0.8260869565217391
In,0.6663331389427185,0.022700119474313024,0.8260869565217391
In,0.6666910648345947,0.022727272727272728,0.8260869565217391
In,0.6672653555870056,0.022754491017964073,0.8260869565217391
In,0.6673898100852966,0.022781774580335732,0.8260869565217391
In,0.6675110459327698,0.022809123649459785,0.8260869565217391
In,0.6681997776031494,0.02283653846153846,0.8260869565217391
In,0.6685568690299988,0.02286401925391095,0.8260869565217391
In,0.6689092516899109,0.02289156626506024,0.8260869565217391
In,0.6705141663551331,0.022919179734620022,0.8260869565217391
In,0.6710371971130371,0.022946859903381644,0.8260869565217391
In,0.6716838479042053,0.022974607013301087,0.8260869565217391
In,0.671855092048645,0.023002421307506054,0.8260869565217391
In,0.6720708012580872,0.02303030303030303,0.8260869565217391
In,0.6723482608795166,0.023058252427184466,0.8260869565217391
In,0.6729511022567749,0.023086269744835967,0.8260869565217391
In,0.6731839179992676,0.023114355231143552,0.8260869565217391
In,0.6732103228569031,0.023142509135200974,0.8260869565217391
In,0.6736541390419006,0.023170731707317073,0.8260869565217391
In,0.6745235323905945,0.0231990231990232,0.8260869565217391
In,0.674599289894104,0.023227383863080684,0.8260869565217391
In,0.6749659776687622,0.023255813953488372,0.8260869565217391
In,0.6757773160934448,0.023284313725490197,0.8260869565217391
In,0.6760426759719849,0.023312883435582823,0.8260869565217391
In,0.6762429475784302,0.02334152334152334,0.8260869565217391
In,0.6766559481620789,0.023370233702337023,0.8260869565217391
In,0.6770312786102295,0.023399014778325122,0.8260869565217391
In,0.6775067448616028,0.02342786683107275,0.8260869565217391
In,0.677746593952179,0.02345679012345679,0.8260869565217391
In,0.6783783435821533,0.023485784919653894,0.8260869565217391
In,0.6797096729278564,0.023514851485148515,0.8260869565217391
In,0.6806005239486694,0.023543990086741014,0.8260869565217391
In,0.6806023716926575,0.02357320099255583,0.8260869565217391
In,0.6812520623207092,0.02360248447204969,0.8260869565217391
In,0.681946873664856,0.0236318407960199,0.8260869565217391
In,0.6819987893104553,0.023661270236612703,0.8260869565217391
In,0.6826713681221008,0.02369077306733167,0.8260869565217391
In,0.6837578415870667,0.02372034956304619,0.8260869565217391
In,0.6837929487228394,0.02375,0.8260869565217391
In,0.6838434338569641,0.023779724655819776,0.8260869565217391
In,0.6838551759719849,0.023809523809523808,0.8260869565217391
In,0.6839542388916016,0.02383939774153074,0.8260869565217391
In,0.6840807795524597,0.02386934673366834,0.8260869565217391
In,0.6842309236526489,0.02389937106918239,0.8260869565217391
In,0.6844508051872253,0.02392947103274559,0.8260869565217391
In,0.6847082376480103,0.02395964691046658,0.8260869565217391
In,0.6847892999649048,0.023989898989898988,0.8260869565217391
In,0.6851165890693665,0.02402022756005057,0.8260869565217391
In,0.6851683855056763,0.024050632911392405,0.8260869565217391
In,0.6852939128875732,0.024081115335868188,0.8260869565217391
In,0.6853322982788086,0.024111675126903553,0.8260869565217391
In,0.6858939528465271,0.0241423125794155,0.8260869565217391
In,0.6860519647598267,0.024173027989821884,0.8260869565217391
In,0.6860995292663574,0.024203821656050957,0.8260869565217391
In,0.6866302490234375,0.02423469387755102,0.8260869565217391
In,0.6866815090179443,0.024265644955300127,0.8260869565217391
In,0.6868932247161865,0.024296675191815855,0.8260869565217391
In,0.686947226524353,0.024327784891165175,0.8260869565217391
In,0.6871987581253052,0.02435897435897436,0.8260869565217391
In,0.6872047781944275,0.024390243902439025,0.8260869565217391
In,0.6880568861961365,0.02442159383033419,0.8260869565217391
In,0.6882585883140564,0.02445302445302445,0.8260869565217391
In,0.6883009076118469,0.024484536082474227,0.8260869565217391
In,0.6884779334068298,0.024516129032258065,0.8260869565217391
In,0.6887326240539551,0.02454780361757106,0.8260869565217391
In,0.688759446144104,0.02457956015523933,0.8260869565217391
In,0.6906208395957947,0.02461139896373057,0.8260869565217391
In,0.6908356547355652,0.02464332036316472,0.8260869565217391
In,0.6911531686782837,0.024675324675324677,0.8260869565217391
In,0.6916871070861816,0.0247074122236671,0.8260869565217391
In,0.6919277310371399,0.024739583333333332,0.8260869565217391
In,0.6919736862182617,0.024771838331160364,0.8260869565217391
In,0.692322313785553,0.024804177545691905,0.8260869565217391
In,0.6927523612976074,0.02483660130718954,0.8260869565217391
In,0.6937127113342285,0.024869109947643978,0.8260869565217391
In,0.6941003799438477,0.02490170380078637,0.8260869565217391
In,0.6942938566207886,0.024934383202099737,0.8260869565217391
In,0.6952650547027588,0.024967148488830485,0.8260869565217391
In,0.6954897046089172,0.025,0.8260869565217391
In,0.6955987215042114,0.025032938076416336,0.8260869565217391
In,0.6956484913825989,0.025065963060686015,0.8260869565217391
In,0.6960859894752502,0.02509907529722589,0.8260869565217391
In,0.6962531805038452,0.02513227513227513,0.8260869565217391
In,0.6963289976119995,0.025165562913907286,0.8260869565217391
In,0.6966015100479126,0.025198938992042442,0.8260869565217391
In,0.6967303156852722,0.025232403718459494,0.8260869565217391
In,0.6971301436424255,0.02526595744680851,0.8260869565217391
In,0.6971749663352966,0.02529960053262317,0.8260869565217391
In,0.6981759071350098,0.025333333333333333,0.8260869565217391
In,0.6983585953712463,0.025367156208277702,0.8260869565217391
In,0.6984200477600098,0.02540106951871658,0.8260869565217391
In,0.6992618441581726,0.025435073627844713,0.8260869565217391
In,0.6997227072715759,0.02546916890080429,0.8260869565217391
In,0.6999132633209229,0.025503355704697986,0.8260869565217391
In,0.7002606987953186,0.025537634408602152,0.8260869565217391
In,0.7005202770233154,0.02557200538358008,0.8260869565217391
In,0.7005654573440552,0.025606469002695417,0.8260869565217391
In,0.7006118893623352,0.02564102564102564,0.8260869565217391
In,0.7012490034103394,0.025675675675675677,0.8260869565217391
In,0.7012712955474854,0.02571041948579161,0.8260869565217391
In,0.7018232941627502,0.025745257452574527,0.8260869565217391
In,0.7022935152053833,0.025780189959294438,0.8260869565217391
In,0.7024453282356262,0.025815217391304348,0.8260869565217391
In,0.7025191783905029,0.02585034013605442,0.8260869565217391
In,0.702555775642395,0.025885558583106268,0.8260869565217391
In,0.7025880813598633,0.02592087312414734,0.8260869565217391
In,0.7032936215400696,0.025956284153005466,0.8260869565217391
In,0.7033284306526184,0.025991792065663474,0.8260869565217391
In,0.7036055326461792,0.026027397260273973,0.8260869565217391
In,0.7036097645759583,0.02606310013717421,0.8260869565217391
In,0.7039240598678589,0.0260989010989011,0.8260869565217391
In,0.7042677998542786,0.026134800550206328,0.8260869565217391
In,0.7051852941513062,0.026170798898071626,0.8260869565217391
In,0.7057406306266785,0.02620689655172414,0.8260869565217391
In,0.7057827711105347,0.026243093922651933,0.8260869565217391
In,0.706122875213623,0.02627939142461964,0.8260869565217391
In,0.7061436176300049,0.02631578947368421,0.8260869565217391
In,0.7061864733695984,0.026352288488210817,0.8260869565217391
In,0.7065232992172241,0.02638888888888889,0.8260869565217391
In,0.7066110372543335,0.02642559109874826,0.8260869565217391
In,0.7069168090820312,0.026462395543175487,0.8260869565217391
In,0.7072080969810486,0.026499302649930265,0.8260869565217391
In,0.7085026502609253,0.02653631284916201,0.8260869565217391
In,0.7089495658874512,0.026573426573426574,0.8260869565217391
In,0.7093818783760071,0.02661064425770308,0.8260869565217391
In,0.7095714211463928,0.02664796633941094,0.8260869565217391
In,0.7104967832565308,0.026685393258426966,0.8260869565217391
In,0.7111018896102905,0.026722925457102673,0.8260869565217391
In,0.7118022441864014,0.02676056338028169,0.8260869565217391
In,0.7122551798820496,0.02679830747531735,0.8260869565217391
In,0.7125569581985474,0.026836158192090395,0.8260869565217391
In,0.7129701375961304,0.026874115983026876,0.8260869565217391
In,0.7135173678398132,0.026912181303116147,0.8260869565217391
In,0.713595986366272,0.02695035460992908,0.8260869565217391
In,0.7137401700019836,0.026988636363636364,0.8260869565217391
In,0.7141038179397583,0.02702702702702703,0.8260869565217391
In,0.7148616313934326,0.027065527065527065,0.8260869565217391
In,0.715711772441864,0.02710413694721826,0.8260869565217391
In,0.715842604637146,0.027142857142857142,0.8260869565217391
In,0.7159972190856934,0.027181688125894134,0.8260869565217391
In,0.7162085175514221,0.027220630372492838,0.8260869565217391
In,0.71707683801651,0.027259684361549498,0.8260869565217391
In,0.7171674370765686,0.027298850574712645,0.8260869565217391
In,0.7184049487113953,0.027338129496402876,0.8260869565217391
In,0.7190907597541809,0.027377521613832854,0.8260869565217391
In,0.7194205522537231,0.027417027417027416,0.8260869565217391
In,0.7194376587867737,0.02745664739884393,0.8260869565217391
In,0.7199243307113647,0.027496382054992764,0.8260869565217391
In,0.7204132080078125,0.02753623188405797,0.8260869565217391
In,0.7205744981765747,0.027576197387518143,0.8260869565217391
In,0.7208569645881653,0.027616279069767442,0.8260869565217391
In,0.7212623953819275,0.027656477438136828,0.8260869565217391
In,0.7218835353851318,0.027696793002915453,0.8260869565217391
In,0.7220220565795898,0.027737226277372264,0.8260869565217391
In,0.7224815487861633,0.027777777777777776,0.8260869565217391
In,0.7224958539009094,0.027818448023426062,0.8260869565217391
In,0.7225443720817566,0.02785923753665689,0.8260869565217391
In,0.7226604223251343,0.027900146842878122,0.8260869565217391
In,0.7233763933181763,0.027941176470588237,0.8260869565217391
In,0.7234267592430115,0.027982326951399118,0.8260869565217391
In,0.723793625831604,0.028023598820058997,0.8260869565217391
In,0.7242318987846375,0.028064992614475627,0.8260869565217391
In,0.7243507504463196,0.028106508875739646,0.8260869565217391
In,0.7244874835014343,0.028148148148148148,0.8260869565217391
In,0.7247000932693481,0.028189910979228485,0.8260869565217391
In,0.7249466180801392,0.02823179791976226,0.8260869565217391
In,0.7249946594238281,0.028273809523809524,0.8260869565217391
In,0.7254830598831177,0.028315946348733235,0.8260869565217391
In,0.7260580658912659,0.028358208955223882,0.8260869565217391
In,0.7266494631767273,0.028400597907324365,0.8260869565217391
In,0.7284639477729797,0.02844311377245509,0.8260869565217391
In,0.7285802960395813,0.02848575712143928,0.8260869565217391
In,0.7286242246627808,0.028528528528528527,0.8260869565217391
In,0.7286813259124756,0.02857142857142857,0.8260869565217391
In,0.729333758354187,0.0286144578313253,0.8260869565217391
In,0.7294852137565613,0.02865761689291101,0.8260869565217391
In,0.7294870615005493,0.028700906344410877,0.8260869565217391
In,0.7295963168144226,0.028744326777609682,0.8260869565217391
In,0.7297797203063965,0.02878787878787879,0.8260869565217391
In,0.7302232384681702,0.028831562974203338,0.8260869565217391
In,0.730420708656311,0.028875379939209727,0.8260869565217391
In,0.7305309772491455,0.0289193302891933,0.8260869565217391
In,0.7305603623390198,0.028963414634146343,0.8260869565217391
In,0.7306914329528809,0.02900763358778626,0.8260869565217391
In,0.730762779712677,0.0290519877675841,0.8260869565217391
In,0.7308491468429565,0.02909647779479326,0.8260869565217391
In,0.7309653759002686,0.029141104294478526,0.8260869565217391
In,0.731217086315155,0.029185867895545316,0.8260869565217391
In,0.7314462661743164,0.02923076923076923,0.8260869565217391
In,0.733870804309845,0.029275808936825885,0.8260869565217391
In,0.7340470552444458,0.029320987654320986,0.8260869565217391
In,0.7343853116035461,0.02936630602782071,0.8260869565217391
In,0.7346287965774536,0.029411764705882353,0.8260869565217391
In,0.7353232502937317,0.02945736434108527,0.8260869565217391
In,0.7354656457901001,0.029503105590062112,0.8260869565217391
In,0.7359052896499634,0.029548989113530325,0.8260869565217391
In,0.7363197207450867,0.029595015576323987,0.8260869565217391
In,0.7365155220031738,0.029641185647425898,0.8260869565217391
In,0.7371806502342224,0.0296875,0.8260869565217391
In,0.7372670769691467,0.0297339593114241,0.8260869565217391
In,0.7379772067070007,0.029780564263322883,0.8260869565217391
In,0.7384577393531799,0.029827315541601257,0.8260869565217391
In,0.7394432425498962,0.029874213836477988,0.8260869565217391
In,0.7394570708274841,0.029921259842519685,0.8260869565217391
In,0.7398471832275391,0.02996845425867508,0.8260869565217391
In,0.7407547235488892,0.030015797788309637,0.8260869565217391
In,0.741159975528717,0.030063291139240507,0.8260869565217391
In,0.7411775588989258,0.030110935023771792,0.8260869565217391
In,0.7415499091148376,0.03015873015873016,0.8260869565217391
In,0.7417722344398499,0.030206677265500796,0.8260869565217391
In,0.74180006980896,0.030254777070063694,0.8260869565217391
In,0.7420889735221863,0.030303030303030304,0.8260869565217391
In,0.7422745823860168,0.03035143769968051,0.8260869565217391
In,0.7431342601776123,0.0304,0.8260869565217391
In,0.7434163093566895,0.030448717948717948,0.8260869565217391
In,0.7434558868408203,0.030497592295345103,0.8260869565217391
In,0.7443199753761292,0.03054662379421222,0.8260869565217391
In,0.7444049715995789,0.030595813204508857,0.8260869565217391
In,0.74507075548172,0.03064516129032258,0.8260869565217391
In,0.7462629675865173,0.030694668820678513,0.8260869565217391
In,0.7463467121124268,0.030744336569579287,0.8260869565217391
In,0.7467511296272278,0.03079416531604538,0.8260869565217391
In,0.7475653886795044,0.030844155844155844,0.8260869565217391
In,0.7482624650001526,0.030894308943089432,0.8260869565217391
In,0.7482929825782776,0.030944625407166124,0.8260869565217391
In,0.7493234872817993,0.03099510603588907,0.8260869565217391
In,0.7495119571685791,0.03104575163398693,0.8260869565217391
In,0.7501977682113647,0.031096563011456628,0.8260869565217391
In,0.750575602054596,0.03114754098360656,0.8260869565217391
In,0.750924825668335,0.031198686371100164,0.8260869565217391
In,0.7514918446540833,0.03125,0.8260869565217391
In,0.7532212734222412,0.03130148270181219,0.8260869565217391
In,0.7540363073348999,0.03135313531353135,0.8260869565217391
In,0.7541923522949219,0.03140495867768595,0.8260869565217391
In,0.7546334266662598,0.03145695364238411,0.8260869565217391
In,0.7548785209655762,0.03150912106135987,0.8260869565217391
In,0.7550215721130371,0.03156146179401993,0.8260869565217391
In,0.7557310461997986,0.03161397670549085,0.8260869565217391
In,0.7558540105819702,0.03166666666666667,0.8260869565217391
In,0.7562013268470764,0.03171953255425709,0.8260869565217391
In,0.7580479979515076,0.03177257525083612,0.8260869565217391
In,0.758461058139801,0.031825795644891124,0.8260869565217391
In,0.7592093348503113,0.031879194630872486,0.8260869565217391
In,0.7593632340431213,0.031932773109243695,0.8260869565217391
In,0.7596460580825806,0.03198653198653199,0.8260869565217391
In,0.7597519159317017,0.03204047217537943,0.8260869565217391
In,0.7605413198471069,0.03209459459459459,0.8260869565217391
In,0.760767936706543,0.032148900169204735,0.8260869565217391
In,0.760845422744751,0.03220338983050847,0.8260869565217391
In,0.7608758211135864,0.03225806451612903,0.8260869565217391
In,0.7610703110694885,0.03231292517006803,0.8260869565217391
In,0.7611603140830994,0.03236797274275979,0.8260869565217391
In,0.7613392472267151,0.032423208191126277,0.8260869565217391
In,0.7619857788085938,0.03247863247863248,0.8260869565217391
In,0.7624568343162537,0.032534246575342464,0.8260869565217391
In,0.7627955079078674,0.032590051457975985,0.8260869565217391
In,0.7630015015602112,0.03264604810996564,0.8260869565217391
In,0.7636378407478333,0.03270223752151463,0.8260869565217391
In,0.7640011310577393,0.032758620689655175,0.8260869565217391
In,0.7642295956611633,0.03281519861830743,0.8260869565217391
In,0.7643868923187256,0.0328719723183391,0.8260869565217391
In,0.7651557922363281,0.03292894280762565,0.8260869565217391
In,0.7657676935195923,0.03298611111111111,0.8260869565217391
In,0.7658189535140991,0.03304347826086956,0.8260869565217391
In,0.7661141157150269,0.033101045296167246,0.8260869565217391
In,0.7666215896606445,0.03315881326352531,0.8260869565217391
In,0.7683210372924805,0.033216783216783216,0.8260869565217391
In,0.7685584425926208,0.03327495621716287,0.8260869565217391
In,0.769110381603241,0.03333333333333333,0.8260869565217391
In,0.7698493599891663,0.033391915641476276,0.8260869565217391
In,0.7698846459388733,0.03345070422535211,0.8260869565217391
In,0.7706091403961182,0.03350970017636684,0.8260869565217391
In,0.7709288001060486,0.03356890459363958,0.8260869565217391
In,0.7715518474578857,0.033628318584070796,0.8260869565217391
In,0.7718273401260376,0.03368794326241135,0.8260869565217391
In,0.7732588648796082,0.03374777975133215,0.8260869565217391
In,0.7733438014984131,0.033807829181494664,0.8260869565217391
In,0.7738132476806641,0.0338680926916221,0.8260869565217391
In,0.774352490901947,0.033928571428571426,0.8260869565217391
In,0.7746238708496094,0.03398926654740608,0.8260869565217391
In,0.7753285765647888,0.034050179211469536,0.8260869565217391
In,0.7753422856330872,0.03411131059245961,0.8260869565217391
In,0.7758405208587646,0.0341726618705036,0.8260869565217391
In,0.7760362029075623,0.03423423423423423,0.8260869565217391
In,0.7768524289131165,0.03429602888086643,0.8260869565217391
In,0.7772440314292908,0.034358047016274866,0.8260869565217391
In,0.7772946357727051,0.034420289855072464,0.8260869565217391
In,0.7773041129112244,0.034482758620689655,0.8260869565217391
In,0.7781456112861633,0.034545454545454546,0.8260869565217391
In,0.7784487009048462,0.03460837887067395,0.8260869565217391
In,0.7791872620582581,0.03467153284671533,0.8260869565217391
In,0.7796935439109802,0.03473491773308958,0.8260869565217391
In,0.7797095775604248,0.0347985347985348,0.8260869565217391
In,0.7809068560600281,0.03486238532110092,0.8260869565217391
In,0.780938982963562,0.034926470588235295,0.8260869565217391
In,0.7817128300666809,0.034990791896869246,0.8260869565217391
In,0.7822902798652649,0.03505535055350553,0.8260869565217391
In,0.7827306985855103,0.03512014787430684,0.8260869565217391
In,0.7830953001976013,0.03518518518518519,0.8260869565217391
In,0.7832950353622437,0.03525046382189239,0.8260869565217391
In,0.7835636138916016,0.03531598513011153,0.8260869565217391
In,0.7838025093078613,0.035381750465549346,0.8260869565217391
In,0.7852362990379333,0.03544776119402985,0.8260869565217391
In,0.7857739925384521,0.03551401869158879,0.8260869565217391
In,0.7877480983734131,0.035580524344569285,0.8260869565217391
In,0.7886227369308472,0.03564727954971857,0.8260869565217391
In,0.7887311577796936,0.03571428571428571,0.8260869565217391
In,0.7902398705482483,0.035781544256120526,0.8260869565217391
In,0.7904253005981445,0.035849056603773584,0.8260869565217391
In,0.7917261123657227,0.035916824196597356,0.8260869565217391
In,0.7937198281288147,0.03598484848484849,0.8260869565217391
In,0.7948095798492432,0.036053130929791274,0.8260869565217391
In,0.7953044176101685,0.03612167300380228,0.8260869565217391
In,0.7959579825401306,0.03619047619047619,0.8260869565217391
In,0.7962554097175598,0.03625954198473282,0.8260869565217391
In,0.7967991828918457,0.036328871892925434,0.8260869565217391
In,0.7968403697013855,0.03639846743295019,0.8260869565217391
In,0.7974031567573547,0.036468330134357005,0.8260869565217391
In,0.7974771857261658,0.03653846153846154,0.8260869565217391
In,0.7984316945075989,0.036608863198458574,0.8260869565217391
In,0.7989944219589233,0.03667953667953668,0.8260869565217391
In,0.799608588218689,0.0367504835589942,0.8260869565217391
In,0.8012864589691162,0.03682170542635659,0.8260869565217391
In,0.8021270036697388,0.036893203883495145,0.8260869565217391
In,0.803223729133606,0.03696498054474708,0.8260869565217391
In,0.8042783737182617,0.037037037037037035,0.8260869565217391
In,0.8043857216835022,0.037109375,0.8260869565217391
In,0.804543137550354,0.03718199608610567,0.8260869565217391
In,0.8049984574317932,0.03725490196078431,0.8260869565217391
In,0.8051092624664307,0.03732809430255403,0.8260869565217391
In,0.8091484308242798,0.03740157480314961,0.8260869565217391
In,0.809486985206604,0.03747534516765286,0.8260869565217391
In,0.8107209801673889,0.037549407114624504,0.8260869565217391
In,0.8110077977180481,0.03762376237623762,0.8260869565217391
In,0.8110085129737854,0.037698412698412696,0.8260869565217391
In,0.8124473094940186,0.03777335984095427,0.8260869565217391
In,0.8129106163978577,0.037848605577689244,0.8260869565217391
In,0.8132160902023315,0.03792415169660679,0.8260869565217391
In,0.8142549991607666,0.038,0.8260869565217391
In,0.8144664168357849,0.03807615230460922,0.8260869565217391
In,0.8150238394737244,0.03815261044176707,0.8260869565217391
In,0.8151021599769592,0.03822937625754527,0.8260869565217391
In,0.8158358335494995,0.038306451612903226,0.8260869565217391
In,0.8159029483795166,0.03838383838383838,0.8260869565217391
In,0.815981924533844,0.038461538461538464,0.8260869565217391
In,0.8172808289527893,0.038539553752535496,0.8260869565217391
In,0.8186402320861816,0.03861788617886179,0.8260869565217391
In,0.8196237087249756,0.038696537678207736,0.8260869565217391
In,0.820087730884552,0.03877551020408163,0.8260869565217391
In,0.8202784657478333,0.03885480572597137,0.8260869565217391
In,0.821073591709137,0.0389344262295082,0.8260869565217391
In,0.822013258934021,0.039014373716632446,0.8260869565217391
In,0.8227416276931763,0.03909465020576132,0.8260869565217391
In,0.8228356838226318,0.03917525773195876,0.8260869565217391
In,0.8228660821914673,0.03925619834710744,0.8260869565217391
In,0.8281583786010742,0.039337474120082816,0.8260869565217391
In,0.828180193901062,0.03941908713692946,0.8260869565217391
In,0.8283083438873291,0.0395010395010395,0.8260869565217391
In,0.8284028172492981,0.03958333333333333,0.8260869565217391
In,0.8291651606559753,0.03966597077244259,0.8260869565217391
In,0.8292707800865173,0.0397489539748954,0.8260869565217391
In,0.8300822377204895,0.039832285115303984,0.8260869565217391
In,0.8307578563690186,0.03991596638655462,0.8260869565217391
In,0.8319706916809082,0.04,0.8260869565217391
In,0.8321431279182434,0.04008438818565401,0.8260869565217391
In,0.8324664235115051,0.040169133192389,0.8260869565217391
In,0.8329025506973267,0.04025423728813559,0.8260869565217391
In,0.834861695766449,0.040339702760084924,0.8260869565217391
In,0.8349365592002869,0.04042553191489362,0.8260869565217391
In,0.8351226449012756,0.04051172707889126,0.8260869565217391
In,0.8359929919242859,0.0405982905982906,0.8260869565217391
In,0.836165726184845,0.04068522483940043,0.8260869565217391
In,0.8367657661437988,0.0407725321888412,0.8260869565217391
In,0.8375558257102966,0.04086021505376344,0.8260869565217391
In,0.8379451036453247,0.040948275862068964,0.8260869565217391
In,0.8379846811294556,0.04103671706263499,0.8260869565217391
In,0.8380321264266968,0.04112554112554113,0.8260869565217391
In,0.8386939764022827,0.04121475054229935,0.8260869565217391
In,0.8408523201942444,0.041304347826086954,0.8260869565217391
In,0.8413856625556946,0.04139433551198257,0.8260869565217391
In,0.8414742946624756,0.04148471615720524,0.8260869565217391
In,0.8416235446929932,0.04157549234135667,0.8260869565217391
In,0.842030942440033,0.041666666666666664,0.8260869565217391
In,0.843034029006958,0.041758241758241756,0.8260869565217391
In,0.8460592031478882,0.04185022026431718,0.8260869565217391
In,0.8461518287658691,0.04194260485651214,0.8260869565217391
In,0.8465754985809326,0.0420353982300885,0.8260869565217391
In,0.8468719720840454,0.04212860310421286,0.8260869565217391
In,0.8485034704208374,0.042222222222222223,0.8260869565217391
In,0.848835825920105,0.042316258351893093,0.8260869565217391
In,0.849764347076416,0.04241071428571429,0.8260869565217391
In,0.8499413728713989,0.042505592841163314,0.8260869565217391
In,0.8499529957771301,0.042600896860986545,0.8260869565217391
In,0.8503136038780212,0.04269662921348315,0.8260869565217391
In,0.8505688905715942,0.04279279279279279,0.8260869565217391
In,0.8507359027862549,0.04288939051918736,0.8260869565217391
In,0.8511184453964233,0.042986425339366516,0.8260869565217391
In,0.8516049981117249,0.04308390022675737,0.8260869565217391
In,0.8518892526626587,0.04318181818181818,0.8260869565217391
In,0.8525824546813965,0.04328018223234624,0.8260869565217391
In,0.8536250591278076,0.04337899543378995,0.8260869565217391
In,0.8546195030212402,0.043478260869565216,0.8260869565217391
In,0.855008065700531,0.04357798165137615,0.8260869565217391
In,0.8561722040176392,0.04367816091954023,0.8260869565217391
In,0.8562947511672974,0.04377880184331797,0.8260869565217391
In,0.8573974370956421,0.04157043879907621,0.782608695652174
In,0.8583376407623291,0.041666666666666664,0.782608695652174
In,0.8587665557861328,0.04176334106728538,0.782608695652174
In,0.8598834872245789,0.04186046511627907,0.782608695652174
In,0.8598859906196594,0.04195804195804196,0.782608695652174
In,0.8599507212638855,0.04205607476635514,0.782608695652174
In,0.8613917231559753,0.04215456674473068,0.782608695652174
In,0.8615283966064453,0.04225352112676056,0.782608695652174
In,0.8621643781661987,0.042352941176470586,0.782608695652174
In,0.8622127771377563,0.04245283018867924,0.782608695652174
In,0.8632279634475708,0.0425531914893617,0.782608695652174
In,0.8632678985595703,0.04265402843601896,0.782608695652174
In,0.8636139035224915,0.04275534441805225,0.782608695652174
In,0.8647226691246033,0.04285714285714286,0.782608695652174
In,0.865951657295227,0.04295942720763723,0.782608695652174
In,0.8660725951194763,0.0430622009569378,0.782608695652174
In,0.8666209578514099,0.04316546762589928,0.782608695652174
In,0.8667467832565308,0.04326923076923077,0.782608695652174
In,0.8686973452568054,0.043373493975903614,0.782608695652174
In,0.869009256362915,0.043478260869565216,0.782608695652174
In,0.8711133599281311,0.043583535108958835,0.782608695652174
In,0.8722171783447266,0.043689320388349516,0.782608695652174
In,0.873764157295227,0.043795620437956206,0.782608695652174
In,0.8741081953048706,0.04390243902439024,0.782608695652174
In,0.8752120137214661,0.044009779951100246,0.782608695652174
In,0.8756271004676819,0.04411764705882353,0.782608695652174
In,0.8758851885795593,0.044226044226044224,0.782608695652174
In,0.8776111602783203,0.04433497536945813,0.782608695652174
In,0.8777198195457458,0.044444444444444446,0.782608695652174
In,0.8779507279396057,0.04455445544554455,0.782608695652174
In,0.8784027099609375,0.04466501240694789,0.782608695652174
In,0.8787241578102112,0.04477611940298507,0.782608695652174
In,0.8793302178382874,0.04488778054862843,0.782608695652174
In,0.8800271153450012,0.045,0.782608695652174
In,0.8800375461578369,0.045112781954887216,0.782608695652174
In,0.8801058530807495,0.04522613065326633,0.782608695652174
In,0.8802129030227661,0.04534005037783375,0.782608695652174
In,0.8809091448783875,0.045454545454545456,0.782608695652174
In,0.8811911344528198,0.04556962025316456,0.782608695652174
In,0.8822823166847229,0.04568527918781726,0.782608695652174
In,0.883421778678894,0.04580152671755725,0.782608695652174
In,0.8845226168632507,0.04591836734693878,0.782608695652174
In,0.8851350545883179,0.04603580562659847,0.782608695652174
In,0.8853117227554321,0.046153846153846156,0.782608695652174
In,0.8860023021697998,0.04627249357326478,0.782608695652174
In,0.8866328001022339,0.04639175257731959,0.782608695652174
In,0.8868212699890137,0.046511627906976744,0.782608695652174
In,0.8878360390663147,0.046632124352331605,0.782608695652174
In,0.8891188502311707,0.046753246753246755,0.782608695652174
In,0.8894073963165283,0.046875,0.782608695652174
In,0.8896556496620178,0.04699738903394256,0.782608695652174
In,0.8896611928939819,0.04712041884816754,0.782608695652174
In,0.8897730112075806,0.047244094488188976,0.782608695652174
In,0.8902125358581543,0.04736842105263158,0.782608695652174
In,0.8925855159759521,0.047493403693931395,0.782608695652174
In,0.8957568407058716,0.047619047619047616,0.782608695652174
In,0.8966672420501709,0.04774535809018567,0.782608695652174
In,0.9004532098770142,0.047872340425531915,0.782608695652174
In,0.9007656574249268,0.048,0.782608695652174
In,0.9012307524681091,0.0481283422459893,0.782608695652174
In,0.9017740488052368,0.04825737265415549,0.782608695652174
In,0.9023649096488953,0.04838709677419355,0.782608695652174
In,0.9039819240570068,0.04851752021563342,0.782608695652174
In,0.9052510261535645,0.04864864864864865,0.782608695652174
In,0.9085397720336914,0.04878048780487805,0.782608695652174
In,0.9090416431427002,0.04891304347826087,0.782608695652174
In,0.9095481634140015,0.04904632152588556,0.782608695652174
In,0.91051185131073,0.04918032786885246,0.782608695652174
In,0.9108535647392273,0.049315068493150684,0.782608695652174
In,0.9113316535949707,0.04945054945054945,0.782608695652174
In,0.9124146699905396,0.049586776859504134,0.782608695652174
In,0.9129621982574463,0.049723756906077346,0.782608695652174
In,0.9138477444648743,0.04986149584487535,0.782608695652174
In,0.9175977110862732,0.05,0.782608695652174
In,0.9178637862205505,0.05013927576601671,0.782608695652174
In,0.9182035326957703,0.05027932960893855,0.782608695652174
In,0.9183703064918518,0.05042016806722689,0.782608695652174
In,0.9192529916763306,0.05056179775280899,0.782608695652174
In,0.9209405183792114,0.05070422535211268,0.782608695652174
In,0.9213752150535583,0.05084745762711865,0.782608695652174
In,0.9221273064613342,0.05099150141643059,0.782608695652174
In,0.9227333664894104,0.05113636363636364,0.782608695652174
In,0.9235875010490417,0.05128205128205128,0.782608695652174
In,0.9244615435600281,0.05142857142857143,0.782608695652174
In,0.9244937896728516,0.05157593123209169,0.782608695652174
In,0.9254921078681946,0.05172413793103448,0.782608695652174
In,0.9265956282615662,0.05187319884726225,0.782608695652174
In,0.9269141554832458,0.05202312138728324,0.782608695652174
In,0.9295336604118347,0.05217391304347826,0.782608695652174
In,0.9328655004501343,0.05232558139534884,0.782608695652174
In,0.9351504445075989,0.052478134110787174,0.782608695652174
In,0.9353635907173157,0.05263157894736842,0.782608695652174
In,0.9379509687423706,0.05278592375366569,0.782608695652174
In,0.9391502737998962,0.052941176470588235,0.782608695652174
In,0.9406766891479492,0.05309734513274336,0.782608695652174
In,0.9407745599746704,0.05325443786982249,0.782608695652174
In,0.9421274662017822,0.05341246290801187,0.782608695652174
In,0.9421311020851135,0.05357142857142857,0.782608695652174
In,0.9427415132522583,0.05373134328358209,0.782608695652174
In,0.9437791705131531,0.05389221556886228,0.782608695652174
In,0.9444077610969543,0.05405405405405406,0.782608695652174
In,0.9456443786621094,0.05421686746987952,0.782608695652174
In,0.9457962512969971,0.054380664652567974,0.782608695652174
In,0.9490399360656738,0.05454545454545454,0.782608695652174
In,0.9494730234146118,0.0547112462006079,0.782608695652174
In,0.9527451395988464,0.054878048780487805,0.782608695652174
In,0.9530863761901855,0.05504587155963303,0.782608695652174
In,0.955894947052002,0.05521472392638037,0.782608695652174
In,0.9561521410942078,0.055384615384615386,0.782608695652174
In,0.9568527936935425,0.05555555555555555,0.782608695652174
In,0.9585740566253662,0.05572755417956656,0.782608695652174
In,0.958672821521759,0.055900621118012424,0.782608695652174
In,0.9610164165496826,0.056074766355140186,0.782608695652174
In,0.9620459079742432,0.05625,0.782608695652174
In,0.9630023837089539,0.05642633228840126,0.782608695652174
In,0.9631572961807251,0.05660377358490566,0.782608695652174
In,0.964884340763092,0.056782334384858045,0.782608695652174
In,0.9679657220840454,0.056962025316455694,0.782608695652174
In,0.9704312086105347,0.05714285714285714,0.782608695652174
In,0.970740020275116,0.05732484076433121,0.782608695652174
In,0.9710174202919006,0.05750798722044728,0.782608695652174
In,0.971237063407898,0.057692307692307696,0.782608695652174
In,0.9717292189598083,0.05787781350482315,0.782608695652174
In,0.9747496843338013,0.05806451612903226,0.782608695652174
In,0.9767010807991028,0.05825242718446602,0.782608695652174
In,0.9779467582702637,0.05844155844155844,0.782608695652174
In,0.9801902174949646,0.05863192182410423,0.782608695652174
In,0.9802013039588928,0.058823529411764705,0.782608695652174
In,0.9818601608276367,0.05901639344262295,0.782608695652174
In,0.9819236993789673,0.05921052631578947,0.782608695652174
In,0.9819641709327698,0.0594059405940594,0.782608695652174
In,0.982655942440033,0.059602649006622516,0.782608695652174
In,0.9877772331237793,0.059800664451827246,0.782608695652174
In,0.9886793494224548,0.06,0.782608695652174
In,0.9894493818283081,0.06020066889632107,0.782608695652174
In,0.9905270934104919,0.06040268456375839,0.782608695652174
In,0.9909507632255554,0.06060606060606061,0.782608695652174
In,0.9913308024406433,0.060810810810810814,0.782608695652174
In,0.9919039607048035,0.061016949152542375,0.782608695652174
In,0.9939291477203369,0.061224489795918366,0.782608695652174
In,0.9955669045448303,0.06143344709897611,0.782608695652174
In,0.9964457154273987,0.06164383561643835,0.782608695652174
In,0.9970189332962036,0.058419243986254296,0.7391304347826086
In,1.004293441772461,0.05862068965517241,0.7391304347826086
In,1.0056390762329102,0.058823529411764705,0.7391304347826086
In,1.0056846141815186,0.059027777777777776,0.7391304347826086
In,1.0058289766311646,0.059233449477351915,0.7391304347826086
In,1.0059322118759155,0.05944055944055944,0.7391304347826086
In,1.006736397743225,0.05964912280701754,0.7391304347826086
In,1.0080915689468384,0.05985915492957746,0.7391304347826086
In,1.011041283607483,0.06007067137809187,0.7391304347826086
In,1.0135266780853271,0.06028368794326241,0.7391304347826086
In,1.015678882598877,0.060498220640569395,0.7391304347826086
In,1.018031120300293,0.060714285714285714,0.7391304347826086
In,1.0184913873672485,0.06093189964157706,0.7391304347826086
In,1.0193274021148682,0.06115107913669065,0.7391304347826086
In,1.022317886352539,0.061371841155234655,0.7391304347826086
In,1.0226316452026367,0.06159420289855073,0.7391304347826086
In,1.0234510898590088,0.06181818181818182,0.7391304347826086
In,1.0238674879074097,0.06204379562043796,0.7391304347826086
In,1.0243631601333618,0.06227106227106227,0.7391304347826086
In,1.024405598640442,0.0625,0.7391304347826086
In,1.0298402309417725,0.06273062730627306,0.7391304347826086
In,1.0309756994247437,0.06296296296296296,0.7391304347826086
In,1.0334166288375854,0.06319702602230483,0.7391304347826086
In,1.0343507528305054,0.06343283582089553,0.7391304347826086
In,1.035238265991211,0.06367041198501873,0.7391304347826086
In,1.0375323295593262,0.06390977443609022,0.7391304347826086
In,1.0396696329116821,0.06415094339622641,0.7391304347826086
In,1.040134310722351,0.06439393939393939,0.7391304347826086
In,1.0465327501296997,0.06463878326996197,0.7391304347826086
In,1.0479485988616943,0.0648854961832061,0.7391304347826086
In,1.0496103763580322,0.06513409961685823,0.7391304347826086
In,1.0519850254058838,0.06538461538461539,0.7391304347826086
In,1.0540227890014648,0.06563706563706563,0.7391304347826086
In,1.055345058441162,0.06589147286821706,0.7391304347826086
In,1.0568761825561523,0.06614785992217899,0.7391304347826086
In,1.0585211515426636,0.06640625,0.7391304347826086
In,1.063119888305664,0.06666666666666667,0.7391304347826086
In,1.0640008449554443,0.06692913385826772,0.7391304347826086
In,1.0655081272125244,0.06719367588932806,0.7391304347826086
In,1.0744032859802246,0.06746031746031746,0.7391304347826086
In,1.0746757984161377,0.06772908366533864,0.7391304347826086
In,1.0759358406066895,0.068,0.7391304347826086
In,1.0784046649932861,0.06827309236947791,0.7391304347826086
In,1.0841418504714966,0.06854838709677419,0.7391304347826086
In,1.0844889879226685,0.06882591093117409,0.7391304347826086
In,1.0884349346160889,0.06910569105691057,0.7391304347826086
In,1.088926911354065,0.06938775510204082,0.7391304347826086
In,1.0918505191802979,0.06967213114754098,0.7391304347826086
In,1.0948070287704468,0.06995884773662552,0.7391304347826086
In,1.0966668128967285,0.07024793388429752,0.7391304347826086
In,1.0967214107513428,0.07053941908713693,0.7391304347826086
In,1.101326584815979,0.07083333333333333,0.7391304347826086
In,1.103785514831543,0.07112970711297072,0.7391304347826086
In,1.105720043182373,0.07142857142857142,0.7391304347826086
In,1.1072440147399902,0.07172995780590717,0.7391304347826086
In,1.1185259819030762,0.07203389830508475,0.7391304347826086
In,1.1190769672393799,0.07234042553191489,0.7391304347826086
In,1.122443675994873,0.07264957264957266,0.7391304347826086
In,1.123814582824707,0.07296137339055794,0.7391304347826086
In,1.1252597570419312,0.07327586206896551,0.7391304347826086
In,1.128822922706604,0.0735930735930736,0.7391304347826086
In,1.1398977041244507,0.07391304347826087,0.7391304347826086
In,1.1431965827941895,0.07423580786026202,0.7391304347826086
In,1.1493346691131592,0.07456140350877193,0.7391304347826086
In,1.1505146026611328,0.07488986784140969,0.7391304347826086
In,1.1537790298461914,0.0752212389380531,0.7391304347826086
In,1.1542842388153076,0.07555555555555556,0.7391304347826086
In,1.1560893058776855,0.07589285714285714,0.7391304347826086
In,1.15757417678833,0.07623318385650224,0.7391304347826086
In,1.1583747863769531,0.07657657657657657,0.7391304347826086
In,1.1619540452957153,0.07692307692307693,0.7391304347826086
In,1.1626696586608887,0.07727272727272727,0.7391304347826086
In,1.1647018194198608,0.0776255707762557,0.7391304347826086
In,1.1690670251846313,0.0779816513761468,0.7391304347826086
In,1.1692250967025757,0.07834101382488479,0.7391304347826086
In,1.171939730644226,0.0787037037037037,0.7391304347826086
In,1.1719987392425537,0.07906976744186046,0.7391304347826086
In,1.172271490097046,0.0794392523364486,0.7391304347826086
In,1.1751563549041748,0.07981220657276995,0.7391304347826086
In,1.1760914325714111,0.08018867924528301,0.7391304347826086
In,1.176177740097046,0.08056872037914692,0.7391304347826086
In,1.1791127920150757,0.08095238095238096,0.7391304347826086
In,1.1810393333435059,0.08133971291866028,0.7391304347826086
In,1.1867249011993408,0.08173076923076923,0.7391304347826086
In,1.1886365413665771,0.0821256038647343,0.7391304347826086
In,1.1893396377563477,0.0825242718446602,0.7391304347826086
In,1.1919682025909424,0.08292682926829269,0.7391304347826086
In,1.1925100088119507,0.08333333333333333,0.7391304347826086
In,1.1925349235534668,0.08374384236453201,0.7391304347826086
In,1.1965587139129639,0.08415841584158416,0.7391304347826086
In,1.1972960233688354,0.0845771144278607,0.7391304347826086
In,1.200863242149353,0.085,0.7391304347826086
In,1.2016772031784058,0.08542713567839195,0.7391304347826086
In,1.2024273872375488,0.08585858585858586,0.7391304347826086
In,1.2030264139175415,0.08629441624365482,0.7391304347826086
In,1.2076739072799683,0.08673469387755102,0.7391304347826086
In,1.2079428434371948,0.08717948717948718,0.7391304347826086
In,1.2092502117156982,0.08762886597938144,0.7391304347826086
In,1.2192357778549194,0.08808290155440414,0.7391304347826086
In,1.2237839698791504,0.08854166666666667,0.7391304347826086
In,1.2238421440124512,0.08900523560209424,0.7391304347826086
In,1.2259279489517212,0.08947368421052632,0.7391304347826086
In,1.2262539863586426,0.08994708994708994,0.7391304347826086
In,1.2330368757247925,0.09042553191489362,0.7391304347826086
In,1.2354334592819214,0.09090909090909091,0.7391304347826086
In,1.238789677619934,0.0913978494623656,0.7391304347826086
In,1.2396634817123413,0.0918918918918919,0.7391304347826086
In,1.240323781967163,0.09239130434782608,0.7391304347826086
In,1.2407143115997314,0.09289617486338798,0.7391304347826086
In,1.2487965822219849,0.09340659340659341,0.7391304347826086
In,1.2526459693908691,0.09392265193370165,0.7391304347826086
In,1.2611936330795288,0.09444444444444444,0.7391304347826086
In,1.2726566791534424,0.09497206703910614,0.7391304347826086
In,1.2737679481506348,0.09550561797752809,0.7391304347826086
In,1.2740857601165771,0.096045197740113,0.7391304347826086
In,1.2774746417999268,0.09090909090909091,0.6956521739130435
In,1.2783135175704956,0.09142857142857143,0.6956521739130435
In,1.2829033136367798,0.09195402298850575,0.6956521739130435
In,1.2849929332733154,0.09248554913294797,0.6956521739130435
In,1.2886765003204346,0.09302325581395349,0.6956521739130435
In,1.293396234512329,0.0935672514619883,0.6956521739130435
In,1.2951610088348389,0.09411764705882353,0.6956521739130435
In,1.302768588066101,0.09467455621301775,0.6956521739130435
In,1.3045364618301392,0.09523809523809523,0.6956521739130435
In,1.306776762008667,0.09580838323353294,0.6956521739130435
In,1.309727668762207,0.0963855421686747,0.6956521739130435
In,1.3291229009628296,0.09696969696969697,0.6956521739130435
In,1.332147240638733,0.0975609756097561,0.6956521739130435
In,1.333470106124878,0.09815950920245399,0.6956521739130435
In,1.3398855924606323,0.09876543209876543,0.6956521739130435
In,1.3438136577606201,0.09937888198757763,0.6956521739130435
In,1.3450477123260498,0.1,0.6956521739130435
In,1.3473225831985474,0.10062893081761007,0.6956521739130435
In,1.349623680114746,0.10126582278481013,0.6956521739130435
In,1.3539067506790161,0.10191082802547771,0.6956521739130435
In,1.3582743406295776,0.10256410256410256,0.6956521739130435
In,1.3584622144699097,0.1032258064516129,0.6956521739130435
In,1.365838646888733,0.1038961038961039,0.6956521739130435
In,1.366379737854004,0.10457516339869281,0.6956521739130435
In,1.3713215589523315,0.10526315789473684,0.6956521739130435
In,1.3834493160247803,0.10596026490066225,0.6956521739130435
In,1.3881778717041016,0.10666666666666667,0.6956521739130435
In,1.3957798480987549,0.10738255033557047,0.6956521739130435
In,1.3992152214050293,0.10810810810810811,0.6956521739130435
In,1.4022579193115234,0.10884353741496598,0.6956521739130435
In,1.403843641281128,0.1095890410958904,0.6956521739130435
In,1.4046878814697266,0.1103448275862069,0.6956521739130435
In,1.415466547012329,0.1111111111111111,0.6956521739130435
In,1.4185771942138672,0.11188811188811189,0.6956521739130435
In,1.4197986125946045,0.11267605633802817,0.6956521739130435
In,1.4207332134246826,0.11347517730496454,0.6956521739130435
In,1.423827052116394,0.11428571428571428,0.6956521739130435
In,1.4263874292373657,0.11510791366906475,0.6956521739130435
In,1.427980661392212,0.11594202898550725,0.6956521739130435
In,1.4310567378997803,0.11678832116788321,0.6956521739130435
In,1.4355090856552124,0.11764705882352941,0.6956521739130435
In,1.4355216026306152,0.11851851851851852,0.6956521739130435
In,1.439950704574585,0.11940298507462686,0.6956521739130435
In,1.442068099975586,0.12030075187969924,0.6956521739130435
In,1.4470961093902588,0.12121212121212122,0.6956521739130435
In,1.45989990234375,0.12213740458015267,0.6956521739130435
In,1.4640259742736816,0.12307692307692308,0.6956521739130435
In,1.4705559015274048,0.12403100775193798,0.6956521739130435
In,1.4761075973510742,0.125,0.6956521739130435
In,1.4866230487823486,0.12598425196850394,0.6956521739130435
In,1.4888062477111816,0.12698412698412698,0.6956521739130435
In,1.49539053440094,0.128,0.6956521739130435
In,1.4956187009811401,0.12903225806451613,0.6956521739130435
In,1.495745062828064,0.13008130081300814,0.6956521739130435
In,1.5165934562683105,0.13114754098360656,0.6956521739130435
In,1.5227563381195068,0.1322314049586777,0.6956521739130435
In,1.539808988571167,0.13333333333333333,0.6956521739130435
In,1.5536237955093384,0.13445378151260504,0.6956521739130435
In,1.5537126064300537,0.13559322033898305,0.6956521739130435
In,1.554163932800293,0.13675213675213677,0.6956521739130435
In,1.5542405843734741,0.13793103448275862,0.6956521739130435
In,1.5581390857696533,0.1391304347826087,0.6956521739130435
In,1.5636852979660034,0.14035087719298245,0.6956521739130435
In,1.5698773860931396,0.1415929203539823,0.6956521739130435
In,1.575739860534668,0.14285714285714285,0.6956521739130435
In,1.5768070220947266,0.14414414414414414,0.6956521739130435
In,1.5776511430740356,0.14545454545454545,0.6956521739130435
In,1.5813790559768677,0.14678899082568808,0.6956521739130435
In,1.5877416133880615,0.14814814814814814,0.6956521739130435
In,1.5903470516204834,0.14953271028037382,0.6956521739130435
In,1.6067441701889038,0.1509433962264151,0.6956521739130435
In,1.6076304912567139,0.1523809523809524,0.6956521739130435
In,1.6078753471374512,0.15384615384615385,0.6956521739130435
In,1.6139799356460571,0.1553398058252427,0.6956521739130435
In,1.617579460144043,0.1568627450980392,0.6956521739130435
In,1.6212676763534546,0.15841584158415842,0.6956521739130435
In,1.6234902143478394,0.16,0.6956521739130435
In,1.626255989074707,0.16161616161616163,0.6956521739130435
In,1.6307605504989624,0.16326530612244897,0.6956521739130435
In,1.6442008018493652,0.16494845360824742,0.6956521739130435
In,1.650041103363037,0.16666666666666666,0.6956521739130435
In,1.6516417264938354,0.16842105263157894,0.6956521739130435
In,1.6516749858856201,0.1702127659574468,0.6956521739130435
In,1.6566553115844727,0.17204301075268819,0.6956521739130435
In,1.6580429077148438,0.17391304347826086,0.6956521739130435
In,1.6748770475387573,0.17582417582417584,0.6956521739130435
In,1.6913280487060547,0.17777777777777778,0.6956521739130435
In,1.6953946352005005,0.1797752808988764,0.6956521739130435
In,1.725155234336853,0.18181818181818182,0.6956521739130435
In,1.7354950904846191,0.1839080459770115,0.6956521739130435
In,1.7363271713256836,0.18604651162790697,0.6956521739130435
In,1.7545477151870728,0.18823529411764706,0.6956521739130435
In,1.7987362146377563,0.19047619047619047,0.6956521739130435
In,1.8144479990005493,0.1927710843373494,0.6956521739130435
In,1.8399488925933838,0.1951219512195122,0.6956521739130435
In,1.8479864597320557,0.19753086419753085,0.6956521739130435
In,1.8518167734146118,0.2,0.6956521739130435
In,1.8582472801208496,0.20253164556962025,0.6956521739130435
In,1.8651121854782104,0.20512820512820512,0.6956521739130435
In,1.8833646774291992,0.2077922077922078,0.6956521739130435
In,1.887833595275879,0.21052631578947367,0.6956521739130435
In,1.9266092777252197,0.21333333333333335,0.6956521739130435
In,1.9377944469451904,0.21621621621621623,0.6956521739130435
In,1.9445058107376099,0.2191780821917808,0.6956521739130435
In,1.9522403478622437,0.2222222222222222,0.6956521739130435
In,1.9541840553283691,0.22535211267605634,0.6956521739130435
In,1.965917944908142,0.22857142857142856,0.6956521739130435
In,1.9866427183151245,0.2318840579710145,0.6956521739130435
In,1.9879286289215088,0.23529411764705882,0.6956521739130435
In,1.989713430404663,0.22388059701492538,0.6521739130434783
In,1.9932363033294678,0.22727272727272727,0.6521739130434783
In,2.0005550384521484,0.23076923076923078,0.6521739130434783
In,2.006049871444702,0.234375,0.6521739130434783
In,2.006187915802002,0.23809523809523808,0.6521739130434783
In,2.006204128265381,0.24193548387096775,0.6521739130434783
In,2.0357155799865723,0.2459016393442623,0.6521739130434783
In,2.1027374267578125,0.25,0.6521739130434783
In,2.115574598312378,0.2542372881355932,0.6521739130434783
In,2.131343364715576,0.25862068965517243,0.6521739130434783
In,2.1565258502960205,0.2631578947368421,0.6521739130434783
In,2.1631555557250977,0.26785714285714285,0.6521739130434783
In,2.180274486541748,0.2727272727272727,0.6521739130434783
In,2.200835704803467,0.2777777777777778,0.6521739130434783
In,2.205213785171509,0.2830188679245283,0.6521739130434783
In,2.2149529457092285,0.28846153846153844,0.6521739130434783
In,2.2219784259796143,0.27450980392156865,0.6086956521739131
In,2.247767925262451,0.28,0.6086956521739131
In,2.259794235229492,0.2857142857142857,0.6086956521739131
In,2.26066255569458,0.2916666666666667,0.6086956521739131
In,2.26365327835083,0.2978723404255319,0.6086956521739131
In,2.373260498046875,0.30434782608695654,0.6086956521739131
In,2.3981852531433105,0.3111111111111111,0.6086956521739131
In,2.4009933471679688,0.29545454545454547,0.5652173913043478
In,2.401420831680298,0.3023255813953488,0.5652173913043478
In,2.4051403999328613,0.30952380952380953,0.5652173913043478
In,2.4293878078460693,0.3170731707317073,0.5652173913043478
In,2.4788637161254883,0.325,0.5652173913043478
In,2.5047125816345215,0.3333333333333333,0.5652173913043478
In,2.511185646057129,0.34210526315789475,0.5652173913043478
In,2.5172455310821533,0.35135135135135137,0.5652173913043478
In,2.557584762573242,0.3611111111111111,0.5652173913043478
In,2.5665454864501953,0.37142857142857144,0.5652173913043478
In,2.5724434852600098,0.38235294117647056,0.5652173913043478
In,2.668076276779175,0.3939393939393939,0.5652173913043478
In,2.6725754737854004,0.40625,0.5652173913043478
In,2.675886631011963,0.41935483870967744,0.5652173913043478
In,2.7202835083007812,0.43333333333333335,0.5652173913043478
In,2.8262500762939453,0.4482758620689655,0.5652173913043478
In,2.895033836364746,0.4642857142857143,0.5652173913043478
In,2.9606266021728516,0.48148148148148145,0.5652173913043478
In,2.9820759296417236,0.5,0.5652173913043478
In,3.0280086994171143,0.52,0.5652173913043478
In,3.0518834590911865,0.5416666666666666,0.5652173913043478
In,3.157571315765381,0.5652173913043478,0.5652173913043478
In,3.162885904312134,0.5454545454545454,0.5217391304347826
In,3.269066333770752,0.5238095238095238,0.4782608695652174
In,3.4906535148620605,0.55,0.4782608695652174
In,3.641757011413574,0.5789473684210527,0.4782608695652174
In,3.882462978363037,0.6111111111111112,0.4782608695652174
In,3.939903974533081,0.6470588235294118,0.4782608695652174
In,3.962714433670044,0.625,0.43478260869565216
In,4.054810523986816,0.6666666666666666,0.43478260869565216
In,4.060965538024902,0.6428571428571429,0.391304347826087
In,4.153303146362305,0.6153846153846154,0.34782608695652173
In,4.4879865646362305,0.5833333333333334,0.30434782608695654
In,4.864007949829102,0.5454545454545454,0.2608695652173913
In,5.249690055847168,0.5,0.21739130434782608
In,5.256182670593262,0.5555555555555556,0.21739130434782608
In,5.675407409667969,0.5,0.17391304347826086
In,5.766661643981934,0.42857142857142855,0.13043478260869565
In,5.8740925788879395,0.5,0.13043478260869565
In,6.008693695068359,0.6,0.13043478260869565
In,6.191452503204346,0.75,0.13043478260869565
In,6.374006748199463,0.6666666666666666,0.08695652173913043
In,8.348499298095703,0.5,0.043478260869565216
In,8.639388084411621,0.0,0.0
In,,1.0,0.0
