series,threshold,precision,recall
Out,1.206700017064577e-05,0.004871468185565465,1.0
Out,3.490992821753025e-05,0.004871833308349573,1.0
Out,9.411753853783011e-05,0.0048721984858706244,1.0
Out,0.00011820432700915262,0.004872563718140929,1.0
Out,0.0001953432656591758,0.004872929005172801,1.0
Out,0.0001998405932681635,0.004873294346978557,1.0
Out,0.00020567650790326297,0.004873659743570518,1.0
Out,0.00024134070554282516,0.004874025194961008,1.0
Out,0.0003441249136812985,0.004874390701162355,1.0
Out,0.00037405570037662983,0.00487475626218689,1.0
Out,0.0004035662568639964,0.004875121878046951,1.0
Out,0.0005678286543115973,0.004875487548754875,1.0
Out,0.0005823533865623176,0.0048758532743230065,1.0
Out,0.000604295521043241,0.004876219054763691,1.0
Out,0.0006232495652511716,0.004876584890089279,1.0
Out,0.0006378903635777533,0.0048769507803121245,1.0
Out,0.0006495346315205097,0.004877316725444586,1.0
Out,0.0006915796548128128,0.004877682725499024,1.0
Out,0.0006970385438762605,0.004878048780487805,1.0
Out,0.0007015852024778724,0.004878414890423296,1.0
Out,0.0007151339668780565,0.004878781055317871,1.0
Out,0.0007427901728078723,0.004879147275183906,1.0
Out,0.0007510840659961104,0.004879513550033781,1.0
Out,0.0007699692505411804,0.00487987987987988,1.0
Out,0.0007868974935263395,0.00488024626473459,1.0
Out,0.0007988410070538521,0.004880612704610302,1.0
Out,0.0008018383523449302,0.004880979199519411,1.0
Out,0.0008047212613746524,0.004881345749474316,1.0
Out,0.0008435208583250642,0.00488171235448742,1.0
Out,0.0008576652035117149,0.004882079014571128,1.0
Out,0.0008698129095137119,0.00488244572973785,1.0
Out,0.0008874944760464132,0.0048828125,1.0
Out,0.0009056132985278964,0.0048831793253699945,1.0
Out,0.0009088303195312619,0.004883546205860256,1.0
Out,0.000962297897785902,0.004883913141483207,1.0
Out,0.0009940335294231772,0.004884280132251277,1.0
Out,0.0010769584914669394,0.004884647178176899,1.0
Out,0.0011251477990299463,0.004885014279272509,1.0
Out,0.0011527810711413622,0.004885381435550545,1.0
Out,0.0011593893868848681,0.004885748647023452,1.0
Out,0.0011596337426453829,0.004886115913703676,1.0
Out,0.0012122085317969322,0.004886483235603669,1.0
Out,0.0012212309520691633,0.0048868506127358845,1.0
Out,0.001285632373765111,0.004887218045112782,1.0
Out,0.001342646311968565,0.004887585532746823,1.0
Out,0.0013530434807762504,0.004887953075650474,1.0
Out,0.0013532302109524608,0.004888320673836204,1.0
Out,0.0014184191823005676,0.004888688327316486,1.0
Out,0.0015259975334629416,0.004889056036103798,1.0
Out,0.0015322084072977304,0.004889423800210621,1.0
Out,0.0015528920339420438,0.0048897916196494395,1.0
Out,0.0016125295078381896,0.004890159494432741,1.0
Out,0.0016776005504652858,0.0048905274245730195,1.0
Out,0.0017313779098913074,0.004890895410082769,1.0
Out,0.0017407850828021765,0.00489126345097449,1.0
Out,0.0017564897425472736,0.004891631547260686,1.0
Out,0.0018382316920906305,0.004891999698953865,1.0
Out,0.0018517517019063234,0.004892367906066536,1.0
Out,0.001880116295069456,0.004892736168611215,1.0
Out,0.00193456606939435,0.004893104486600422,1.0
Out,0.0020252398680895567,0.0048934728600466765,1.0
Out,0.0020266221836209297,0.004893841288962505,1.0
Out,0.0020476686768233776,0.00489420977336044,1.0
Out,0.0020792142022401094,0.004894578313253012,1.0
Out,0.0020812107250094414,0.00489494690865276,1.0
Out,0.002097310731187463,0.004895315559572224,1.0
Out,0.0021099504083395004,0.004895684266023951,1.0
Out,0.0021608355455100536,0.004896053028020488,1.0
Out,0.002166470978409052,0.004896421845574388,1.0
Out,0.002234893385320902,0.004896790718698207,1.0
Out,0.0022432180121541023,0.004897159647404506,1.0
Out,0.0022476266603916883,0.004897528631705847,1.0
Out,0.002321914304047823,0.004897897671614799,1.0
Out,0.0023307153023779392,0.0048982667671439335,1.0
Out,0.0024026716127991676,0.004898635918305826,1.0
Out,0.002427306491881609,0.004899005125113054,1.0
Out,0.0024553737603127956,0.004899374387578202,1.0
Out,0.002521228278055787,0.004899743705713855,1.0
Out,0.0025228229351341724,0.004900113079532605,1.0
Out,0.002614431083202362,0.004900482509047044,1.0
Out,0.0027195345610380173,0.004900851994269773,1.0
Out,0.0027833646163344383,0.004901221535213392,1.0
Out,0.0027990001253783703,0.004901591131890506,1.0
Out,0.0028290997724980116,0.004901960784313725,1.0
Out,0.00292136799544096,0.004902330492495663,1.0
Out,0.003075812943279743,0.004902700256448936,1.0
Out,0.003177650272846222,0.004903070076186166,1.0
Out,0.003234683535993099,0.004903439951719976,1.0
Out,0.003268138039857149,0.004903809883062995,1.0
Out,0.003365676151588559,0.004904179870227856,1.0
Out,0.0033779051154851913,0.004904549913227194,1.0
Out,0.0033873300999403,0.0049049200120736495,1.0
Out,0.0034582726657390594,0.004905290166779866,1.0
Out,0.00346506480127573,0.004905660377358491,1.0
Out,0.0035268228966742754,0.004906030643822175,1.0
Out,0.0035596333909779787,0.004906400966183575,1.0
Out,0.0036245195660740137,0.004906771344455349,1.0
Out,0.0036323340609669685,0.0049071417786501585,1.0
Out,0.00363478297367692,0.004907512268780672,1.0
Out,0.003681166097521782,0.004907882814859559,1.0
Out,0.003707869676873088,0.004908253416899494,1.0
Out,0.003745878115296364,0.004908624074913155,1.0
Out,0.0037569471169263124,0.004908994788913224,1.0
Out,0.003808809444308281,0.004909365558912387,1.0
Out,0.0038307528011500835,0.004909736384923332,1.0
Out,0.0038408860564231873,0.004910107266958755,1.0
Out,0.0038809441030025482,0.0049104782050313515,1.0
Out,0.0038866621907800436,0.004910849199153823,1.0
Out,0.003887326456606388,0.004911220249338874,1.0
Out,0.003904822049662471,0.004911591355599214,1.0
Out,0.00392807787284255,0.004911962517947555,1.0
Out,0.003943221643567085,0.004912333736396614,1.0
Out,0.003973841667175293,0.004912705010959111,1.0
Out,0.00398990185931325,0.0049130763416477706,1.0
Out,0.00399894779548049,0.00491344772847532,1.0
Out,0.004024169407784939,0.00491381917145449,1.0
Out,0.004028833471238613,0.0049141906705980195,1.0
Out,0.004032043740153313,0.004914562225918645,1.0
Out,0.0040847305208444595,0.004914933837429111,1.0
Out,0.004111607093364,0.004915305505142166,1.0
Out,0.0041207908652722836,0.004915677229070559,1.0
Out,0.00417640944942832,0.004916049009227046,1.0
Out,0.004182657692581415,0.004916420845624385,1.0
Out,0.00418723514303565,0.004916792738275341,1.0
Out,0.0042095487006008625,0.004917164687192677,1.0
Out,0.004235898610204458,0.004917536692389166,1.0
Out,0.004251576028764248,0.004917908753877582,1.0
Out,0.004268087446689606,0.004918280871670702,1.0
Out,0.0042822821997106075,0.004918653045781309,1.0
Out,0.00429489417001605,0.004919025276222189,1.0
Out,0.004319819621741772,0.00491939756300613,1.0
Out,0.004345631692558527,0.004919769906145928,1.0
Out,0.004364702384918928,0.004920142305654379,1.0
Out,0.004404722712934017,0.004920514761544285,1.0
Out,0.00442414591088891,0.00492088727382845,1.0
Out,0.004434064496308565,0.004921259842519685,1.0
Out,0.0044466168619692326,0.004921632467630802,1.0
Out,0.004453829023987055,0.004922005149174617,1.0
Out,0.004508827812969685,0.004922377887163953,1.0
Out,0.0045932880602777,0.004922750681611633,1.0
Out,0.00462688272818923,0.004923123532530486,1.0
Out,0.004629858769476414,0.0049234964399333435,1.0
Out,0.004649278707802296,0.004923869403833043,1.0
Out,0.004682871513068676,0.004924242424242424,1.0
Out,0.004700834862887859,0.0049246155011743314,1.0
Out,0.004705853294581175,0.004924988634641613,1.0
Out,0.004729333333671093,0.004925361824657119,1.0
Out,0.004767231177538633,0.004925735071233707,1.0
Out,0.004777137655764818,0.0049261083743842365,1.0
Out,0.004788890015333891,0.004926481734121571,1.0
Out,0.0048074424266815186,0.004926855150458576,1.0
Out,0.0048299008049070835,0.004927228623408126,1.0
Out,0.0048955208621919155,0.004927602152983095,1.0
Out,0.004908989183604717,0.004927975739196361,1.0
Out,0.004919077269732952,0.004928349382060809,1.0
Out,0.004922272637486458,0.004928723081589323,1.0
Out,0.0049268645234405994,0.004929096837794798,1.0
Out,0.0049361977726221085,0.004929470650690126,1.0
Out,0.004985012114048004,0.004929844520288207,1.0
Out,0.005011761095374823,0.004930218446601942,1.0
Out,0.005027091130614281,0.004930592429644239,1.0
Out,0.005032439716160297,0.004930966469428008,1.0
Out,0.005032496526837349,0.004931340565966163,1.0
Out,0.005192244425415993,0.004931714719271623,1.0
Out,0.005200175568461418,0.004932088929357311,1.0
Out,0.005210317205637693,0.004932463196236151,1.0
Out,0.005236199125647545,0.004932837519921075,1.0
Out,0.005269067827612162,0.004933211900425015,1.0
Out,0.0052788108587265015,0.004933586337760911,1.0
Out,0.00528301578015089,0.004933960831941703,1.0
Out,0.005290250759571791,0.004934335382980338,1.0
Out,0.005294679664075375,0.004934709990889766,1.0
Out,0.005303577985614538,0.0049350846556829395,1.0
Out,0.005322395823895931,0.004935459377372817,1.0
Out,0.005322642624378204,0.004935834155972359,1.0
Out,0.005390223581343889,0.004936208991494532,1.0
Out,0.0054070171900093555,0.004936583883952305,1.0
Out,0.005408373195677996,0.004936958833358651,1.0
Out,0.005427962634712458,0.004937333839726547,1.0
Out,0.0054676407016813755,0.004937708903068976,1.0
Out,0.005473160184919834,0.004938084023398921,1.0
Out,0.005483322776854038,0.0049384592007293724,1.0
Out,0.005494329612702131,0.0049388344350733224,1.0
Out,0.00550874974578619,0.004939209726443769,1.0
Out,0.005519196856766939,0.0049395850748537124,1.0
Out,0.005529108457267284,0.004939960480316158,1.0
Out,0.005550723057240248,0.004940335942844113,1.0
Out,0.00558418920263648,0.004940711462450593,1.0
Out,0.005605824291706085,0.0049410870391486126,1.0
Out,0.00563488295301795,0.004941462672951194,1.0
Out,0.005659750197082758,0.00494183836387136,1.0
Out,0.005668195430189371,0.004942214111922141,1.0
Out,0.005694014951586723,0.004942589917116569,1.0
Out,0.005705974530428648,0.00494296577946768,1.0
Out,0.005733338650316,0.004943341698988516,1.0
Out,0.005783642642199993,0.0049437176756921206,1.0
Out,0.005817695986479521,0.004944093709591542,1.0
Out,0.00583264185115695,0.004944469800699833,1.0
Out,0.0058604213409125805,0.00494484594903005,1.0
Out,0.0058664060197770596,0.004945222154595252,1.0
Out,0.005883906967937946,0.004945598417408506,1.0
Out,0.005938548129051924,0.004945974737482879,1.0
Out,0.005971547216176987,0.004946351114831444,1.0
Out,0.005977386608719826,0.004946727549467275,1.0
Out,0.005994384177029133,0.004947104041403455,1.0
Out,0.00601368909701705,0.004947480590653067,1.0
Out,0.00603546341881156,0.0049478571972292,1.0
Out,0.006037415470927954,0.004948233861144945,1.0
Out,0.006080029532313347,0.0049486105824134,1.0
Out,0.006083326414227486,0.004948987361047662,1.0
Out,0.006086883135139942,0.004949364197060839,1.0
Out,0.00610308488830924,0.004949741090466037,1.0
Out,0.006131109315901995,0.0049501180412763685,1.0
Out,0.006154652684926987,0.0049504950495049506,1.0
Out,0.006163092330098152,0.004950872115164902,1.0
Out,0.006164255551993847,0.004951249238269348,1.0
Out,0.0061697023920714855,0.004951626418831416,1.0
Out,0.006175556685775518,0.004952003656864239,1.0
Out,0.006178239360451698,0.004952380952380952,1.0
Out,0.0061919065192341805,0.004952758305394696,1.0
Out,0.006196198984980583,0.004953135715918616,1.0
Out,0.0062280744314193726,0.004953513183965859,1.0
Out,0.006241036579012871,0.004953890709549577,1.0
Out,0.006258257664740086,0.004954268292682927,1.0
Out,0.0062723844312131405,0.004954645933379068,1.0
Out,0.006279209163039923,0.0049550236316511665,1.0
Out,0.006302655674517155,0.004955401387512388,1.0
Out,0.006317403167486191,0.004955779200975907,1.0
Out,0.006338765379041433,0.004956157072054899,1.0
Out,0.006352092605084181,0.0049565350007625434,1.0
Out,0.00637446716427803,0.004956912987112027,1.0
Out,0.006409048102796078,0.004957291031116535,1.0
Out,0.006413837429136038,0.004957669132789261,1.0
Out,0.006428841035813093,0.004958047292143402,1.0
Out,0.006432624068111181,0.004958425509192158,1.0
Out,0.006457727402448654,0.0049588037839487335,1.0
Out,0.006470301654189825,0.004959182116426337,1.0
Out,0.006472315173596144,0.004959560506638181,1.0
Out,0.006509203929454088,0.0049599389545974815,1.0
Out,0.006518359761685133,0.00496031746031746,1.0
Out,0.006537191104143858,0.004960696023811341,1.0
Out,0.0065647317096591,0.004961074645092352,1.0
Out,0.0065727271139621735,0.004961453324173727,1.0
Out,0.006580534391105175,0.004961832061068702,1.0
Out,0.006593863945454359,0.004962210855790518,1.0
Out,0.0066040982492268085,0.00496258970835242,1.0
Out,0.006627935916185379,0.004962968618767657,1.0
Out,0.006632362958043814,0.004963347587049481,1.0
Out,0.006634608842432499,0.004963726613211149,1.0
Out,0.006660584360361099,0.004964105697265924,1.0
Out,0.006700035650283098,0.004964484839227068,1.0
Out,0.006711676716804504,0.004964864039107852,1.0
Out,0.006730761379003525,0.004965243296921549,1.0
Out,0.006739051081240177,0.004965622612681436,1.0
Out,0.006741294637322426,0.004966001986400795,1.0
Out,0.006747604347765446,0.00496638141809291,1.0
Out,0.006750104017555714,0.004966760907771071,1.0
Out,0.006750289350748062,0.004967140455448571,1.0
Out,0.00676095113158226,0.004967520061138708,1.0
Out,0.006805212702602148,0.004967899724854784,1.0
Out,0.006808169186115265,0.004968279446610105,1.0
Out,0.006824440322816372,0.004968659226417979,1.0
Out,0.006844958756119013,0.004969039064291721,1.0
Out,0.006853979546576738,0.004969418960244648,1.0
Out,0.006857709493488073,0.004969798914290083,1.0
Out,0.006878206972032785,0.004970178926441352,1.0
Out,0.006880437955260277,0.004970558996711784,1.0
Out,0.006880868226289749,0.004970939125114714,1.0
Out,0.006908701732754707,0.00497131931166348,1.0
Out,0.006929296068847179,0.004971699556371424,1.0
Out,0.006935460492968559,0.0049720798592518935,1.0
Out,0.006955036427825689,0.004972460220318237,1.0
Out,0.0069678910076618195,0.004972840639583811,1.0
Out,0.006977515295147896,0.004973221117061974,1.0
Out,0.007044713478535414,0.004973601652766088,1.0
Out,0.007056713104248047,0.004973982246709519,1.0
Out,0.007067966274917126,0.00497436289890564,1.0
Out,0.00706925243139267,0.004974743609367825,1.0
Out,0.007087942212820053,0.004975124378109453,1.0
Out,0.007101984694600105,0.004975505205143907,1.0
Out,0.007111349143087864,0.004975886090484574,1.0
Out,0.0071150739677250385,0.004976267034144848,1.0
Out,0.007136660628020763,0.004976648036138121,1.0
Out,0.0071416934952139854,0.0049770290964777945,1.0
Out,0.007146077696233988,0.0049774102151772725,1.0
Out,0.0071471696719527245,0.004977791392249961,1.0
Out,0.007201248314231634,0.004978172627709275,1.0
Out,0.007204710505902767,0.004978553921568627,1.0
Out,0.007210103329271078,0.00497893527384144,1.0
Out,0.007220068015158176,0.004979316684541137,1.0
Out,0.007234607357531786,0.004979698153681146,1.0
Out,0.007240832783281803,0.0049800796812749,1.0
Out,0.007242878433316946,0.004980461267335836,1.0
Out,0.007248526904731989,0.004980842911877395,1.0
Out,0.007271864451467991,0.00498122461491302,1.0
Out,0.007272079586982727,0.004981606376456162,1.0
Out,0.007273564115166664,0.004981988196520273,1.0
Out,0.007281997706741095,0.00498237007511881,1.0
Out,0.007306192070245743,0.004982752012265236,1.0
Out,0.007320658769458532,0.004983134007973015,1.0
Out,0.007322102319449186,0.004983516062255616,1.0
Out,0.0073244646191596985,0.0049838981751265145,1.0
Out,0.007332586217671633,0.0049842803465991875,1.0
Out,0.007344835437834263,0.004984662576687116,1.0
Out,0.0073608942329883575,0.004985044865403789,1.0
Out,0.007367304060608149,0.0049854272127626935,1.0
Out,0.007369088940322399,0.004985809618777326,1.0
Out,0.007371972315013409,0.0049861920834611845,1.0
Out,0.007382968440651894,0.004986574606827772,1.0
Out,0.00738531956449151,0.0049869571888905935,1.0
Out,0.007416524924337864,0.004987339829663162,1.0
Out,0.007432580925524235,0.0049877225291589935,1.0
Out,0.007450421340763569,0.004988105287391605,1.0
Out,0.007465545553714037,0.0049884881043745204,1.0
Out,0.007467438466846943,0.004988870980121268,1.0
Out,0.007510290946811438,0.004989253914645379,1.0
Out,0.00751848379150033,0.00498963690796039,1.0
Out,0.00752519816160202,0.00499001996007984,1.0
Out,0.007529465947300196,0.0049904030710172746,1.0
Out,0.007545187138020992,0.00499078624078624,1.0
Out,0.007553889416158199,0.004991169469400291,1.0
Out,0.007562237326055765,0.004991552756872984,1.0
Out,0.0075645046308636665,0.0049919361032178785,1.0
Out,0.007570760324597359,0.0049923195084485405,1.0
Out,0.00757667887955904,0.004992702972578539,1.0
Out,0.007591263856738806,0.004993086495621447,1.0
Out,0.007624398451298475,0.0049934700775908425,1.0
Out,0.007626364007592201,0.004993853718500307,1.0
Out,0.0076290154829621315,0.004994237418363427,1.0
Out,0.007637948729097843,0.004994621177193791,1.0
Out,0.007641184609383345,0.004995004995004995,1.0
Out,0.0076462458819150925,0.004995388871810637,1.0
Out,0.007649021688848734,0.004995772807624318,1.0
Out,0.007650542538613081,0.004996156802459646,1.0
Out,0.007651990279555321,0.004996540856330233,1.0
Out,0.007653829641640186,0.0049969249692496925,1.0
Out,0.007682041265070438,0.0049973091412316446,1.0
Out,0.0076997713185846806,0.004997693372289712,1.0
Out,0.007731023244559765,0.004998077662437524,1.0
Out,0.007735790219157934,0.004998462011688711,1.0
Out,0.007736057508736849,0.00499884642005691,1.0
Out,0.0077378107234835625,0.004999230887555761,1.0
Out,0.007739497814327478,0.004999615414198908,1.0
Out,0.007749348878860474,0.005,1.0
Out,0.007752757053822279,0.00500038464497269,1.0
Out,0.007782144472002983,0.005000769349130635,1.0
Out,0.007787419017404318,0.0050011541124874975,1.0
Out,0.007803237996995449,0.0050015389350569405,1.0
Out,0.007813271135091782,0.005001923816852636,1.0
Out,0.007833786308765411,0.005002308757888256,1.0
Out,0.007837246172130108,0.00500269375817748,1.0
Out,0.007839948870241642,0.00500307881773399,1.0
Out,0.007875580340623856,0.005003463936571473,1.0
Out,0.007895679213106632,0.0050038491147036184,1.0
Out,0.00790293700993061,0.005004234352144122,1.0
Out,0.007907348684966564,0.005004619648906683,1.0
Out,0.00790781807154417,0.005005005005005005,1.0
Out,0.007919791154563427,0.005005390420452795,1.0
Out,0.00793363992124796,0.0050057758952637655,1.0
Out,0.007949039340019226,0.0050061614294516325,1.0
Out,0.007959559559822083,0.005006547023030116,1.0
Out,0.007969390600919724,0.005006932676012941,1.0
Out,0.00798184797167778,0.005007318388413836,1.0
Out,0.008000164292752743,0.005007704160246533,1.0
Out,0.008029220625758171,0.0050080899915247706,1.0
Out,0.008064531721174717,0.00500847588226229,1.0
Out,0.008069008588790894,0.005008861832472836,1.0
Out,0.00807888712733984,0.0050092478421701605,1.0
Out,0.008093416690826416,0.005009633911368015,1.0
Out,0.008113536983728409,0.00501002004008016,1.0
Out,0.008115832693874836,0.005010406228320358,1.0
Out,0.008118287660181522,0.0050107924761023746,1.0
Out,0.008122642524540424,0.005011178783439981,1.0
Out,0.00813334621489048,0.0050115651503469544,1.0
Out,0.008146808482706547,0.005011951576837073,1.0
Out,0.008155754767358303,0.005012338062924121,1.0
Out,0.008162589743733406,0.005012724608621886,1.0
Out,0.008202830329537392,0.005013111213944162,1.0
Out,0.008207045495510101,0.005013497878904744,1.0
Out,0.008208557963371277,0.005013884603517433,1.0
Out,0.008223963901400566,0.005014271387796035,1.0
Out,0.008228188380599022,0.005014658231754359,1.0
Out,0.008239359594881535,0.0050150451354062184,1.0
Out,0.008250516839325428,0.005015432098765432,1.0
Out,0.008255057968199253,0.005015819121845821,1.0
Out,0.008255095221102238,0.005016206204661213,1.0
Out,0.008265717886388302,0.005016593347225438,1.0
Out,0.008271758444607258,0.005016980549552331,1.0
Out,0.008281261660158634,0.005017367811655731,1.0
Out,0.008292187005281448,0.005017755133549483,1.0
Out,0.00829643290489912,0.005018142515247433,1.0
Out,0.0083151925355196,0.005018529956763434,1.0
Out,0.008354813791811466,0.005018917458111343,1.0
Out,0.008358094841241837,0.005019305019305019,1.0
Out,0.008375914767384529,0.005019692640358329,1.0
Out,0.008387953974306583,0.0050200803212851405,1.0
Out,0.00841080117970705,0.0050204680620993284,1.0
Out,0.008414107374846935,0.005020855862814769,1.0
Out,0.008432485163211823,0.005021243723445346,1.0
Out,0.008440978825092316,0.005021631644004944,1.0
Out,0.008447838947176933,0.005022019624507456,1.0
Out,0.008453303948044777,0.005022407664966775,1.0
Out,0.00845747347921133,0.005022795765396801,1.0
Out,0.00847320444881916,0.005023183925811438,1.0
Out,0.00848315842449665,0.005023572146224592,1.0
Out,0.008483626879751682,0.005023960426650178,1.0
Out,0.008502856828272343,0.00502434876710211,1.0
Out,0.008520761504769325,0.00502473716759431,1.0
Out,0.008531198836863041,0.005025125628140704,1.0
Out,0.008543849922716618,0.005025514148755219,1.0
Out,0.008548135869204998,0.00502590272945179,1.0
Out,0.00856491457670927,0.005026291370244355,1.0
Out,0.00859219953417778,0.005026680071146856,1.0
Out,0.008597803302109241,0.005027068832173241,1.0
Out,0.008608757518231869,0.005027457653337459,1.0
Out,0.008624250069260597,0.0050278465346534655,1.0
Out,0.00862935557961464,0.0050282354761352205,1.0
Out,0.008645676076412201,0.005028624477796689,1.0
Out,0.008650201372802258,0.005029013539651838,1.0
Out,0.008664814755320549,0.005029402661714639,1.0
Out,0.00866515003144741,0.005029791843999072,1.0
Out,0.008671427145600319,0.005030181086519115,1.0
Out,0.008677038364112377,0.005030570389288755,1.0
Out,0.00868750549852848,0.005030959752321981,1.0
Out,0.008693329989910126,0.005031349175632789,1.0
Out,0.008697687648236752,0.005031738659235176,1.0
Out,0.008728807792067528,0.005032128203143145,1.0
Out,0.0087395329028368,0.005032517807370703,1.0
Out,0.008740734308958054,0.005032907471931862,1.0
Out,0.008753299713134766,0.005033297196840638,1.0
Out,0.008757094852626324,0.005033686982111051,1.0
Out,0.008786307647824287,0.005034076827757125,1.0
Out,0.008800655603408813,0.00503446673379289,1.0
Out,0.008818356320261955,0.005034856700232378,1.0
Out,0.008824584074318409,0.005035246727089627,1.0
Out,0.00883929617702961,0.0050356368143786795,1.0
Out,0.008843928575515747,0.005036026962113581,1.0
Out,0.008848210796713829,0.005036417170308383,1.0
Out,0.00885041058063507,0.005036807438977141,1.0
Out,0.008879376575350761,0.005037197768133912,1.0
Out,0.008889660239219666,0.0050375881577927615,1.0
Out,0.008901753462851048,0.005037978607967757,1.0
Out,0.008918057195842266,0.005038369118672971,1.0
Out,0.008940586820244789,0.0050387596899224806,1.0
Out,0.008969836868345737,0.005039150321730366,1.0
Out,0.00898178480565548,0.005039541014110715,1.0
Out,0.008984727784991264,0.005039931767077615,1.0
Out,0.009027833119034767,0.005040322580645161,1.0
Out,0.009034594520926476,0.005040713454827452,1.0
Out,0.009038330055773258,0.005041104389638592,1.0
Out,0.009045766666531563,0.005041495385092686,1.0
Out,0.009053720161318779,0.0050418864412038475,1.0
Out,0.009060325101017952,0.0050422775579861915,1.0
Out,0.00906457845121622,0.00504266873545384,1.0
Out,0.009066136553883553,0.005043059973620917,1.0
Out,0.009067103266716003,0.005043451272501552,1.0
Out,0.009086781181395054,0.005043842632109878,1.0
Out,0.009088076651096344,0.0050442340524600345,1.0
Out,0.009092300198972225,0.005044625533566162,1.0
Out,0.009100859984755516,0.005045017075442409,1.0
Out,0.009108705446124077,0.005045408678102927,1.0
Out,0.009115305729210377,0.0050458003415618695,1.0
Out,0.00912750419229269,0.005046192065833398,1.0
Out,0.009129621088504791,0.005046583850931677,1.0
Out,0.009147031232714653,0.005046975696870875,1.0
Out,0.009162534028291702,0.005047367603665165,1.0
Out,0.00917162373661995,0.005047759571328725,1.0
Out,0.009180768392980099,0.0050481515998757375,1.0
Out,0.009192454628646374,0.005048543689320388,1.0
Out,0.009203429333865643,0.005048935839676868,1.0
Out,0.009205718524754047,0.005049328050959373,1.0
Out,0.009225944988429546,0.005049720323182101,1.0
Out,0.009226840920746326,0.005050112656359258,1.0
Out,0.009239320643246174,0.005050505050505051,1.0
Out,0.009259326383471489,0.005050897505633693,1.0
Out,0.00926242396235466,0.005051290021759403,1.0
Out,0.009270979091525078,0.005051682598896401,1.0
Out,0.009290576912462711,0.005052075237058915,1.0
Out,0.009313906542956829,0.005052467936261173,1.0
Out,0.009320314042270184,0.005052860696517413,1.0
Out,0.009354496374726295,0.005053253517841872,1.0
Out,0.009368132799863815,0.005053646400248795,1.0
Out,0.009382085874676704,0.00505403934375243,1.0
Out,0.009385953657329082,0.00505443234836703,1.0
Out,0.009402732364833355,0.005054825414106851,1.0
Out,0.009405349381268024,0.005055218540986156,1.0
Out,0.009423146955668926,0.005055611729019211,1.0
Out,0.00945007149130106,0.005056004978220286,1.0
Out,0.009471078403294086,0.005056398288603656,1.0
Out,0.009513760916888714,0.0050567916601836,1.0
Out,0.009528381749987602,0.005057185092974403,1.0
Out,0.009534760378301144,0.005057578586990351,1.0
Out,0.009535323828458786,0.0050579721422457395,1.0
Out,0.00956081785261631,0.005058365758754864,1.0
Out,0.00957801379263401,0.005058759436532026,1.0
Out,0.009596374817192554,0.005059153175591532,1.0
Out,0.009602631442248821,0.005059546975947692,1.0
Out,0.009602651931345463,0.005059940837614822,1.0
Out,0.009605874307453632,0.00506033476060724,1.0
Out,0.009609794244170189,0.005060728744939271,1.0
Out,0.009615756571292877,0.005061122790625244,1.0
Out,0.009622953832149506,0.005061516897679489,1.0
Out,0.00962846539914608,0.0050619110661163464,1.0
Out,0.00962985958904028,0.0050623052959501555,1.0
Out,0.009636567905545235,0.005062699587195264,1.0
Out,0.009661673568189144,0.005063093939866023,1.0
Out,0.009665930643677711,0.005063488353976786,1.0
Out,0.009670236147940159,0.005063882829541913,1.0
Out,0.009674652479588985,0.00506427736657577,1.0
Out,0.009686635807156563,0.0050646719650927225,1.0
Out,0.009687554091215134,0.005065066625107146,1.0
Out,0.00969705916941166,0.005065461346633417,1.0
Out,0.009697689674794674,0.005065856129685917,1.0
Out,0.009710054844617844,0.005066250974279034,1.0
Out,0.009713132865726948,0.005066645880427157,1.0
Out,0.00972752459347248,0.005067040848144684,1.0
Out,0.009733118116855621,0.005067435877446012,1.0
Out,0.009745628573000431,0.0050678309683455484,1.0
Out,0.00974853802472353,0.0050682261208577,1.0
Out,0.009752443991601467,0.005068621334996881,1.0
Out,0.009757312014698982,0.005069016610777509,1.0
Out,0.009762323461472988,0.0050694119482140075,1.0
Out,0.009774620644748211,0.005069807347320801,1.0
Out,0.009780250489711761,0.005070202808112325,1.0
Out,0.0097866365686059,0.005070598330603011,1.0
Out,0.00979786179959774,0.005070993914807302,1.0
Out,0.009798132814466953,0.005071389560739643,1.0
Out,0.009805719368159771,0.005071785268414482,1.0
Out,0.009813903830945492,0.005072181037846274,1.0
Out,0.009818905964493752,0.005072576869049477,1.0
Out,0.00982572790235281,0.005072972762038555,1.0
Out,0.009849819354712963,0.005073368716827974,1.0
Out,0.009850382804870605,0.005073764733432207,1.0
Out,0.009854121133685112,0.00507416081186573,1.0
Out,0.00985796470195055,0.005074556952143024,1.0
Out,0.009863677434623241,0.005074953154278576,1.0
Out,0.009867782704532146,0.005075349418286875,1.0
Out,0.009877106174826622,0.005075745744182415,1.0
Out,0.009882817044854164,0.005076142131979695,1.0
Out,0.00988697074353695,0.005076538581693221,1.0
Out,0.009899673983454704,0.005076935093337499,1.0
Out,0.00991152785718441,0.005077331666927042,1.0
Out,0.009923174977302551,0.005077728302476369,1.0
Out,0.009935049340128899,0.005078125,1.0
Out,0.0099409194663167,0.0050785217595124615,1.0
Out,0.009969692677259445,0.005078918581028285,1.0
Out,0.00997032131999731,0.005079315464562007,1.0
Out,0.009988397359848022,0.005079712410128165,1.0
Out,0.009990479797124863,0.005080109417741305,1.0
Out,0.00999714620411396,0.005080506487415976,1.0
Out,0.010005045682191849,0.005080903619166732,1.0
Out,0.010007523000240326,0.00508130081300813,1.0
Out,0.01002032682299614,0.005081698068954734,1.0
Out,0.010052290745079517,0.0050820953870211105,1.0
Out,0.010068085975944996,0.005082492767221831,1.0
Out,0.010090380907058716,0.0050828902095714735,1.0
Out,0.010091554373502731,0.0050832877140846175,1.0
Out,0.010093179531395435,0.005083685280775849,1.0
Out,0.010096639394760132,0.005084082909659757,1.0
Out,0.010107237845659256,0.005084480600750938,1.0
Out,0.010119963437318802,0.005084878354063991,1.0
Out,0.010124366730451584,0.005085276169613519,1.0
Out,0.01012699119746685,0.00508567404741413,1.0
Out,0.010129054076969624,0.005086071987480438,1.0
Out,0.010138670913875103,0.00508646998982706,1.0
Out,0.010141251608729362,0.005086868054468618,1.0
Out,0.010148095898330212,0.005087266181419739,1.0
Out,0.010170605964958668,0.005087664370695053,1.0
Out,0.010178564116358757,0.005088062622309198,1.0
Out,0.010181414894759655,0.0050884609362768125,1.0
Out,0.010205616243183613,0.005088859312612542,1.0
Out,0.010221093893051147,0.005089257751331036,1.0
Out,0.010232415050268173,0.00508965625244695,1.0
Out,0.010240395553410053,0.005090054815974941,1.0
Out,0.010248247534036636,0.005090453441929673,1.0
Out,0.010249018669128418,0.005090852130325814,1.0
Out,0.010249374434351921,0.005091250881178037,1.0
Out,0.010256398469209671,0.0050916496945010185,1.0
Out,0.010262766852974892,0.0050920485703094395,1.0
Out,0.010278197936713696,0.005092447508617988,1.0
Out,0.010292883031070232,0.0050928465094413535,1.0
Out,0.010294490493834019,0.005093245572794233,1.0
Out,0.01030747126787901,0.005093644698691325,1.0
Out,0.010315175168216228,0.005094043887147335,1.0
Out,0.010317185893654823,0.005094443138176973,1.0
Out,0.010323906317353249,0.005094842451794953,1.0
Out,0.01032406184822321,0.005095241828015991,1.0
Out,0.01033717393875122,0.005095641266854813,1.0
Out,0.010338278487324715,0.005096040768326146,1.0
Out,0.010342434048652649,0.0050964403324447235,1.0
Out,0.010349447838962078,0.0050968399592252805,1.0
Out,0.010349872522056103,0.00509723964868256,1.0
Out,0.010350172407925129,0.0050976394008313075,1.0
Out,0.0103529654443264,0.005098039215686275,1.0
Out,0.010364165529608727,0.005098439093262216,1.0
Out,0.010367847047746181,0.005098839033573894,1.0
Out,0.010408896021544933,0.005099239036636071,1.0
Out,0.010415499098598957,0.005099639102463518,1.0
Out,0.010423396714031696,0.0051000392310710085,1.0
Out,0.010426107794046402,0.005100439422473321,1.0
Out,0.010426371358335018,0.005100839676685239,1.0
Out,0.01045099925249815,0.005101239993721551,1.0
Out,0.010475879535079002,0.005101640373597049,1.0
Out,0.010485298931598663,0.00510204081632653,1.0
Out,0.010486000217497349,0.005102441321924798,1.0
Out,0.010497482493519783,0.005102841890406658,1.0
Out,0.01049831137061119,0.00510324252178692,1.0
Out,0.010506095364689827,0.005103643216080402,1.0
Out,0.010508023202419281,0.005104043973301924,1.0
Out,0.010508405975997448,0.0051044447934663105,1.0
Out,0.010511288419365883,0.005104845676588392,1.0
Out,0.010520238429307938,0.005105246622683003,1.0
Out,0.010531611740589142,0.005105647631764983,1.0
Out,0.010535973124206066,0.005106048703849175,1.0
Out,0.010556735098361969,0.005106449838950428,1.0
Out,0.010570173151791096,0.005106851037083595,1.0
Out,0.010579969733953476,0.005107252298263534,1.0
Out,0.010612254031002522,0.0051076536225051076,1.0
Out,0.010612416081130505,0.005108055009823182,1.0
Out,0.010644708760082722,0.0051084564602326315,1.0
Out,0.01068631187081337,0.00510885797374833,1.0
Out,0.010692269541323185,0.00510925955038516,1.0
Out,0.010694872587919235,0.005109661190158006,1.0
Out,0.010705042630434036,0.005110062893081761,1.0
Out,0.010706080123782158,0.0051104646591713185,1.0
Out,0.010711685754358768,0.005110866488441579,1.0
Out,0.010711937211453915,0.005111268380907447,1.0
Out,0.010731415823101997,0.005111670336583832,1.0
Out,0.010732578113675117,0.005112072355485647,1.0
Out,0.010740122757852077,0.005112474437627812,1.0
Out,0.010758114978671074,0.005112876583025249,1.0
Out,0.010758835822343826,0.005113278791692889,1.0
Out,0.010760008357465267,0.005113681063645661,1.0
Out,0.010768318548798561,0.0051140833988985055,1.0
Out,0.010778524912893772,0.005114485797466362,1.0
Out,0.010803667828440666,0.00511488825936418,1.0
Out,0.01081395149230957,0.00511529078460691,1.0
Out,0.010826771147549152,0.005115693373209508,1.0
Out,0.010830533690750599,0.005116096025186935,1.0
Out,0.010839051567018032,0.005116498740554156,1.0
Out,0.010844800621271133,0.005116901519326144,1.0
Out,0.010856489650905132,0.005117304361517871,1.0
Out,0.010862835682928562,0.00511770726714432,1.0
Out,0.010866052471101284,0.005118110236220472,1.0
Out,0.01088534202426672,0.0051185132687613195,1.0
Out,0.010885369032621384,0.005118916364781855,1.0
Out,0.010886398144066334,0.005119319524297078,1.0
Out,0.010892033576965332,0.005119722747321991,1.0
Out,0.010898896493017673,0.005120126033871603,1.0
Out,0.010899292305111885,0.005120529383960927,1.0
Out,0.010907993651926517,0.005120932797604979,1.0
Out,0.010930212214589119,0.005121336274818784,1.0
Out,0.010932175442576408,0.005121739815617366,1.0
Out,0.01093885488808155,0.00512214342001576,1.0
Out,0.010955845937132835,0.0051225470880290015,1.0
Out,0.010956606827676296,0.005122950819672131,1.0
Out,0.01095980778336525,0.005123354614960196,1.0
Out,0.010972672142088413,0.005123758473908245,1.0
Out,0.010987154208123684,0.005124162396531336,1.0
Out,0.011011278256773949,0.005124566382844528,1.0
Out,0.011011715978384018,0.005124970432862887,1.0
Out,0.011014986783266068,0.005125374546601482,1.0
Out,0.011027130298316479,0.005125778724075388,1.0
Out,0.011039101518690586,0.005126182965299685,1.0
Out,0.011040066368877888,0.005126587270289455,1.0
Out,0.01105927862226963,0.005126991639059789,1.0
Out,0.011061965487897396,0.005127396071625779,1.0
Out,0.011064085178077221,0.005127800568002524,1.0
Out,0.011079560965299606,0.005128205128205128,1.0
Out,0.011095358058810234,0.005128609752248698,1.0
Out,0.011097817681729794,0.005129014440148347,1.0
Out,0.011106006801128387,0.005129419191919192,1.0
Out,0.011106646619737148,0.005129824007576355,1.0
Out,0.011109826155006886,0.005130228887134964,1.0
Out,0.011112233623862267,0.005130633830610151,1.0
Out,0.011120332404971123,0.005131038838017051,1.0
Out,0.011128326877951622,0.005131443909370806,1.0
Out,0.011129015125334263,0.005131849044686563,1.0
Out,0.011149145662784576,0.005132254243979471,1.0
Out,0.011157024651765823,0.005132659507264687,1.0
Out,0.011161601170897484,0.005133064834557372,1.0
Out,0.011191918514668941,0.00513347022587269,1.0
Out,0.011217494495213032,0.005133875681225811,1.0
Out,0.011218463070690632,0.005134281200631911,1.0
Out,0.011227225884795189,0.005134686784106169,1.0
Out,0.011241961270570755,0.00513509243166377,1.0
Out,0.011246061883866787,0.0051354981433199024,1.0
Out,0.011257065460085869,0.00513590391908976,1.0
Out,0.011258760467171669,0.005136309758988542,1.0
Out,0.011261960491538048,0.005136715663031453,1.0
Out,0.011282799765467644,0.0051371216312336996,1.0
Out,0.011288115754723549,0.005137527663610497,1.0
Out,0.011289694346487522,0.005137933760177061,1.0
Out,0.011302660219371319,0.005138339920948616,1.0
Out,0.011315105482935905,0.0051387461459403904,1.0
Out,0.011319233104586601,0.005139152435167616,1.0
Out,0.01135172974318266,0.005139558788645529,1.0
Out,0.011353556998074055,0.005139965206389372,1.0
Out,0.011355575174093246,0.005140371688414393,1.0
Out,0.011372287757694721,0.005140778234735843,1.0
Out,0.01142050139605999,0.005141184845368979,1.0
Out,0.011423622258007526,0.005141591520329062,1.0
Out,0.011436698958277702,0.005141998259631358,1.0
Out,0.011439420282840729,0.005142405063291139,1.0
Out,0.011440666392445564,0.00514281193132368,1.0
Out,0.011460371315479279,0.005143218863744263,1.0
Out,0.011461338959634304,0.005143625860568173,1.0
Out,0.011463087052106857,0.0051440329218107,1.0
Out,0.011497273109853268,0.0051444400474871385,1.0
Out,0.011500525288283825,0.005144847237612791,1.0
Out,0.01150084100663662,0.005145254492202961,1.0
Out,0.011523906141519547,0.005145661811272958,1.0
Out,0.011525359004735947,0.005146069194838097,1.0
Out,0.011532456614077091,0.005146476642913698,1.0
Out,0.011537767015397549,0.005146884155515084,1.0
Out,0.011539987288415432,0.0051472917326575865,1.0
Out,0.01154949888586998,0.0051476993743565375,1.0
Out,0.01155394222587347,0.005148107080627277,1.0
Out,0.01155417412519455,0.005148514851485149,1.0
Out,0.011586211621761322,0.005148922686945501,1.0
Out,0.011613261885941029,0.005149330587023687,1.0
Out,0.011621789075434208,0.005149738551735066,1.0
Out,0.011622807011008263,0.005150146581095001,1.0
Out,0.01162581518292427,0.005150554675118859,1.0
Out,0.011635201051831245,0.005150962833822014,1.0
Out,0.01164073683321476,0.005151371057219844,1.0
Out,0.01167275570333004,0.005151779345327732,1.0
Out,0.011683926917612553,0.005152187698161065,1.0
Out,0.011707393452525139,0.005152596115735236,1.0
Out,0.01171580795198679,0.005153004598065641,1.0
Out,0.011725633405148983,0.005153413145167684,1.0
Out,0.01174544170498848,0.005153821757056772,1.0
Out,0.011748508550226688,0.005154230433748315,1.0
Out,0.011750347912311554,0.005154639175257732,1.0
Out,0.011750700883567333,0.005155047981600444,1.0
Out,0.011751770973205566,0.005155456852791878,1.0
Out,0.011762362904846668,0.005155865788847466,1.0
Out,0.011776385828852654,0.0051562747897826436,1.0
Out,0.011806594207882881,0.005156683855612852,1.0
Out,0.011807463131844997,0.005157092986353538,1.0
Out,0.01182627398520708,0.005157502182020154,1.0
Out,0.01182685885578394,0.005157911442628154,1.0
Out,0.011841601692140102,0.005158320768193001,1.0
Out,0.011844256892800331,0.005158730158730159,1.0
Out,0.011848385445773602,0.0051591396142551,1.0
Out,0.011870638467371464,0.005159549134783299,1.0
Out,0.011880282312631607,0.005159958720330237,1.0
Out,0.011889267712831497,0.005160368370911401,1.0
Out,0.01189880445599556,0.005160778086542279,1.0
Out,0.011904620565474033,0.005161187867238367,1.0
Out,0.011947457678616047,0.005161597713015167,1.0
Out,0.011954804882407188,0.005162007623888183,1.0
Out,0.011959163472056389,0.0051624175998729255,1.0
Out,0.011961170472204685,0.005162827640984908,1.0
Out,0.01196254137903452,0.005163237747239654,1.0
Out,0.011967379599809647,0.005163647918652685,1.0
Out,0.011967645026743412,0.005164058155239533,1.0
Out,0.01197498943656683,0.005164468457015732,1.0
Out,0.011979463510215282,0.005164878823996822,1.0
Out,0.011981885880231857,0.005165289256198347,1.0
Out,0.011990506201982498,0.005165699753635858,1.0
Out,0.012004022486507893,0.005166110316324909,1.0
Out,0.012011016719043255,0.005166520944281059,1.0
Out,0.01202278770506382,0.0051669316375198724,1.0
Out,0.012031064368784428,0.00516734239605692,1.0
Out,0.012040795758366585,0.005167753219907776,1.0
Out,0.012053048238158226,0.0051681641090880175,1.0
Out,0.012053439393639565,0.005168575063613232,1.0
Out,0.012061534449458122,0.005168986083499006,1.0
Out,0.012079681269824505,0.005169397168760935,1.0
Out,0.012083328329026699,0.005169808319414619,1.0
Out,0.012089508585631847,0.0051702195354756605,1.0
Out,0.01210356131196022,0.005170630816959669,1.0
Out,0.012126384302973747,0.005171042163882259,1.0
Out,0.012136590667068958,0.00517145357625905,1.0
Out,0.012144267559051514,0.005171865054105666,1.0
Out,0.01215263269841671,0.005172276597437734,1.0
Out,0.012163203209638596,0.00517268820627089,1.0
Out,0.012166191823780537,0.005173099880620772,1.0
Out,0.012195685878396034,0.005173511620503024,1.0
Out,0.012198807671666145,0.005173923425933296,1.0
Out,0.012201926670968533,0.005174335296927241,1.0
Out,0.012203309684991837,0.005174747233500518,1.0
Out,0.01220801193267107,0.0051751592356687895,1.0
Out,0.012210034765303135,0.0051755713034477265,1.0
Out,0.012210342101752758,0.005175983436853002,1.0
Out,0.01221094373613596,0.0051763956359002945,1.0
Out,0.012218544259667397,0.0051768079006052885,1.0
Out,0.012233471497893333,0.005177220230983672,1.0
Out,0.0122408801689744,0.005177632627051139,1.0
Out,0.012247963808476925,0.005178045088823389,1.0
Out,0.012256148271262646,0.005178457616316125,1.0
Out,0.012276116758584976,0.005178870209545056,1.0
Out,0.012279716320335865,0.0051792828685258965,1.0
Out,0.012281148694455624,0.005179695593274364,1.0
Out,0.012293205596506596,0.005180108383806184,1.0
Out,0.012307576835155487,0.005180521240137084,1.0
Out,0.012315528467297554,0.005180934162282799,1.0
Out,0.01231568306684494,0.0051813471502590676,1.0
Out,0.012321321293711662,0.005181760204081632,1.0
Out,0.01234212052077055,0.005182173323766244,1.0
Out,0.012343843467533588,0.005182586509328656,1.0
Out,0.012344474904239178,0.005182999760784626,1.0
Out,0.012356322258710861,0.00518341307814992,1.0
Out,0.012367818504571915,0.005183826461440306,1.0
Out,0.012372997589409351,0.005184239910671558,1.0
Out,0.012373825535178185,0.005184653425859456,1.0
Out,0.01237961370497942,0.005185067007019783,1.0
Out,0.012391820549964905,0.005185480654168329,1.0
Out,0.012421827763319016,0.005185894367320887,1.0
Out,0.012422151863574982,0.005186308146493258,1.0
Out,0.012424835935235023,0.005186721991701245,1.0
Out,0.0124354287981987,0.0051871359029606575,1.0
Out,0.012435623444616795,0.0051875498802873106,1.0
Out,0.012439744547009468,0.005187963923697023,1.0
Out,0.012468758039176464,0.005188378033205619,1.0
Out,0.012484713457524776,0.005188792208828929,1.0
Out,0.012494949623942375,0.005189206450582788,1.0
Out,0.012514746747910976,0.005189620758483034,1.0
Out,0.012517211958765984,0.005190035132545513,1.0
Out,0.012518194504082203,0.0051904495727860735,1.0
Out,0.0125186238437891,0.005190864079220572,1.0
Out,0.012534528970718384,0.005191278651864867,1.0
Out,0.01253624726086855,0.005191693290734824,1.0
Out,0.01253641676157713,0.005192107995846314,1.0
Out,0.012543199583888054,0.00519252276721521,1.0
Out,0.012549283914268017,0.005192937604857394,1.0
Out,0.012581690214574337,0.005193352508788751,1.0
Out,0.012587097473442554,0.0051937674790251695,1.0
Out,0.012593653053045273,0.0051941825155825475,1.0
Out,0.012594999745488167,0.005194597618476784,1.0
Out,0.012600107118487358,0.005195012787723785,1.0
Out,0.01260123960673809,0.005195428023339462,1.0
Out,0.01260664314031601,0.005195843325339729,1.0
Out,0.012608683668076992,0.0051962586937405065,1.0
Out,0.01261097751557827,0.005196674128557723,1.0
Out,0.012619487009942532,0.005197089629807308,1.0
Out,0.012627076357603073,0.005197505197505198,1.0
Out,0.012644556351006031,0.005197920831667333,1.0
Out,0.012646043673157692,0.005198336532309661,1.0
Out,0.012650980614125729,0.005198752299448132,1.0
Out,0.012651048600673676,0.0051991681330987045,1.0
Out,0.01265860628336668,0.005199584033277338,1.0
Out,0.012660193257033825,0.0052,1.0
Out,0.012706338427960873,0.0052004160332826625,1.0
Out,0.012711022049188614,0.0052008321331413025,1.0
Out,0.01271662674844265,0.005201248299591902,1.0
Out,0.012721333652734756,0.005201664532650448,1.0
Out,0.01272260770201683,0.005202080832332933,1.0
Out,0.012729653157293797,0.005202497198655355,1.0
Out,0.012732274830341339,0.005202913631633715,1.0
Out,0.01273880060762167,0.005203330131284022,1.0
Out,0.0127412723377347,0.0052037466976222885,1.0
Out,0.012756616808474064,0.005204163330664532,1.0
Out,0.012761561200022697,0.005204580030426775,1.0
Out,0.01278065424412489,0.0052049967969250484,1.0
Out,0.012786065228283405,0.005205413630175382,1.0
Out,0.012803791090846062,0.0052058305301938175,1.0
Out,0.0128095094114542,0.005206247496996396,1.0
Out,0.012810391373932362,0.005206664530599167,1.0
Out,0.012820404022932053,0.0052070816310181844,1.0
Out,0.01283320039510727,0.005207498798269508,1.0
Out,0.01283444743603468,0.005207916032369201,1.0
Out,0.012839177623391151,0.005208333333333333,1.0
Out,0.012854717671871185,0.005208750701177979,1.0
Out,0.012865019962191582,0.005209168135919218,1.0
Out,0.012885559350252151,0.005209585637573135,1.0
Out,0.012899281457066536,0.005210003206155819,1.0
Out,0.01290297880768776,0.0052104208416833666,1.0
Out,0.01290859840810299,0.0052108385441718775,1.0
Out,0.012914041057229042,0.005211256313637457,1.0
Out,0.01292785070836544,0.005131494547787043,0.9846153846153847
Out,0.012956319376826286,0.005131906021970972,0.9846153846153847
Out,0.012959960848093033,0.005132317562149158,0.9846153846153847
Out,0.012961368076503277,0.005132729168337477,0.9846153846153847
Out,0.012965820729732513,0.005133140840551813,0.9846153846153847
Out,0.012968247756361961,0.005133552578808053,0.9846153846153847
Out,0.012971814721822739,0.005133964383122092,0.9846153846153847
Out,0.012990832328796387,0.005134376253509827,0.9846153846153847
Out,0.012994455173611641,0.005134788189987163,0.9846153846153847
Out,0.012997799552977085,0.005135200192570007,0.9846153846153847
Out,0.013007668778300285,0.005135612261274273,0.9846153846153847
Out,0.013019975274801254,0.005136024396115882,0.9846153846153847
Out,0.013021072372794151,0.005136436597110754,0.9846153846153847
Out,0.013027099892497063,0.005136848864274821,0.9846153846153847
Out,0.013033226132392883,0.005137261197624017,0.9846153846153847
Out,0.013039861805737019,0.005137673597174279,0.9846153846153847
Out,0.01304494310170412,0.005138086062941554,0.9846153846153847
Out,0.013044985942542553,0.00513849859494179,0.9846153846153847
Out,0.013046405278146267,0.005138911193190943,0.9846153846153847
Out,0.013048727996647358,0.005139323857704971,0.9846153846153847
Out,0.013058505952358246,0.00513973658849984,0.9846153846153847
Out,0.01307178009301424,0.005140149385591519,0.9846153846153847
Out,0.013090713880956173,0.005140562248995984,0.9846153846153847
Out,0.01309441402554512,0.005140975178729215,0.9846153846153847
Out,0.01310383528470993,0.005141388174807198,0.9846153846153847
Out,0.013106882572174072,0.005141801237245923,0.9846153846153847
Out,0.013108799234032631,0.005142214366061385,0.9846153846153847
Out,0.01316181942820549,0.005142627561269586,0.9846153846153847
Out,0.013163277879357338,0.005143040822886531,0.9846153846153847
Out,0.013168561272323132,0.005143454150928233,0.9846153846153847
Out,0.013169319368898869,0.005143867545410706,0.9846153846153847
Out,0.013178320601582527,0.0051442810063499714,0.9846153846153847
Out,0.013179699890315533,0.005144694533762058,0.9846153846153847
Out,0.013184676878154278,0.005145108127662995,0.9846153846153847
Out,0.013220220804214478,0.005145521788068821,0.9846153846153847
Out,0.013238036073744297,0.005145935514995577,0.9846153846153847
Out,0.013249345123767853,0.005146349308459312,0.9846153846153847
Out,0.013256898149847984,0.0051467631684760755,0.9846153846153847
Out,0.013263873755931854,0.005147177095061927,0.9846153846153847
Out,0.013272147625684738,0.005147591088232929,0.9846153846153847
Out,0.013279486447572708,0.005148005148005148,0.9846153846153847
Out,0.013282107189297676,0.0051484192743946585,0.9846153846153847
Out,0.013292431831359863,0.005148833467417538,0.9846153846153847
Out,0.013307567685842514,0.00514924772708987,0.9846153846153847
Out,0.0133136548101902,0.005149662053427744,0.9846153846153847
Out,0.013323964551091194,0.0051500764464472515,0.9846153846153847
Out,0.013326841406524181,0.005150490906164494,0.9846153846153847
Out,0.013331297785043716,0.005150905432595574,0.9846153846153847
Out,0.013337340205907822,0.0051513200257566,0.9846153846153847
Out,0.013346063904464245,0.005151734685663688,0.9846153846153847
Out,0.013353025540709496,0.005152149412332958,0.9846153846153847
Out,0.013377525843679905,0.0050720553900652126,0.9692307692307692
Out,0.01338993664830923,0.005072463768115942,0.9692307692307692
Out,0.01339828222990036,0.005072872211933328,0.9692307692307692
Out,0.013404615223407745,0.005073280721533258,0.9692307692307692
Out,0.01341075636446476,0.005073689296931626,0.9692307692307692
Out,0.01342578511685133,0.00507409793814433,0.9692307692307692
Out,0.013442161493003368,0.005074506645187274,0.9692307692307692
Out,0.013452221639454365,0.005074915418076365,0.9692307692307692
Out,0.013462113216519356,0.005075324256827519,0.9692307692307692
Out,0.013464966788887978,0.005075733161456655,0.9692307692307692
Out,0.013465783558785915,0.005076142131979695,0.9692307692307692
Out,0.01346999779343605,0.005076551168412571,0.9692307692307692
Out,0.01347237080335617,0.005076960270771215,0.9692307692307692
Out,0.013474107719957829,0.005077369439071566,0.9692307692307692
Out,0.01348445750772953,0.005077778673329572,0.9692307692307692
Out,0.013484508730471134,0.00507818797356118,0.9692307692307692
Out,0.013496382161974907,0.005078597339782346,0.9692307692307692
Out,0.013507494702935219,0.005079006772009029,0.9692307692307692
Out,0.013508426956832409,0.005079416270257196,0.9692307692307692
Out,0.013516842387616634,0.0050798258345428155,0.9692307692307692
Out,0.013522248715162277,0.0050802354648818646,0.9692307692307692
Out,0.013529377058148384,0.005080645161290322,0.9692307692307692
Out,0.013560278341174126,0.0050810549237841765,0.9692307692307692
Out,0.013560820370912552,0.005081464752379416,0.9692307692307692
Out,0.013589928857982159,0.005081874647092038,0.9692307692307692
Out,0.013607487082481384,0.005082284607938045,0.9692307692307692
Out,0.013630593195557594,0.0050826946349334405,0.9692307692307692
Out,0.013641458004713058,0.005083104728094239,0.9692307692307692
Out,0.013653052039444447,0.005083514887436456,0.9692307692307692
Out,0.013655113987624645,0.005083925112976113,0.9692307692307692
Out,0.013674326241016388,0.0050843354047292386,0.9692307692307692
Out,0.013674771413207054,0.005084745762711864,0.9692307692307692
Out,0.013694730587303638,0.005085156186940027,0.9692307692307692
Out,0.013697165995836258,0.005085566677429771,0.9692307692307692
Out,0.01370018720626831,0.005085977234197142,0.9692307692307692
Out,0.013705715537071228,0.0050863878572581945,0.9692307692307692
Out,0.013706387020647526,0.005086798546628987,0.9692307692307692
Out,0.013706500642001629,0.005087209302325582,0.9692307692307692
Out,0.013735131360590458,0.005087620124364048,0.9692307692307692
Out,0.013761380687355995,0.005088031012760459,0.9692307692307692
Out,0.013762423768639565,0.005088441967530894,0.9692307692307692
Out,0.013768099248409271,0.005088852988691438,0.9692307692307692
Out,0.013768652454018593,0.005089264076258179,0.9692307692307692
Out,0.013768701814115047,0.005089675230247213,0.9692307692307692
Out,0.013769775629043579,0.005090086450674639,0.9692307692307692
Out,0.01380218006670475,0.005090497737556561,0.9692307692307692
Out,0.013809428550302982,0.005090909090909091,0.9692307692307692
Out,0.013812419027090073,0.005091320510748344,0.9692307692307692
Out,0.013815801590681076,0.005091731997090439,0.9692307692307692
Out,0.013818450272083282,0.005092143549951503,0.9692307692307692
Out,0.013818752951920033,0.005092555169347668,0.9692307692307692
Out,0.01383442897349596,0.005092966855295069,0.9692307692307692
Out,0.01384572684764862,0.0050933786078098476,0.9692307692307692
Out,0.013858004473149776,0.00509379042690815,0.9692307692307692
Out,0.013859033584594727,0.005094202312606129,0.9692307692307692
Out,0.013879087753593922,0.005094614264919942,0.9692307692307692
Out,0.01389364991337061,0.00509502628386575,0.9692307692307692
Out,0.013900335878133774,0.005095438369459721,0.9692307692307692
Out,0.013916004449129105,0.00509585052171803,0.9692307692307692
Out,0.013922509737312794,0.005096262740656852,0.9692307692307692
Out,0.01393180899322033,0.005096675026292371,0.9692307692307692
Out,0.013943149708211422,0.005097087378640777,0.9692307692307692
Out,0.013949978165328503,0.005097499797718262,0.9692307692307692
Out,0.013965168036520481,0.005097912283541026,0.9692307692307692
Out,0.013972221873700619,0.005098324836125273,0.9692307692307692
Out,0.013977433554828167,0.005098737455487213,0.9692307692307692
Out,0.013989957980811596,0.0050991501416430595,0.9692307692307692
Out,0.01399954967200756,0.005099562894609034,0.9692307692307692
Out,0.01401619054377079,0.00509997571440136,0.9692307692307692
Out,0.014020484872162342,0.005100388601036269,0.9692307692307692
Out,0.014022018760442734,0.005100801554529998,0.9692307692307692
Out,0.01402298640459776,0.0051012145748987854,0.9692307692307692
Out,0.014033178798854351,0.005101627662158879,0.9692307692307692
Out,0.014044882729649544,0.00510204081632653,0.9692307692307692
Out,0.014054158702492714,0.005102454037417996,0.9692307692307692
Out,0.014064873568713665,0.0051028673254495385,0.9692307692307692
Out,0.014070314355194569,0.005103280680437424,0.9692307692307692
Out,0.01407100260257721,0.005103694102397926,0.9692307692307692
Out,0.014078810811042786,0.005104107591347323,0.9692307692307692
Out,0.014112776145339012,0.005104521147301896,0.9692307692307692
Out,0.01411333866417408,0.005104934770277935,0.9692307692307692
Out,0.014115164056420326,0.005105348460291734,0.9692307692307692
Out,0.014117971062660217,0.005105762217359592,0.9692307692307692
Out,0.01412266120314598,0.005106176041497812,0.9692307692307692
Out,0.014130164869129658,0.005106589932722704,0.9692307692307692
Out,0.01414879597723484,0.005107003891050584,0.9692307692307692
Out,0.01415881235152483,0.00510741791649777,0.9692307692307692
Out,0.014167685061693192,0.00510783200908059,0.9692307692307692
Out,0.014168786816298962,0.0051082461688153735,0.9692307692307692
Out,0.014170076698064804,0.005108660395718456,0.9692307692307692
Out,0.014189011417329311,0.00510907468980618,0.9692307692307692
Out,0.014205025508999825,0.0051094890510948905,0.9692307692307692
Out,0.014212090522050858,0.005109903479600941,0.9692307692307692
Out,0.014250092208385468,0.005110317975340688,0.9692307692307692
Out,0.014259620569646358,0.005110732538330494,0.9692307692307692
Out,0.014265427365899086,0.005111147168586727,0.9692307692307692
Out,0.014273970387876034,0.00511156186612576,0.9692307692307692
Out,0.014293229207396507,0.005111976630963973,0.9692307692307692
Out,0.01429459173232317,0.005112391463117747,0.9692307692307692
Out,0.014295236207544804,0.005112806362603473,0.9692307692307692
Out,0.014306542463600636,0.005113221329437546,0.9692307692307692
Out,0.014307498931884766,0.005113636363636364,0.9692307692307692
Out,0.014330698177218437,0.005114051465216332,0.9692307692307692
Out,0.014332421123981476,0.005114466634193863,0.9692307692307692
Out,0.014336170628666878,0.00511488187058537,0.9692307692307692
Out,0.014345500618219376,0.0051152971744072755,0.9692307692307692
Out,0.014360858127474785,0.005115712545676005,0.9692307692307692
Out,0.014374107122421265,0.005116127984407991,0.9692307692307692
Out,0.014375027269124985,0.00511654349061967,0.9692307692307692
Out,0.014403549022972584,0.005116959064327485,0.9692307692307692
Out,0.01441281195729971,0.005117374705547884,0.9692307692307692
Out,0.014428586699068546,0.005117790414297319,0.9692307692307692
Out,0.01443532295525074,0.00511820619059225,0.9692307692307692
Out,0.014435621909797192,0.005118622034449139,0.9692307692307692
Out,0.014441232196986675,0.005119037945884456,0.9692307692307692
Out,0.014443997293710709,0.005119453924914676,0.9692307692307692
Out,0.014454572461545467,0.005119869971556278,0.9692307692307692
Out,0.014464594423770905,0.0051202860858257475,0.9692307692307692
Out,0.014466877095401287,0.005120702267739576,0.9692307692307692
Out,0.014476055279374123,0.005121118517314257,0.9692307692307692
Out,0.01447695679962635,0.005121534834566295,0.9692307692307692
Out,0.014484096318483353,0.005121951219512195,0.9692307692307692
Out,0.014492277055978775,0.005122367672168469,0.9692307692307692
Out,0.014513052068650723,0.005122784192551634,0.9692307692307692
Out,0.014531641267240047,0.005123200780678214,0.9692307692307692
Out,0.014532877132296562,0.005123617436564736,0.9692307692307692
Out,0.014541256241500378,0.005124034160227735,0.9692307692307692
Out,0.014542758464813232,0.005124450951683748,0.9692307692307692
Out,0.014543447643518448,0.005124867810949321,0.9692307692307692
Out,0.014561422169208527,0.005125284738041002,0.9692307692307692
Out,0.014562797732651234,0.005125701732975348,0.9692307692307692
Out,0.014580724760890007,0.005126118795768918,0.9692307692307692
Out,0.014580979943275452,0.005126535926438278,0.9692307692307692
Out,0.014594638720154762,0.005126953125,0.9692307692307692
Out,0.014605879783630371,0.00512737039147066,0.9692307692307692
Out,0.014614377170801163,0.0051277877258668406,0.9692307692307692
Out,0.014615558087825775,0.005128205128205128,0.9692307692307692
Out,0.01462327130138874,0.005128622598502117,0.9692307692307692
Out,0.014635136350989342,0.005129040136774404,0.9692307692307692
Out,0.014635611325502396,0.005129457743038593,0.9692307692307692
Out,0.014637400396168232,0.005129875417311294,0.9692307692307692
Out,0.01465123426169157,0.00513029315960912,0.9692307692307692
Out,0.014658710919320583,0.005130710969948693,0.9692307692307692
Out,0.014673703350126743,0.005131128848346636,0.9692307692307692
Out,0.014684978872537613,0.0051315467948195815,0.9692307692307692
Out,0.01469817291945219,0.005131964809384164,0.9692307692307692
Out,0.014704088680446148,0.005132382892057027,0.9692307692307692
Out,0.014706449583172798,0.005132801042854815,0.9692307692307692
Out,0.014711694791913033,0.005133219261794182,0.9692307692307692
Out,0.014712022617459297,0.005133637548891786,0.9692307692307692
Out,0.014724799431860447,0.00513405590416429,0.9692307692307692
Out,0.01473073847591877,0.005134474327628362,0.9692307692307692
Out,0.01473209448158741,0.005134892819300676,0.9692307692307692
Out,0.014751650393009186,0.0051353113791979136,0.9692307692307692
Out,0.0147551279515028,0.005135730007336757,0.9692307692307692
Out,0.0147642707452178,0.0051361487037338985,0.9692307692307692
Out,0.014772939495742321,0.0051365674684060334,0.9692307692307692
Out,0.014781787991523743,0.005136986301369863,0.9692307692307692
Out,0.01478738896548748,0.005137405202642094,0.9692307692307692
Out,0.014793036505579948,0.005137824172239439,0.9692307692307692
Out,0.014795606955885887,0.005138243210178615,0.9692307692307692
Out,0.014795810915529728,0.005138662316476346,0.9692307692307692
Out,0.014803215861320496,0.005139081491149359,0.9692307692307692
Out,0.014839159324765205,0.005139500734214391,0.9692307692307692
Out,0.014850450679659843,0.005139920045688178,0.9692307692307692
Out,0.01487275306135416,0.005140339425587467,0.9692307692307692
Out,0.014924263581633568,0.005140758873929009,0.9692307692307692
Out,0.01492838654667139,0.005141178390729558,0.9692307692307692
Out,0.014937009662389755,0.005141597976005876,0.9692307692307692
Out,0.014937706291675568,0.00514201762977473,0.9692307692307692
Out,0.01493977103382349,0.0051424373520528935,0.9692307692307692
Out,0.014969892799854279,0.005142857142857143,0.9692307692307692
Out,0.01498720608651638,0.005143277002204262,0.9692307692307692
Out,0.014992769807577133,0.005143696930111038,0.9692307692307692
Out,0.014993562363088131,0.005144116926594268,0.9692307692307692
Out,0.014997133985161781,0.00514453699167075,0.9692307692307692
Out,0.014997350051999092,0.005144957125357288,0.9692307692307692
Out,0.01500336267054081,0.005145377327670696,0.9692307692307692
Out,0.01501737255603075,0.005145797598627788,0.9692307692307692
Out,0.015028479509055614,0.005146217938245385,0.9692307692307692
Out,0.015037340112030506,0.005146638346540315,0.9692307692307692
Out,0.015040316618978977,0.005147058823529412,0.9692307692307692
Out,0.015048752538859844,0.005147479369229512,0.9692307692307692
Out,0.015053777024149895,0.00514789998365746,0.9692307692307692
Out,0.015055594965815544,0.0051483206668301055,0.9692307692307692
Out,0.01505798939615488,0.005148741418764302,0.9692307692307692
Out,0.015058232471346855,0.00514916223947691,0.9692307692307692
Out,0.015075573697686195,0.005149583128984796,0.9692307692307692
Out,0.015077103860676289,0.0051500040873048315,0.9692307692307692
Out,0.015084403567016125,0.005150425114453892,0.9692307692307692
Out,0.015100999735295773,0.0051508462104488595,0.9692307692307692
Out,0.015108587220311165,0.005151267375306623,0.9692307692307692
Out,0.015132356435060501,0.005151688609044075,0.9692307692307692
Out,0.015139159746468067,0.005152109911678116,0.9692307692307692
Out,0.015155425295233727,0.005152531283225648,0.9692307692307692
Out,0.015161944553256035,0.005152952723703583,0.9692307692307692
Out,0.015174245461821556,0.0051533742331288344,0.9692307692307692
Out,0.015203855000436306,0.005153795811518325,0.9692307692307692
Out,0.015207446180284023,0.00515421745888898,0.9692307692307692
Out,0.015215347521007061,0.005154639175257732,0.9692307692307692
Out,0.015216127038002014,0.005155060960641519,0.9692307692307692
Out,0.015216750092804432,0.005155482815057283,0.9692307692307692
Out,0.015218118205666542,0.005155904738521974,0.9692307692307692
Out,0.015227033756673336,0.005156326731052545,0.9692307692307692
Out,0.015241062268614769,0.005156748792665957,0.9692307692307692
Out,0.015247558243572712,0.005157170923379175,0.9692307692307692
Out,0.015249433927237988,0.005157593123209169,0.9692307692307692
Out,0.015253654681146145,0.005158015392172917,0.9692307692307692
Out,0.015268411487340927,0.005158437730287398,0.9692307692307692
Out,0.015276319347321987,0.005158860137569604,0.9692307692307692
Out,0.015290963463485241,0.005159282614036524,0.9692307692307692
Out,0.01529137883335352,0.005159705159705159,0.9692307692307692
Out,0.01530442200601101,0.005160127774592514,0.9692307692307692
Out,0.015319514088332653,0.005160550458715597,0.9692307692307692
Out,0.015320480801165104,0.005160973212091423,0.9692307692307692
Out,0.015323583967983723,0.005161396034737015,0.9692307692307692
Out,0.015330578200519085,0.005161818926669398,0.9692307692307692
Out,0.015345192514359951,0.005162241887905605,0.9692307692307692
Out,0.015354674309492111,0.005162664918462673,0.9692307692307692
Out,0.015356568619608879,0.005163088018357647,0.9692307692307692
Out,0.015368272550404072,0.0051635111876075735,0.9692307692307692
Out,0.015369143337011337,0.0051639344262295085,0.9692307692307692
Out,0.01537600252777338,0.005164357734240512,0.9692307692307692
Out,0.015382084995508194,0.005164781111657649,0.9692307692307692
Out,0.015391703695058823,0.005165204558497991,0.9692307692307692
Out,0.015395351685583591,0.005165628074778616,0.9692307692307692
Out,0.015399456024169922,0.0051660516605166054,0.9692307692307692
Out,0.015401538461446762,0.005166475315729047,0.9692307692307692
Out,0.01540205255150795,0.005166899040433035,0.9692307692307692
Out,0.015404250472784042,0.00516732283464567,0.9692307692307692
Out,0.015408831648528576,0.005167746698384054,0.9692307692307692
Out,0.015413738787174225,0.0051681706316653,0.9692307692307692
Out,0.015414731577038765,0.005168594634506522,0.9692307692307692
Out,0.015421017073094845,0.005169018706924844,0.9692307692307692
Out,0.015439613722264767,0.005169442848937392,0.9692307692307692
Out,0.015455192886292934,0.0051698670605613,0.9692307692307692
Out,0.015470693819224834,0.005170291341813705,0.9692307692307692
Out,0.015498684719204903,0.005170715692711753,0.9692307692307692
Out,0.015503997914493084,0.005171140113272593,0.9692307692307692
Out,0.015520483255386353,0.005171564603513381,0.9692307692307692
Out,0.01552099734544754,0.005171989163451277,0.9692307692307692
Out,0.015537871047854424,0.005172413793103448,0.9692307692307692
Out,0.015538845211267471,0.0051728384924870675,0.9692307692307692
Out,0.015583079308271408,0.005173263261619314,0.9692307692307692
Out,0.015583662316203117,0.005173688100517369,0.9692307692307692
Out,0.015596844255924225,0.005174113009198423,0.9692307692307692
Out,0.015597700141370296,0.0051745379876796714,0.9692307692307692
Out,0.015599037520587444,0.005174963035978314,0.9692307692307692
Out,0.015600787475705147,0.005175388154111558,0.9692307692307692
Out,0.015601244755089283,0.005175813342096615,0.9692307692307692
Out,0.01561108510941267,0.0051762385999507025,0.9692307692307692
Out,0.015624752268195152,0.0051766639276910435,0.9692307692307692
Out,0.015635425224900246,0.005177089325334867,0.9692307692307692
Out,0.015644017606973648,0.005177514792899409,0.9692307692307692
Out,0.015647051855921745,0.005177940330401907,0.9692307692307692
Out,0.01567164994776249,0.005178365937859608,0.9692307692307692
Out,0.015675367787480354,0.005178791615289766,0.9692307692307692
Out,0.015701424330472946,0.005179217362709635,0.9692307692307692
Out,0.015716571360826492,0.00517964318013648,0.9692307692307692
Out,0.015721868723630905,0.005180069067587568,0.9692307692307692
Out,0.015724044293165207,0.005180495025080174,0.9692307692307692
Out,0.015735840424895287,0.005180921052631579,0.9692307692307692
Out,0.015743732452392578,0.0051813471502590676,0.9692307692307692
Out,0.015752136707305908,0.005181773317979931,0.9692307692307692
Out,0.015754949301481247,0.0051821995558114665,0.9692307692307692
Out,0.015758050605654716,0.005182625863770977,0.9692307692307692
Out,0.015784725546836853,0.005183052241875772,0.9692307692307692
Out,0.015787212178111076,0.005183478690143163,0.9692307692307692
Out,0.015788450837135315,0.005183905208590471,0.9692307692307692
Out,0.015789013355970383,0.005184331797235023,0.9692307692307692
Out,0.01582043617963791,0.005184758456094149,0.9692307692307692
Out,0.015823308378458023,0.005185185185185185,0.9692307692307692
Out,0.015831535682082176,0.005185611984525476,0.9692307692307692
Out,0.015844883397221565,0.005186038854132368,0.9692307692307692
Out,0.015851739794015884,0.005186465794023216,0.9692307692307692
Out,0.01585347391664982,0.005186892804215379,0.9692307692307692
Out,0.01586170122027397,0.005187319884726225,0.9692307692307692
Out,0.01586265303194523,0.005187747035573123,0.9692307692307692
Out,0.01586439646780491,0.00518817425677345,0.9692307692307692
Out,0.01586891897022724,0.005188601548344589,0.9692307692307692
Out,0.015878556296229362,0.005189028910303929,0.9692307692307692
Out,0.01588180847465992,0.005189456342668863,0.9692307692307692
Out,0.015898410230875015,0.005189883845456792,0.9692307692307692
Out,0.015899142250418663,0.005190311418685121,0.9692307692307692
Out,0.015903327614068985,0.005190739062371262,0.9692307692307692
Out,0.015906505286693573,0.00519116677653263,0.9692307692307692
Out,0.015907179564237595,0.00519159456118665,0.9692307692307692
Out,0.015931736677885056,0.00519202241635075,0.9692307692307692
Out,0.015938568860292435,0.0051924503420423635,0.9692307692307692
Out,0.015948018059134483,0.0051928783382789315,0.9692307692307692
Out,0.015949992462992668,0.0051933064050779,0.9692307692307692
Out,0.015953347086906433,0.005193734542456719,0.9692307692307692
Out,0.015980642288923264,0.0051941627504328465,0.9692307692307692
Out,0.01600438915193081,0.005194591029023747,0.9692307692307692
Out,0.016033975407481194,0.005195019378246887,0.9692307692307692
Out,0.016053473576903343,0.005195447798119743,0.9692307692307692
Out,0.016070779412984848,0.005195876288659793,0.9692307692307692
Out,0.01609993353486061,0.005196304849884526,0.9692307692307692
Out,0.01610405743122101,0.005196733481811433,0.9692307692307692
Out,0.016105929389595985,0.0051971621844580105,0.9692307692307692
Out,0.016107603907585144,0.005197590957841762,0.9692307692307692
Out,0.016128307208418846,0.005198019801980198,0.9692307692307692
Out,0.01614612527191639,0.005198448716890833,0.9692307692307692
Out,0.01615571603178978,0.005198877702591187,0.9692307692307692
Out,0.01618354767560959,0.005199306759098787,0.9692307692307692
Out,0.016186833381652832,0.005199735886431165,0.9692307692307692
Out,0.016209814697504044,0.00520016508460586,0.9692307692307692
Out,0.01622810587286949,0.005200594353640416,0.9692307692307692
Out,0.016228316351771355,0.005201023693552382,0.9692307692307692
Out,0.016269434243440628,0.005201453104359313,0.9692307692307692
Out,0.016269521787762642,0.005201882586078771,0.9692307692307692
Out,0.016315408051013947,0.005202312138728324,0.9692307692307692
Out,0.016323119401931763,0.005202741762325543,0.9692307692307692
Out,0.01633153110742569,0.005203171456888008,0.9692307692307692
Out,0.016335025429725647,0.005203601222433303,0.9692307692307692
Out,0.016350943595170975,0.005204031058979018,0.9692307692307692
Out,0.016353555023670197,0.0052044609665427505,0.9692307692307692
Out,0.016366591677069664,0.005204890945142102,0.9692307692307692
Out,0.016369039192795753,0.005205320994794679,0.9692307692307692
Out,0.016377311199903488,0.005205751115518097,0.9692307692307692
Out,0.016415642574429512,0.005206181307329973,0.9692307692307692
Out,0.016420986503362656,0.005206611570247934,0.9692307692307692
Out,0.016430601477622986,0.005207041904289611,0.9692307692307692
Out,0.01643207296729088,0.0052074723094726405,0.9692307692307692
Out,0.01643941178917885,0.005207902785814665,0.9692307692307692
Out,0.016450438648462296,0.005208333333333333,0.9692307692307692
Out,0.016462691128253937,0.0052087639520463,0.9692307692307692
Out,0.016478704288601875,0.005209194641971226,0.9692307692307692
Out,0.01649313047528267,0.005209625403125776,0.9692307692307692
Out,0.016494274139404297,0.005210056235527622,0.9692307692307692
Out,0.016495808959007263,0.005210487139194442,0.9692307692307692
Out,0.01650366000831127,0.005210918114143921,0.9692307692307692
Out,0.016528267413377762,0.0052113491603937466,0.9692307692307692
Out,0.01653241366147995,0.005211780277961615,0.9692307692307692
Out,0.01653915084898472,0.0052122114668652275,0.9692307692307692
Out,0.016539176926016808,0.00521264272712229,0.9692307692307692
Out,0.016544748097658157,0.005213074058750517,0.9692307692307692
Out,0.01654656231403351,0.005213505461767627,0.9692307692307692
Out,0.016567273065447807,0.005213936936191343,0.9692307692307692
Out,0.016572920605540276,0.005214368482039398,0.9692307692307692
Out,0.016586003825068474,0.005214800099329526,0.9692307692307692
Out,0.016606217250227928,0.0052152317880794705,0.9692307692307692
Out,0.016629230231046677,0.005215663548306979,0.9692307692307692
Out,0.016642892733216286,0.005216095380029807,0.9692307692307692
Out,0.016652744263410568,0.0052165272832657116,0.9692307692307692
Out,0.01666025072336197,0.005216959258032461,0.9692307692307692
Out,0.0166628398001194,0.0052173913043478265,0.9692307692307692
Out,0.016666388139128685,0.0052178234222295845,0.9692307692307692
Out,0.01667293906211853,0.005218255611695519,0.9692307692307692
Out,0.016675136983394623,0.005218687872763419,0.9692307692307692
Out,0.016680371016263962,0.005219120205451081,0.9692307692307692
Out,0.016703709959983826,0.005219552609776305,0.9692307692307692
Out,0.016706762835383415,0.005219985085756898,0.9692307692307692
Out,0.016711631789803505,0.005220417633410673,0.9692307692307692
Out,0.016733843833208084,0.0052208502527554485,0.9692307692307692
Out,0.01674116961658001,0.00522128294380905,0.9692307692307692
Out,0.016744565218687057,0.005221715706589308,0.9692307692307692
Out,0.01674719899892807,0.005222148541114058,0.9692307692307692
Out,0.016749128699302673,0.005222581447401144,0.9692307692307692
Out,0.016770662739872932,0.005223014425468413,0.9692307692307692
Out,0.016775500029325485,0.00522344747533372,0.9692307692307692
Out,0.016785044223070145,0.0052238805970149255,0.9692307692307692
Out,0.016792381182312965,0.0052243137905298945,0.9692307692307692
Out,0.016793962568044662,0.0052247470558965,0.9692307692307692
Out,0.01679522730410099,0.0052251803931326205,0.9692307692307692
Out,0.01682138442993164,0.005225613802256138,0.9692307692307692
Out,0.01683042384684086,0.005226047283284944,0.9692307692307692
Out,0.016837116330862045,0.005226480836236934,0.9692307692307692
Out,0.01684577763080597,0.005226914461130009,0.9692307692307692
Out,0.0168608371168375,0.005227348157982078,0.9692307692307692
Out,0.016869574785232544,0.005227781926811053,0.9692307692307692
Out,0.01687575876712799,0.005228215767634855,0.9692307692307692
Out,0.016875866800546646,0.0052286496804714085,0.9692307692307692
Out,0.01688375510275364,0.005229083665338645,0.9692307692307692
Out,0.016894148662686348,0.005229517722254503,0.9692307692307692
Out,0.01690658926963806,0.005229951851236925,0.9692307692307692
Out,0.016906706616282463,0.00523038605230386,0.9692307692307692
Out,0.01696796342730522,0.005230820325473264,0.9692307692307692
Out,0.016975151374936104,0.005231254670763099,0.9692307692307692
Out,0.01697927713394165,0.00523168908819133,0.9692307692307692
Out,0.016998091712594032,0.005232123577775932,0.9692307692307692
Out,0.017003944143652916,0.005232558139534884,0.9692307692307692
Out,0.01701227016746998,0.00523299277348617,0.9692307692307692
Out,0.017027342692017555,0.005233427479647782,0.9692307692307692
Out,0.017032846808433533,0.005233862258037717,0.9692307692307692
Out,0.017037218436598778,0.005234297108673978,0.9692307692307692
Out,0.01703834906220436,0.005234732031574574,0.9692307692307692
Out,0.01704265922307968,0.0052351670267575205,0.9692307692307692
Out,0.01704496517777443,0.005235602094240838,0.9692307692307692
Out,0.017061201855540276,0.005236037234042553,0.9692307692307692
Out,0.01706176996231079,0.0052364724461807,0.9692307692307692
Out,0.017061877995729446,0.005236907730673317,0.9692307692307692
Out,0.017061937600374222,0.005237343087538449,0.9692307692307692
Out,0.017066502943634987,0.005237778516794147,0.9692307692307692
Out,0.017092764377593994,0.005238214018458469,0.9692307692307692
Out,0.01711498759686947,0.005238649592549476,0.9692307692307692
Out,0.017115656286478043,0.005239085239085239,0.9692307692307692
Out,0.017128292471170425,0.005239520958083832,0.9692307692307692
Out,0.01715320721268654,0.005239956749563337,0.9692307692307692
Out,0.01716727577149868,0.00524039261354184,0.9692307692307692
Out,0.01717647723853588,0.005240828550037434,0.9692307692307692
Out,0.017184462398290634,0.0052412645590682195,0.9692307692307692
Out,0.0171981118619442,0.0052417006406523005,0.9692307692307692
Out,0.017202140763401985,0.005242136794807789,0.9692307692307692
Out,0.017203785479068756,0.0052425730215528,0.9692307692307692
Out,0.017205657437443733,0.005243009320905459,0.9692307692307692
Out,0.01720672845840454,0.0052434456928838954,0.9692307692307692
Out,0.01721053570508957,0.0052438821375062426,0.9692307692307692
Out,0.01721663400530815,0.005244318654790643,0.9692307692307692
Out,0.017219606786966324,0.005244755244755245,0.9692307692307692
Out,0.017220843583345413,0.0052451919074182,0.9692307692307692
Out,0.01723167859017849,0.005245628642797669,0.9692307692307692
Out,0.017238350585103035,0.005246065450911816,0.9692307692307692
Out,0.017273789271712303,0.005246502331778814,0.9692307692307692
Out,0.01728011667728424,0.00524693928541684,0.9692307692307692
Out,0.017308250069618225,0.005247376311844078,0.9692307692307692
Out,0.017314443364739418,0.0052478134110787176,0.9692307692307692
Out,0.017319440841674805,0.005248250583138954,0.9692307692307692
Out,0.017329981550574303,0.005248687828042989,0.9692307692307692
Out,0.017352141439914703,0.005249125145809032,0.9692307692307692
Out,0.017367057502269745,0.005249562536455295,0.9692307692307692
Out,0.017375020310282707,0.00525,0.9692307692307692
Out,0.017433099448680878,0.005250437536461372,0.9692307692307692
Out,0.01745307445526123,0.005250875145857643,0.9692307692307692
Out,0.01745310053229332,0.005251312828207052,0.9692307692307692
Out,0.017464620992541313,0.005251750583527843,0.9692307692307692
Out,0.01747135818004608,0.005252188411838266,0.9692307692307692
Out,0.017479881644248962,0.005252626313156579,0.9692307692307692
Out,0.017500001937150955,0.005253064287501042,0.9692307692307692
Out,0.01751461811363697,0.005253502334889927,0.9692307692307692
Out,0.017531640827655792,0.005253940455341506,0.9692307692307692
Out,0.017560666427016258,0.005254378648874062,0.9692307692307692
Out,0.0175635926425457,0.00525481691550588,0.9692307692307692
Out,0.017580289393663406,0.005255255255255256,0.9692307692307692
Out,0.017597034573554993,0.005255693668140485,0.9692307692307692
Out,0.017601866275072098,0.0052561321541798765,0.9692307692307692
Out,0.01761752739548683,0.005256570713391739,0.9692307692307692
Out,0.017617708072066307,0.005257009345794392,0.9692307692307692
Out,0.017623044550418854,0.0052574480514061585,0.9692307692307692
Out,0.017630141228437424,0.005257886830245368,0.9692307692307692
Out,0.01763063110411167,0.005258325682330357,0.9692307692307692
Out,0.01763695292174816,0.005258764607679466,0.9692307692307692
Out,0.017645783722400665,0.005259203606311044,0.9692307692307692
Out,0.017661960795521736,0.005259642678243446,0.9692307692307692
Out,0.01766768842935562,0.005260081823495032,0.9692307692307692
Out,0.017668841406702995,0.005260521042084168,0.9692307692307692
Out,0.017684992402791977,0.005260960334029227,0.9692307692307692
Out,0.017687257379293442,0.0052613996993485885,0.9692307692307692
Out,0.017691465094685555,0.005261839138060637,0.9692307692307692
Out,0.01770356111228466,0.005262278650183762,0.9692307692307692
Out,0.017714060842990875,0.005262718235736363,0.9692307692307692
Out,0.017728261649608612,0.005263157894736842,0.9692307692307692
Out,0.01773003116250038,0.005263597627203609,0.9692307692307692
Out,0.01773272454738617,0.0052640374331550804,0.9692307692307692
Out,0.01773281954228878,0.005264477312609677,0.9692307692307692
Out,0.01773618906736374,0.005264917265585827,0.9692307692307692
Out,0.01774013601243496,0.005265357292101964,0.9692307692307692
Out,0.01774045079946518,0.00526579739217653,0.9692307692307692
Out,0.017748499289155006,0.0052662375658279695,0.9692307692307692
Out,0.017756802961230278,0.005266677813074737,0.9692307692307692
Out,0.01776842400431633,0.005267118133935289,0.9692307692307692
Out,0.01778295636177063,0.005267558528428093,0.9692307692307692
Out,0.017788616940379143,0.00526799899657162,0.9692307692307692
Out,0.01779400184750557,0.0052684395383843455,0.9692307692307692
Out,0.01781524159014225,0.005268880153884754,0.9692307692307692
Out,0.017823319882154465,0.005269320843091335,0.9692307692307692
Out,0.017829591408371925,0.005269761606022585,0.9692307692307692
Out,0.01783078908920288,0.005270202442697005,0.9692307692307692
Out,0.017845191061496735,0.0052706433531331046,0.9692307692307692
Out,0.01785573549568653,0.005271084337349397,0.9692307692307692
Out,0.01786429062485695,0.005271525395364404,0.9692307692307692
Out,0.017870036885142326,0.005271966527196653,0.9692307692307692
Out,0.01787380874156952,0.005272407732864675,0.9692307692307692
Out,0.017876973375678062,0.00527284901238701,0.9692307692307692
Out,0.017880527302622795,0.005273290365782205,0.9692307692307692
Out,0.01788109540939331,0.00527373179306881,0.9692307692307692
Out,0.01789630949497223,0.005274173294265383,0.9692307692307692
Out,0.017897946760058403,0.005274614869390489,0.9692307692307692
Out,0.017898019403219223,0.0052750565184626974,0.9692307692307692
Out,0.01791360229253769,0.005275498241500586,0.9692307692307692
Out,0.01792881079018116,0.005275940038522737,0.9692307692307692
Out,0.017933553084731102,0.0052763819095477385,0.9692307692307692
Out,0.01794384978711605,0.005276823854594187,0.9692307692307692
Out,0.017960285767912865,0.005277265873680684,0.9692307692307692
Out,0.017962919548153877,0.005277707966825836,0.9692307692307692
Out,0.017966190353035927,0.005278150134048257,0.9692307692307692
Out,0.017979873344302177,0.005278592375366569,0.9692307692307692
Out,0.018000110983848572,0.005279034690799397,0.9692307692307692
Out,0.018021851778030396,0.0052794770803653735,0.9692307692307692
Out,0.018027037382125854,0.005279919544083138,0.9692307692307692
Out,0.018044855445623398,0.005280362081971335,0.9692307692307692
Out,0.01804972067475319,0.005280804694048617,0.9692307692307692
Out,0.01807796210050583,0.005281247380333641,0.9692307692307692
Out,0.018092509359121323,0.00528169014084507,0.9692307692307692
Out,0.018105903640389442,0.005282132975601576,0.9692307692307692
Out,0.018118703737854958,0.005282575884621834,0.9692307692307692
Out,0.018121464177966118,0.005283018867924529,0.9692307692307692
Out,0.018123429268598557,0.005283461925528346,0.9692307692307692
Out,0.01812952198088169,0.0052839050574519835,0.9692307692307692
Out,0.018144140020012856,0.005284348263714142,0.9692307692307692
Out,0.018163735046982765,0.005284791544333529,0.9692307692307692
Out,0.018183551728725433,0.005285234899328859,0.9692307692307692
Out,0.018184322863817215,0.005285678328718852,0.9692307692307692
Out,0.018189288675785065,0.005286121832522236,0.9692307692307692
Out,0.01819528266787529,0.005286565410757741,0.9692307692307692
Out,0.01819910667836666,0.005287009063444109,0.9692307692307692
Out,0.01820337027311325,0.005287452790600084,0.9692307692307692
Out,0.01821564882993698,0.005287896592244419,0.9692307692307692
Out,0.018220847472548485,0.00528834046839587,0.9692307692307692
Out,0.018223892897367477,0.005288784419073204,0.9692307692307692
Out,0.018233004957437515,0.005289228444295189,0.9692307692307692
Out,0.0182346124202013,0.005289672544080605,0.9692307692307692
Out,0.018235910683870316,0.005290116718448232,0.9692307692307692
Out,0.018237847834825516,0.0052905609674168625,0.9692307692307692
Out,0.01824343204498291,0.005291005291005291,0.9692307692307692
Out,0.01824718713760376,0.00529144968923232,0.9692307692307692
Out,0.018254246562719345,0.005291894162116758,0.9692307692307692
Out,0.018264738842844963,0.005292338709677419,0.9692307692307692
Out,0.018275786191225052,0.0052927833319331265,0.9692307692307692
Out,0.01827991008758545,0.005293228028902705,0.9692307692307692
Out,0.018280163407325745,0.005293672800604991,0.9692307692307692
Out,0.018300678580999374,0.005294117647058823,0.9692307692307692
Out,0.018304895609617233,0.005294562568283049,0.9692307692307692
Out,0.01830703765153885,0.00529500756429652,0.9692307692307692
Out,0.018311524763703346,0.005295452635118097,0.9692307692307692
Out,0.01831216923892498,0.005295897780766644,0.9692307692307692
Out,0.018322277814149857,0.005296343001261034,0.9692307692307692
Out,0.018323099240660667,0.0052967882966201444,0.9692307692307692
Out,0.018323326483368874,0.00529723366686286,0.9692307692307692
Out,0.018326329067349434,0.0052976791120080725,0.9692307692307692
Out,0.018328165635466576,0.005298124632074679,0.9692307692307692
Out,0.01836390793323517,0.005298570227081581,0.9692307692307692
Out,0.01837802119553089,0.005299015897047691,0.9692307692307692
Out,0.01839076541364193,0.005299461641991925,0.9692307692307692
Out,0.018391907215118408,0.005299907461933205,0.9692307692307692
Out,0.018399592489004135,0.00530035335689046,0.9692307692307692
Out,0.01840544119477272,0.005300799326882625,0.9692307692307692
Out,0.01842682622373104,0.005301245371928644,0.9692307692307692
Out,0.01843041367828846,0.0053016914920474625,0.9692307692307692
Out,0.018446655943989754,0.005302137687258037,0.9692307692307692
Out,0.0184499379247427,0.005302583957579328,0.9692307692307692
Out,0.018467139452695847,0.005303030303030303,0.9692307692307692
Out,0.018471108749508858,0.005303476723629935,0.9692307692307692
Out,0.01848912425339222,0.005303923219397205,0.9692307692307692
Out,0.018498169258236885,0.0053043697903510986,0.9692307692307692
Out,0.018518872559070587,0.005304816436510609,0.9692307692307692
Out,0.018524587154388428,0.0053052631578947365,0.9692307692307692
Out,0.018553346395492554,0.005305709954522486,0.9692307692307692
Out,0.01855652965605259,0.00530615682641287,0.9692307692307692
Out,0.018572097644209862,0.005306603773584905,0.9692307692307692
Out,0.01857627183198929,0.00530705079605762,0.9692307692307692
Out,0.018578391522169113,0.005307497893850042,0.9692307692307692
Out,0.018592774868011475,0.005307945066981212,0.9692307692307692
Out,0.018595362082123756,0.005308392315470172,0.9692307692307692
Out,0.018597081303596497,0.005308839639335974,0.9692307692307692
Out,0.01860029622912407,0.005309287038597674,0.9692307692307692
Out,0.018601417541503906,0.005309734513274336,0.9692307692307692
Out,0.018611572682857513,0.00531018206338503,0.9692307692307692
Out,0.018613699823617935,0.005310629688948833,0.9692307692307692
Out,0.01861502043902874,0.005311077389984826,0.9692307692307692
Out,0.01862812228500843,0.0053115251665120985,0.9692307692307692
Out,0.018643859773874283,0.005311973018549747,0.9692307692307692
Out,0.018648914992809296,0.005312420946116873,0.9692307692307692
Out,0.01866026036441326,0.005312868949232586,0.9692307692307692
Out,0.018666911870241165,0.005313317027915999,0.9692307692307692
Out,0.01867661066353321,0.005313765182186235,0.9692307692307692
Out,0.0187008548527956,0.0053142134120624206,0.9692307692307692
Out,0.01870536617934704,0.005314661717563692,0.9692307692307692
Out,0.01870768889784813,0.005315110098709187,0.9692307692307692
Out,0.018712472170591354,0.005315558555518056,0.9692307692307692
Out,0.018721602857112885,0.005316007088009451,0.9692307692307692
Out,0.01872417703270912,0.005316455696202532,0.9692307692307692
Out,0.018731143325567245,0.005316904380116465,0.9692307692307692
Out,0.018735265359282494,0.005317353139770426,0.9692307692307692
Out,0.018747813999652863,0.005317801975183591,0.9692307692307692
Out,0.018753955140709877,0.005318250886375148,0.9692307692307692
Out,0.018772337585687637,0.0053186998733642885,0.9692307692307692
Out,0.018778473138809204,0.005319148936170213,0.9692307692307692
Out,0.018779506906867027,0.005319598074812125,0.9692307692307692
Out,0.018814701586961746,0.0053200472893092385,0.9692307692307692
Out,0.018827108666300774,0.0053204965796807705,0.9692307692307692
Out,0.018829384818673134,0.005320945945945946,0.9692307692307692
Out,0.01883050799369812,0.005321395388123997,0.9692307692307692
Out,0.01884620264172554,0.0053218449062341616,0.9692307692307692
Out,0.018850985914468765,0.005322294500295683,0.9692307692307692
Out,0.018851902335882187,0.005322744170327813,0.9692307692307692
Out,0.018862657248973846,0.00532319391634981,0.9692307692307692
Out,0.01886850968003273,0.0053236437383809366,0.9692307692307692
Out,0.01887892559170723,0.005324093636440463,0.9692307692307692
Out,0.018890591338276863,0.005324543610547667,0.9692307692307692
Out,0.01889154314994812,0.005324993660721832,0.9692307692307692
Out,0.01889803074300289,0.0053254437869822485,0.9692307692307692
Out,0.01890181377530098,0.005325893989348212,0.9692307692307692
Out,0.018906408920884132,0.005326344267839026,0.9692307692307692
Out,0.01892145536839962,0.0053267946224740004,0.9692307692307692
Out,0.018922151997685432,0.00532724505327245,0.9692307692307692
Out,0.018931251019239426,0.0053276955602537,0.9692307692307692
Out,0.01893806643784046,0.005328146143437077,0.9692307692307692
Out,0.018940003588795662,0.0053285968028419185,0.9692307692307692
Out,0.018946494907140732,0.005329047538487565,0.9692307692307692
Out,0.018947165459394455,0.005329498350393367,0.9692307692307692
Out,0.018950875848531723,0.00532994923857868,0.9692307692307692
Out,0.0189577117562294,0.005330400203062865,0.9692307692307692
Out,0.018977709114551544,0.00533085124386529,0.9692307692307692
Out,0.018981894478201866,0.005331302361005331,0.9692307692307692
Out,0.01898610033094883,0.00533175355450237,0.9692307692307692
Out,0.01898838020861149,0.0053322048243757934,0.9692307692307692
Out,0.019000189378857613,0.005332656170644997,0.9692307692307692
Out,0.019002022221684456,0.005333107593329383,0.9692307692307692
Out,0.019003931432962418,0.005333559092448358,0.9692307692307692
Out,0.019005272537469864,0.005334010668021336,0.9692307692307692
Out,0.019010616466403008,0.0053344623200677396,0.9692307692307692
Out,0.019011586904525757,0.005334914048606995,0.9692307692307692
Out,0.0190274715423584,0.005335365853658537,0.9692307692307692
Out,0.019037283957004547,0.0053358177352418054,0.9692307692307692
Out,0.019042741507291794,0.005336269693376249,0.9692307692307692
Out,0.01904510147869587,0.005336721728081322,0.9692307692307692
Out,0.01905984990298748,0.005337173839376482,0.9692307692307692
Out,0.01906193047761917,0.0053376260272812,0.9692307692307692
Out,0.01910615712404251,0.005338078291814947,0.9692307692307692
Out,0.01911492645740509,0.0053385306329972034,0.9692307692307692
Out,0.019117355346679688,0.005338983050847458,0.9692307692307692
Out,0.019120486453175545,0.005339435545385202,0.9692307692307692
Out,0.01912076026201248,0.005339888116629938,0.9692307692307692
Out,0.019122982397675514,0.0053403407646011695,0.9692307692307692
Out,0.01913636364042759,0.005340793489318413,0.9692307692307692
Out,0.019169365987181664,0.005341246290801187,0.9692307692307692
Out,0.019180912524461746,0.0053416991690690184,0.9692307692307692
Out,0.019181398674845695,0.0053421521241414395,0.9692307692307692
Out,0.019181452691555023,0.005342605156037992,0.9692307692307692
Out,0.019196227192878723,0.0053430582647782205,0.9692307692307692
Out,0.019204188138246536,0.0053435114503816794,0.9692307692307692
Out,0.019206086173653603,0.0053439647128679275,0.9692307692307692
Out,0.019206564873456955,0.005344418052256532,0.9692307692307692
Out,0.019207751378417015,0.0053448714685670655,0.9692307692307692
Out,0.019213784486055374,0.005345324961819107,0.9692307692307692
Out,0.01923326402902603,0.0053457785320322445,0.9692307692307692
Out,0.019246911630034447,0.005346232179226069,0.9692307692307692
Out,0.01924847438931465,0.005346685903420182,0.9692307692307692
Out,0.019256114959716797,0.005347139704634188,0.9692307692307692
Out,0.019256925210356712,0.0053475935828877,0.9692307692307692
Out,0.019270023331046104,0.005348047538200339,0.9692307692307692
Out,0.01927037164568901,0.005348501570591731,0.9692307692307692
Out,0.0192758459597826,0.005348955680081508,0.9692307692307692
Out,0.019275851547718048,0.00534940986668931,0.9692307692307692
Out,0.01928158849477768,0.005349864130434783,0.9692307692307692
Out,0.01928180642426014,0.00535031847133758,0.9692307692307692
Out,0.019295034930109978,0.00535077288941736,0.9692307692307692
Out,0.019303957000374794,0.005351227384693791,0.9692307692307692
Out,0.019316699355840683,0.005351681957186544,0.9692307692307692
Out,0.01933079957962036,0.0053521366069153005,0.9692307692307692
Out,0.0193323977291584,0.005352591333899745,0.9692307692307692
Out,0.019344177097082138,0.005353046138159572,0.9692307692307692
Out,0.019349856302142143,0.00535350101971448,0.9692307692307692
Out,0.019366752356290817,0.005353955978584176,0.9692307692307692
Out,0.019404316321015358,0.0053544110147883735,0.9692307692307692
Out,0.01941259205341339,0.005354866128346791,0.9692307692307692
Out,0.019413940608501434,0.005355321319279157,0.9692307692307692
Out,0.019419468939304352,0.005355776587605203,0.9692307692307692
Out,0.01942194439470768,0.005356231933344669,0.9692307692307692
Out,0.019445544108748436,0.005356687356517303,0.9692307692307692
Out,0.01944960281252861,0.005357142857142857,0.9692307692307692
Out,0.01945335417985916,0.005357598435241092,0.9692307692307692
Out,0.019458727911114693,0.0053580540908317745,0.9692307692307692
Out,0.019460543990135193,0.0053585098239346774,0.9692307692307692
Out,0.019465111196041107,0.005358965634569581,0.9692307692307692
Out,0.019466202706098557,0.005274351339855381,0.9538461538461539
Out,0.019466791301965714,0.005274800068061937,0.9538461538461539
Out,0.019483670592308044,0.005275248872628265,0.9538461538461539
Out,0.019525812938809395,0.00527569775357386,0.9538461538461539
Out,0.01953323557972908,0.00527614671091822,0.9538461538461539
Out,0.01953401416540146,0.005276595744680851,0.9538461538461539
Out,0.019540302455425262,0.005277044854881266,0.9538461538461539
Out,0.01955396868288517,0.00519237316990126,0.9384615384615385
Out,0.019558001309633255,0.005192815186856219,0.9384615384615385
Out,0.019564596936106682,0.005193257279073727,0.9384615384615385
Out,0.019590644165873528,0.00519369944657301,0.9384615384615385
Out,0.019598694518208504,0.005194141689373297,0.9384615384615385
Out,0.019612498581409454,0.005194584007493826,0.9384615384615385
Out,0.019617067649960518,0.005195026400953841,0.9384615384615385
Out,0.019620276987552643,0.005195468869772592,0.9384615384615385
Out,0.01962980255484581,0.0051959114139693355,0.9384615384615385
Out,0.019654367119073868,0.0051963540335633355,0.9384615384615385
Out,0.019665418192744255,0.005196796728573863,0.9384615384615385
Out,0.019671587273478508,0.0051972394990201926,0.9384615384615385
Out,0.019685829058289528,0.005197682344921609,0.9384615384615385
Out,0.019685879349708557,0.005198125266297401,0.9384615384615385
Out,0.019693080335855484,0.005198568263166866,0.9384615384615385
Out,0.019696466624736786,0.005199011335549305,0.9384615384615385
Out,0.019700800999999046,0.00519945448346403,0.9384615384615385
Out,0.01970101334154606,0.005199897706930356,0.9384615384615385
Out,0.019712205976247787,0.005200341005967605,0.9384615384615385
Out,0.019718138501048088,0.005200784380595106,0.9384615384615385
Out,0.01972040720283985,0.0052016713566982176,0.9384615384615385
Out,0.019734760746359825,0.00520211495821252,0.9384615384615385
Out,0.01974591426551342,0.005202558635394456,0.9384615384615385
Out,0.019746502861380577,0.005203002388263391,0.9384615384615385
Out,0.01974925398826599,0.005203446216838693,0.9384615384615385
Out,0.01976887695491314,0.005203890121139737,0.9384615384615385
Out,0.019771434366703033,0.005204334101185906,0.9384615384615385
Out,0.019796615466475487,0.005204778156996587,0.9384615384615385
Out,0.01983858458697796,0.005205222288591177,0.9384615384615385
Out,0.019849885255098343,0.0052056664959890765,0.9384615384615385
Out,0.0198686383664608,0.005206110779209695,0.9384615384615385
Out,0.019868949428200722,0.005206555138272448,0.9384615384615385
Out,0.01987897790968418,0.005206999573196756,0.9384615384615385
Out,0.019882850348949432,0.005207444084002049,0.9384615384615385
Out,0.019894082099199295,0.005207888670707761,0.9384615384615385
Out,0.019906505942344666,0.005208333333333333,0.9384615384615385
Out,0.019920535385608673,0.0052087780718982155,0.9384615384615385
Out,0.019921818748116493,0.005209222886421862,0.9384615384615385
Out,0.01993367075920105,0.005209667776923734,0.9384615384615385
Out,0.019941184669733047,0.005210112743423301,0.9384615384615385
Out,0.019952459260821342,0.0052105577859400355,0.9384615384615385
Out,0.019952481612563133,0.005211002904493422,0.9384615384615385
Out,0.019957754760980606,0.005211448099102948,0.9384615384615385
Out,0.019964324310421944,0.005211893369788107,0.9384615384615385
Out,0.019976474344730377,0.005212338716568401,0.9384615384615385
Out,0.01997869275510311,0.00521278413946334,0.9384615384615385
Out,0.019981903955340385,0.005213229638492437,0.9384615384615385
Out,0.01998973824083805,0.005213675213675214,0.9384615384615385
Out,0.01999060809612274,0.0052141208650311995,0.9384615384615385
Out,0.019995732232928276,0.005214566592579928,0.9384615384615385
Out,0.019999772310256958,0.0052150123963409425,0.9384615384615385
Out,0.02000259794294834,0.005215458276333789,0.9384615384615385
Out,0.02000943385064602,0.005215904232578025,0.9384615384615385
Out,0.020014502108097076,0.00521635026509321,0.9384615384615385
Out,0.020023122429847717,0.005216796373898914,0.9384615384615385
Out,0.020045725628733635,0.005217242559014711,0.9384615384615385
Out,0.020069006830453873,0.005217688820460183,0.9384615384615385
Out,0.020070135593414307,0.005218135158254918,0.9384615384615385
Out,0.020086992532014847,0.0052185815724185135,0.9384615384615385
Out,0.020092852413654327,0.005219028062970568,0.9384615384615385
Out,0.020093996077775955,0.005219474629930692,0.9384615384615385
Out,0.02009727992117405,0.0052199212733185,0.9384615384615385
Out,0.020102431997656822,0.005220367993153616,0.9384615384615385
Out,0.02010256052017212,0.005220814789455666,0.9384615384615385
Out,0.020122483372688293,0.005221261662244287,0.9384615384615385
Out,0.020122909918427467,0.00522170861153912,0.9384615384615385
Out,0.020127277821302414,0.005222155637359815,0.9384615384615385
Out,0.020128542557358742,0.005222602739726028,0.9384615384615385
Out,0.020129326730966568,0.00522304991865742,0.9384615384615385
Out,0.020131802186369896,0.0052234971741736596,0.9384615384615385
Out,0.020134389400482178,0.005223944506294425,0.9384615384615385
Out,0.02014359086751938,0.005224391915039397,0.9384615384615385
Out,0.020146368071436882,0.005224839400428265,0.9384615384615385
Out,0.020154966041445732,0.005225286962480726,0.9384615384615385
Out,0.020185351371765137,0.005225734601216482,0.9384615384615385
Out,0.020191047340631485,0.005226182316655243,0.9384615384615385
Out,0.02021513134241104,0.005226630108816725,0.9384615384615385
Out,0.020236095413565636,0.005227077977720651,0.9384615384615385
Out,0.020237494260072708,0.005227525923386751,0.9384615384615385
Out,0.020271088927984238,0.0052279739458347615,0.9384615384615385
Out,0.020281989127397537,0.005228422045084427,0.9384615384615385
Out,0.02028237096965313,0.005228870221155495,0.9384615384615385
Out,0.02029714360833168,0.005229318474067724,0.9384615384615385
Out,0.02030068263411522,0.005229766803840878,0.9384615384615385
Out,0.020306183025240898,0.0052302152104947265,0.9384615384615385
Out,0.020312778651714325,0.005230663694049048,0.9384615384615385
Out,0.02031729556620121,0.005231112254523626,0.9384615384615385
Out,0.020321976393461227,0.00523156089193825,0.9384615384615385
Out,0.020351754501461983,0.00523200960631272,0.9384615384615385
Out,0.020351793617010117,0.005232458397666838,0.9384615384615385
Out,0.02035372331738472,0.005232907266020417,0.9384615384615385
Out,0.020358756184577942,0.005233356211393274,0.9384615384615385
Out,0.020361237227916718,0.005233805233805234,0.9384615384615385
Out,0.02036190778017044,0.005234254333276129,0.9384615384615385
Out,0.020382337272167206,0.005234703509825796,0.9384615384615385
Out,0.02039322815835476,0.0052351527634740816,0.9384615384615385
Out,0.020409410819411278,0.005235602094240838,0.9384615384615385
Out,0.02041984535753727,0.005236051502145923,0.9384615384615385
Out,0.02042657509446144,0.005236500987209202,0.9384615384615385
Out,0.02042817510664463,0.005236950549450549,0.9384615384615385
Out,0.020432181656360626,0.005237400188889843,0.9384615384615385
Out,0.020460568368434906,0.005237849905546969,0.9384615384615385
Out,0.020462078973650932,0.0052382996994418205,0.9384615384615385
Out,0.020462825894355774,0.0052387495705942975,0.9384615384615385
Out,0.020477786660194397,0.005239199519024306,0.9384615384615385
Out,0.020479030907154083,0.005239649544751761,0.9384615384615385
Out,0.020481012761592865,0.005240099647796581,0.9384615384615385
Out,0.020491572096943855,0.005240549828178694,0.9384615384615385
Out,0.020504072308540344,0.005241000085918034,0.9384615384615385
Out,0.020509550347924232,0.005241450421034542,0.9384615384615385
Out,0.020509807392954826,0.005241900833548165,0.9384615384615385
Out,0.020549261942505836,0.005242351323478858,0.9384615384615385
Out,0.02055056393146515,0.005242801890846583,0.9384615384615385
Out,0.020554203540086746,0.005243252535671308,0.9384615384615385
Out,0.020583929494023323,0.005243703257973008,0.9384615384615385
Out,0.020610012114048004,0.005244154057771664,0.9384615384615385
Out,0.02062218263745308,0.005244604935087267,0.9384615384615385
Out,0.020622635260224342,0.00524505588993981,0.9384615384615385
Out,0.020626064389944077,0.005245506922349299,0.9384615384615385
Out,0.02063833177089691,0.005245958032335741,0.9384615384615385
Out,0.020641550421714783,0.005246409219919154,0.9384615384615385
Out,0.020671216771006584,0.00524686048511956,0.9384615384615385
Out,0.020671313628554344,0.00524731182795699,0.9384615384615385
Out,0.0206729918718338,0.00524776324845148,0.9384615384615385
Out,0.02068362385034561,0.005248214746623075,0.9384615384615385
Out,0.020694978535175323,0.005248666322491826,0.9384615384615385
Out,0.020702151581645012,0.00524911797607779,0.9384615384615385
Out,0.02070932276546955,0.005249569707401033,0.9384615384615385
Out,0.020718591287732124,0.0052500215164816245,0.9384615384615385
Out,0.020721882581710815,0.005250473403339645,0.9384615384615385
Out,0.02072586491703987,0.0052509253679951795,0.9384615384615385
Out,0.020736489444971085,0.00525137741046832,0.9384615384615385
Out,0.020738881081342697,0.005251829530779165,0.9384615384615385
Out,0.020741639658808708,0.0052522817289478215,0.9384615384615385
Out,0.020755980163812637,0.005252734004994403,0.9384615384615385
Out,0.02077156864106655,0.005253186358939029,0.9384615384615385
Out,0.020778411999344826,0.005253638790801826,0.9384615384615385
Out,0.020780883729457855,0.005254091300602929,0.9384615384615385
Out,0.020783763378858566,0.005254543888362478,0.9384615384615385
Out,0.020787838846445084,0.00525499655410062,0.9384615384615385
Out,0.02079710364341736,0.005255449297837512,0.9384615384615385
Out,0.02080726809799671,0.005255902119593314,0.9384615384615385
Out,0.020821377635002136,0.005256355019388195,0.9384615384615385
Out,0.02082846872508526,0.00525680799724233,0.9384615384615385
Out,0.02083001844584942,0.005257261053175903,0.9384615384615385
Out,0.020855970680713654,0.005257714187209102,0.9384615384615385
Out,0.020859239622950554,0.005258167399362124,0.9384615384615385
Out,0.020872678607702255,0.005258620689655173,0.9384615384615385
Out,0.02088851109147072,0.005259074058108458,0.9384615384615385
Out,0.020903758704662323,0.005259527504742197,0.9384615384615385
Out,0.02090422436594963,0.005259981029576615,0.9384615384615385
Out,0.020912904292345047,0.005260434632631942,0.9384615384615385
Out,0.020918650552630424,0.005260888313928417,0.9384615384615385
Out,0.020927773788571358,0.005261342073486286,0.9384615384615385
Out,0.0209402684122324,0.0052617959113258,0.9384615384615385
Out,0.020950568839907646,0.005262249827467219,0.9384615384615385
Out,0.020954420790076256,0.005262703821930809,0.9384615384615385
Out,0.020956628024578094,0.005263157894736842,0.9384615384615385
Out,0.020968757569789886,0.0052636120459056005,0.9384615384615385
Out,0.020971927791833878,0.00526406627545737,0.9384615384615385
Out,0.020978083834052086,0.005264520583412445,0.9384615384615385
Out,0.020987071096897125,0.005264974969791127,0.9384615384615385
Out,0.02098885551095009,0.005265429434613725,0.9384615384615385
Out,0.020997099578380585,0.005265883977900553,0.9384615384615385
Out,0.021004781126976013,0.005266338599671933,0.9384615384615385
Out,0.021014343947172165,0.005266793299948195,0.9384615384615385
Out,0.021029355004429817,0.0052672480787496765,0.9384615384615385
Out,0.021030116826295853,0.005267702936096718,0.9384615384615385
Out,0.021038664504885674,0.005268157872009673,0.9384615384615385
Out,0.021044204011559486,0.0052686128865088964,0.9384615384615385
Out,0.021046271547675133,0.005269067979614754,0.9384615384615385
Out,0.021047623828053474,0.005269523151347616,0.9384615384615385
Out,0.021055353805422783,0.005269978401727862,0.9384615384615385
Out,0.021061750128865242,0.005270433730775877,0.9384615384615385
Out,0.02106223814189434,0.005270889138512054,0.9384615384615385
Out,0.02106441929936409,0.005271344624956792,0.9384615384615385
Out,0.021068109199404716,0.005271800190130498,0.9384615384615385
Out,0.02107982151210308,0.005272255834053587,0.9384615384615385
Out,0.021087991073727608,0.005272711556746477,0.9384615384615385
Out,0.021095270290970802,0.005273167358229599,0.9384615384615385
Out,0.02109973132610321,0.005273623238523386,0.9384615384615385
Out,0.021107438951730728,0.00527407919764828,0.9384615384615385
Out,0.021123632788658142,0.00527453523562473,0.9384615384615385
Out,0.02114247716963291,0.005274991352473193,0.9384615384615385
Out,0.02115456946194172,0.005275447548214131,0.9384615384615385
Out,0.021154774352908134,0.005275903822868016,0.9384615384615385
Out,0.02116403356194496,0.005276360176455324,0.9384615384615385
Out,0.02116408199071884,0.00527681660899654,0.9384615384615385
Out,0.021168094128370285,0.005277273120512155,0.9384615384615385
Out,0.021170172840356827,0.005277729711022668,0.9384615384615385
Out,0.021171456202864647,0.0052781863805485855,0.9384615384615385
Out,0.021175267174839973,0.005278643129110419,0.9384615384615385
Out,0.02118154987692833,0.005279099956728689,0.9384615384615385
Out,0.021195154637098312,0.005279556863423922,0.9384615384615385
Out,0.021196939051151276,0.005280013849216654,0.9384615384615385
Out,0.02119986154139042,0.005280470914127424,0.9384615384615385
Out,0.021208086982369423,0.005280928058176781,0.9384615384615385
Out,0.0212257020175457,0.005281385281385282,0.9384615384615385
Out,0.021226298063993454,0.005281842583773487,0.9384615384615385
Out,0.02124788984656334,0.005282299965361967,0.9384615384615385
Out,0.02124851942062378,0.0052827574261712995,0.9384615384615385
Out,0.02125454694032669,0.005283214966222068,0.9384615384615385
Out,0.021256480365991592,0.005283672585534863,0.9384615384615385
Out,0.021257150918245316,0.005284130284130284,0.9384615384615385
Out,0.021266086027026176,0.005284588062028936,0.9384615384615385
Out,0.021267548203468323,0.00528504591925143,0.9384615384615385
Out,0.021310871466994286,0.005285503855818386,0.9384615384615385
Out,0.021313009783625603,0.005285961871750434,0.9384615384615385
Out,0.021330738440155983,0.005286419967068204,0.9384615384615385
Out,0.02133883163332939,0.005286878141792338,0.9384615384615385
Out,0.021340161561965942,0.0052873363959434865,0.9384615384615385
Out,0.02134375460445881,0.005287794729542303,0.9384615384615385
Out,0.021349873393774033,0.005288253142609449,0.9384615384615385
Out,0.021355360746383667,0.005288711635165597,0.9384615384615385
Out,0.02137070894241333,0.005289170207231423,0.9384615384615385
Out,0.021372077986598015,0.00528962885882761,0.9384615384615385
Out,0.021380260586738586,0.005290087589974851,0.9384615384615385
Out,0.02138880267739296,0.005290546400693842,0.9384615384615385
Out,0.021397355943918228,0.005291005291005291,0.9384615384615385
Out,0.021423764526844025,0.00529146426092991,0.9384615384615385
Out,0.021428609266877174,0.005291923310488418,0.9384615384615385
Out,0.02143464982509613,0.005292382439701544,0.9384615384615385
Out,0.021450942382216454,0.0052928416485900215,0.9384615384615385
Out,0.02145303785800934,0.005293300937174592,0.9384615384615385
Out,0.021463949233293533,0.0052937603054760045,0.9384615384615385
Out,0.021472204476594925,0.0052942197535150145,0.9384615384615385
Out,0.0214912761002779,0.005294679281312386,0.9384615384615385
Out,0.02149200066924095,0.005295138888888889,0.9384615384615385
Out,0.02151867002248764,0.0052955985762653006,0.9384615384615385
Out,0.021539654582738876,0.005296058343462406,0.9384615384615385
Out,0.0215504989027977,0.005296518190500999,0.9384615384615385
Out,0.021554769948124886,0.0052969781174018755,0.9384615384615385
Out,0.02155773527920246,0.005297438124185845,0.9384615384615385
Out,0.021560851484537125,0.005297898210873719,0.9384615384615385
Out,0.021564560011029243,0.0052983583774863195,0.9384615384615385
Out,0.021568359807133675,0.005298818624044475,0.9384615384615385
Out,0.021569427102804184,0.005299278950569021,0.9384615384615385
Out,0.021570131182670593,0.005299739357080799,0.9384615384615385
Out,0.021577490493655205,0.00530019984360066,0.9384615384615385
Out,0.021611465141177177,0.005300660410149461,0.9384615384615385
Out,0.021613020449876785,0.005301121056748066,0.9384615384615385
Out,0.021614307537674904,0.005301581783417347,0.9384615384615385
Out,0.021615874022245407,0.005302042590178183,0.9384615384615385
Out,0.02162756770849228,0.00530250347705146,0.9384615384615385
Out,0.021635375916957855,0.005302964444058072,0.9384615384615385
Out,0.021640243008732796,0.0053034254912189185,0.9384615384615385
Out,0.021644720807671547,0.0053038866185549085,0.9384615384615385
Out,0.02165111154317856,0.005304347826086957,0.9384615384615385
Out,0.02166265808045864,0.0053048091138359855,0.9384615384615385
Out,0.021664828062057495,0.005305270481822926,0.9384615384615385
Out,0.021668463945388794,0.005305731930068713,0.9384615384615385
Out,0.021672382950782776,0.0053061934585942935,0.9384615384615385
Out,0.02168092504143715,0.005306655067420617,0.9384615384615385
Out,0.02169114351272583,0.005307116756568644,0.9384615384615385
Out,0.02169284224510193,0.0053075785260593405,0.9384615384615385
Out,0.021707413718104362,0.0053080403759136795,0.9384615384615385
Out,0.021718785166740417,0.005308502306152641,0.9384615384615385
Out,0.021728215739130974,0.0053089643167972145,0.9384615384615385
Out,0.021734608337283134,0.005309426407868396,0.9384615384615385
Out,0.021745262667536736,0.005309888579387186,0.9384615384615385
Out,0.021753009408712387,0.005310350831374598,0.9384615384615385
Out,0.021758314222097397,0.005310813163851645,0.9384615384615385
Out,0.021768532693386078,0.005311275576839356,0.9384615384615385
Out,0.0217820443212986,0.00531173807035876,0.9384615384615385
Out,0.021794673055410385,0.005312200644430898,0.9384615384615385
Out,0.02180405519902706,0.005312663299076816,0.9384615384615385
Out,0.021812796592712402,0.005313126034317568,0.9384615384615385
Out,0.021842723712325096,0.005313588850174216,0.9384615384615385
Out,0.021861936897039413,0.0053140517466678285,0.9384615384615385
Out,0.021876176819205284,0.005314514723819481,0.9384615384615385
Out,0.02187773957848549,0.005314977781650257,0.9384615384615385
Out,0.02187836728990078,0.0053154409201812474,0.9384615384615385
Out,0.021882515400648117,0.005315904139433551,0.9384615384615385
Out,0.021888792514801025,0.005316367439428272,0.9384615384615385
Out,0.021894831210374832,0.005316830820186525,0.9384615384615385
Out,0.021901214495301247,0.005317294281729428,0.9384615384615385
Out,0.021906007081270218,0.00531775782407811,0.9384615384615385
Out,0.02191084623336792,0.005318221447253705,0.9384615384615385
Out,0.021911367774009705,0.005318685151277356,0.9384615384615385
Out,0.0219162218272686,0.005319148936170213,0.9384615384615385
Out,0.021925097331404686,0.005319612801953431,0.9384615384615385
Out,0.021947920322418213,0.005320076748648177,0.9384615384615385
Out,0.021950911730527878,0.005320540776275621,0.9384615384615385
Out,0.021954897791147232,0.005321004884856944,0.9384615384615385
Out,0.021958036348223686,0.00532146907441333,0.9384615384615385
Out,0.021973632276058197,0.005321933344965974,0.9384615384615385
Out,0.021980147808790207,0.005322397696536079,0.9384615384615385
Out,0.022000640630722046,0.005322862129144851,0.9384615384615385
Out,0.022001534700393677,0.005323326642813509,0.9384615384615385
Out,0.022018659859895706,0.005323791237563274,0.9384615384615385
Out,0.022028030827641487,0.005324255913415379,0.9384615384615385
Out,0.02203572541475296,0.005324720670391061,0.9384615384615385
Out,0.022045908495783806,0.005325185508511567,0.9384615384615385
Out,0.022055838257074356,0.005325650427798149,0.9384615384615385
Out,0.022076059132814407,0.005326115428272068,0.9384615384615385
Out,0.022076083347201347,0.005326580509954593,0.9384615384615385
Out,0.02207695133984089,0.005327045672866998,0.9384615384615385
Out,0.022082451730966568,0.0053275109170305675,0.9384615384615385
Out,0.022090166807174683,0.005327976242466591,0.9384615384615385
Out,0.022097310051321983,0.0053284416491963665,0.9384615384615385
Out,0.02210100367665291,0.005328907137241198,0.9384615384615385
Out,0.022133029997348785,0.005329372706622401,0.9384615384615385
Out,0.022140566259622574,0.005329838357361293,0.9384615384615385
Out,0.022145777940750122,0.005330304089479203,0.9384615384615385
Out,0.022153571248054504,0.005330769902997466,0.9384615384615385
Out,0.02215496636927128,0.005331235797937424,0.9384615384615385
Out,0.022157371044158936,0.005331701774320427,0.9384615384615385
Out,0.022180110216140747,0.0053321678321678325,0.9384615384615385
Out,0.02218681573867798,0.005332633971501005,0.9384615384615385
Out,0.0221989955753088,0.0053331001923413186,0.9384615384615385
Out,0.022212548181414604,0.005333566494710151,0.9384615384615385
Out,0.02224237099289894,0.005334032878628891,0.9384615384615385
Out,0.022252539172768593,0.005334499344118933,0.9384615384615385
Out,0.02226661704480648,0.005334965891201679,0.9384615384615385
Out,0.022285450249910355,0.005335432519898539,0.9384615384615385
Out,0.02230096235871315,0.0053358992302309305,0.9384615384615385
Out,0.022329285740852356,0.005336366022220278,0.9384615384615385
Out,0.022334760054945946,0.005336832895888014,0.9384615384615385
Out,0.022348837926983833,0.0053372998512555775,0.9384615384615385
Out,0.0223542470484972,0.005337766888344417,0.9384615384615385
Out,0.022366899996995926,0.005338234007175987,0.9384615384615385
Out,0.02236892655491829,0.005338701207771749,0.9384615384615385
Out,0.02238341048359871,0.005339168490153173,0.9384615384615385
Out,0.022387851029634476,0.005339635854341737,0.9384615384615385
Out,0.02239173650741577,0.005340103300358925,0.9384615384615385
Out,0.02240961231291294,0.00534057082822623,0.9384615384615385
Out,0.022409826517105103,0.005341038437965152,0.9384615384615385
Out,0.022418882697820663,0.005341506129597198,0.9384615384615385
Out,0.02241935208439827,0.005341973903143883,0.9384615384615385
Out,0.022426031529903412,0.00534244175862673,0.9384615384615385
Out,0.022432029247283936,0.005342909696067268,0.9384615384615385
Out,0.022446095943450928,0.005343377715487036,0.9384615384615385
Out,0.022452760487794876,0.005343845816907578,0.9384615384615385
Out,0.022458631545305252,0.005344314000350446,0.9384615384615385
Out,0.022459231317043304,0.005344782265837203,0.9384615384615385
Out,0.022481396794319153,0.005345250613389415,0.9384615384615385
Out,0.02248208411037922,0.005345719043028657,0.9384615384615385
Out,0.022482411935925484,0.005346187554776512,0.9384615384615385
Out,0.022483255714178085,0.005346656148654571,0.9384615384615385
Out,0.022485893219709396,0.005347124824684432,0.9384615384615385
Out,0.02248726598918438,0.0053475935828877,0.9384615384615385
Out,0.02249436266720295,0.00534806242328599,0.9384615384615385
Out,0.02252431958913803,0.005348531345900921,0.9384615384615385
Out,0.02255116030573845,0.0053490003507541215,0.9384615384615385
Out,0.022558048367500305,0.005349469437867228,0.9384615384615385
Out,0.022560350596904755,0.005349938607261884,0.9384615384615385
Out,0.022569144144654274,0.005350407858959741,0.9384615384615385
Out,0.022571705281734467,0.005350877192982456,0.9384615384615385
Out,0.02257706969976425,0.0053513466093516975,0.9384615384615385
Out,0.022577296942472458,0.005351816108089138,0.9384615384615385
Out,0.022586531937122345,0.005352285689216461,0.9384615384615385
Out,0.02259129285812378,0.0053527553527553525,0.9384615384615385
Out,0.022594310343265533,0.005353225098727512,0.9384615384615385
Out,0.0225982666015625,0.005353694927154643,0.9384615384615385
Out,0.022599121555685997,0.005354164838058457,0.9384615384615385
Out,0.02262563444674015,0.005354634831460674,0.9384615384615385
Out,0.02262977696955204,0.0053551049073830214,0.9384615384615385
Out,0.022637806832790375,0.005355575065847234,0.9384615384615385
Out,0.022649921476840973,0.005356045306875055,0.9384615384615385
Out,0.022652119398117065,0.005356515630488233,0.9384615384615385
Out,0.022653503343462944,0.005356986036708527,0.9384615384615385
Out,0.02267318032681942,0.005357456525557702,0.9384615384615385
Out,0.022674432024359703,0.0053579270970575315,0.9384615384615385
Out,0.02268380858004093,0.005358397751229796,0.9384615384615385
Out,0.02268517017364502,0.005358868488096284,0.9384615384615385
Out,0.02270420826971531,0.005359339307678791,0.9384615384615385
Out,0.0227087140083313,0.005359810209999121,0.9384615384615385
Out,0.022712720558047295,0.005360281195079086,0.9384615384615385
Out,0.022715246304869652,0.005360752262940504,0.9384615384615385
Out,0.022718749940395355,0.005361223413605203,0.9384615384615385
Out,0.022724054753780365,0.005361694647095017,0.9384615384615385
Out,0.022724177688360214,0.005362165963431786,0.9384615384615385
Out,0.02274116314947605,0.005362637362637363,0.9384615384615385
Out,0.022747337818145752,0.005363108844733603,0.9384615384615385
Out,0.022752612829208374,0.005363580409742373,0.9384615384615385
Out,0.022756103426218033,0.005364052057685543,0.9384615384615385
Out,0.022771555930376053,0.005364523788584997,0.9384615384615385
Out,0.022782377898693085,0.005364995602462621,0.9384615384615385
Out,0.022792082279920578,0.005365467499340312,0.9384615384615385
Out,0.02279677242040634,0.005365939479239972,0.9384615384615385
Out,0.02279745228588581,0.005366411542183514,0.9384615384615385
Out,0.022810276597738266,0.005366883688192856,0.9384615384615385
Out,0.02282647229731083,0.005367355917289925,0.9384615384615385
Out,0.0228288397192955,0.005367828229496656,0.9384615384615385
Out,0.02283143624663353,0.0053683006248349905,0.9384615384615385
Out,0.022833172231912613,0.0053687731033268795,0.9384615384615385
Out,0.0228598490357399,0.005369245664994278,0.9384615384615385
Out,0.022883513942360878,0.005369718309859155,0.9384615384615385
Out,0.0228877030313015,0.005370191037943481,0.9384615384615385
Out,0.02289363369345665,0.005370663849269238,0.9384615384615385
Out,0.022910384461283684,0.0053711367438584135,0.9384615384615385
Out,0.022912245243787766,0.005371609721733004,0.9384615384615385
Out,0.022919537499547005,0.005372082782915015,0.9384615384615385
Out,0.022937458008527756,0.005372555927426458,0.9384615384615385
Out,0.02295752987265587,0.0053730291552893505,0.9384615384615385
Out,0.022975441068410873,0.005373502466525722,0.9384615384615385
Out,0.022976243868470192,0.0053739758611576075,0.9384615384615385
Out,0.022977206856012344,0.005374449339207049,0.9384615384615385
Out,0.022991783916950226,0.0053749229006960966,0.9384615384615385
Out,0.022995518520474434,0.00537539654564681,0.9384615384615385
Out,0.02299562841653824,0.005375870274081255,0.9384615384615385
Out,0.023002611473202705,0.005376344086021506,0.9384615384615385
Out,0.023014312610030174,0.005376817981489643,0.9384615384615385
Out,0.02305084653198719,0.005377291960507758,0.9384615384615385
Out,0.023077478632330894,0.005377766023097946,0.9384615384615385
Out,0.023085344582796097,0.005378240169282313,0.9384615384615385
Out,0.02308705449104309,0.005378714399082973,0.9384615384615385
Out,0.023095592856407166,0.005379188712522046,0.9384615384615385
Out,0.02310623601078987,0.00537966310962166,0.9384615384615385
Out,0.02310631237924099,0.0053801375904039515,0.9384615384615385
Out,0.023108912631869316,0.005380612154891064,0.9384615384615385
Out,0.023156918585300446,0.005381086803105152,0.9384615384615385
Out,0.023157496005296707,0.005381561535068372,0.9384615384615385
Out,0.023183085024356842,0.005382036350802894,0.9384615384615385
Out,0.023196611553430557,0.005382511250330892,0.9384615384615385
Out,0.023201679810881615,0.0053829862336745495,0.9384615384615385
Out,0.023201940581202507,0.005383461300856059,0.9384615384615385
Out,0.023217616602778435,0.005383936451897617,0.9384615384615385
Out,0.023221202194690704,0.005384411686821432,0.9384615384615385
Out,0.023221518844366074,0.005384887005649717,0.9384615384615385
Out,0.02325386554002762,0.005385362408404697,0.9384615384615385
Out,0.023262951523065567,0.005385837895108599,0.9384615384615385
Out,0.02327815257012844,0.0053863134657836645,0.9384615384615385
Out,0.023284493014216423,0.005386789120452137,0.9384615384615385
Out,0.023289762437343597,0.005387264859136271,0.9384615384615385
Out,0.02330079674720764,0.005387740681858329,0.9384615384615385
Out,0.02331659197807312,0.005388216588640579,0.9384615384615385
Out,0.0233358982950449,0.0053886925795053,0.9384615384615385
Out,0.02337799035012722,0.005389168654474777,0.9384615384615385
Out,0.023382272571325302,0.005389644813571302,0.9384615384615385
Out,0.023390725255012512,0.005390121056817178,0.9384615384615385
Out,0.023395612835884094,0.005390597384234712,0.9384615384615385
Out,0.02340216562151909,0.005391073795846222,0.9384615384615385
Out,0.023425158113241196,0.005391550291674032,0.9384615384615385
Out,0.023432960733771324,0.005392026871740475,0.9384615384615385
Out,0.02343800850212574,0.005392503536067892,0.9384615384615385
Out,0.023446742445230484,0.005392980284678632,0.9384615384615385
Out,0.02345382422208786,0.005393457117595048,0.9384615384615385
Out,0.023456942290067673,0.005393934034839508,0.9384615384615385
Out,0.023464970290660858,0.005394411036434382,0.9384615384615385
Out,0.02346966043114662,0.005394888122402052,0.9384615384615385
Out,0.023477807641029358,0.0053953652927649035,0.9384615384615385
Out,0.023490730673074722,0.005395842547545334,0.9384615384615385
Out,0.023493513464927673,0.005396319886765747,0.9384615384615385
Out,0.02350749261677265,0.005396797310448553,0.9384615384615385
Out,0.023526176810264587,0.0053972748186161745,0.9384615384615385
Out,0.023530006408691406,0.005397752411291036,0.9384615384615385
Out,0.02353120781481266,0.005398230088495575,0.9384615384615385
Out,0.02354069985449314,0.005398707850252235,0.9384615384615385
Out,0.023545436561107635,0.005399185696583466,0.9384615384615385
Out,0.023547744378447533,0.005399663627511729,0.9384615384615385
Out,0.023551128804683685,0.00540014164305949,0.9384615384615385
Out,0.023551182821393013,0.005400619743249225,0.9384615384615385
Out,0.023578811436891556,0.005401097928103418,0.9384615384615385
Out,0.023579539731144905,0.005401576197644559,0.9384615384615385
Out,0.023588446900248528,0.005402054551895147,0.9384615384615385
Out,0.02360626868903637,0.0054025329908776905,0.9384615384615385
Out,0.023608125746250153,0.005403011514614703,0.9384615384615385
Out,0.02360885590314865,0.005403490123128709,0.9384615384615385
Out,0.02361796423792839,0.00540396881644224,0.9384615384615385
Out,0.02362888678908348,0.005404447594577833,0.9384615384615385
Out,0.023646168410778046,0.005404926457558037,0.9384615384615385
Out,0.023668823763728142,0.005405405405405406,0.9384615384615385
Out,0.023676453158259392,0.005405884438142503,0.9384615384615385
Out,0.02368563786149025,0.0054063635557918995,0.9384615384615385
Out,0.0236921776086092,0.005406842758376175,0.9384615384615385
Out,0.02369391918182373,0.005407322045917915,0.9384615384615385
Out,0.02370290644466877,0.005407801418439716,0.9384615384615385
Out,0.023715831339359283,0.005408280875964181,0.9384615384615385
Out,0.02371709607541561,0.005408760418513921,0.9384615384615385
Out,0.02375846728682518,0.005409240046111555,0.9384615384615385
Out,0.02377742901444435,0.0054097197587797095,0.9384615384615385
Out,0.023791301995515823,0.00541019955654102,0.9384615384615385
Out,0.02379291132092476,0.00541067943941813,0.9384615384615385
Out,0.023795820772647858,0.005411159407433691,0.9384615384615385
Out,0.023801783099770546,0.005411639460610362,0.9384615384615385
Out,0.02384582906961441,0.00541211959897081,0.9384615384615385
Out,0.02384592778980732,0.00541259982253771,0.9384615384615385
Out,0.023868706077337265,0.0054130801313337475,0.9384615384615385
Out,0.023875057697296143,0.005413560525381612,0.9384615384615385
Out,0.02387913130223751,0.0054140410047040025,0.9384615384615385
Out,0.02388078346848488,0.0054145215693236284,0.9384615384615385
Out,0.023898109793663025,0.005415002219263204,0.9384615384615385
Out,0.02390926331281662,0.005415482954545455,0.9384615384615385
Out,0.023912183940410614,0.00541596377519311,0.9384615384615385
Out,0.02391497790813446,0.005416444681228911,0.9384615384615385
Out,0.023930322378873825,0.005416925672675606,0.9384615384615385
Out,0.0239325650036335,0.00541740674955595,0.9384615384615385
Out,0.023955196142196655,0.005417887911892708,0.9384615384615385
Out,0.023962436243891716,0.005418369159708652,0.9384615384615385
Out,0.023972123861312866,0.005418850493026562,0.9384615384615385
Out,0.023972641676664352,0.005419331911869225,0.9384615384615385
Out,0.023973261937499046,0.00541981341625944,0.9384615384615385
Out,0.023983418941497803,0.005420295006220011,0.9384615384615385
Out,0.023986097425222397,0.005420776681773749,0.9384615384615385
Out,0.023987017571926117,0.005421258442943477,0.9384615384615385
Out,0.024018287658691406,0.005421740289752022,0.9384615384615385
Out,0.0240335613489151,0.005422222222222222,0.9384615384615385
Out,0.02404477447271347,0.005422704240376923,0.9384615384615385
Out,0.024048954248428345,0.005423186344238976,0.9384615384615385
Out,0.02404979057610035,0.0054236685338312435,0.9384615384615385
Out,0.024052932858467102,0.005424150809176596,0.9384615384615385
Out,0.024056144058704376,0.00542463317029791,0.9384615384615385
Out,0.024060150608420372,0.005425115617218072,0.9384615384615385
Out,0.024069515988230705,0.005425598149959975,0.9384615384615385
Out,0.024091826751828194,0.005426080768546522,0.9384615384615385
Out,0.024098936468362808,0.005426563473000623,0.9384615384615385
Out,0.024116329848766327,0.005427046263345196,0.9384615384615385
Out,0.024120371788740158,0.005427529139603168,0.9384615384615385
Out,0.02413022518157959,0.005428012101797473,0.9384615384615385
Out,0.02413760870695114,0.005428495149951054,0.9384615384615385
Out,0.024145755916833878,0.0054289782840868635,0.9384615384615385
Out,0.024146180599927902,0.005429461504227859,0.9384615384615385
Out,0.024164877831935883,0.005429944810397009,0.9384615384615385
Out,0.024167686700820923,0.0054304282026172886,0.9384615384615385
Out,0.02419334277510643,0.005430911680911681,0.9384615384615385
Out,0.024214398115873337,0.005431395245303179,0.9384615384615385
Out,0.02422267198562622,0.005431878895814782,0.9384615384615385
Out,0.024234823882579803,0.005432362632469498,0.9384615384615385
Out,0.024239417165517807,0.005432846455290345,0.9384615384615385
Out,0.02424641326069832,0.005433330364300348,0.9384615384615385
Out,0.024249058216810226,0.005433814359522537,0.9384615384615385
Out,0.02425253391265869,0.005434298440979955,0.9384615384615385
Out,0.024258553981781006,0.005434782608695652,0.9384615384615385
Out,0.024272793903946877,0.005435266862692685,0.9384615384615385
Out,0.024319298565387726,0.005435751202994119,0.9384615384615385
Out,0.024322014302015305,0.005436235629623028,0.9384615384615385
Out,0.024326689541339874,0.005436720142602496,0.9384615384615385
Out,0.02433863654732704,0.005437204741955611,0.9384615384615385
Out,0.024374838918447495,0.005437689427705473,0.9384615384615385
Out,0.024383727461099625,0.00543817419987519,0.9384615384615385
Out,0.024408847093582153,0.0054386590584878745,0.9384615384615385
Out,0.02441921830177307,0.005439144003566652,0.9384615384615385
Out,0.02443115785717964,0.0054396290351346535,0.9384615384615385
Out,0.024433976039290428,0.005440114153215018,0.9384615384615385
Out,0.024441510438919067,0.005440599357830895,0.9384615384615385
Out,0.024455774575471878,0.005441084649005441,0.9384615384615385
Out,0.02445899322628975,0.00544157002676182,0.9384615384615385
Out,0.02446095645427704,0.005442055491123205,0.9384615384615385
Out,0.024461183696985245,0.005442541042112776,0.9384615384615385
Out,0.024471919983625412,0.005443026679753726,0.9384615384615385
Out,0.02448510192334652,0.005443512404069249,0.9384615384615385
Out,0.024493642151355743,0.005443998215082553,0.9384615384615385
Out,0.024495624005794525,0.005444484112816851,0.9384615384615385
Out,0.02449588105082512,0.0054449700972953674,0.9384615384615385
Out,0.024503987282514572,0.0054454561685413315,0.9384615384615385
Out,0.02450883761048317,0.005445942326577984,0.9384615384615385
Out,0.024510838091373444,0.005446428571428572,0.9384615384615385
Out,0.02451106160879135,0.00544691490311635,0.9384615384615385
Out,0.02452646568417549,0.005447401321664583,0.9384615384615385
Out,0.02452836185693741,0.005447887827096543,0.9384615384615385
Out,0.024550611153244972,0.005448374419435513,0.9384615384615385
Out,0.02455119788646698,0.005448861098704779,0.9384615384615385
Out,0.0245521143078804,0.00544934786492764,0.9384615384615385
Out,0.02455727756023407,0.005449834718127401,0.9384615384615385
Out,0.024565165862441063,0.005450321658327376,0.9384615384615385
Out,0.02457754872739315,0.005450808685550889,0.9384615384615385
Out,0.024617580696940422,0.005451295799821269,0.9384615384615385
Out,0.024643784388899803,0.005451783001161855,0.9384615384615385
Out,0.02464732900261879,0.005452270289595996,0.9384615384615385
Out,0.024666862562298775,0.005452757665147046,0.9384615384615385
Out,0.0246722474694252,0.005453245127838369,0.9384615384615385
Out,0.02469201572239399,0.005453732677693339,0.9384615384615385
Out,0.0246932003647089,0.005454220314735336,0.9384615384615385
Out,0.0246944110840559,0.00545470803898775,0.9384615384615385
Out,0.024698566645383835,0.005455195850473976,0.9384615384615385
Out,0.02470695972442627,0.005455683749217423,0.9384615384615385
Out,0.02472112886607647,0.005456171735241502,0.9384615384615385
Out,0.024735234677791595,0.005456659808569639,0.9384615384615385
Out,0.024749647825956345,0.005457147969225264,0.9384615384615385
Out,0.02479267492890358,0.005457636217231815,0.9384615384615385
Out,0.024837253615260124,0.005458124552612742,0.9384615384615385
Out,0.024838771671056747,0.005458612975391499,0.9384615384615385
Out,0.02485772967338562,0.005459101485591551,0.9384615384615385
Out,0.02486555278301239,0.005459590083236374,0.9384615384615385
Out,0.024875065311789513,0.005460078768349445,0.9384615384615385
Out,0.024879904463887215,0.005460567540954257,0.9384615384615385
Out,0.02488008141517639,0.005461056401074306,0.9384615384615385
Out,0.024889934808015823,0.0054615453487331005,0.9384615384615385
Out,0.024917079135775566,0.005462034383954155,0.9384615384615385
Out,0.024919139221310616,0.005462523506760992,0.9384615384615385
Out,0.024925950914621353,0.005463012717177145,0.9384615384615385
Out,0.02493138611316681,0.005463502015226153,0.9384615384615385
Out,0.02493864670395851,0.005463991400931565,0.9384615384615385
Out,0.024948135018348694,0.00546448087431694,0.9384615384615385
Out,0.024948783218860626,0.005464970435405841,0.9384615384615385
Out,0.024953048676252365,0.005465460084221844,0.9384615384615385
Out,0.024954698979854584,0.00546594982078853,0.9384615384615385
Out,0.024955160915851593,0.0054664396451294915,0.9384615384615385
Out,0.024980463087558746,0.0054669295572683275,0.9384615384615385
Out,0.02498529478907585,0.0054674195572286454,0.9384615384615385
Out,0.02498694136738777,0.005467909645034063,0.9384615384615385
Out,0.02499566599726677,0.0054683998207082024,0.9384615384615385
Out,0.025003768503665924,0.0054688900842747,0.9384615384615385
Out,0.0250244140625,0.005469380435757195,0.9384615384615385
Out,0.025057345628738403,0.00546987087517934,0.9384615384615385
Out,0.025066964328289032,0.005470361402564792,0.9384615384615385
Out,0.02508985437452793,0.005470852017937219,0.9384615384615385
Out,0.025102298706769943,0.0054713427213202975,0.9384615384615385
Out,0.025109270587563515,0.0054718335127377105,0.9384615384615385
Out,0.025129880756139755,0.0054723243922131515,0.9384615384615385
Out,0.02513968013226986,0.005472815359770321,0.9384615384615385
Out,0.025150544941425323,0.005473306415432929,0.9384615384615385
Out,0.025150619447231293,0.005473797559224695,0.9384615384615385
Out,0.025152426213026047,0.005474288791169344,0.9384615384615385
Out,0.025185678154230118,0.005474780111290612,0.9384615384615385
Out,0.025194814428687096,0.005475271519612243,0.9384615384615385
Out,0.025195276364684105,0.005475763016157989,0.9384615384615385
Out,0.02519993484020233,0.005476254600951611,0.9384615384615385
Out,0.025210842490196228,0.005476746274016879,0.9384615384615385
Out,0.025218399241566658,0.00547723803537757,0.9384615384615385
Out,0.02522280067205429,0.0054777298850574715,0.9384615384615385
Out,0.02522980235517025,0.005478221823080377,0.9384615384615385
Out,0.025229869410395622,0.005478713849470092,0.9384615384615385
Out,0.025244735181331635,0.005479205964250427,0.9384615384615385
Out,0.025250284001231194,0.005479698167445203,0.9384615384615385
Out,0.025252344086766243,0.00548019045907825,0.9384615384615385
Out,0.02525791898369789,0.005480682839173405,0.9384615384615385
Out,0.025260595604777336,0.005481175307754515,0.9384615384615385
Out,0.02526121214032173,0.005481667864845435,0.9384615384615385
Out,0.02526146173477173,0.005482160510470028,0.9384615384615385
Out,0.025268668308854103,0.005482653244652166,0.9384615384615385
Out,0.025281399488449097,0.0054831460674157305,0.9384615384615385
Out,0.025299564003944397,0.00548363897878461,0.9384615384615385
Out,0.0253169983625412,0.005484131978782702,0.9384615384615385
Out,0.025320472195744514,0.005484625067433915,0.9384615384615385
Out,0.025324678048491478,0.005485118244762162,0.9384615384615385
Out,0.025331124663352966,0.005485611510791367,0.9384615384615385
Out,0.025339169427752495,0.005486104865545463,0.9384615384615385
Out,0.025342974811792374,0.00548659830904839,0.9384615384615385
Out,0.02539164200425148,0.005487091841324098,0.9384615384615385
Out,0.0254400372505188,0.005487585462396545,0.9384615384615385
Out,0.02544540911912918,0.005488079172289699,0.9384615384615385
Out,0.025463327765464783,0.005488572971027532,0.9384615384615385
Out,0.025464339181780815,0.005489066858634032,0.9384615384615385
Out,0.025481704622507095,0.005489560835133189,0.9384615384615385
Out,0.025497503578662872,0.0054900549005490054,0.9384615384615385
Out,0.025508759543299675,0.005490549054905491,0.9384615384615385
Out,0.025521477684378624,0.005491043298226663,0.9384615384615385
Out,0.02552303671836853,0.00549153763053655,0.9384615384615385
Out,0.025544870644807816,0.005492032051859188,0.9384615384615385
Out,0.025548961013555527,0.005492526562218621,0.9384615384615385
Out,0.025558585301041603,0.005493021161638902,0.9384615384615385
Out,0.02555953338742256,0.005493515850144092,0.9384615384615385
Out,0.025577574968338013,0.0054940106277582635,0.9384615384615385
Out,0.025580953806638718,0.005494505494505495,0.9384615384615385
Out,0.02558693289756775,0.005495000450409873,0.9384615384615385
Out,0.025596972554922104,0.005495495495495496,0.9384615384615385
Out,0.02559705264866352,0.005495990629786467,0.9384615384615385
Out,0.025599509477615356,0.005496485853306902,0.9384615384615385
Out,0.02560275048017502,0.005496981166080923,0.9384615384615385
Out,0.02560449205338955,0.00549747656813266,0.9384615384615385
Out,0.025604812428355217,0.005497972059486255,0.9384615384615385
Out,0.02561805583536625,0.005498467640165855,0.9384615384615385
Out,0.02562299370765686,0.005498963310195619,0.9384615384615385
Out,0.025627100840210915,0.005499459069599711,0.9384615384615385
Out,0.025636378675699234,0.005499954918402308,0.9384615384615385
Out,0.025637587532401085,0.005500450856627592,0.9384615384615385
Out,0.025642013177275658,0.005500946884299756,0.9384615384615385
Out,0.025644302368164062,0.005501443001443001,0.9384615384615385
Out,0.02564631961286068,0.005501939208081537,0.9384615384615385
Out,0.02565211057662964,0.0055024355042395815,0.9384615384615385
Out,0.025659257546067238,0.005502931889941362,0.9384615384615385
Out,0.025666359812021255,0.005503428365211115,0.9384615384615385
Out,0.025667564943432808,0.005503924930073085,0.9384615384615385
Out,0.025671346113085747,0.005504421584551525,0.9384615384615385
Out,0.025674372911453247,0.005504918328670698,0.9384615384615385
Out,0.025691796094179153,0.005505415162454874,0.9384615384615385
Out,0.02570522017776966,0.005505912085928333,0.9384615384615385
Out,0.02570834383368492,0.005506409099115364,0.9384615384615385
Out,0.0257083959877491,0.005506906202040264,0.9384615384615385
Out,0.025712698698043823,0.005507403394727339,0.9384615384615385
Out,0.025718461722135544,0.005507900677200903,0.9384615384615385
Out,0.025736350566148758,0.005508398049485281,0.9384615384615385
Out,0.025748010724782944,0.005508895511604804,0.9384615384615385
Out,0.025760821998119354,0.005509393063583815,0.9384615384615385
Out,0.025784708559513092,0.005509890705446663,0.9384615384615385
Out,0.025808345526456833,0.005510388437217705,0.9384615384615385
Out,0.02581452578306198,0.005510886258921312,0.9384615384615385
Out,0.025814898312091827,0.005511384170581858,0.9384615384615385
Out,0.025814931839704514,0.005511882172223728,0.9384615384615385
Out,0.025838155299425125,0.005512380263871318,0.9384615384615385
Out,0.025872431695461273,0.005512878445549029,0.9384615384615385
Out,0.025886941701173782,0.005513376717281273,0.9384615384615385
Out,0.025925271213054657,0.00551387507909247,0.9384615384615385
Out,0.025925621390342712,0.005514373531007051,0.9384615384615385
Out,0.025958292186260223,0.005514872073049453,0.9384615384615385
Out,0.02596290409564972,0.005515370705244123,0.9384615384615385
Out,0.025967922061681747,0.005515869427615516,0.9384615384615385
Out,0.025982573628425598,0.005516368240188099,0.9384615384615385
Out,0.02600051648914814,0.005516867142986343,0.9384615384615385
Out,0.02600068598985672,0.005517366136034732,0.9384615384615385
Out,0.026007451117038727,0.005517865219357757,0.9384615384615385
Out,0.026011722162365913,0.005518364392979916,0.9384615384615385
Out,0.026049405336380005,0.005518863656925722,0.9384615384615385
Out,0.0260540209710598,0.005519363011219689,0.9384615384615385
Out,0.026068078354001045,0.0055198624558863455,0.9384615384615385
Out,0.026070917025208473,0.005520361990950226,0.9384615384615385
Out,0.02610207349061966,0.0055208616164358765,0.9384615384615385
Out,0.026121560484170914,0.005521361332367849,0.9384615384615385
Out,0.026122432202100754,0.005521861138770707,0.9384615384615385
Out,0.026186151430010796,0.005522361035669021,0.9384615384615385
Out,0.026191817596554756,0.00552286102308737,0.9384615384615385
Out,0.02619452401995659,0.005523361101050344,0.9384615384615385
Out,0.0261958260089159,0.005523861269582541,0.9384615384615385
Out,0.026201242581009865,0.005524361528708568,0.9384615384615385
Out,0.02620512619614601,0.0055248618784530384,0.9384615384615385
Out,0.02621109038591385,0.00552536231884058,0.9384615384615385
Out,0.026212234050035477,0.005525862849895824,0.9384615384615385
Out,0.026242930442094803,0.005526363471643414,0.9384615384615385
Out,0.026247374713420868,0.005526864184108,0.9384615384615385
Out,0.02624991536140442,0.005527364987314244,0.9384615384615385
Out,0.026258395984768867,0.005527865881286815,0.9384615384615385
Out,0.02626975253224373,0.00552836686605039,0.9384615384615385
Out,0.026272404938936234,0.005528867941629657,0.9384615384615385
Out,0.02629610151052475,0.005529369108049311,0.9384615384615385
Out,0.026298239827156067,0.005529870365334058,0.9384615384615385
Out,0.02630726620554924,0.0055303717135086125,0.9384615384615385
Out,0.026341568678617477,0.005530873152597697,0.9384615384615385
Out,0.02634415775537491,0.005531374682626043,0.9384615384615385
Out,0.02634546533226967,0.0055318763036183915,0.9384615384615385
Out,0.026346875354647636,0.005532378015599492,0.9384615384615385
Out,0.026363499462604523,0.005532879818594104,0.9384615384615385
Out,0.026376137509942055,0.005533381712626996,0.9384615384615385
Out,0.026386262848973274,0.005533883697722943,0.9384615384615385
Out,0.026403233408927917,0.005534385773906732,0.9384615384615385
Out,0.026404252275824547,0.0055348879412031576,0.9384615384615385
Out,0.026422234252095222,0.005535390199637023,0.9384615384615385
Out,0.026436690241098404,0.005535892549233143,0.9384615384615385
Out,0.026443032547831535,0.005536394990016337,0.9384615384615385
Out,0.02645093947649002,0.0055368975220114365,0.9384615384615385
Out,0.026465626433491707,0.005537400145243282,0.9384615384615385
Out,0.02647656761109829,0.005537902859736723,0.9384615384615385
Out,0.026482386514544487,0.0055384056655166155,0.9384615384615385
Out,0.026487495750188828,0.005538908562607827,0.9384615384615385
Out,0.026498060673475266,0.005539411551035234,0.9384615384615385
Out,0.02652490884065628,0.005539914630823721,0.9384615384615385
Out,0.026534317061305046,0.005540417801998184,0.9384615384615385
Out,0.026539087295532227,0.005540921064583522,0.9384615384615385
Out,0.02654026821255684,0.0055414244186046515,0.9384615384615385
Out,0.02654057927429676,0.00554192786408649,0.9384615384615385
Out,0.02656560391187668,0.005542431401053971,0.9384615384615385
Out,0.02656661532819271,0.005542935029532031,0.9384615384615385
Out,0.02657877467572689,0.0055434387495456195,0.9384615384615385
Out,0.02658405900001526,0.005543942561119695,0.9384615384615385
Out,0.02658994123339653,0.005544446464279222,0.9384615384615385
Out,0.026589946821331978,0.005544950459049177,0.9384615384615385
Out,0.026598338037729263,0.005545454545454545,0.9384615384615385
Out,0.02660110965371132,0.00554595872352032,0.9384615384615385
Out,0.026609297841787338,0.0055464629932715035,0.9384615384615385
Out,0.026612211018800735,0.005546967354733109,0.9384615384615385
Out,0.02662176452577114,0.005547471807930157,0.9384615384615385
Out,0.02663610503077507,0.005547976352887676,0.9384615384615385
Out,0.02664097212255001,0.005548480989630708,0.9384615384615385
Out,0.026641855016350746,0.005548985718184299,0.9384615384615385
Out,0.026644038036465645,0.005549490538573508,0.9384615384615385
Out,0.02666008472442627,0.005549995450823401,0.9384615384615385
Out,0.026667490601539612,0.005550500454959054,0.9384615384615385
Out,0.026676196604967117,0.005551005551005551,0.9384615384615385
Out,0.02668028138577938,0.005551510738987987,0.9384615384615385
Out,0.02668575569987297,0.005552016018931465,0.9384615384615385
Out,0.026714010164141655,0.005552521390861096,0.9384615384615385
Out,0.02674083784222603,0.005553026854802003,0.9384615384615385
Out,0.02674155682325363,0.005553532410779315,0.9384615384615385
Out,0.02675582841038704,0.005554038058818173,0.9384615384615385
Out,0.026763208210468292,0.005554543798943726,0.9384615384615385
Out,0.026769958436489105,0.005555049631181131,0.9384615384615385
Out,0.026786282658576965,0.005555555555555556,0.9384615384615385
Out,0.026794180274009705,0.005556061572092176,0.9384615384615385
Out,0.026803577318787575,0.005556567680816178,0.9384615384615385
Out,0.02680513635277748,0.005557073881752756,0.9384615384615385
Out,0.026835180819034576,0.005557580174927114,0.9384615384615385
Out,0.026852577924728394,0.005558086560364464,0.9384615384615385
Out,0.026852842420339584,0.005558593038090031,0.9384615384615385
Out,0.026855308562517166,0.005559099608129044,0.9384615384615385
Out,0.026855863630771637,0.0055596062705067445,0.9384615384615385
Out,0.02687050960958004,0.005560113025248382,0.9384615384615385
Out,0.02688448503613472,0.005560619872379216,0.9384615384615385
Out,0.02688492462038994,0.005561126811924514,0.9384615384615385
Out,0.02689499408006668,0.005561633843909555,0.9384615384615385
Out,0.026896700263023376,0.005562140968359624,0.9384615384615385
Out,0.02689942717552185,0.005562648185300018,0.9384615384615385
Out,0.026943128556013107,0.005563155494756042,0.9384615384615385
Out,0.026949195191264153,0.00556366289675301,0.9384615384615385
Out,0.026960518211126328,0.005564170391316245,0.9384615384615385
Out,0.026960955932736397,0.005564677978471082,0.9384615384615385
Out,0.026963315904140472,0.005565185658242861,0.9384615384615385
Out,0.02697896584868431,0.005565693430656935,0.9384615384615385
Out,0.027001436799764633,0.0055662012957386625,0.9384615384615385
Out,0.027010204270482063,0.005566709253513415,0.9384615384615385
Out,0.02701805718243122,0.005567217304006571,0.9384615384615385
Out,0.02701868675649166,0.00556772544724352,0.9384615384615385
Out,0.027028750628232956,0.005568233683249658,0.9384615384615385
Out,0.027031762525439262,0.005568742012050393,0.9384615384615385
Out,0.02705184370279312,0.00556925043367114,0.9384615384615385
Out,0.027058135718107224,0.005569758948137327,0.9384615384615385
Out,0.02706543169915676,0.0055702675554743855,0.9384615384615385
Out,0.02706773392856121,0.005570776255707763,0.9384615384615385
Out,0.027080899104475975,0.00557128504886291,0.9384615384615385
Out,0.027131877839565277,0.00557179393496529,0.9384615384615385
Out,0.02713346667587757,0.005572302914040377,0.9384615384615385
Out,0.027156421914696693,0.005572811986113649,0.9384615384615385
Out,0.02716466784477234,0.005573321151210599,0.9384615384615385
Out,0.027169939130544662,0.005573830409356725,0.9384615384615385
Out,0.027173468843102455,0.005574339760577538,0.9384615384615385
Out,0.02720235288143158,0.005574849204898556,0.9384615384615385
Out,0.027204468846321106,0.005575358742345307,0.9384615384615385
Out,0.02720695734024048,0.005575868372943328,0.9384615384615385
Out,0.027214523404836655,0.005576378096718165,0.9384615384615385
Out,0.027230558916926384,0.005576887913695374,0.9384615384615385
Out,0.02723277546465397,0.005577397823900521,0.9384615384615385
Out,0.027237027883529663,0.00557790782735918,0.9384615384615385
Out,0.027258507907390594,0.005578417924096937,0.9384615384615385
Out,0.027313869446516037,0.0055789281141393815,0.9384615384615385
Out,0.02732829563319683,0.0055794383975121195,0.9384615384615385
Out,0.02734554372727871,0.005579948774240761,0.9384615384615385
Out,0.027375906705856323,0.005580459244350929,0.9384615384615385
Out,0.0273920726031065,0.005580969807868252,0.9384615384615385
Out,0.027433300390839577,0.005581480464818373,0.9384615384615385
Out,0.02743585966527462,0.00558199121522694,0.9384615384615385
Out,0.027450114488601685,0.005582502059119612,0.9384615384615385
Out,0.027467092499136925,0.005583012996522058,0.9384615384615385
Out,0.027469033375382423,0.005583524027459954,0.9384615384615385
Out,0.02746938169002533,0.005584035151958989,0.9384615384615385
Out,0.027483778074383736,0.0055845463700448595,0.9384615384615385
Out,0.027485471218824387,0.00558505768174327,0.9384615384615385
Out,0.027506792917847633,0.005585569087079937,0.9384615384615385
Out,0.027509033679962158,0.005586080586080586,0.9384615384615385
Out,0.027523579075932503,0.00558659217877095,0.9384615384615385
Out,0.027531303465366364,0.005587103865176773,0.9384615384615385
Out,0.027544382959604263,0.005587615645323807,0.9384615384615385
Out,0.0275657307356596,0.005588127519237816,0.9384615384615385
Out,0.027567502111196518,0.005588639486944572,0.9384615384615385
Out,0.02756800875067711,0.005589151548469855,0.9384615384615385
Out,0.027596894651651382,0.005589663703839457,0.9384615384615385
Out,0.027609528973698616,0.005590175953079179,0.9384615384615385
Out,0.027623282745480537,0.0055906882962148295,0.9384615384615385
Out,0.027634207159280777,0.005591200733272227,0.9384615384615385
Out,0.02767724171280861,0.0055917132642772024,0.9384615384615385
Out,0.027683494612574577,0.005592225889255592,0.9384615384615385
Out,0.027685340493917465,0.005592738608233245,0.9384615384615385
Out,0.027685638517141342,0.005593251421236017,0.9384615384615385
Out,0.027695365250110626,0.005593764328289775,0.9384615384615385
Out,0.027703970670700073,0.005594277329420396,0.9384615384615385
Out,0.02773633971810341,0.005594790424653765,0.9384615384615385
Out,0.027785886079072952,0.005595303614015777,0.9384615384615385
Out,0.027790743857622147,0.005595816897532337,0.9384615384615385
Out,0.027794070541858673,0.005596330275229358,0.9384615384615385
Out,0.02780682034790516,0.005596843747132764,0.9384615384615385
Out,0.027824798598885536,0.00559735731326849,0.9384615384615385
Out,0.027843214571475983,0.005597870973662476,0.9384615384615385
Out,0.027843579649925232,0.005598384728340676,0.9384615384615385
Out,0.02784813567996025,0.00559889857732905,0.9384615384615385
Out,0.027879368513822556,0.00559941252065357,0.9384615384615385
Out,0.027897857129573822,0.0055999265583402185,0.9384615384615385
Out,0.02790539339184761,0.005600440690414984,0.9384615384615385
Out,0.027913305908441544,0.005600954916903865,0.9384615384615385
Out,0.027931667864322662,0.0056014692378328745,0.9384615384615385
Out,0.02793247252702713,0.005601983653228029,0.9384615384615385
Out,0.027955172583460808,0.005602498163115356,0.9384615384615385
Out,0.027974262833595276,0.005603012767520897,0.9384615384615385
Out,0.027984535321593285,0.005603527466470696,0.9384615384615385
Out,0.02799638919532299,0.005604042259990813,0.9384615384615385
Out,0.028007308021187782,0.005604557148107313,0.9384615384615385
Out,0.028020456433296204,0.005605072130846274,0.9384615384615385
Out,0.028023745864629745,0.0056055872082337805,0.9384615384615385
Out,0.028024382889270782,0.005606102380295928,0.9384615384615385
Out,0.028024747967720032,0.0056066176470588236,0.9384615384615385
Out,0.02804136648774147,0.00560713300854858,0.9384615384615385
Out,0.028084412217140198,0.0056076484647913215,0.9384615384615385
Out,0.028085827827453613,0.005608164015813184,0.9384615384615385
Out,0.028114091604948044,0.005608679661640309,0.9384615384615385
Out,0.028114665299654007,0.0056091954022988505,0.9384615384615385
Out,0.028115171939134598,0.005609711237814972,0.9384615384615385
Out,0.028119035065174103,0.005610227168214844,0.9384615384615385
Out,0.02813451923429966,0.005610743193524651,0.9384615384615385
Out,0.028136879205703735,0.005611259313770582,0.9384615384615385
Out,0.0281416866928339,0.005611775528978841,0.9384615384615385
Out,0.02817237749695778,0.005612291839175637,0.9384615384615385
Out,0.028183385729789734,0.005612808244387191,0.9384615384615385
Out,0.028185371309518814,0.005613324744639735,0.9384615384615385
Out,0.02819608524441719,0.005613841339959506,0.9384615384615385
Out,0.02819729782640934,0.005614358030372756,0.9384615384615385
Out,0.028221191838383675,0.005614874815905744,0.9384615384615385
Out,0.028239469975233078,0.005615391696584737,0.9384615384615385
Out,0.028245504945516586,0.005615908672436015,0.9384615384615385
Out,0.028261249884963036,0.005616425743485867,0.9384615384615385
Out,0.02827109955251217,0.0056169429097605895,0.9384615384615385
Out,0.02827182598412037,0.0056174601712864905,0.9384615384615385
Out,0.028287554159760475,0.0056179775280898875,0.9384615384615385
Out,0.028288373723626137,0.005618494980197107,0.9384615384615385
Out,0.028290051966905594,0.005619012527634488,0.9384615384615385
Out,0.028316276147961617,0.005619530170428374,0.9384615384615385
Out,0.028323229402303696,0.005620047908605122,0.9384615384615385
Out,0.028326161205768585,0.0056205657421910995,0.9384615384615385
Out,0.028328238055109978,0.00562108367121268,0.9384615384615385
Out,0.028352933004498482,0.005621601695696249,0.9384615384615385
Out,0.028382517397403717,0.005622119815668203,0.9384615384615385
Out,0.028395909816026688,0.005622638031154945,0.9384615384615385
Out,0.028423748910427094,0.005623156342182891,0.9384615384615385
Out,0.02843126840889454,0.005623674748778464,0.9384615384615385
Out,0.02843625657260418,0.005624193250968099,0.9384615384615385
Out,0.028452670201659203,0.005624711848778239,0.9384615384615385
Out,0.02847725711762905,0.0056252305422353375,0.9384615384615385
Out,0.028505800291895866,0.0056257493313658586,0.9384615384615385
Out,0.028510594740509987,0.005626268216196274,0.9384615384615385
Out,0.028525348752737045,0.005626787196753067,0.9384615384615385
Out,0.028535809367895126,0.005627306273062731,0.9384615384615385
Out,0.028563635423779488,0.0056278254451517665,0.9384615384615385
Out,0.028563836589455605,0.005628344713046687,0.9384615384615385
Out,0.028568129986524582,0.005628864076774015,0.9384615384615385
Out,0.02857055887579918,0.005629383536360281,0.9384615384615385
Out,0.028581729158759117,0.005629903091832026,0.9384615384615385
Out,0.028583500534296036,0.005630422743215802,0.9384615384615385
Out,0.028583621606230736,0.005630942490538171,0.9384615384615385
Out,0.028591062873601913,0.005631462333825702,0.9384615384615385
Out,0.028601663187146187,0.005631982273104977,0.9384615384615385
Out,0.028614114969968796,0.005632502308402586,0.9384615384615385
Out,0.02861826680600643,0.005633022439745129,0.9384615384615385
Out,0.028618384152650833,0.005633542667159217,0.9384615384615385
Out,0.028648249804973602,0.00563406299067147,0.9384615384615385
Out,0.028667520731687546,0.005634583410308517,0.9384615384615385
Out,0.028671544045209885,0.0056351039260969975,0.9384615384615385
Out,0.02870388887822628,0.005635624538063562,0.9384615384615385
Out,0.02871808409690857,0.0056361452462348706,0.9384615384615385
Out,0.02875339612364769,0.00563666605063759,0.9384615384615385
Out,0.02875656820833683,0.005637186951298401,0.9384615384615385
Out,0.02875659428536892,0.0056377079482439925,0.9384615384615385
Out,0.028757881373167038,0.00554579905721416,0.9230769230769231
Out,0.028762558475136757,0.005546311702717693,0.9230769230769231
Out,0.02877361886203289,0.005546824443006379,0.9230769230769231
Out,0.02879251353442669,0.005547337278106509,0.9230769230769231
Out,0.028803972527384758,0.005547850208044383,0.9230769230769231
Out,0.028819173574447632,0.0055483632328463105,0.9230769230769231
Out,0.02882719784975052,0.005548876352538611,0.9230769230769231
Out,0.02884441241621971,0.005549389567147614,0.9230769230769231
Out,0.028875306248664856,0.005549902876699658,0.9230769230769231
Out,0.028876854106783867,0.005550416281221091,0.9230769230769231
Out,0.028880558907985687,0.005550929780738274,0.9230769230769231
Out,0.02889293059706688,0.0055514433752775726,0.9230769230769231
Out,0.02890334092080593,0.005551957064865365,0.9230769230769231
Out,0.028914496302604675,0.00555247084952804,0.9230769230769231
Out,0.028918279334902763,0.005552984729291994,0.9230769230769231
Out,0.028942734003067017,0.0055534987041836355,0.9230769230769231
Out,0.02895885705947876,0.005554012774229381,0.9230769230769231
Out,0.028971554711461067,0.005554526939455656,0.9230769230769231
Out,0.02897799015045166,0.005555041199888899,0.9230769230769231
Out,0.02898789942264557,0.005555555555555556,0.9230769230769231
Out,0.02899261564016342,0.005556070006482082,0.9230769230769231
Out,0.02901049703359604,0.0055565845526949435,0.9230769230769231
Out,0.029025956988334656,0.005557099194220617,0.9230769230769231
Out,0.029081303626298904,0.005557613931085587,0.9230769230769231
Out,0.029122397303581238,0.00555812876331635,0.9230769230769231
Out,0.02913336083292961,0.005558643690939411,0.9230769230769231
Out,0.02914709784090519,0.0055591587139812845,0.9230769230769231
Out,0.029147742316126823,0.005559673832468495,0.9230769230769231
Out,0.02917555160820484,0.005560189046427579,0.9230769230769231
Out,0.029181985184550285,0.005560704355885079,0.9230769230769231
Out,0.02918524667620659,0.0055612197608675504,0.9230769230769231
Out,0.029186159372329712,0.0055617352614015575,0.9230769230769231
Out,0.02920382097363472,0.005562250857513674,0.9230769230769231
Out,0.02921772003173828,0.005562766549230484,0.9230769230769231
Out,0.029241280630230904,0.005563282336578581,0.9230769230769231
Out,0.029245756566524506,0.00556379821958457,0.9230769230769231
Out,0.02924785017967224,0.005564314198275063,0.9230769230769231
Out,0.029255086556077003,0.005564830272676683,0.9230769230769231
Out,0.029265325516462326,0.005565346442816066,0.9230769230769231
Out,0.029271546751260757,0.0055658627087198514,0.9230769230769231
Out,0.029305284842848778,0.0055663790704146955,0.9230769230769231
Out,0.029305610805749893,0.005566895527927259,0.9230769230769231
Out,0.02932886593043804,0.005567412081284216,0.9230769230769231
Out,0.02933800406754017,0.005567928730512249,0.9230769230769231
Out,0.029340043663978577,0.005568445475638051,0.9230769230769231
Out,0.029346061870455742,0.005568962316688323,0.9230769230769231
Out,0.029368609189987183,0.00556947925368978,0.9230769230769231
Out,0.029404139146208763,0.005569996286669142,0.9230769230769231
Out,0.02941424772143364,0.005570513415653143,0.9230769230769231
Out,0.029421169310808182,0.005571030640668524,0.9230769230769231
Out,0.029433703050017357,0.005571547961742037,0.9230769230769231
Out,0.029434921219944954,0.005572065378900446,0.9230769230769231
Out,0.029468383640050888,0.005572582892170521,0.9230769230769231
Out,0.029478829354047775,0.005573100501579045,0.9230769230769231
Out,0.029517296701669693,0.00557361820715281,0.9230769230769231
Out,0.029560387134552002,0.005574136008918618,0.9230769230769231
Out,0.029601741582155228,0.00557465390690328,0.9230769230769231
Out,0.029648832976818085,0.0055751719011336185,0.9230769230769231
Out,0.029731232672929764,0.005575689991636465,0.9230769230769231
Out,0.029735414311289787,0.0055762081784386614,0.9230769230769231
Out,0.02974800206720829,0.00557672646156706,0.9230769230769231
Out,0.029748769477009773,0.005577244841048522,0.9230769230769231
Out,0.029753997921943665,0.005577763316909919,0.9230769230769231
Out,0.029760902747511864,0.005578281889178133,0.9230769230769231
Out,0.029764141887426376,0.005578800557880056,0.9230769230769231
Out,0.029796255752444267,0.0055793193230425885,0.9230769230769231
Out,0.029797524213790894,0.005579838184692644,0.9230769230769231
Out,0.02980157546699047,0.005580357142857143,0.9230769230769231
Out,0.029819080606102943,0.005580876197563017,0.9230769230769231
Out,0.029827147722244263,0.005581395348837209,0.9230769230769231
Out,0.029831301420927048,0.0055819145967066705,0.9230769230769231
Out,0.0298561230301857,0.005582433941198363,0.9230769230769231
Out,0.029884688556194305,0.005582953382339257,0.9230769230769231
Out,0.029891613870859146,0.005583472920156337,0.9230769230769231
Out,0.029892412945628166,0.005583992554676594,0.9230769230769231
Out,0.029904447495937347,0.005584512285927029,0.9230769230769231
Out,0.029909871518611908,0.005585032113934655,0.9230769230769231
Out,0.029910262674093246,0.005585552038726494,0.9230769230769231
Out,0.02992403693497181,0.005586072060329578,0.9230769230769231
Out,0.029938168823719025,0.00558659217877095,0.9230769230769231
Out,0.029952172189950943,0.005587112394077661,0.9230769230769231
Out,0.029980868101119995,0.005587632706276774,0.9230769230769231
Out,0.029996685683727264,0.005588153115395362,0.9230769230769231
Out,0.03000224009156227,0.005588673621460507,0.9230769230769231
Out,0.03001774102449417,0.0055891942244993015,0.9230769230769231
Out,0.030025262385606766,0.005589714924538848,0.9230769230769231
Out,0.03006259724497795,0.005590235721606261,0.9230769230769231
Out,0.030066372826695442,0.005590756615728662,0.9230769230769231
Out,0.030083224177360535,0.005591277606933185,0.9230769230769231
Out,0.030090799555182457,0.005591798695246971,0.9230769230769231
Out,0.030103951692581177,0.005592319880697176,0.9230769230769231
Out,0.030115149915218353,0.005592841163310962,0.9230769230769231
Out,0.030117163434624672,0.005593362543115503,0.9230769230769231
Out,0.030122745782136917,0.005593884020137983,0.9230769230769231
Out,0.030125759541988373,0.005594405594405594,0.9230769230769231
Out,0.03012704662978649,0.005594927265945543,0.9230769230769231
Out,0.03015843965113163,0.005595449034785042,0.9230769230769231
Out,0.03018203191459179,0.005595970900951315,0.9230769230769231
Out,0.030192529782652855,0.005596492864471597,0.9230769230769231
Out,0.030207829549908638,0.005597014925373134,0.9230769230769231
Out,0.03022085502743721,0.00559753708368318,0.9230769230769231
Out,0.0302346833050251,0.005598059339428998,0.9230769230769231
Out,0.0302348043769598,0.005598581692637865,0.9230769230769231
Out,0.03025520220398903,0.005599104143337066,0.9230769230769231
Out,0.030264129862189293,0.0055996266915538965,0.9230769230769231
Out,0.030277151614427567,0.005600149337315662,0.9230769230769231
Out,0.030331000685691833,0.005600672080649678,0.9230769230769231
Out,0.03033176064491272,0.005601194921583271,0.9230769230769231
Out,0.030360110104084015,0.005601717860143777,0.9230769230769231
Out,0.03037397190928459,0.0056022408963585435,0.9230769230769231
Out,0.030391447246074677,0.005602764030254926,0.9230769230769231
Out,0.030392860993742943,0.0056032872618602915,0.9230769230769231
Out,0.030409080907702446,0.005603810591202018,0.9230769230769231
Out,0.03041580691933632,0.005604334018307491,0.9230769230769231
Out,0.030416490510106087,0.005604857543204111,0.9230769230769231
Out,0.030451716855168343,0.005605381165919282,0.9230769230769231
Out,0.030451996251940727,0.005605904886480426,0.9230769230769231
Out,0.030454233288764954,0.005606428704914969,0.9230769230769231
Out,0.03047729656100273,0.005606952621250351,0.9230769230769231
Out,0.030486971139907837,0.005607476635514018,0.9230769230769231
Out,0.0305484626442194,0.005608000747733433,0.9230769230769231
Out,0.030565809458494186,0.005608524957936063,0.9230769230769231
Out,0.03057831898331642,0.005609049266149388,0.9230769230769231
Out,0.03058759681880474,0.005609573672400898,0.9230769230769231
Out,0.030622931197285652,0.005610098176718092,0.9230769230769231
Out,0.03063933737576008,0.005610622779128483,0.9230769230769231
Out,0.030640223994851112,0.00561114747965959,0.9230769230769231
Out,0.030653685331344604,0.005611672278338945,0.9230769230769231
Out,0.030662158504128456,0.005612197175194089,0.9230769230769231
Out,0.030671171844005585,0.005612722170252572,0.9230769230769231
Out,0.030691128224134445,0.005613247263541959,0.9230769230769231
Out,0.030771370977163315,0.00561377245508982,0.9230769230769231
Out,0.030790675431489944,0.005614297744923739,0.9230769230769231
Out,0.030793379992246628,0.005614823133071308,0.9230769230769231
Out,0.030802330002188683,0.005615348619560131,0.9230769230769231
Out,0.03081854060292244,0.005615874204417821,0.9230769230769231
Out,0.030818842351436615,0.005616399887672002,0.9230769230769231
Out,0.030819561332464218,0.005616925669350309,0.9230769230769231
Out,0.03082350082695484,0.0056174515494803855,0.9230769230769231
Out,0.030824340879917145,0.0056179775280898875,0.9230769230769231
Out,0.030839484184980392,0.00561850360520648,0.9230769230769231
Out,0.03084677830338478,0.005619029780857839,0.9230769230769231
Out,0.030889421701431274,0.005619556055071649,0.9230769230769231
Out,0.030919520184397697,0.005620082427875608,0.9230769230769231
Out,0.030929608270525932,0.005620608899297424,0.9230769230769231
Out,0.030959773808717728,0.005621135469364812,0.9230769230769231
Out,0.03096386417746544,0.0056216621381055,0.9230769230769231
Out,0.030971404165029526,0.005622188905547227,0.9230769230769231
Out,0.03097360208630562,0.0056227157717177395,0.9230769230769231
Out,0.03099609538912773,0.005623242736644799,0.9230769230769231
Out,0.031051848083734512,0.005623769800356172,0.9230769230769231
Out,0.031105490401387215,0.00562429696287964,0.9230769230769231
Out,0.031109899282455444,0.005624824224242993,0.9230769230769231
Out,0.03112349845468998,0.00562535158447403,0.9230769230769231
Out,0.031145118176937103,0.005625879043600563,0.9230769230769231
Out,0.03115733712911606,0.005626406601650412,0.9230769230769231
Out,0.031176764518022537,0.005626934258651411,0.9230769230769231
Out,0.031184982508420944,0.005627462014631401,0.9230769230769231
Out,0.031195225194096565,0.005627989869618235,0.9230769230769231
Out,0.031201984733343124,0.005628517823639775,0.9230769230769231
Out,0.031205400824546814,0.005629045876723895,0.9230769230769231
Out,0.031235724687576294,0.00562957402889848,0.9230769230769231
Out,0.031238477677106857,0.0056301022801914236,0.9230769230769231
Out,0.031241465359926224,0.00563063063063063,0.9230769230769231
Out,0.0312594398856163,0.005631159080244017,0.9230769230769231
Out,0.03130355477333069,0.005631687629059508,0.9230769230769231
Out,0.031310249119997025,0.005632216277105041,0.9230769230769231
Out,0.031315408647060394,0.005632745024408562,0.9230769230769231
Out,0.03137381747364998,0.005633273870998028,0.9230769230769231
Out,0.03138075768947601,0.005633802816901409,0.9230769230769231
Out,0.031383853405714035,0.005634331862146681,0.9230769230769231
Out,0.03143386170268059,0.005634861006761833,0.9230769230769231
Out,0.03143807873129845,0.005635390250774866,0.9230769230769231
Out,0.03144039213657379,0.005635919594213789,0.9230769230769231
Out,0.0314747653901577,0.0056364490371066224,0.9230769230769231
Out,0.03148321807384491,0.005636978579481398,0.9230769230769231
Out,0.03152282163500786,0.005637508221366157,0.9230769230769231
Out,0.031533706933259964,0.0056380379627889495,0.9230769230769231
Out,0.03153543919324875,0.00563856780377784,0.9230769230769231
Out,0.03161051124334335,0.005639097744360902,0.9230769230769231
Out,0.03164856135845184,0.005639627784566219,0.9230769230769231
Out,0.031693294644355774,0.0056401579244218835,0.9230769230769231
Out,0.03178472816944122,0.005640688163956003,0.9230769230769231
Out,0.031789056956768036,0.005641218503196691,0.9230769230769231
Out,0.03185706213116646,0.005641748942172073,0.9230769230769231
Out,0.03188486397266388,0.005642279480910287,0.9230769230769231
Out,0.03190144896507263,0.005642810119439481,0.9230769230769231
Out,0.03190683200955391,0.0056433408577878106,0.9230769230769231
Out,0.03191244602203369,0.0056438716959834444,0.9230769230769231
Out,0.03191787749528885,0.005644402634054563,0.9230769230769231
Out,0.03192172572016716,0.005644933672029354,0.9230769230769231
Out,0.031943194568157196,0.005645464809936018,0.9230769230769231
Out,0.03195342794060707,0.005645996047802766,0.9230769230769231
Out,0.03197973594069481,0.00564652738565782,0.9230769230769231
Out,0.031983159482479095,0.005647058823529412,0.9230769230769231
Out,0.03199110925197601,0.005647590361445783,0.9230769230769231
Out,0.032037489116191864,0.005648121999435188,0.9230769230769231
Out,0.032060764729976654,0.005648653737525889,0.9230769230769231
Out,0.032079167664051056,0.0056491855757461636,0.9230769230769231
Out,0.032091934233903885,0.005649717514124294,0.9230769230769231
Out,0.032097227871418,0.005650249552688577,0.9230769230769231
Out,0.03210001066327095,0.00565078169146732,0.9230769230769231
Out,0.03211722522974014,0.005651313930488839,0.9230769230769231
Out,0.03213699162006378,0.005651846269781462,0.9230769230769231
Out,0.032145243138074875,0.005652378709373528,0.9230769230769231
Out,0.03216105327010155,0.005652911249293386,0.9230769230769231
Out,0.032161906361579895,0.005653443889569396,0.9230769230769231
Out,0.032167527824640274,0.005653976630229929,0.9230769230769231
Out,0.03219081833958626,0.005654509471303365,0.9230769230769231
Out,0.032191384583711624,0.005655042412818096,0.9230769230769231
Out,0.03219323232769966,0.005655575454802526,0.9230769230769231
Out,0.032222140580415726,0.005656108597285068,0.9230769230769231
Out,0.032225653529167175,0.0056566418402941455,0.9230769230769231
Out,0.03222854435443878,0.005657175183858194,0.9230769230769231
Out,0.0322444811463356,0.005657708628005658,0.9230769230769231
Out,0.03225728124380112,0.005658242172764994,0.9230769230769231
Out,0.032265204936265945,0.00565877581816467,0.9230769230769231
Out,0.032284606248140335,0.005659309564233163,0.9230769230769231
Out,0.03229567036032677,0.005659843410998963,0.9230769230769231
Out,0.03229636326432228,0.005660377358490566,0.9230769230769231
Out,0.03231078013777733,0.005660911406736484,0.9230769230769231
Out,0.0323185957968235,0.005661445555765239,0.9230769230769231
Out,0.03235812485218048,0.00566197980560536,0.9230769230769231
Out,0.0323592945933342,0.0056625141562853904,0.9230769230769231
Out,0.03236425668001175,0.005663048607833884,0.9230769230769231
Out,0.03236842527985573,0.005663583160279403,0.9230769230769231
Out,0.03239881619811058,0.005664117813650524,0.9230769230769231
Out,0.03240847587585449,0.0056646525679758305,0.9230769230769231
Out,0.032410942018032074,0.00566518742328392,0.9230769230769231
Out,0.03241348639130592,0.0056657223796034,0.9230769230769231
Out,0.03243386745452881,0.005666257436962886,0.9230769230769231
Out,0.03244585543870926,0.0056667925953910086,0.9230769230769231
Out,0.03244595229625702,0.0056673278549164065,0.9230769230769231
Out,0.03247470408678055,0.005667863215567731,0.9230769230769231
Out,0.03247819095849991,0.005668398677373642,0.9230769230769231
Out,0.032504573464393616,0.005668934240362812,0.9230769230769231
Out,0.03250918909907341,0.005669469904563924,0.9230769230769231
Out,0.032512765377759933,0.00567000567000567,0.9230769230769231
Out,0.03254289552569389,0.005670541536716756,0.9230769230769231
Out,0.03257900848984718,0.005671077504725898,0.9230769230769231
Out,0.032590873539447784,0.0056716135740618205,0.9230769230769231
Out,0.03260340541601181,0.005672149744753261,0.9230769230769231
Out,0.032611068338155746,0.005578141249881819,0.9076923076923077
Out,0.0326366126537323,0.005578668683812405,0.9076923076923077
Out,0.032652292400598526,0.00557919621749409,0.9076923076923077
Out,0.03266984969377518,0.0055797238509551735,0.9076923076923077
Out,0.03267895057797432,0.0055802515842239666,0.9076923076923077
Out,0.03268387168645859,0.005580779417328793,0.9076923076923077
Out,0.03271552175283432,0.005581307350297985,0.9076923076923077
Out,0.032735615968704224,0.005581835383159887,0.9076923076923077
Out,0.03273575007915497,0.005582363515942852,0.9076923076923077
Out,0.032762013375759125,0.005582891748675246,0.9076923076923077
Out,0.0327812023460865,0.005583420081385446,0.9076923076923077
Out,0.03279097005724907,0.005583948514101836,0.9076923076923077
Out,0.032795920968055725,0.005584477046852816,0.9076923076923077
Out,0.03282792493700981,0.005585005679666793,0.9076923076923077
Out,0.03285111486911774,0.005585534412572186,0.9076923076923077
Out,0.032863814383745193,0.005586063245597425,0.9076923076923077
Out,0.03287934511899948,0.00558659217877095,0.9076923076923077
Out,0.03288286179304123,0.0055871212121212125,0.9076923076923077
Out,0.03288356214761734,0.005587650345676674,0.9076923076923077
Out,0.03294816613197327,0.005588179579465808,0.9076923076923077
Out,0.032952193170785904,0.005588708913517097,0.9076923076923077
Out,0.03298015892505646,0.005589238347859037,0.9076923076923077
Out,0.03301544860005379,0.005589767882520132,0.9076923076923077
Out,0.03302109241485596,0.005590297517528899,0.9076923076923077
Out,0.033029183745384216,0.005590827252913863,0.9076923076923077
Out,0.03303012624382973,0.0055913570887035635,0.9076923076923077
Out,0.03304444998502731,0.005591887024926547,0.9076923076923077
Out,0.0330476313829422,0.0055924170616113746,0.9076923076923077
Out,0.033070046454668045,0.005592947198786615,0.9076923076923077
Out,0.033073581755161285,0.005593477436480849,0.9076923076923077
Out,0.03307897225022316,0.00559400777472267,0.9076923076923077
Out,0.033089544624090195,0.005594538213540679,0.9076923076923077
Out,0.033125411719083786,0.00559506875296349,0.9076923076923077
Out,0.03318420425057411,0.005595599393019727,0.9076923076923077
Out,0.03320088982582092,0.005596130133738025,0.9076923076923077
Out,0.03320765867829323,0.005596660975147031,0.9076923076923077
Out,0.03324728459119797,0.005597191917275401,0.9076923076923077
Out,0.03325017914175987,0.005597722960151803,0.9076923076923077
Out,0.03325332701206207,0.005598254103804915,0.9076923076923077
Out,0.03327259048819542,0.005598785348263428,0.9076923076923077
Out,0.03327357769012451,0.005599316693556041,0.9076923076923077
Out,0.03327396139502525,0.005599848139711466,0.9076923076923077
Out,0.033275045454502106,0.005600379686758424,0.9076923076923077
Out,0.03327728062868118,0.00560091133472565,0.9076923076923077
Out,0.033281516283750534,0.005601443083641887,0.9076923076923077
Out,0.03328847512602806,0.005601974933535891,0.9076923076923077
Out,0.03328905999660492,0.005602506884436426,0.9076923076923077
Out,0.03329437971115112,0.00560303893637227,0.9076923076923077
Out,0.033323243260383606,0.00560357108937221,0.9076923076923077
Out,0.033331822603940964,0.0056041033434650455,0.9076923076923077
Out,0.03333508223295212,0.005604635698679586,0.9076923076923077
Out,0.03333810716867447,0.005605168155044651,0.9076923076923077
Out,0.03333909809589386,0.005605700712589074,0.9076923076923077
Out,0.033364467322826385,0.005606233371341695,0.9076923076923077
Out,0.033383071422576904,0.005606766131331369,0.9076923076923077
Out,0.033396199345588684,0.005607298992586961,0.9076923076923077
Out,0.03342330828309059,0.005607831955137344,0.9076923076923077
Out,0.033430781215429306,0.005608365019011407,0.9076923076923077
Out,0.0334414504468441,0.005608898184238045,0.9076923076923077
Out,0.03345891088247299,0.005609431450846168,0.9076923076923077
Out,0.03346627578139305,0.005609964818864695,0.9076923076923077
Out,0.03348614647984505,0.005610498288322556,0.9076923076923077
Out,0.03348949924111366,0.005611031859248692,0.9076923076923077
Out,0.03351343423128128,0.005611565531672056,0.9076923076923077
Out,0.03357953950762749,0.005612099305621611,0.9076923076923077
Out,0.03359013795852661,0.0056126331811263315,0.9076923076923077
Out,0.03360926732420921,0.005613167158215203,0.9076923076923077
Out,0.03364439308643341,0.0056137012369172215,0.9076923076923077
Out,0.03369414806365967,0.005614235417261395,0.9076923076923077
Out,0.033748239278793335,0.005614769699276742,0.9076923076923077
Out,0.03375963121652603,0.005615304082992291,0.9076923076923077
Out,0.03378346562385559,0.005615838568437084,0.9076923076923077
Out,0.03379544988274574,0.005616373155640171,0.9076923076923077
Out,0.03379844129085541,0.005616907844630617,0.9076923076923077
Out,0.033826105296611786,0.005617442635437494,0.9076923076923077
Out,0.03383113816380501,0.0056179775280898875,0.9076923076923077
Out,0.03385595604777336,0.005618512522616893,0.9076923076923077
Out,0.0338565930724144,0.005619047619047619,0.9076923076923077
Out,0.03387965261936188,0.005619582817411182,0.9076923076923077
Out,0.033905938267707825,0.005620118117736711,0.9076923076923077
Out,0.033915117383003235,0.005620653520053348,0.9076923076923077
Out,0.03394608572125435,0.005621189024390244,0.9076923076923077
Out,0.03396563604474068,0.00562172463077656,0.9076923076923077
Out,0.033974770456552505,0.005622260339241471,0.9076923076923077
Out,0.034053679555654526,0.005622796149814162,0.9076923076923077
Out,0.034075792878866196,0.005623332062523827,0.9076923076923077
Out,0.03409469127655029,0.005623868077399676,0.9076923076923077
Out,0.03410995751619339,0.005624404194470925,0.9076923076923077
Out,0.03413642942905426,0.005624940413766803,0.9076923076923077
Out,0.03414194658398628,0.005625476735316552,0.9076923076923077
Out,0.03414274752140045,0.005626013159149423,0.9076923076923077
Out,0.03415164723992348,0.005626549685294678,0.9076923076923077
Out,0.03416091203689575,0.005627086313781593,0.9076923076923077
Out,0.03420038893818855,0.005627623044639451,0.9076923076923077
Out,0.03420424088835716,0.005628159877897549,0.9076923076923077
Out,0.03420674055814743,0.005628696813585194,0.9076923076923077
Out,0.034248873591423035,0.005629233851731705,0.9076923076923077
Out,0.03426990658044815,0.005629770992366412,0.9076923076923077
Out,0.03429442644119263,0.005630308235518656,0.9076923076923077
Out,0.03431086242198944,0.00563084558121779,0.9076923076923077
Out,0.03431176021695137,0.0056313830294931755,0.9076923076923077
Out,0.03435853123664856,0.005631920580374188,0.9076923076923077
Out,0.03438933938741684,0.005632458233890214,0.9076923076923077
Out,0.034424878656864166,0.005632995990070651,0.9076923076923077
Out,0.03445402532815933,0.005633533848944906,0.9076923076923077
Out,0.0344557948410511,0.005634071810542399,0.9076923076923077
Out,0.03446191921830177,0.005634609874892561,0.9076923076923077
Out,0.03446698561310768,0.005635148042024833,0.9076923076923077
Out,0.03450416401028633,0.00563568631196867,0.9076923076923077
Out,0.03450495004653931,0.005636224684753535,0.9076923076923077
Out,0.03453117609024048,0.005636763160408904,0.9076923076923077
Out,0.0345456525683403,0.005637301738964266,0.9076923076923077
Out,0.03457372635602951,0.005637840420449116,0.9076923076923077
Out,0.0345812626183033,0.005638379204892966,0.9076923076923077
Out,0.03458716720342636,0.005638918092325337,0.9076923076923077
Out,0.03459693118929863,0.00563945708277576,0.9076923076923077
Out,0.03459920734167099,0.005639996176273779,0.9076923076923077
Out,0.03463027626276016,0.005640535372848948,0.9076923076923077
Out,0.03466607630252838,0.005641074672530835,0.9076923076923077
Out,0.03469397872686386,0.005641614075349015,0.9076923076923077
Out,0.034695666283369064,0.0056421535813330785,0.9076923076923077
Out,0.034705471247434616,0.005642693190512625,0.9076923076923077
Out,0.034746550023555756,0.005643232902917264,0.9076923076923077
Out,0.03475326672196388,0.005643772718576621,0.9076923076923077
Out,0.03478298708796501,0.005644312637520329,0.9076923076923077
Out,0.03479719161987305,0.005644852659778033,0.9076923076923077
Out,0.034805819392204285,0.00564539278537939,0.9076923076923077
Out,0.03482475504279137,0.005645933014354067,0.9076923076923077
Out,0.03485107421875,0.005646473346731745,0.9076923076923077
Out,0.03487822040915489,0.005647013782542113,0.9076923076923077
Out,0.034886620938777924,0.005647554321814875,0.9076923076923077
Out,0.034905292093753815,0.0056480949645797435,0.9076923076923077
Out,0.03490641340613365,0.005648635710866443,0.9076923076923077
Out,0.03490730747580528,0.005649176560704711,0.9076923076923077
Out,0.03491699695587158,0.005649717514124294,0.9076923076923077
Out,0.03492908179759979,0.0056502585711549515,0.9076923076923077
Out,0.034931253641843796,0.005650799731826453,0.9076923076923077
Out,0.034938402473926544,0.005651340996168582,0.9076923076923077
Out,0.03494726121425629,0.005651882364211131,0.9076923076923077
Out,0.03498006612062454,0.005652423835983905,0.9076923076923077
Out,0.03499733656644821,0.005652965411516719,0.9076923076923077
Out,0.03500962257385254,0.005653507090839402,0.9076923076923077
Out,0.03504953533411026,0.005654048873981792,0.9076923076923077
Out,0.03505449369549751,0.00565459076097374,0.9076923076923077
Out,0.03508124500513077,0.005655132751845107,0.9076923076923077
Out,0.035133492201566696,0.005655674846625767,0.9076923076923077
Out,0.03515998274087906,0.005656217045345605,0.9076923076923077
Out,0.03519556298851967,0.005656759348034516,0.9076923076923077
Out,0.035196464508771896,0.005657301754722409,0.9076923076923077
Out,0.0352051816880703,0.005657844265439202,0.9076923076923077
Out,0.03520970791578293,0.005658386880214827,0.9076923076923077
Out,0.03521193563938141,0.005658929599079225,0.9076923076923077
Out,0.03522452339529991,0.00565947242206235,0.9076923076923077
Out,0.035227689892053604,0.0056600153491941675,0.9076923076923077
Out,0.035256046801805496,0.005660558380504653,0.9076923076923077
Out,0.03526453673839569,0.005661101516023796,0.9076923076923077
Out,0.0352686271071434,0.005661644755781595,0.9076923076923077
Out,0.03527102991938591,0.005662188099808061,0.9076923076923077
Out,0.03527701273560524,0.005662731548133218,0.9076923076923077
Out,0.03528861328959465,0.005663275100787099,0.9076923076923077
Out,0.03529118001461029,0.00566381875779975,0.9076923076923077
Out,0.035293564200401306,0.005664362519201229,0.9076923076923077
Out,0.0352964848279953,0.005664906385021603,0.9076923076923077
Out,0.03530670702457428,0.0056654503552909545,0.9076923076923077
Out,0.035324692726135254,0.005665994430039374,0.9076923076923077
Out,0.03539291024208069,0.005666538609296965,0.9076923076923077
Out,0.035416774451732635,0.005667082893093843,0.9076923076923077
Out,0.03543274477124214,0.0056676272814601344,0.9076923076923077
Out,0.035478655248880386,0.005668171774425978,0.9076923076923077
Out,0.03547905758023262,0.005668716372021522,0.9076923076923077
Out,0.035498593002557755,0.005669261074276929,0.9076923076923077
Out,0.03552080690860748,0.005669805881222372,0.9076923076923077
Out,0.03556875139474869,0.005670350792888035,0.9076923076923077
Out,0.03557770326733589,0.005670895809304114,0.9076923076923077
Out,0.03559013828635216,0.005671440930500817,0.9076923076923077
Out,0.03560098633170128,0.005671986156508364,0.9076923076923077
Out,0.03561308979988098,0.005672531487356985,0.9076923076923077
Out,0.03562426567077637,0.005673076923076923,0.9076923076923077
Out,0.035628773272037506,0.005673622463698433,0.9076923076923077
Out,0.03563385456800461,0.005674168109251779,0.9076923076923077
Out,0.03563622012734413,0.0056747138597672405,0.9076923076923077
Out,0.03565031290054321,0.005675259715275106,0.9076923076923077
Out,0.035652633756399155,0.005675805675805676,0.9076923076923077
Out,0.03566095232963562,0.005676351741389263,0.9076923076923077
Out,0.03566378355026245,0.005676897912056192,0.9076923076923077
Out,0.03568163886666298,0.005677444187836798,0.9076923076923077
Out,0.035698436200618744,0.0056779905687614285,0.9076923076923077
Out,0.035702601075172424,0.005678537054860443,0.9076923076923077
Out,0.03571096807718277,0.005679083646164212,0.9076923076923077
Out,0.03572555631399155,0.005679630342703119,0.9076923076923077
Out,0.03573914244771004,0.005680177144507558,0.9076923076923077
Out,0.035770535469055176,0.005680724051607934,0.9076923076923077
Out,0.03577648848295212,0.0056812710640346655,0.9076923076923077
Out,0.035785429179668427,0.005681818181818182,0.9076923076923077
Out,0.03581400215625763,0.005682365404988924,0.9076923076923077
Out,0.035821206867694855,0.005682912733577346,0.9076923076923077
Out,0.035866059362888336,0.00568346016761391,0.9076923076923077
Out,0.03589291498064995,0.0056840077071290945,0.9076923076923077
Out,0.035893235355615616,0.005684555352153386,0.9076923076923077
Out,0.03591633588075638,0.0056851031027172864,0.9076923076923077
Out,0.03591905161738396,0.005685650958851306,0.9076923076923077
Out,0.035925064235925674,0.005686198920585968,0.9076923076923077
Out,0.03593556955456734,0.0056867469879518075,0.9076923076923077
Out,0.03594469279050827,0.0056872951609793715,0.9076923076923077
Out,0.036001384258270264,0.005591439313602622,0.8923076923076924
Out,0.03606002777814865,0.0055919784033937525,0.8923076923076924
Out,0.03610382601618767,0.005592517597145887,0.8923076923076924
Out,0.0361349955201149,0.005593056894889103,0.8923076923076924
Out,0.03615077957510948,0.005593596296653487,0.8923076923076924
Out,0.03619962930679321,0.0055941358024691355,0.8923076923076924
Out,0.0362008772790432,0.0055946754123661615,0.8923076923076924
Out,0.036234207451343536,0.0055952151263746865,0.8923076923076924
Out,0.03623518347740173,0.005595754944524843,0.8923076923076924
Out,0.03624546155333519,0.0055962948668467774,0.8923076923076924
Out,0.03627052158117294,0.005596834893370646,0.8923076923076924
Out,0.03628690913319588,0.005597375024126616,0.8923076923076924
Out,0.03631508722901344,0.00559791525914487,0.8923076923076924
Out,0.036326851695775986,0.005598455598455598,0.8923076923076924
Out,0.036426834762096405,0.005598996042089004,0.8923076923076924
Out,0.03643255680799484,0.005599536590075304,0.8923076923076924
Out,0.03643513470888138,0.005600077242444723,0.8923076923076924
Out,0.03646620362997055,0.005600617999227501,0.8923076923076924
Out,0.03647676855325699,0.005601158860453887,0.8923076923076924
Out,0.03649132698774338,0.005601699826154143,0.8923076923076924
Out,0.03650948405265808,0.0056022408963585435,0.8923076923076924
Out,0.0365120992064476,0.0056027820710973725,0.8923076923076924
Out,0.036522433161735535,0.005603323350400927,0.8923076923076924
Out,0.03652309998869896,0.005603864734299517,0.8923076923076924
Out,0.036529622972011566,0.005604406222823461,0.8923076923076924
Out,0.03654462471604347,0.005604947816003092,0.8923076923076924
Out,0.036553382873535156,0.005605489513868754,0.8923076923076924
Out,0.036557819694280624,0.005606031316450802,0.8923076923076924
Out,0.03657754138112068,0.0056065732237796035,0.8923076923076924
Out,0.03658483549952507,0.005607115235885538,0.8923076923076924
Out,0.0365997850894928,0.005607657352798994,0.8923076923076924
Out,0.03661423549056053,0.005608199574550377,0.8923076923076924
Out,0.036667872220277786,0.0056087419011701,0.8923076923076924
Out,0.036700986325740814,0.005609284332688588,0.8923076923076924
Out,0.036714013665914536,0.00560982686913628,0.8923076923076924
Out,0.03671671450138092,0.005610369510543625,0.8923076923076924
Out,0.03673607483506203,0.005610912256941086,0.8923076923076924
Out,0.03673920780420303,0.005611455108359133,0.8923076923076924
Out,0.03675738722085953,0.005611998064828254,0.8923076923076924
Out,0.036757733672857285,0.005612541126378943,0.8923076923076924
Out,0.03676222264766693,0.005613084293041711,0.8923076923076924
Out,0.036773327738046646,0.0056136275648470775,0.8923076923076924
Out,0.03678924962878227,0.005614170941825573,0.8923076923076924
Out,0.03681112080812454,0.0056147144240077445,0.8923076923076924
Out,0.036816347390413284,0.005615258011424145,0.8923076923076924
Out,0.036816779524087906,0.0056158017041053445,0.8923076923076924
Out,0.03684096410870552,0.005616345502081921,0.8923076923076924
Out,0.03684678301215172,0.005616889405384466,0.8923076923076924
Out,0.03685446456074715,0.005617433414043584,0.8923076923076924
Out,0.03688540682196617,0.0056179775280898875,0.8923076923076924
Out,0.03688688576221466,0.005521650682941005,0.8769230769230769
Out,0.03690014034509659,0.00552218562294129,0.8769230769230769
Out,0.03691272437572479,0.005522720666602073,0.8769230769230769
Out,0.03691643103957176,0.005523255813953488,0.8769230769230769
Out,0.036965806037187576,0.005523791065025681,0.8769230769230769
Out,0.03697178512811661,0.005524326419848808,0.8769230769230769
Out,0.03698262199759483,0.0055248618784530384,0.8769230769230769
Out,0.03700233995914459,0.005525397440868554,0.8769230769230769
Out,0.03703920170664787,0.005525933107125546,0.8769230769230769
Out,0.03704586252570152,0.005526468877254218,0.8769230769230769
Out,0.037059564143419266,0.005527004751284786,0.8769230769230769
Out,0.03707616776227951,0.005527540729247478,0.8769230769230769
Out,0.03708614408969879,0.005528076811172534,0.8769230769230769
Out,0.037118881940841675,0.005528612997090203,0.8769230769230769
Out,0.03715828061103821,0.0055291492870307496,0.8769230769230769
Out,0.037163861095905304,0.005529685681024447,0.8769230769230769
Out,0.03716832399368286,0.005530222179101581,0.8769230769230769
Out,0.037190552800893784,0.005530758781292451,0.8769230769230769
Out,0.037209391593933105,0.005531295487627365,0.8769230769230769
Out,0.037220776081085205,0.005531832298136646,0.8769230769230769
Out,0.03722661733627319,0.005532369212850626,0.8769230769230769
Out,0.037229686975479126,0.00553290623179965,0.8769230769230769
Out,0.037256769835948944,0.005533443355014076,0.8769230769230769
Out,0.037266235798597336,0.005533980582524272,0.8769230769230769
Out,0.03730223327875137,0.005534517914360618,0.8769230769230769
Out,0.03730789199471474,0.005535055350553505,0.8769230769230769
Out,0.037310101091861725,0.00553559289113334,0.8769230769230769
Out,0.03733855485916138,0.005439005439005439,0.8615384615384616
Out,0.03737825155258179,0.005439533754249636,0.8615384615384616
Out,0.037421006709337234,0.00544006217213911,0.8615384615384616
Out,0.037438370287418365,0.005440590692703779,0.8615384615384616
Out,0.037443067878484726,0.005441119315973571,0.8615384615384616
Out,0.037463005632162094,0.005441648041978428,0.8615384615384616
Out,0.03746707737445831,0.005442176870748299,0.8615384615384616
Out,0.03747472167015076,0.00544270580231315,0.8615384615384616
Out,0.03755755349993706,0.005443234836702955,0.8615384615384616
Out,0.037568531930446625,0.005443763973947701,0.8615384615384616
Out,0.03757728636264801,0.005444293214077387,0.8615384615384616
Out,0.03761554881930351,0.005444822557122022,0.8615384615384616
Out,0.03767230361700058,0.0054453520031116295,0.8615384615384616
Out,0.03770621493458748,0.005445881552076242,0.8615384615384616
Out,0.03773549199104309,0.005446411204045905,0.8615384615384616
Out,0.03773762285709381,0.005446940959050676,0.8615384615384616
Out,0.037741340696811676,0.005447470817120622,0.8615384615384616
Out,0.03774293139576912,0.005448000778285825,0.8615384615384616
Out,0.03774324059486389,0.005448530842576377,0.8615384615384616
Out,0.03781857714056969,0.00544906101002238,0.8615384615384616
Out,0.03782489895820618,0.005449591280653951,0.8615384615384616
Out,0.037826936691999435,0.005450121654501217,0.8615384615384616
Out,0.037834469228982925,0.005450652131594316,0.8615384615384616
Out,0.037836652249097824,0.005451182711963399,0.8615384615384616
Out,0.037849076092243195,0.005451713395638629,0.8615384615384616
Out,0.03786085918545723,0.00545224418265018,0.8615384615384616
Out,0.037868984043598175,0.005452775073028238,0.8615384615384616
Out,0.03788096457719803,0.0054533060668029995,0.8615384615384616
Out,0.03793467581272125,0.005453837164004675,0.8615384615384616
Out,0.03795572370290756,0.0054543683646634845,0.8615384615384616
Out,0.038031205534935,0.005454899668809663,0.8615384615384616
Out,0.03805955871939659,0.005455431076473454,0.8615384615384616
Out,0.03805990144610405,0.005455962587685113,0.8615384615384616
Out,0.038069985806941986,0.00545649420247491,0.8615384615384616
Out,0.038074664771556854,0.005457025920873124,0.8615384615384616
Out,0.03811265155673027,0.005360101354643797,0.8461538461538461
Out,0.03811807930469513,0.005360623781676413,0.8461538461538461
Out,0.038126178085803986,0.005361146310556585,0.8461538461538461
Out,0.03812965378165245,0.005361668941314096,0.8461538461538461
Out,0.03813009336590767,0.005362191673978747,0.8461538461538461
Out,0.03813067078590393,0.005362714508580343,0.8461538461538461
Out,0.03813476115465164,0.005363237445148708,0.8461538461538461
Out,0.03814791142940521,0.005363760483713673,0.8461538461538461
Out,0.03816695883870125,0.005364283624305082,0.8461538461538461
Out,0.03816948086023331,0.00536480686695279,0.8461538461538461
Out,0.0381833016872406,0.0052677787532923615,0.8307692307692308
Out,0.03820796683430672,0.00526829268292683,0.8307692307692308
Out,0.038226500153541565,0.005268806712850034,0.8307692307692308
Out,0.03822662681341171,0.005269320843091335,0.8307692307692308
Out,0.038255102932453156,0.005269835073680102,0.8307692307692308
Out,0.03827282413840294,0.005270349404645715,0.8307692307692308
Out,0.038276802748441696,0.005270863836017569,0.8307692307692308
Out,0.03829416632652283,0.005271378367825068,0.8307692307692308
Out,0.03832666948437691,0.005271893000097627,0.8307692307692308
Out,0.038327671587467194,0.005272407732864675,0.8307692307692308
Out,0.038345202803611755,0.005272922566155649,0.8307692307692308
Out,0.03835142403841019,0.0052734375,0.8307692307692308
Out,0.03835885226726532,0.00527395253442719,0.8307692307692308
Out,0.038368355482816696,0.005274467669466693,0.8307692307692308
Out,0.038379400968551636,0.005274982905147992,0.8307692307692308
Out,0.0383850634098053,0.005275498241500586,0.8307692307692308
Out,0.03841496631503105,0.005276013678553982,0.8307692307692308
Out,0.038424983620643616,0.005276529216337698,0.8307692307692308
Out,0.03844045102596283,0.005277044854881266,0.8307692307692308
Out,0.03844615817070007,0.00527756059421423,0.8307692307692308
Out,0.03846658393740654,0.0052780764343661425,0.8307692307692308
Out,0.03846672922372818,0.005278592375366569,0.8307692307692308
Out,0.03847525641322136,0.0051813471502590676,0.8153846153846154
Out,0.03847922757267952,0.005181853734845522,0.8153846153846154
Out,0.038498081266880035,0.005182360418500049,0.8153846153846154
Out,0.03851092979311943,0.005182867201251711,0.8153846153846154
Out,0.038517922163009644,0.005183374083129584,0.8153846153846154
Out,0.03852758929133415,0.0051838810641627545,0.8153846153846154
Out,0.03855600208044052,0.005184388144380319,0.8153846153846154
Out,0.03857201337814331,0.0051848953238113876,0.8153846153846154
Out,0.03857918456196785,0.00518540260248508,0.8153846153846154
Out,0.03861313313245773,0.005185909980430528,0.8153846153846154
Out,0.038645923137664795,0.005186417457676876,0.8153846153846154
Out,0.03865144029259682,0.005186925034253278,0.8153846153846154
Out,0.03865696117281914,0.005187432710188901,0.8153846153846154
Out,0.03866472840309143,0.005187940485512921,0.8153846153846154
Out,0.03868155926465988,0.005188448360254528,0.8153846153846154
Out,0.03874528408050537,0.005188956334442921,0.8153846153846154
Out,0.03874954953789711,0.005189464408107314,0.8153846153846154
Out,0.03875867277383804,0.0051899725812769295,0.8153846153846154
Out,0.03877834230661392,0.005190480853981001,0.8153846153846154
Out,0.038782425224781036,0.005190989226248776,0.8153846153846154
Out,0.03880654275417328,0.005191497698109511,0.8153846153846154
Out,0.03883939981460571,0.005192006269592477,0.8153846153846154
Out,0.038844507187604904,0.005192514940726952,0.8153846153846154
Out,0.038869909942150116,0.00519302371154223,0.8153846153846154
Out,0.0388796404004097,0.0051935325820676136,0.8153846153846154
Out,0.0388818085193634,0.0051940415523324185,0.8153846153846154
Out,0.03888925164937973,0.00519455062236597,0.8153846153846154
Out,0.038901109248399734,0.005195059792197608,0.8153846153846154
Out,0.03890860080718994,0.005195569061856681,0.8153846153846154
Out,0.0389593243598938,0.005196078431372549,0.8153846153846154
Out,0.038968272507190704,0.005196587900774586,0.8153846153846154
Out,0.03897789120674133,0.005197097470092175,0.8153846153846154
Out,0.03901001811027527,0.005197607139354713,0.8153846153846154
Out,0.039036743342876434,0.005198116908591605,0.8153846153846154
Out,0.03904761001467705,0.00519862677783227,0.8153846153846154
Out,0.039060670882463455,0.005199136747106141,0.8153846153846154
Out,0.039074547588825226,0.005199646816442657,0.8153846153846154
Out,0.039078015834093094,0.005200156985871272,0.8153846153846154
Out,0.03909469395875931,0.0052006672554214504,0.8153846153846154
Out,0.039099227637052536,0.005201177625122669,0.8153846153846154
Out,0.039116427302360535,0.005201688095004416,0.8153846153846154
Out,0.03913057968020439,0.0052021986650961916,0.8153846153846154
Out,0.03914131224155426,0.005202709335427506,0.8153846153846154
Out,0.03914333134889603,0.0052032201060278815,0.8153846153846154
Out,0.03915005177259445,0.005203730976926853,0.8153846153846154
Out,0.03915167227387428,0.005204241948153967,0.8153846153846154
Out,0.03915363550186157,0.00520475301973878,0.8153846153846154
Out,0.039208196103572845,0.005205264191710863,0.8153846153846154
Out,0.03922387957572937,0.0052057754640997935,0.8153846153846154
Out,0.039233699440956116,0.005206286836935167,0.8153846153846154
Out,0.039242759346961975,0.005206798310246586,0.8153846153846154
Out,0.039243970066308975,0.005207309884063667,0.8153846153846154
Out,0.03924540802836418,0.005207821558416036,0.8153846153846154
Out,0.03925672173500061,0.005208333333333333,0.8153846153846154
Out,0.039320603013038635,0.005208845208845209,0.8153846153846154
Out,0.03934792801737785,0.005209357184981325,0.8153846153846154
Out,0.03938126564025879,0.005209869261771355,0.8153846153846154
Out,0.03941148892045021,0.005210381439244986,0.8153846153846154
Out,0.03941218554973602,0.0052108937174319145,0.8153846153846154
Out,0.03947380185127258,0.005211406096361848,0.8153846153846154
Out,0.03947754204273224,0.00521191857606451,0.8153846153846154
Out,0.03951338678598404,0.0052124311565696305,0.8153846153846154
Out,0.039577603340148926,0.005212943837906954,0.8153846153846154
Out,0.03957975283265114,0.005213456620106236,0.8153846153846154
Out,0.03960238769650459,0.005213969503197246,0.8153846153846154
Out,0.03962113708257675,0.00521448248720976,0.8153846153846154
Out,0.039627764374017715,0.005214995572173571,0.8153846153846154
Out,0.039631202816963196,0.005215508758118481,0.8153846153846154
Out,0.0396367572247982,0.0052160220450743035,0.8153846153846154
Out,0.03963902220129967,0.005216535433070866,0.8153846153846154
Out,0.03968982398509979,0.005217048922138006,0.8153846153846154
Out,0.03970985859632492,0.005217562512305572,0.8153846153846154
Out,0.03971557319164276,0.005218076203603426,0.8153846153846154
Out,0.039738912135362625,0.005218589996061442,0.8153846153846154
Out,0.03973924368619919,0.005219103889709502,0.8153846153846154
Out,0.039750490337610245,0.005121134528264723,0.8
Out,0.03975129872560501,0.005121638924455826,0.8
Out,0.03976323828101158,0.00512214342001576,0.8
Out,0.03976549953222275,0.005122648014973894,0.8
Out,0.03978005051612854,0.0051231527093596055,0.8
Out,0.039783820509910583,0.005123657503202286,0.8
Out,0.039814405143260956,0.005124162396531336,0.8
Out,0.0398469977080822,0.0051246673893761705,0.8
Out,0.03986130282282829,0.005125172481766214,0.8
Out,0.03988686576485634,0.005125677673730902,0.8
Out,0.03989090770483017,0.005126182965299685,0.8
Out,0.03991341590881348,0.005126688356502021,0.8
Out,0.03991757333278656,0.005127193847367383,0.8
Out,0.039929479360580444,0.005127699437925254,0.8
Out,0.03993472084403038,0.005128205128205128,0.8
Out,0.039957765489816666,0.005128710918236513,0.8
Out,0.039972759783267975,0.0051292168080489245,0.8
Out,0.04001118987798691,0.005129722797671895,0.8
Out,0.04004955291748047,0.005130228887134964,0.8
Out,0.04006161168217659,0.005130735076467686,0.8
Out,0.0400678776204586,0.005131241365699625,0.8
Out,0.04009663686156273,0.005131747754860357,0.8
Out,0.04013071209192276,0.005132254243979471,0.8
Out,0.040156275033950806,0.005132760833086566,0.8
Out,0.04016568884253502,0.005133267522211254,0.8
Out,0.04017997160553932,0.005133774311383157,0.8
Out,0.04018666595220566,0.005134281200631911,0.8
Out,0.04019731283187866,0.005134788189987163,0.8
Out,0.0402178056538105,0.00513529527947857,0.8
Out,0.04022219032049179,0.005135802469135802,0.8
Out,0.04026368632912636,0.005136309758988542,0.8
Out,0.04026520997285843,0.005136817149066482,0.8
Out,0.04027188569307327,0.005137324639399328,0.8
Out,0.04030624032020569,0.005137832230016797,0.8
Out,0.04035405069589615,0.005039525691699605,0.7846153846153846
Out,0.04036520794034004,0.005040023717758672,0.7846153846153846
Out,0.040404126048088074,0.005040521842261316,0.7846153846153846
Out,0.04040617495775223,0.00504102006523673,0.7846153846153846
Out,0.04042530804872513,0.0049426650850138395,0.7692307692307693
Out,0.04043560475111008,0.004943153732081068,0.7692307692307693
Out,0.04046468436717987,0.004943642475776152,0.7692307692307693
Out,0.0404832549393177,0.004944131316127756,0.7692307692307693
Out,0.04048551619052887,0.004944620253164557,0.7692307692307693
Out,0.040527135133743286,0.004846207101176936,0.7538461538461538
Out,0.04055091738700867,0.004846686449060336,0.7538461538461538
Out,0.04056251794099808,0.004847165891779602,0.7538461538461538
Out,0.04056740552186966,0.004847645429362881,0.7538461538461538
Out,0.04058659076690674,0.004749183734045711,0.7384615384615385
Out,0.040611281991004944,0.004749653671086484,0.7384615384615385
Out,0.04062671586871147,0.004750123701138051,0.7384615384615385
Out,0.040640730410814285,0.004750593824228029,0.7384615384615385
Out,0.040675804018974304,0.004751064040384044,0.7384615384615385
Out,0.040688540786504745,0.004751534349633736,0.7384615384615385
Out,0.04072001948952675,0.004752004752004752,0.7384615384615385
Out,0.04072118178009987,0.004752475247524752,0.7384615384615385
Out,0.040771275758743286,0.004752945836221408,0.7384615384615385
Out,0.04082157090306282,0.004753416518122401,0.7384615384615385
Out,0.04085294157266617,0.004753887293255423,0.7384615384615385
Out,0.04085414111614227,0.004754358161648178,0.7384615384615385
Out,0.04086381196975708,0.00475482912332838,0.7384615384615385
Out,0.040870197117328644,0.0047553001783237564,0.7384615384615385
Out,0.040901072323322296,0.004755771326662043,0.7384615384615385
Out,0.04098351299762726,0.004657154181529925,0.7230769230769231
Out,0.04098831117153168,0.004657615697155881,0.7230769230769231
Out,0.040995776653289795,0.0046580773042616454,0.7230769230769231
Out,0.04101351648569107,0.0046585390028744175,0.7230769230769231
Out,0.04101919010281563,0.0046590007930214115,0.7230769230769231
Out,0.041038792580366135,0.004659462674729851,0.7230769230769231
Out,0.0410655252635479,0.004659924648026968,0.7230769230769231
Out,0.041070155799388885,0.00466038671294001,0.7230769230769231
Out,0.04107305034995079,0.0046608488694962315,0.7230769230769231
Out,0.04107717424631119,0.0046613111177229,0.7230769230769231
Out,0.0410982221364975,0.004661773457647293,0.7230769230769231
Out,0.04112900793552399,0.004662235889296697,0.7230769230769231
Out,0.04113131761550903,0.004662698412698413,0.7230769230769231
Out,0.041133154183626175,0.00466316102787975,0.7230769230769231
Out,0.041152872145175934,0.0045643976979559435,0.7076923076923077
Out,0.04115990921854973,0.004564850649995038,0.7076923076923077
Out,0.04116752743721008,0.004565303691941246,0.7076923076923077
Out,0.041176892817020416,0.00456575682382134,0.7076923076923077
Out,0.04120006412267685,0.0045662100456621,0.7076923076923077
Out,0.04121013358235359,0.004566663357490321,0.7076923076923077
Out,0.04121925309300423,0.004567116759332804,0.7076923076923077
Out,0.041292302310466766,0.004567570251216364,0.7076923076923077
Out,0.04130008444190025,0.004568023833167826,0.7076923076923077
Out,0.04131854325532913,0.004568477505214023,0.7076923076923077
Out,0.041329652070999146,0.004568931267381803,0.7076923076923077
Out,0.04133248329162598,0.004569385119698024,0.7076923076923077
Out,0.04135797545313835,0.004569839062189549,0.7076923076923077
Out,0.04137127846479416,0.004570293094883259,0.7076923076923077
Out,0.0413791686296463,0.004471383147853736,0.6923076923076923
Out,0.04139329865574837,0.004471827486832953,0.6923076923076923
Out,0.04146027937531471,0.004472271914132379,0.6923076923076923
Out,0.04147249460220337,0.004472716429778352,0.6923076923076923
Out,0.0414862297475338,0.0044731610337972166,0.6923076923076923
Out,0.04154961183667183,0.0044736057262153295,0.6923076923076923
Out,0.0415867418050766,0.004474050507059057,0.6923076923076923
Out,0.04158740118145943,0.004474495376354777,0.6923076923076923
Out,0.04158803075551987,0.004474940334128878,0.6923076923076923
Out,0.04162074625492096,0.0044753853804077575,0.6923076923076923
Out,0.04166661947965622,0.004475830515217823,0.6923076923076923
Out,0.04169098660349846,0.004476275738585497,0.6923076923076923
Out,0.04174474626779556,0.004476721050537207,0.6923076923076923
Out,0.04175359010696411,0.004477166451099393,0.6923076923076923
Out,0.041767239570617676,0.004477611940298508,0.6923076923076923
Out,0.041781503707170486,0.004478057518161011,0.6923076923076923
Out,0.04186183959245682,0.004478503184713376,0.6923076923076923
Out,0.04187494143843651,0.004478948939982084,0.6923076923076923
Out,0.04192496836185455,0.004479394783993629,0.6923076923076923
Out,0.04197196289896965,0.004479840716774514,0.6923076923076923
Out,0.04198267310857773,0.004480286738351254,0.6923076923076923
Out,0.04199569672346115,0.004480732848750373,0.6923076923076923
Out,0.04200172424316406,0.0044811790479984065,0.6923076923076923
Out,0.042036302387714386,0.0044816253361219,0.6923076923076923
Out,0.042040783911943436,0.004482071713147411,0.6923076923076923
Out,0.04205211624503136,0.004482518179101504,0.6923076923076923
Out,0.042064741253852844,0.004482964734010759,0.6923076923076923
Out,0.04207145422697067,0.004483411377901763,0.6923076923076923
Out,0.042126357555389404,0.004483858110801116,0.6923076923076923
Out,0.04213383421301842,0.004484304932735426,0.6923076923076923
Out,0.04217931255698204,0.0044847518437313135,0.6923076923076923
Out,0.042200036346912384,0.004485198843815409,0.6923076923076923
Out,0.04221348837018013,0.004485645933014354,0.6923076923076923
Out,0.04224522039294243,0.0044860931113548,0.6923076923076923
Out,0.042288631200790405,0.00448654037886341,0.6923076923076923
Out,0.04233279451727867,0.004486987735566856,0.6923076923076923
Out,0.04234658554196358,0.004487435181491823,0.6923076923076923
Out,0.042353201657533646,0.004487882716665005,0.6923076923076923
Out,0.042388949543237686,0.004488330341113106,0.6923076923076923
Out,0.04240074008703232,0.004488778054862843,0.6923076923076923
Out,0.04243144020438194,0.004489225857940942,0.6923076923076923
Out,0.04243510216474533,0.004489673750374139,0.6923076923076923
Out,0.042447566986083984,0.004490121732189184,0.6923076923076923
Out,0.04245472326874733,0.0044905698034128335,0.6923076923076923
Out,0.04245636612176895,0.004491017964071856,0.6923076923076923
Out,0.042479220777750015,0.0044914662141930335,0.6923076923076923
Out,0.04252836853265762,0.004491914553803154,0.6923076923076923
Out,0.042532339692115784,0.004492362982929021,0.6923076923076923
Out,0.042547330260276794,0.004492811501597444,0.6923076923076923
Out,0.04255801439285278,0.0044932601098352475,0.6923076923076923
Out,0.042564403265714645,0.004493708807669263,0.6923076923076923
Out,0.042571377009153366,0.004494157595126336,0.6923076923076923
Out,0.04257235676050186,0.00449460647223332,0.6923076923076923
Out,0.04260826110839844,0.004495055439017081,0.6923076923076923
Out,0.04263453185558319,0.004495504495504496,0.6923076923076923
Out,0.04266603663563728,0.00449595364172245,0.6923076923076923
Out,0.04271162301301956,0.0044964028776978415,0.6923076923076923
Out,0.04271351546049118,0.00449685220345758,0.6923076923076923
Out,0.04274708032608032,0.004497301619028583,0.6923076923076923
Out,0.0427483431994915,0.004497751124437781,0.6923076923076923
Out,0.04278887063264847,0.004498200719712115,0.6923076923076923
Out,0.04280950129032135,0.004498650404878537,0.6923076923076923
Out,0.04284567013382912,0.004499100179964007,0.6923076923076923
Out,0.04285602271556854,0.0044995500449955,0.6923076923076923
Out,0.042856715619564056,0.0045,0.6923076923076923
Out,0.04287755489349365,0.004500450045004501,0.6923076923076923
Out,0.04288170114159584,0.004500900180036007,0.6923076923076923
Out,0.04288983345031738,0.0045013504051215365,0.6923076923076923
Out,0.042915575206279755,0.004501800720288115,0.6923076923076923
Out,0.04292374849319458,0.004502251125562781,0.6923076923076923
Out,0.04293856769800186,0.004502701620972584,0.6923076923076923
Out,0.04296576976776123,0.004503152206544582,0.6923076923076923
Out,0.04297728091478348,0.0045036028823058445,0.6923076923076923
Out,0.04300658032298088,0.004504053648283455,0.6923076923076923
Out,0.04300805181264877,0.0045045045045045045,0.6923076923076923
Out,0.043018948286771774,0.004504955450996096,0.6923076923076923
Out,0.043022505939006805,0.0045054064877853425,0.6923076923076923
Out,0.043105997145175934,0.0045058576148993695,0.6923076923076923
Out,0.043128229677677155,0.004506308832365312,0.6923076923076923
Out,0.043148472905159,0.004506760140210316,0.6923076923076923
Out,0.04317285865545273,0.004507211538461538,0.6923076923076923
Out,0.04318351671099663,0.0045076630271461485,0.6923076923076923
Out,0.04321346804499626,0.004508114606291324,0.6923076923076923
Out,0.043232716619968414,0.004508566275924256,0.6923076923076923
Out,0.043254509568214417,0.0045090180360721445,0.6923076923076923
Out,0.04328714683651924,0.0045094698867622005,0.6923076923076923
Out,0.043368227779865265,0.004509921828021648,0.6923076923076923
Out,0.043426964432001114,0.004510373859877718,0.6923076923076923
Out,0.04344717413187027,0.004510825982357658,0.6923076923076923
Out,0.043461792171001434,0.004511278195488722,0.6923076923076923
Out,0.04348347336053848,0.004511730499298175,0.6923076923076923
Out,0.04348466545343399,0.004512182893813296,0.6923076923076923
Out,0.04348881170153618,0.004512635379061372,0.6923076923076923
Out,0.04350830987095833,0.004513087955069702,0.6923076923076923
Out,0.04350879788398743,0.004513540621865597,0.6923076923076923
Out,0.0435275137424469,0.0045139933794763765,0.6923076923076923
Out,0.043567053973674774,0.004514446227929374,0.6923076923076923
Out,0.04359192028641701,0.004514899167251931,0.6923076923076923
Out,0.04360099881887436,0.004515352197471403,0.6923076923076923
Out,0.04364342242479324,0.004515805318615153,0.6923076923076923
Out,0.04365961253643036,0.004516258530710558,0.6923076923076923
Out,0.043721750378608704,0.004516711833785004,0.6923076923076923
Out,0.04375088959932327,0.00451716522786589,0.6923076923076923
Out,0.04377708584070206,0.004517618712980624,0.6923076923076923
Out,0.04383857548236847,0.004518072289156626,0.6923076923076923
Out,0.043855294585227966,0.004518525956421327,0.6923076923076923
Out,0.043862782418727875,0.004518979714802169,0.6923076923076923
Out,0.04387344792485237,0.004519433564326604,0.6923076923076923
Out,0.043885909020900726,0.004519887505022097,0.6923076923076923
Out,0.04391244426369667,0.0045203415369161224,0.6923076923076923
Out,0.04391688108444214,0.0045207956600361665,0.6923076923076923
Out,0.043927669525146484,0.004521249874409726,0.6923076923076923
Out,0.04393492639064789,0.004521704180064309,0.6923076923076923
Out,0.043962154537439346,0.004522158577027435,0.6923076923076923
Out,0.04400072619318962,0.004522613065326633,0.6923076923076923
Out,0.04402878135442734,0.004523067644989446,0.6923076923076923
Out,0.04404168576002121,0.004523522316043426,0.6923076923076923
Out,0.04404692351818085,0.004523977078516136,0.6923076923076923
Out,0.044051915407180786,0.00452443193243515,0.6923076923076923
Out,0.0440860353410244,0.004524886877828055,0.6923076923076923
Out,0.04409193992614746,0.004525341914722446,0.6923076923076923
Out,0.04411078244447708,0.004525797043145932,0.6923076923076923
Out,0.044114820659160614,0.004526252263126132,0.6923076923076923
Out,0.04413427412509918,0.004526707574690675,0.6923076923076923
Out,0.044178079813718796,0.004527162977867203,0.6923076923076923
Out,0.044208280742168427,0.004527618472683369,0.6923076923076923
Out,0.04427570477128029,0.004528074059166835,0.6923076923076923
Out,0.04427964612841606,0.004528529737345275,0.6923076923076923
Out,0.044294778257608414,0.004528985507246377,0.6923076923076923
Out,0.04430566728115082,0.004529441368897836,0.6923076923076923
Out,0.04436100274324417,0.004529897322327361,0.6923076923076923
Out,0.044379934668540955,0.0045303533675626695,0.6923076923076923
Out,0.044395387172698975,0.004530809504631494,0.6923076923076923
Out,0.04443745315074921,0.004531265733561575,0.6923076923076923
Out,0.044449761509895325,0.004531722054380665,0.6923076923076923
Out,0.044491540640592575,0.004532178467116527,0.6923076923076923
Out,0.04449528455734253,0.004532634971796938,0.6923076923076923
Out,0.04450099915266037,0.004533091568449683,0.6923076923076923
Out,0.04454094544053078,0.004533548257102559,0.6923076923076923
Out,0.04454820975661278,0.004534005037783375,0.6923076923076923
Out,0.04455164447426796,0.004534461910519952,0.6923076923076923
Out,0.04459448903799057,0.004534918875340119,0.6923076923076923
Out,0.04462473466992378,0.004535375932271719,0.6923076923076923
Out,0.04462999850511551,0.004535833081342607,0.6923076923076923
Out,0.04471191391348839,0.0045362903225806455,0.6923076923076923
Out,0.04472693055868149,0.004536747656013711,0.6923076923076923
Out,0.04473590850830078,0.004537205081669692,0.6923076923076923
Out,0.044814515858888626,0.004537662599576484,0.6923076923076923
Out,0.04482763260602951,0.004538120209762001,0.6923076923076923
Out,0.04482778161764145,0.0045385779122541605,0.6923076923076923
Out,0.04486125707626343,0.004539035707080896,0.6923076923076923
Out,0.04486372321844101,0.004438615958841925,0.676923076923077
Out,0.0448722280561924,0.00443906376109766,0.676923076923077
Out,0.044882044196128845,0.004439511653718091,0.676923076923077
Out,0.04488413780927658,0.004439959636730575,0.676923076923077
Out,0.044900864362716675,0.004440407710162479,0.676923076923077
Out,0.04494401067495346,0.0044408558740411785,0.676923076923077
Out,0.04496651887893677,0.0044413041283940646,0.676923076923077
Out,0.04498317465186119,0.004441752473248536,0.676923076923077
Out,0.04498500004410744,0.004442200908632004,0.676923076923077
Out,0.045021265745162964,0.0044426494345718905,0.676923076923077
Out,0.04505760595202446,0.004443098051095627,0.676923076923077
Out,0.04506206512451172,0.00444354675823066,0.676923076923077
Out,0.04508107155561447,0.004443995556004444,0.676923076923077
Out,0.04510128125548363,0.0044444444444444444,0.676923076923077
Out,0.04510224610567093,0.004444893423578139,0.676923076923077
Out,0.04513086378574371,0.004445342493433016,0.676923076923077
Out,0.0451427698135376,0.004445791654036577,0.676923076923077
Out,0.045148711651563644,0.00444624090541633,0.676923076923077
Out,0.045151710510253906,0.004446690247599798,0.676923076923077
Out,0.045196451246738434,0.004447139680614514,0.676923076923077
Out,0.04520206153392792,0.004447589204488022,0.676923076923077
Out,0.04521379619836807,0.004448038819247877,0.676923076923077
Out,0.04522038251161575,0.004448488524921646,0.676923076923077
Out,0.04522377625107765,0.004448938321536906,0.676923076923077
Out,0.04522855952382088,0.004449388209121246,0.676923076923077
Out,0.04524347186088562,0.004449838187702265,0.676923076923077
Out,0.04525486007332802,0.004450288257307576,0.676923076923077
Out,0.045256108045578,0.004450738417964798,0.676923076923077
Out,0.045267317444086075,0.004451188669701568,0.676923076923077
Out,0.045306071639060974,0.004451639012545528,0.676923076923077
Out,0.045309074223041534,0.004452089446524335,0.676923076923077
Out,0.045337945222854614,0.004452539971665654,0.676923076923077
Out,0.045350152999162674,0.004452990587997166,0.676923076923077
Out,0.04536766558885574,0.004453441295546558,0.676923076923077
Out,0.04537258669734001,0.004453892094341533,0.676923076923077
Out,0.04538513720035553,0.004454342984409799,0.676923076923077
Out,0.04539288580417633,0.004454793965779083,0.676923076923077
Out,0.045404382050037384,0.0044552450384771165,0.676923076923077
Out,0.0454060398042202,0.004455696202531645,0.676923076923077
Out,0.04542503505945206,0.004456147457970428,0.676923076923077
Out,0.04542863368988037,0.00445659880482123,0.676923076923077
Out,0.045433156192302704,0.004457050243111832,0.676923076923077
Out,0.04543476924300194,0.004457501772870023,0.676923076923077
Out,0.045435771346092224,0.004457953394123607,0.676923076923077
Out,0.04545949399471283,0.004458405106900395,0.676923076923077
Out,0.0454600527882576,0.0044588569112282124,0.676923076923077
Out,0.045512787997722626,0.004459308807134894,0.676923076923077
Out,0.04551748186349869,0.004459760794648287,0.676923076923077
Out,0.04554486274719238,0.00446021287379625,0.676923076923077
Out,0.045581214129924774,0.004460665044606651,0.676923076923077
Out,0.045586809515953064,0.004461117307107371,0.676923076923077
Out,0.045613475143909454,0.004461569661326303,0.676923076923077
Out,0.04563840106129646,0.00446202210729135,0.676923076923077
Out,0.04563946649432182,0.004462474645030426,0.676923076923077
Out,0.04568035155534744,0.004462927274571458,0.676923076923077
Out,0.045680902898311615,0.0044633799959423815,0.676923076923077
Out,0.045697178691625595,0.004463832809171148,0.676923076923077
Out,0.0457146018743515,0.004464285714285714,0.676923076923077
Out,0.04580019414424896,0.004464738711314054,0.676923076923077
Out,0.04580456763505936,0.004465191800284148,0.676923076923077
Out,0.045814283192157745,0.004465644981223993,0.676923076923077
Out,0.04589209705591202,0.004466098254161592,0.676923076923077
Out,0.04590258374810219,0.004466551619124962,0.676923076923077
Out,0.04594311863183975,0.004467005076142132,0.676923076923077
Out,0.04595230147242546,0.0044674586252411415,0.676923076923077
Out,0.046026185154914856,0.004467912266450041,0.676923076923077
Out,0.04603360965847969,0.004468365999796892,0.676923076923077
Out,0.04604175686836243,0.004468819825309771,0.676923076923077
Out,0.04604227468371391,0.004469273743016759,0.676923076923077
Out,0.04606673866510391,0.004469727752945957,0.676923076923077
Out,0.04606970399618149,0.00447018185512547,0.676923076923077
Out,0.046122100204229355,0.004470636049583418,0.676923076923077
Out,0.04614785313606262,0.004471090336347932,0.676923076923077
Out,0.046155527234077454,0.004471544715447155,0.676923076923077
Out,0.04617831110954285,0.004471999186909239,0.676923076923077
Out,0.04619785398244858,0.00447245375076235,0.676923076923077
Out,0.046209756284952164,0.0043712513977838775,0.6615384615384615
Out,0.04623095691204071,0.004270028466856445,0.6461538461538462
Out,0.04628010466694832,0.004270462633451958,0.6461538461538462
Out,0.046291954815387726,0.004270896888346553,0.6461538461538462
Out,0.04632284492254257,0.004271331231567171,0.6461538461538462
Out,0.04632987082004547,0.004271765663140765,0.6461538461538462
Out,0.04633551836013794,0.0042722001830942935,0.6461538461538462
Out,0.046341847628355026,0.004272634791454731,0.6461538461538462
Out,0.046346478164196014,0.004273069488249059,0.6461538461538462
Out,0.04635562747716904,0.004273504273504274,0.6461538461538462
Out,0.046358622610569,0.004273939147247379,0.6461538461538462
Out,0.04637568071484566,0.0042743741095053935,0.6461538461538462
Out,0.04640752822160721,0.004274809160305344,0.6461538461538462
Out,0.04641927778720856,0.004275244299674267,0.6461538461538462
Out,0.04644692689180374,0.004275679527639214,0.6461538461538462
Out,0.046472884714603424,0.004276114844227245,0.6461538461538462
Out,0.0464739054441452,0.0042765502494654314,0.6461538461538462
Out,0.04648711532354355,0.004276985743380856,0.6461538461538462
Out,0.04649913311004639,0.004277421326000611,0.6461538461538462
Out,0.04650319367647171,0.004277856997351803,0.6461538461538462
Out,0.04651035740971565,0.004278292757461546,0.6461538461538462
Out,0.046547070145606995,0.004278728606356968,0.6461538461538462
Out,0.04657385125756264,0.004279164544065206,0.6461538461538462
Out,0.046588920056819916,0.0042796005706134095,0.6461538461538462
Out,0.0466061569750309,0.004280036686028737,0.6461538461538462
Out,0.04663341864943504,0.004280472890338361,0.6461538461538462
Out,0.04665454477071762,0.004280909183569463,0.6461538461538462
Out,0.046701762825250626,0.004281345565749235,0.6461538461538462
Out,0.04671408236026764,0.004281782036904883,0.6461538461538462
Out,0.04675331711769104,0.004282218597063622,0.6461538461538462
Out,0.04677850753068924,0.004282655246252677,0.6461538461538462
Out,0.04683426022529602,0.004283091984499286,0.6461538461538462
Out,0.04687182232737541,0.004283528811830699,0.6461538461538462
Out,0.04688860848546028,0.004283965728274173,0.6461538461538462
Out,0.04690017178654671,0.004284402733856983,0.6461538461538462
Out,0.04690428823232651,0.004284839828606407,0.6461538461538462
Out,0.046913497149944305,0.0042852770125497396,0.6461538461538462
Out,0.04693816229701042,0.004285714285714286,0.6461538461538462
Out,0.046948157250881195,0.00428615164812736,0.6461538461538462
Out,0.04697583615779877,0.004286589099816289,0.6461538461538462
Out,0.04697909578680992,0.004287026640808411,0.6461538461538462
Out,0.04698050767183304,0.004287464271131074,0.6461538461538462
Out,0.04699940234422684,0.004287901990811639,0.6461538461538462
Out,0.04700632020831108,0.004288339799877476,0.6461538461538462
Out,0.04703117907047272,0.004288777698355968,0.6461538461538462
Out,0.04705667495727539,0.00428921568627451,0.6461538461538462
Out,0.04706047475337982,0.004289653763660505,0.6461538461538462
Out,0.04706379026174545,0.004290091930541369,0.6461538461538462
Out,0.04708116129040718,0.004290530186944529,0.6461538461538462
Out,0.047163646668195724,0.004290968532897425,0.6461538461538462
Out,0.04718608781695366,0.004291406968427506,0.6461538461538462
Out,0.047186341136693954,0.004291845493562232,0.6461538461538462
Out,0.04720015451312065,0.004292284108329075,0.6461538461538462
Out,0.04721544682979584,0.004292722812755519,0.6461538461538462
Out,0.04721936956048012,0.004293161606869059,0.6461538461538462
Out,0.047238633036613464,0.004293600490697199,0.6461538461538462
Out,0.04724887013435364,0.004294039464267457,0.6461538461538462
Out,0.04725451394915581,0.004294478527607362,0.6461538461538462
Out,0.047261811792850494,0.004294917680744453,0.6461538461538462
Out,0.04726777598261833,0.004295356923706279,0.6461538461538462
Out,0.04727080464363098,0.004295796256520405,0.6461538461538462
Out,0.04727775976061821,0.004296235679214402,0.6461538461538462
Out,0.047280944883823395,0.004296675191815856,0.6461538461538462
Out,0.04733411967754364,0.004297114794352364,0.6461538461538462
Out,0.04737473279237747,0.00429755448685153,0.6461538461538462
Out,0.04740407317876816,0.004297994269340974,0.6461538461538462
Out,0.047420863062143326,0.004298434141848327,0.6461538461538462
Out,0.04744008183479309,0.004298874104401228,0.6461538461538462
Out,0.04744897410273552,0.0042993141570273315,0.6461538461538462
Out,0.04745398461818695,0.0042997542997543,0.6461538461538462
Out,0.0475250706076622,0.004300194532609809,0.6461538461538462
Out,0.04754481464624405,0.004300634855621544,0.6461538461538462
Out,0.04755362495779991,0.004301075268817204,0.6461538461538462
Out,0.04761678725481033,0.0043015157722244984,0.6461538461538462
Out,0.04765041545033455,0.004301956365871146,0.6461538461538462
Out,0.047668371349573135,0.0043023970497848806,0.6461538461538462
Out,0.047674648463726044,0.004302837823993443,0.6461538461538462
Out,0.04767977073788643,0.00430327868852459,0.6461538461538462
Out,0.047746069729328156,0.004303719643406086,0.6461538461538462
Out,0.04775666072964668,0.00430416068866571,0.6461538461538462
Out,0.047779474407434464,0.004304601824331249,0.6461538461538462
Out,0.04778913035988808,0.004305043050430504,0.6461538461538462
Out,0.047812819480895996,0.004305484366991286,0.6461538461538462
Out,0.04788869246840477,0.004305925774041419,0.6461538461538462
Out,0.04791093245148659,0.004306367271608736,0.6461538461538462
Out,0.04792730510234833,0.004306808859721083,0.6461538461538462
Out,0.04795181006193161,0.004307250538406317,0.6461538461538462
Out,0.0479876846075058,0.0043076923076923075,0.6461538461538462
Out,0.04799322411417961,0.004308134167606934,0.6461538461538462
Out,0.04799463599920273,0.004308576118178088,0.6461538461538462
Out,0.048030365258455276,0.0043090181594336715,0.6461538461538462
Out,0.048030786216259,0.004309460291401601,0.6461538461538462
Out,0.048106350004673004,0.0043099025141098,0.6461538461538462
Out,0.04812464863061905,0.004310344827586207,0.6461538461538462
Out,0.048193007707595825,0.00431078723185877,0.6461538461538462
Out,0.04819352924823761,0.0043112297269554505,0.6461538461538462
Out,0.04819757118821144,0.004311672312904219,0.6461538461538462
Out,0.0482243187725544,0.00431211498973306,0.6461538461538462
Out,0.048239946365356445,0.004312557757469966,0.6461538461538462
Out,0.04826539009809494,0.004313000616142945,0.6461538461538462
Out,0.048267997801303864,0.004313443565780014,0.6461538461538462
Out,0.04831932112574577,0.004313886606409203,0.6461538461538462
Out,0.04833751916885376,0.004314329738058551,0.6461538461538462
Out,0.04840724170207977,0.004314772960756112,0.6461538461538462
Out,0.04841727390885353,0.004315216274529949,0.6461538461538462
Out,0.0484284982085228,0.004315659679408138,0.6461538461538462
Out,0.04843881353735924,0.0043161031754187645,0.6461538461538462
Out,0.04848586395382881,0.004316546762589928,0.6461538461538462
Out,0.04848736897110939,0.004316990440949738,0.6461538461538462
Out,0.04849643260240555,0.004317434210526316,0.6461538461538462
Out,0.04852587729692459,0.004317878071347795,0.6461538461538462
Out,0.04859428107738495,0.00431832202344232,0.6461538461538462
Out,0.04859915375709534,0.004318766066838046,0.6461538461538462
Out,0.0486002191901207,0.0043192102015631425,0.6461538461538462
Out,0.04861384257674217,0.004319654427645789,0.6461538461538462
Out,0.048642806708812714,0.004320098745114174,0.6461538461538462
Out,0.04868921637535095,0.004320543153996503,0.6461538461538462
Out,0.048796646296978,0.004320987654320987,0.6461538461538462
Out,0.048866987228393555,0.004321432246115855,0.6461538461538462
Out,0.048874564468860626,0.004321876929409343,0.6461538461538462
Out,0.04897899553179741,0.0043223217042297,0.6461538461538462
Out,0.04899143800139427,0.004322766570605188,0.6461538461538462
Out,0.04899881035089493,0.004323211528564077,0.6461538461538462
Out,0.04901731386780739,0.004323656578134651,0.6461538461538462
Out,0.04903840273618698,0.004324101719345208,0.6461538461538462
Out,0.04907093197107315,0.0043245469522240525,0.6461538461538462
Out,0.049084149301052094,0.004324992276799506,0.6461538461538462
Out,0.04909146577119827,0.004325437693099897,0.6461538461538462
Out,0.049108244478702545,0.004325883201153569,0.6461538461538462
Out,0.04911620169878006,0.004326328800988875,0.6461538461538462
Out,0.0491497628390789,0.004326774492634181,0.6461538461538462
Out,0.04916314780712128,0.004327220276117865,0.6461538461538462
Out,0.04916992411017418,0.004327666151468315,0.6461538461538462
Out,0.049177978187799454,0.004328112118713932,0.6461538461538462
Out,0.04917919635772705,0.004328558177883129,0.6461538461538462
Out,0.04919971153140068,0.004329004329004329,0.6461538461538462
Out,0.049202967435121536,0.004329450572105969,0.6461538461538462
Out,0.049214985221624374,0.004329896907216495,0.6461538461538462
Out,0.049217477440834045,0.004330343334364367,0.6461538461538462
Out,0.04923125356435776,0.004330789853578057,0.6461538461538462
Out,0.04928118735551834,0.004331236464886048,0.6461538461538462
Out,0.04928234592080116,0.004331683168316832,0.6461538461538462
Out,0.0492885448038578,0.004332129963898917,0.6461538461538462
Out,0.04935050755739212,0.004332576851660821,0.6461538461538462
Out,0.04936355724930763,0.004333023831631074,0.6461538461538462
Out,0.04937659949064255,0.004333470903838217,0.6461538461538462
Out,0.04941322281956673,0.004333918068310804,0.6461538461538462
Out,0.04945802688598633,0.0043343653250774,0.6461538461538462
Out,0.049462173134088516,0.004334812674166581,0.6461538461538462
Out,0.04947206377983093,0.004335260115606936,0.6461538461538462
Out,0.049499861896038055,0.004335707649427067,0.6461538461538462
Out,0.04954112321138382,0.0043361552756555856,0.6461538461538462
Out,0.04956629499793053,0.004336602994321115,0.6461538461538462
Out,0.0495816133916378,0.004337050805452293,0.6461538461538462
Out,0.049642547965049744,0.004337498709077765,0.6461538461538462
Out,0.04964343458414078,0.004337946705226193,0.6461538461538462
Out,0.0496489480137825,0.004338394793926247,0.6461538461538462
Out,0.049684569239616394,0.0043388429752066115,0.6461538461538462
Out,0.0496867299079895,0.004339291249095981,0.6461538461538462
Out,0.0497409850358963,0.0043397396156230625,0.6461538461538462
Out,0.04979272931814194,0.004340188074816576,0.6461538461538462
Out,0.049817491322755814,0.00434063662670525,0.6461538461538462
Out,0.04983741417527199,0.004341085271317829,0.6461538461538462
Out,0.049912989139556885,0.004341534008683068,0.6461538461538462
Out,0.04992331936955452,0.0043419828388297325,0.6461538461538462
Out,0.04995296522974968,0.004342431761786601,0.6461538461538462
Out,0.05000166594982147,0.004342880777582463,0.6461538461538462
Out,0.05004920810461044,0.0043433298862461224,0.6461538461538462
Out,0.050077032297849655,0.004343779087806391,0.6461538461538462
Out,0.05014587566256523,0.004344228382292098,0.6461538461538462
Out,0.050194889307022095,0.004344677769732078,0.6461538461538462
Out,0.05019700899720192,0.004345127250155183,0.6461538461538462
Out,0.050251614302396774,0.004345576823590274,0.6461538461538462
Out,0.050284113734960556,0.004346026490066225,0.6461538461538462
Out,0.050293996930122375,0.004346476249611922,0.6461538461538462
Out,0.05033380165696144,0.004346926102256262,0.6461538461538462
Out,0.050350621342659,0.004347376048028154,0.6461538461538462
Out,0.05035676807165146,0.004347826086956522,0.6461538461538462
Out,0.05037382245063782,0.004348276219070297,0.6461538461538462
Out,0.050401367247104645,0.004348726444398426,0.6461538461538462
Out,0.05043753609061241,0.004349176762969867,0.6461538461538462
Out,0.05045437812805176,0.004349627174813587,0.6461538461538462
Out,0.05049699917435646,0.00435007767995857,0.6461538461538462
Out,0.05050777643918991,0.00435052827843381,0.6461538461538462
Out,0.0505477711558342,0.00435097897026831,0.6461538461538462
Out,0.05057217925786972,0.00435142975549109,0.6461538461538462
Out,0.050583962351083755,0.004351880634131178,0.6461538461538462
Out,0.05061505734920502,0.004352331606217617,0.6461538461538462
Out,0.05063595250248909,0.004352782671779459,0.6461538461538462
Out,0.050637196749448776,0.004353233830845771,0.6461538461538462
Out,0.050668008625507355,0.004353685083445631,0.6461538461538462
Out,0.05068618059158325,0.0043541364296081275,0.6461538461538462
Out,0.05075255408883095,0.004354587869362364,0.6461538461538462
Out,0.050771813839673996,0.004355039402737453,0.6461538461538462
Out,0.05084718391299248,0.004355491029762522,0.6461538461538462
Out,0.0508587621152401,0.0043559427504667085,0.6461538461538462
Out,0.050883837044239044,0.004356394564879162,0.6461538461538462
Out,0.05092688277363777,0.004356846473029046,0.6461538461538462
Out,0.05093945935368538,0.004357298474945534,0.6461538461538462
Out,0.050950296223163605,0.004357750570657813,0.6461538461538462
Out,0.05112248659133911,0.004358202760195082,0.6461538461538462
Out,0.051124151796102524,0.0043586550435865505,0.6461538461538462
Out,0.05115003511309624,0.004359107420861443,0.6461538461538462
Out,0.05115499347448349,0.0043595598920489935,0.6461538461538462
Out,0.05115720257163048,0.004360012457178449,0.6461538461538462
Out,0.05116629600524902,0.00436046511627907,0.6461538461538462
Out,0.051184866577386856,0.004360917869380127,0.6461538461538462
Out,0.05118732154369354,0.004361370716510903,0.6461538461538462
Out,0.0512363463640213,0.004361823657700696,0.6461538461538462
Out,0.05126241594552994,0.0043622766929788115,0.6461538461538462
Out,0.051273591816425323,0.004362729822374571,0.6461538461538462
Out,0.05132955685257912,0.004363183045917307,0.6461538461538462
Out,0.05133628100156784,0.004363636363636364,0.6461538461538462
Out,0.05135743319988251,0.004364089775561097,0.6461538461538462
Out,0.05135757848620415,0.004364543281720877,0.6461538461538462
Out,0.051374390721321106,0.004364996882145084,0.6461538461538462
Out,0.0513775460422039,0.004365450576863112,0.6461538461538462
Out,0.051378652453422546,0.004365904365904366,0.6461538461538462
Out,0.05141562595963478,0.004366358249298264,0.6461538461538462
Out,0.051417626440525055,0.004366812227074236,0.6461538461538462
Out,0.05143330618739128,0.004367266299261724,0.6461538461538462
Out,0.051435116678476334,0.004367720465890183,0.6461538461538462
Out,0.051524944603443146,0.00436817472698908,0.6461538461538462
Out,0.05154340714216232,0.004368629082587893,0.6461538461538462
Out,0.051652148365974426,0.004369083532716114,0.6461538461538462
Out,0.05165482312440872,0.004369538077403246,0.6461538461538462
Out,0.05165892094373703,0.004369992716678805,0.6461538461538462
Out,0.05167258903384209,0.00437044745057232,0.6461538461538462
Out,0.05168074741959572,0.004370902279113331,0.6461538461538462
Out,0.051694415509700775,0.0043713572023313906,0.6461538461538462
Out,0.05180414021015167,0.0043718122202560635,0.6461538461538462
Out,0.051810745149850845,0.004372267332916927,0.6461538461538462
Out,0.05188275873661041,0.004372722540343571,0.6461538461538462
Out,0.05188402161002159,0.004373177842565598,0.6461538461538462
Out,0.05191223323345184,0.0043736332396126214,0.6461538461538462
Out,0.05192512273788452,0.0043740887315142675,0.6461538461538462
Out,0.051947154104709625,0.004374544318300177,0.6461538461538462
Out,0.051963433623313904,0.004375,0.6461538461538462
Out,0.05198442190885544,0.0043754557766434,0.6461538461538462
Out,0.052035678178071976,0.004375911648260054,0.6461538461538462
Out,0.052054908126592636,0.00437636761487965,0.6461538461538462
Out,0.052155327051877975,0.004376823676531888,0.6461538461538462
Out,0.05216321721673012,0.004377279833246483,0.6461538461538462
Out,0.05218440294265747,0.004377736085053158,0.6461538461538462
Out,0.05223811790347099,0.004378192431981653,0.6461538461538462
Out,0.05226988345384598,0.004378648874061718,0.6461538461538462
Out,0.052276305854320526,0.004379105411323116,0.6461538461538462
Out,0.052346404641866684,0.004379562043795621,0.6461538461538462
Out,0.05240844935178757,0.004380018771509021,0.6461538461538462
Out,0.05245743691921234,0.004380475594493116,0.6461538461538462
Out,0.05248432606458664,0.00438093251277772,0.6461538461538462
Out,0.0525142177939415,0.004381389526392656,0.6461538461538462
Out,0.05254717171192169,0.004381846635367762,0.6461538461538462
Out,0.052633628249168396,0.004382303839732888,0.6461538461538462
Out,0.05265431851148605,0.004382761139517896,0.6461538461538462
Out,0.05266661196947098,0.004383218534752661,0.6461538461538462
Out,0.052691709250211716,0.00438367602546707,0.6461538461538462
Out,0.05275150015950203,0.004384133611691023,0.6461538461538462
Out,0.052778929471969604,0.004384591293454432,0.6461538461538462
Out,0.05278526246547699,0.004385049070787221,0.6461538461538462
Out,0.05280054360628128,0.0043855069437193275,0.6461538461538462
Out,0.05280477926135063,0.0043859649122807015,0.6461538461538462
Out,0.05282179266214371,0.004386422976501305,0.6461538461538462
Out,0.0528540313243866,0.004386881136411114,0.6461538461538462
Out,0.052975937724113464,0.004387339392040113,0.6461538461538462
Out,0.05300242453813553,0.004387797743418303,0.6461538461538462
Out,0.05306216701865196,0.004388256190575698,0.6461538461538462
Out,0.05315136909484863,0.00438871473354232,0.6461538461538462
Out,0.05315522849559784,0.0043891733723482075,0.6461538461538462
Out,0.05322783812880516,0.004389632107023411,0.6461538461538462
Out,0.05325073376297951,0.004390090937597993,0.6461538461538462
Out,0.053258590400218964,0.004390549864102028,0.6461538461538462
Out,0.05327094718813896,0.004391008886565604,0.6461538461538462
Out,0.05328618735074997,0.00439146800501882,0.6461538461538462
Out,0.05331582948565483,0.004391927219491791,0.6461538461538462
Out,0.053334422409534454,0.004392386530014641,0.6461538461538462
Out,0.0533892847597599,0.004392845936617509,0.6461538461538462
Out,0.05343155190348625,0.004393305439330544,0.6461538461538462
Out,0.053470365703105927,0.00439376503818391,0.6461538461538462
Out,0.053491830825805664,0.004394224733207784,0.6461538461538462
Out,0.05352223664522171,0.004394684524432353,0.6461538461538462
Out,0.053574372082948685,0.004395144411887819,0.6461538461538462
Out,0.053600095212459564,0.004395604395604396,0.6461538461538462
Out,0.053609877824783325,0.004396064475612309,0.6461538461538462
Out,0.053642407059669495,0.004396524651941798,0.6461538461538462
Out,0.05365303158760071,0.0043969849246231155,0.6461538461538462
Out,0.05368821695446968,0.004397445293686525,0.6461538461538462
Out,0.053762052208185196,0.004397905759162304,0.6461538461538462
Out,0.05380406975746155,0.004398366321080742,0.6461538461538462
Out,0.05382808670401573,0.004398826979472141,0.6461538461538462
Out,0.05383238196372986,0.0043992877343668165,0.6461538461538462
Out,0.053837791085243225,0.0043997485857950975,0.6461538461538462
Out,0.0538511723279953,0.004400209533787323,0.6461538461538462
Out,0.05386888235807419,0.004400670578373848,0.6461538461538462
Out,0.05392899736762047,0.0044011317195850365,0.6461538461538462
Out,0.05397109314799309,0.004401592957451268,0.6461538461538462
Out,0.053971633315086365,0.004402054292002935,0.6461538461538462
Out,0.05404232069849968,0.00440251572327044,0.6461538461538462
Out,0.054058268666267395,0.0044029772512842015,0.6461538461538462
Out,0.0540907196700573,0.0044034388760746486,0.6461538461538462
Out,0.05411522462964058,0.004403900597672224,0.6461538461538462
Out,0.05412709712982178,0.004404362416107382,0.6461538461538462
Out,0.05423187464475632,0.0044048243314105924,0.6461538461538462
Out,0.05430082231760025,0.004405286343612335,0.6461538461538462
Out,0.05430439114570618,0.004405748452743103,0.6461538461538462
Out,0.05436570942401886,0.0044062106588334034,0.6461538461538462
Out,0.054372914135456085,0.004406672961913755,0.6461538461538462
Out,0.05440244823694229,0.00440713536201469,0.6461538461538462
Out,0.05445374548435211,0.004407597859166754,0.6461538461538462
Out,0.05449856072664261,0.004408060453400504,0.6461538461538462
Out,0.05453065410256386,0.00440852314474651,0.6461538461538462
Out,0.054564930498600006,0.004408985933235356,0.6461538461538462
Out,0.054582178592681885,0.004409448818897638,0.6461538461538462
Out,0.054593272507190704,0.004409911801763965,0.6461538461538462
Out,0.05460640788078308,0.0044103748818649586,0.6461538461538462
Out,0.0546257421374321,0.004410838059231254,0.6461538461538462
Out,0.05464284121990204,0.004411301333893498,0.6461538461538462
Out,0.054692696779966354,0.004411764705882353,0.6461538461538462
Out,0.054732829332351685,0.00441222817522849,0.6461538461538462
Out,0.054753586649894714,0.004412691741962597,0.6461538461538462
Out,0.05481799691915512,0.0044131554061153724,0.6461538461538462
Out,0.05482278764247894,0.004413619167717529,0.6461538461538462
Out,0.05484159290790558,0.00441408302679979,0.6461538461538462
Out,0.05485253408551216,0.004414546983392895,0.6461538461538462
Out,0.0548824667930603,0.004415011037527594,0.6461538461538462
Out,0.05491089075803757,0.004415475189234651,0.6461538461538462
Out,0.054954901337623596,0.004415939438544843,0.6461538461538462
Out,0.054976437240839005,0.004416403785488959,0.6461538461538462
Out,0.055023495107889175,0.004416868230097802,0.6461538461538462
Out,0.055058762431144714,0.004417332772402188,0.6461538461538462
Out,0.05507979542016983,0.004417797412432944,0.6461538461538462
Out,0.05522644519805908,0.004418262150220913,0.6461538461538462
Out,0.05523941293358803,0.004418726985796949,0.6461538461538462
Out,0.055242717266082764,0.004419191919191919,0.6461538461538462
Out,0.055279362946748734,0.004419656950436704,0.6461538461538462
Out,0.05532453581690788,0.004420122079562197,0.6461538461538462
Out,0.05534851923584938,0.004420587306599305,0.6461538461538462
Out,0.0553540363907814,0.004421052631578947,0.6461538461538462
Out,0.055356621742248535,0.004421518054532056,0.6461538461538462
Out,0.05539243668317795,0.004421983575489577,0.6461538461538462
Out,0.05539340153336525,0.0044224491944824685,0.6461538461538462
Out,0.05540284514427185,0.0044229149115417015,0.6461538461538462
Out,0.05546913295984268,0.0044233807266982625,0.6461538461538462
Out,0.05547603219747543,0.004423846639983148,0.6461538461538462
Out,0.055491745471954346,0.0044243126514273675,0.6461538461538462
Out,0.05550112575292587,0.004424778761061947,0.6461538461538462
Out,0.05551644787192345,0.0044252449689179225,0.6461538461538462
Out,0.05552428588271141,0.004425711275026343,0.6461538461538462
Out,0.05556304752826691,0.004426177679418274,0.6461538461538462
Out,0.05557020753622055,0.00442664418212479,0.6461538461538462
Out,0.0555807426571846,0.004427110783176979,0.6461538461538462
Out,0.05559130385518074,0.004427577482605946,0.6461538461538462
Out,0.05561921000480652,0.004428044280442804,0.6461538461538462
Out,0.05569223687052727,0.004428511176718684,0.6461538461538462
Out,0.055708080530166626,0.004428978171464726,0.6461538461538462
Out,0.05570998042821884,0.004429445264712086,0.6461538461538462
Out,0.055716611444950104,0.004429912456491931,0.6461538461538462
Out,0.0557565800845623,0.004430379746835443,0.6461538461538462
Out,0.05581854656338692,0.004430847135773816,0.6461538461538462
Out,0.055845558643341064,0.004431314623338257,0.6461538461538462
Out,0.055856212973594666,0.004431782209559987,0.6461538461538462
Out,0.05586600676178932,0.004432249894470241,0.6461538461538462
Out,0.05586865544319153,0.0044327176781002635,0.6461538461538462
Out,0.05589733645319939,0.004433185560481318,0.6461538461538462
Out,0.05599276348948479,0.0044336535416446745,0.6461538461538462
Out,0.05605330690741539,0.0044341216216216214,0.6461538461538462
Out,0.05605398118495941,0.004434589800443459,0.6461538461538462
Out,0.056071072816848755,0.0044350580781415,0.6461538461538462
Out,0.05607971176505089,0.004435526454747069,0.6461538461538462
Out,0.05609038844704628,0.004435994930291508,0.6461538461538462
Out,0.05609569698572159,0.004436463504806169,0.6461538461538462
Out,0.056130409240722656,0.004436932178322417,0.6461538461538462
Out,0.056138232350349426,0.0044374009508716325,0.6461538461538462
Out,0.05615190789103508,0.004437869822485207,0.6461538461538462
Out,0.0562017448246479,0.004438338793194547,0.6461538461538462
Out,0.05623416602611542,0.004438807863031071,0.6461538461538462
Out,0.0562865287065506,0.0044392770320262126,0.6461538461538462
Out,0.05634140968322754,0.004439746300211416,0.6461538461538462
Out,0.05634864419698715,0.004440215667618141,0.6461538461538462
Out,0.05635804310441017,0.00444068513427786,0.6461538461538462
Out,0.056359048932790756,0.0044411547002220575,0.6461538461538462
Out,0.056377459317445755,0.004441624365482234,0.6461538461538462
Out,0.05641121044754982,0.0044420941300898995,0.6461538461538462
Out,0.056416042149066925,0.0044425639940765815,0.6461538461538462
Out,0.056422606110572815,0.004443033957473818,0.6461538461538462
Out,0.05646248161792755,0.004443504020313161,0.6461538461538462
Out,0.056535929441452026,0.004443974182626177,0.6461538461538462
Out,0.056555211544036865,0.0044444444444444444,0.6461538461538462
Out,0.056585658341646194,0.004444914805799556,0.6461538461538462
Out,0.056622736155986786,0.004445385266723116,0.6461538461538462
Out,0.0566670186817646,0.004445855827246745,0.6461538461538462
Out,0.05667249485850334,0.004340461571035359,0.6307692307692307
Out,0.05670345574617386,0.004340921122286925,0.6307692307692307
Out,0.05675315484404564,0.004341380770859805,0.6307692307692307
Out,0.05678935721516609,0.00434184051678492,0.6307692307692307
Out,0.056856345385313034,0.0043423003600932,0.6307692307692307
Out,0.05688890442252159,0.004342760300815591,0.6307692307692307
Out,0.05689435452222824,0.004343220338983051,0.6307692307692307
Out,0.05691921338438988,0.00434368047462655,0.6307692307692307
Out,0.0570249930024147,0.004344140707777071,0.6307692307692307
Out,0.05706289783120155,0.004344601038465614,0.6307692307692307
Out,0.05713685601949692,0.004345061466723188,0.6307692307692307
Out,0.057167258113622665,0.004345521992580816,0.6307692307692307
Out,0.05717969685792923,0.004345982616069536,0.6307692307692307
Out,0.05718396604061127,0.004346443337220397,0.6307692307692307
Out,0.057188257575035095,0.004346904156064461,0.6307692307692307
Out,0.05720704793930054,0.004347365072632807,0.6307692307692307
Out,0.057268038392066956,0.004347826086956522,0.6307692307692307
Out,0.05728704854846001,0.0043482871990667095,0.6307692307692307
Out,0.05730485916137695,0.0043487484089944845,0.6307692307692307
Out,0.057333748787641525,0.004349209716770977,0.6307692307692307
Out,0.05734025314450264,0.004349671122427329,0.6307692307692307
Out,0.057341448962688446,0.004350132625994695,0.6307692307692307
Out,0.05735410749912262,0.004350594227504245,0.6307692307692307
Out,0.05745137482881546,0.004351055926987159,0.6307692307692307
Out,0.057527512311935425,0.004351517724474634,0.6307692307692307
Out,0.05760191008448601,0.0043519796199978774,0.6307692307692307
Out,0.05762682855129242,0.00435244161358811,0.6307692307692307
Out,0.05767997354269028,0.004352903705276569,0.6307692307692307
Out,0.057699624449014664,0.0043533658950945,0.6307692307692307
Out,0.057728804647922516,0.004353828183073166,0.6307692307692307
Out,0.05777658894658089,0.004354290569243841,0.6307692307692307
Out,0.057828638702631,0.004354753053637812,0.6307692307692307
Out,0.05783729627728462,0.004355215636286382,0.6307692307692307
Out,0.0578862801194191,0.004355678317220865,0.6307692307692307
Out,0.05789071321487427,0.004356141096472589,0.6307692307692307
Out,0.0578947439789772,0.004356603974072893,0.6307692307692307
Out,0.05791094899177551,0.004357066950053135,0.6307692307692307
Out,0.057961419224739075,0.004357530024444681,0.6307692307692307
Out,0.057989344000816345,0.004357993197278911,0.6307692307692307
Out,0.05800216645002365,0.004358456468587222,0.6307692307692307
Out,0.05802102014422417,0.004358919838401021,0.6307692307692307
Out,0.05802883207798004,0.004359383306751728,0.6307692307692307
Out,0.058046698570251465,0.004359846873670779,0.6307692307692307
Out,0.05806349217891693,0.00436031053918962,0.6307692307692307
Out,0.05810464918613434,0.004360774303339715,0.6307692307692307
Out,0.05811440199613571,0.004361238166152537,0.6307692307692307
Out,0.05816341191530228,0.004361702127659574,0.6307692307692307
Out,0.05819616839289665,0.004362166187892329,0.6307692307692307
Out,0.058196842670440674,0.0043626303468823156,0.6307692307692307
Out,0.05821891129016876,0.004363094604661062,0.6307692307692307
Out,0.05823209136724472,0.004363558961260111,0.6307692307692307
Out,0.058232810348272324,0.004364023416711016,0.6307692307692307
Out,0.058257147669792175,0.0043644879710453485,0.6307692307692307
Out,0.058269161731004715,0.004364952624294687,0.6307692307692307
Out,0.05827287957072258,0.00436541737649063,0.6307692307692307
Out,0.058285631239414215,0.004365882227664785,0.6307692307692307
Out,0.05831614136695862,0.004366347177848775,0.6307692307692307
Out,0.058334123343229294,0.004366812227074236,0.6307692307692307
Out,0.058362603187561035,0.004367277375372816,0.6307692307692307
Out,0.05836956948041916,0.0043677426227761796,0.6307692307692307
Out,0.05837787315249443,0.004368207969316002,0.6307692307692307
Out,0.05842282623052597,0.004368673415023974,0.6307692307692307
Out,0.05854252725839615,0.004369138959931799,0.6307692307692307
Out,0.05855986103415489,0.004369604604071192,0.6307692307692307
Out,0.05856633186340332,0.004370070347473886,0.6307692307692307
Out,0.05856712907552719,0.004370536190171624,0.6307692307692307
Out,0.05856729671359062,0.004371002132196162,0.6307692307692307
Out,0.05861733853816986,0.004371468173579273,0.6307692307692307
Out,0.058633968234062195,0.00437193431435274,0.6307692307692307
Out,0.058647267520427704,0.004372400554548363,0.6307692307692307
Out,0.05880838632583618,0.004372866894197952,0.6307692307692307
Out,0.05882919579744339,0.004373333333333333,0.6307692307692307
Out,0.058875925838947296,0.004373799871986345,0.6307692307692307
Out,0.058889277279376984,0.00437426651018884,0.6307692307692307
Out,0.0589430034160614,0.0043747332479726845,0.6307692307692307
Out,0.058981090784072876,0.004375200085369757,0.6307692307692307
Out,0.05905364453792572,0.004375667022411953,0.6307692307692307
Out,0.05909377336502075,0.004376134059131178,0.6307692307692307
Out,0.059100523591041565,0.004376601195559351,0.6307692307692307
Out,0.05913294851779938,0.004377068431728408,0.6307692307692307
Out,0.05913994833827019,0.004377535767670297,0.6307692307692307
Out,0.05915628746151924,0.004378003203416978,0.6307692307692307
Out,0.05918469280004501,0.0043784707390004275,0.6307692307692307
Out,0.05919725447893143,0.004378938374452633,0.6307692307692307
Out,0.059221431612968445,0.0043794061098055975,0.6307692307692307
Out,0.05929656699299812,0.004379873945091336,0.6307692307692307
Out,0.05933089554309845,0.00438034188034188,0.6307692307692307
Out,0.0593314990401268,0.004380809915589272,0.6307692307692307
Out,0.05936504155397415,0.004381278050865569,0.6307692307692307
Out,0.05939469113945961,0.004381746286202842,0.6307692307692307
Out,0.05943102389574051,0.004382214621633177,0.6307692307692307
Out,0.0594848208129406,0.004382683057188669,0.6307692307692307
Out,0.059495218098163605,0.004383151592901433,0.6307692307692307
Out,0.05950898304581642,0.004383620228803593,0.6307692307692307
Out,0.059538502246141434,0.004384088964927289,0.6307692307692307
Out,0.05955928564071655,0.0043845578013046735,0.6307692307692307
Out,0.059562187641859055,0.004385026737967914,0.6307692307692307
Out,0.059579573571681976,0.004385495774949192,0.6307692307692307
Out,0.05964671075344086,0.0043859649122807015,0.6307692307692307
Out,0.059703998267650604,0.004386434149994651,0.6307692307692307
Out,0.0597502738237381,0.004386903488123262,0.6307692307692307
Out,0.059753306210041046,0.004387372926698769,0.6307692307692307
Out,0.059757497161626816,0.004387842465753425,0.6307692307692307
Out,0.059758514165878296,0.00438831210531949,0.6307692307692307
Out,0.059829264879226685,0.004388781845429244,0.6307692307692307
Out,0.059853553771972656,0.004389251686114977,0.6307692307692307
Out,0.059867557138204575,0.004389721627408994,0.6307692307692307
Out,0.059871748089790344,0.0043901916693436125,0.6307692307692307
Out,0.059876564890146255,0.0043906618119511675,0.6307692307692307
Out,0.05987735092639923,0.004391132055264003,0.6307692307692307
Out,0.059895824640989304,0.004391602399314481,0.6307692307692307
Out,0.05993349105119705,0.004392072844134976,0.6307692307692307
Out,0.05996798723936081,0.004392543389757874,0.6307692307692307
Out,0.060007333755493164,0.004393014036215579,0.6307692307692307
Out,0.06001092866063118,0.0043934847835405055,0.6307692307692307
Out,0.06001947075128555,0.004393955631765084,0.6307692307692307
Out,0.060045596212148666,0.004394426580921758,0.6307692307692307
Out,0.06006026268005371,0.004394897631042984,0.6307692307692307
Out,0.060071349143981934,0.004395368782161235,0.6307692307692307
Out,0.06009874492883682,0.0043958400343089956,0.6307692307692307
Out,0.060150742530822754,0.0043963113875187644,0.6307692307692307
Out,0.06021479144692421,0.004396782841823057,0.6307692307692307
Out,0.06021520867943764,0.0043972543972543975,0.6307692307692307
Out,0.06021672487258911,0.004397726053845329,0.6307692307692307
Out,0.06021684408187866,0.0043981978116284055,0.6307692307692307
Out,0.060231685638427734,0.004398669670636198,0.6307692307692307
Out,0.06026248633861542,0.0043991416309012875,0.6307692307692307
Out,0.06035842001438141,0.004399613692456272,0.6307692307692307
Out,0.0603892058134079,0.004400085855333763,0.6307692307692307
Out,0.06043567508459091,0.004400558119566384,0.6307692307692307
Out,0.06046149507164955,0.0044010304851867755,0.6307692307692307
Out,0.06049513816833496,0.00440150295222759,0.6307692307692307
Out,0.06051129847764969,0.004401975520721494,0.6307692307692307
Out,0.06051292642951012,0.004402448190701171,0.6307692307692307
Out,0.0605495385825634,0.004402920962199313,0.6307692307692307
Out,0.06061515212059021,0.004403393835248631,0.6307692307692307
Out,0.06064948812127113,0.0044038668098818476,0.6307692307692307
Out,0.06065329164266586,0.0044043398861317,0.6307692307692307
Out,0.06065873056650162,0.004404813064030941,0.6307692307692307
Out,0.06066775321960449,0.004405286343612335,0.6307692307692307
Out,0.06072640419006348,0.004405759724908661,0.6307692307692307
Out,0.06072865426540375,0.004406233207952714,0.6307692307692307
Out,0.06075677648186684,0.0044067067927773,0.6307692307692307
Out,0.0607626810669899,0.004407180479415242,0.6307692307692307
Out,0.06077011674642563,0.004407654267899377,0.6307692307692307
Out,0.06077246367931366,0.004408128158262552,0.6307692307692307
Out,0.06079016998410225,0.004408602150537635,0.6307692307692307
Out,0.06084046885371208,0.004409076244757501,0.6307692307692307
Out,0.060867857187986374,0.004409550440955044,0.6307692307692307
Out,0.06089983880519867,0.004410024739163171,0.6307692307692307
Out,0.06093163043260574,0.004410499139414802,0.6307692307692307
Out,0.06094546616077423,0.004410973641742873,0.6307692307692307
Out,0.06097156181931496,0.0044114482461803314,0.6307692307692307
Out,0.06098586320877075,0.004411922952760142,0.6307692307692307
Out,0.06099914759397507,0.004412397761515282,0.6307692307692307
Out,0.06101764738559723,0.004412872672478743,0.6307692307692307
Out,0.06112796440720558,0.0044133476856835305,0.6307692307692307
Out,0.06117016449570656,0.004413822801162665,0.6307692307692307
Out,0.06120358407497406,0.004414298018949182,0.6307692307692307
Out,0.061209455132484436,0.004414773339076128,0.6307692307692307
Out,0.06125856563448906,0.004415248761576567,0.6307692307692307
Out,0.0612666979432106,0.004415724286483576,0.6307692307692307
Out,0.06141343712806702,0.004416199913830246,0.6307692307692307
Out,0.06142968684434891,0.004416675643649682,0.6307692307692307
Out,0.06149045005440712,0.004417151475975005,0.6307692307692307
Out,0.06150679290294647,0.004417627410839349,0.6307692307692307
Out,0.06150708347558975,0.004418103448275862,0.6307692307692307
Out,0.061522021889686584,0.004418579588317707,0.6307692307692307
Out,0.061523180454969406,0.00441905583099806,0.6307692307692307
Out,0.06155490130186081,0.004419532176350113,0.6307692307692307
Out,0.06157916039228439,0.004420008624407072,0.6307692307692307
Out,0.061582330614328384,0.004420485175202157,0.6307692307692307
Out,0.06158766523003578,0.004420961828768601,0.6307692307692307
Out,0.061597131192684174,0.004421438585139653,0.6307692307692307
Out,0.061601169407367706,0.004421915444348576,0.6307692307692307
Out,0.06163426861166954,0.004422392406428648,0.6307692307692307
Out,0.06164439022541046,0.0044228694714131605,0.6307692307692307
Out,0.061699606478214264,0.0044233466393354196,0.6307692307692307
Out,0.0617310106754303,0.004423823910228744,0.6307692307692307
Out,0.06177012622356415,0.00442430128412647,0.6307692307692307
Out,0.06184867024421692,0.004424778761061947,0.6307692307692307
Out,0.06188233941793442,0.004425256341068538,0.6307692307692307
Out,0.06193206459283829,0.00442573402417962,0.6307692307692307
Out,0.061977922916412354,0.004426211810428586,0.6307692307692307
Out,0.06201548129320145,0.004426689699848845,0.6307692307692307
Out,0.06202293932437897,0.004427167692473815,0.6307692307692307
Out,0.06205014884471893,0.004427645788336933,0.6307692307692307
Out,0.062093883752822876,0.0044281239874716495,0.6307692307692307
Out,0.06210823729634285,0.0044286022899114276,0.6307692307692307
Out,0.06219722703099251,0.004429080695689748,0.6307692307692307
Out,0.062219247221946716,0.004429559204840104,0.6307692307692307
Out,0.06223346292972565,0.004430037817396002,0.6307692307692307
Out,0.06223759800195694,0.004430516533390966,0.6307692307692307
Out,0.06225413829088211,0.004430995352858532,0.6307692307692307
Out,0.062276750802993774,0.004431474275832252,0.6307692307692307
Out,0.0622946172952652,0.0044319533023456925,0.6307692307692307
Out,0.06232592836022377,0.004432432432432433,0.6307692307692307
Out,0.06235221028327942,0.004432911666126068,0.6307692307692307
Out,0.06236187741160393,0.004433391003460208,0.6307692307692307
Out,0.06239502131938934,0.004433870444468476,0.6307692307692307
Out,0.06240100413560867,0.004434349989184512,0.6307692307692307
Out,0.06240184232592583,0.004434829637641968,0.6307692307692307
Out,0.062415845692157745,0.004435309389874513,0.6307692307692307
Out,0.06242108717560768,0.004435789245915828,0.6307692307692307
Out,0.06249909847974777,0.0044362692057996105,0.6307692307692307
Out,0.06250856816768646,0.004436749269559571,0.6307692307692307
Out,0.06256512552499771,0.0044372294372294376,0.6307692307692307
Out,0.06260214745998383,0.0044377097088429485,0.6307692307692307
Out,0.06265436112880707,0.00443819008443386,0.6307692307692307
Out,0.06269122660160065,0.0044386705640359425,0.6307692307692307
Out,0.06271092593669891,0.004439151147682979,0.6307692307692307
Out,0.06275918334722519,0.004439631835408771,0.6307692307692307
Out,0.06277478486299515,0.0044401126272471305,0.6307692307692307
Out,0.06278569251298904,0.004440593523231885,0.6307692307692307
Out,0.06283885985612869,0.00444107452339688,0.6307692307692307
Out,0.06287387013435364,0.0044415556277759725,0.6307692307692307
Out,0.06289340555667877,0.0044420368364030335,0.6307692307692307
Out,0.06291329115629196,0.004442518149311951,0.6307692307692307
Out,0.06299398094415665,0.004442999566536628,0.6307692307692307
Out,0.06302350759506226,0.004443481088110979,0.6307692307692307
Out,0.06307458877563477,0.004443962714068936,0.6307692307692307
Out,0.06310192495584488,0.0044444444444444444,0.6307692307692307
Out,0.06317398697137833,0.004444926279271465,0.6307692307692307
Out,0.0632132962346077,0.004445408218583975,0.6307692307692307
Out,0.06321720033884048,0.0044458902624159614,0.6307692307692307
Out,0.06323999166488647,0.004446372410801432,0.6307692307692307
Out,0.06325685977935791,0.004446854663774404,0.6307692307692307
Out,0.06330175697803497,0.004447337021368912,0.6307692307692307
Out,0.06331335008144379,0.004447819483619006,0.6307692307692307
Out,0.0634697899222374,0.00444830205055875,0.6307692307692307
Out,0.06347052752971649,0.004448784722222222,0.6307692307692307
Out,0.06348717212677002,0.004449267498643516,0.6307692307692307
Out,0.06351157277822495,0.0044497503798567395,0.6307692307692307
Out,0.06351383775472641,0.004450233365896016,0.6307692307692307
Out,0.0635262057185173,0.004450716456795484,0.6307692307692307
Out,0.06363829970359802,0.004451199652589295,0.6307692307692307
Out,0.06368090957403183,0.004451682953311618,0.6307692307692307
Out,0.0637320801615715,0.004452166358996634,0.6307692307692307
Out,0.06380905210971832,0.0044526498696785405,0.6307692307692307
Out,0.0638379454612732,0.00445313348539155,0.6307692307692307
Out,0.06384308636188507,0.004453617206169889,0.6307692307692307
Out,0.06385325640439987,0.0044541010320478,0.6307692307692307
Out,0.06388792395591736,0.004454584963059539,0.6307692307692307
Out,0.06393793970346451,0.004455068999239378,0.6307692307692307
Out,0.0639541745185852,0.004455553140621604,0.6307692307692307
Out,0.06397801637649536,0.004456037387240517,0.6307692307692307
Out,0.06399549543857574,0.0044565217391304346,0.6307692307692307
Out,0.06399672478437424,0.004457006196325688,0.6307692307692307
Out,0.06404508650302887,0.004457490758860622,0.6307692307692307
Out,0.06407241523265839,0.004457975426769599,0.6307692307692307
Out,0.06413142383098602,0.004458460200086995,0.6307692307692307
Out,0.06417783349752426,0.004458945078847199,0.6307692307692307
Out,0.06421700865030289,0.00445943006308462,0.6307692307692307
Out,0.0642227903008461,0.004459915152833678,0.6307692307692307
Out,0.06431809067726135,0.004460400348128808,0.6307692307692307
Out,0.06432026624679565,0.004460885649004461,0.6307692307692307
Out,0.06449871510267258,0.004461371055495104,0.6307692307692307
Out,0.06454263627529144,0.004461856567635216,0.6307692307692307
Out,0.06456149369478226,0.004462342185459295,0.6307692307692307
Out,0.0645969808101654,0.00446282790900185,0.6307692307692307
Out,0.06463709473609924,0.004463313738297409,0.6307692307692307
Out,0.0646587535738945,0.004463799673380512,0.6307692307692307
Out,0.06469398736953735,0.004464285714285714,0.6307692307692307
Out,0.06473540514707565,0.004464771861047588,0.6307692307692307
Out,0.06474142521619797,0.004465258113700719,0.6307692307692307
Out,0.06481411308050156,0.004465744472279708,0.6307692307692307
Out,0.06482169777154922,0.0044662309368191724,0.6307692307692307
Out,0.06483355164527893,0.004466717507353743,0.6307692307692307
Out,0.06484576314687729,0.004467204183918065,0.6307692307692307
Out,0.06484931707382202,0.004467690966546802,0.6307692307692307
Out,0.06496722996234894,0.004468177855274629,0.6307692307692307
Out,0.0650305449962616,0.00446866485013624,0.6307692307692307
Out,0.06503123044967651,0.0044691519511663395,0.6307692307692307
Out,0.06504326313734055,0.004469639158399651,0.6307692307692307
Out,0.06509260833263397,0.004470126471870912,0.6307692307692307
Out,0.0651010274887085,0.004470613891614873,0.6307692307692307
Out,0.06512252241373062,0.004471101417666303,0.6307692307692307
Out,0.06516768783330917,0.004471589050059985,0.6307692307692307
Out,0.06518827378749847,0.004472076788830715,0.6307692307692307
Out,0.06519024074077606,0.004472564634013309,0.6307692307692307
Out,0.06525802612304688,0.0044730525856425925,0.6307692307692307
Out,0.0653032585978508,0.00447354064375341,0.6307692307692307
Out,0.06531506031751633,0.00447402880838062,0.6307692307692307
Out,0.0653153508901596,0.004474517079559096,0.6307692307692307
Out,0.06545158475637436,0.004475005457323728,0.6307692307692307
Out,0.06549129635095596,0.00447549394170942,0.6307692307692307
Out,0.06549273431301117,0.004475982532751091,0.6307692307692307
Out,0.06555929034948349,0.004476471230483677,0.6307692307692307
Out,0.06559764593839645,0.004476960034942127,0.6307692307692307
Out,0.06562687456607819,0.004477448946161406,0.6307692307692307
Out,0.06563304364681244,0.004477937964176496,0.6307692307692307
Out,0.06564385443925858,0.004478427089022392,0.6307692307692307
Out,0.06566427648067474,0.004478916320734105,0.6307692307692307
Out,0.0656767338514328,0.004479405659346662,0.6307692307692307
Out,0.0656920075416565,0.004479895104895105,0.6307692307692307
Out,0.06569352746009827,0.0044803846574144905,0.6307692307692307
Out,0.06570097804069519,0.004480874316939891,0.6307692307692307
Out,0.0657401978969574,0.004481364083506394,0.6307692307692307
Out,0.06575184315443039,0.004481853957149104,0.6307692307692307
Out,0.06577015668153763,0.004482343937903138,0.6307692307692307
Out,0.0657719224691391,0.00448283402580363,0.6307692307692307
Out,0.06577268242835999,0.00448332422088573,0.6307692307692307
Out,0.06581296026706696,0.004483814523184602,0.6307692307692307
Out,0.06581401079893112,0.004484304932735426,0.6307692307692307
Out,0.06583747267723083,0.004484795449573397,0.6307692307692307
Out,0.06586204469203949,0.004485286073733727,0.6307692307692307
Out,0.06594886630773544,0.004485776805251641,0.6307692307692307
Out,0.06597427278757095,0.004486267644162381,0.6307692307692307
Out,0.06598494201898575,0.004486758590501204,0.6307692307692307
Out,0.06605880707502365,0.004487249644303382,0.6307692307692307
Out,0.06609248369932175,0.004487740805604203,0.6307692307692307
Out,0.06621545553207397,0.004488232074438971,0.6307692307692307
Out,0.0662725567817688,0.0044887234508430044,0.6307692307692307
Out,0.06627614796161652,0.004489214934851637,0.6307692307692307
Out,0.06628262996673584,0.004489706526500219,0.6307692307692307
Out,0.06631585210561752,0.004490198225824115,0.6307692307692307
Out,0.06634370982646942,0.004490690032858707,0.6307692307692307
Out,0.06641067564487457,0.004491181947639391,0.6307692307692307
Out,0.06641225516796112,0.004491673970201578,0.6307692307692307
Out,0.06644849479198456,0.0044921661005806945,0.6307692307692307
Out,0.06658388674259186,0.004492658338812185,0.6307692307692307
Out,0.06662898510694504,0.004493150684931507,0.6307692307692307
Out,0.06664916127920151,0.004493643138974135,0.6307692307692307
Out,0.06666761636734009,0.004494135700975556,0.6307692307692307
Out,0.06668128818273544,0.0044946283709712785,0.6307692307692307
Out,0.06675894558429718,0.0044951211489968204,0.6307692307692307
Out,0.06676431745290756,0.004495614035087719,0.6307692307692307
Out,0.06678307801485062,0.004496107029279526,0.6307692307692307
Out,0.06683847308158875,0.004496600131607809,0.6307692307692307
Out,0.06692826002836227,0.00449709334210815,0.6307692307692307
Out,0.06695318222045898,0.004497586660816147,0.6307692307692307
Out,0.06707215309143066,0.004498080087767416,0.6307692307692307
Out,0.0670759454369545,0.004498573622997586,0.6307692307692307
Out,0.0671113133430481,0.004499067266542302,0.6307692307692307
Out,0.06713645160198212,0.004499561018437226,0.6307692307692307
Out,0.06714150309562683,0.004500054878718033,0.6307692307692307
Out,0.0671776756644249,0.004500548847420417,0.6307692307692307
Out,0.06719958782196045,0.0045010429245800855,0.6307692307692307
Out,0.06720194220542908,0.004501537110232762,0.6307692307692307
Out,0.06723067909479141,0.004502031404414187,0.6307692307692307
Out,0.06724834442138672,0.004502525807160114,0.6307692307692307
Out,0.06726478040218353,0.004503020318506315,0.6307692307692307
Out,0.06727536767721176,0.004503514938488576,0.6307692307692307
Out,0.06731273233890533,0.0045040096671427,0.6307692307692307
Out,0.06732544302940369,0.0045045045045045045,0.6307692307692307
Out,0.06738615036010742,0.004504999450609823,0.6307692307692307
Out,0.06742052733898163,0.004505494505494505,0.6307692307692307
Out,0.06745348870754242,0.004505989669194417,0.6307692307692307
Out,0.06747069954872131,0.004506484941745438,0.6307692307692307
Out,0.06750086694955826,0.004506980323183467,0.6307692307692307
Out,0.06752791255712509,0.004507475813544415,0.6307692307692307
Out,0.06756641715765,0.004507971412864211,0.6307692307692307
Out,0.06758071482181549,0.004508467121178799,0.6307692307692307
Out,0.0675990879535675,0.0045089629385241395,0.6307692307692307
Out,0.06767367571592331,0.004509458864936208,0.6307692307692307
Out,0.06768303364515305,0.004509954900450995,0.6307692307692307
Out,0.06770142912864685,0.004510451045104511,0.6307692307692307
Out,0.06775551289319992,0.004510947298932776,0.6307692307692307
Out,0.06783444434404373,0.004511443661971831,0.6307692307692307
Out,0.06787437200546265,0.004511940134257731,0.6307692307692307
Out,0.06788218766450882,0.004512436715826546,0.6307692307692307
Out,0.06788286566734314,0.004512933406714365,0.6307692307692307
Out,0.06795977056026459,0.004513430206957288,0.6307692307692307
Out,0.06796389818191528,0.0045139271165914345,0.6307692307692307
Out,0.06799280643463135,0.00451442413565294,0.6307692307692307
Out,0.0679958313703537,0.004514921264177954,0.6307692307692307
Out,0.06799791753292084,0.004515418502202643,0.6307692307692307
Out,0.06803258508443832,0.00451591584976319,0.6307692307692307
Out,0.06816405802965164,0.004516413306895792,0.6307692307692307
Out,0.06817175447940826,0.004516910873636664,0.6307692307692307
Out,0.06818844377994537,0.004517408550022036,0.6307692307692307
Out,0.06819602847099304,0.004517906336088154,0.6307692307692307
Out,0.06824897974729538,0.00451840423187128,0.6307692307692307
Out,0.06825652718544006,0.004518902237407693,0.6307692307692307
Out,0.06826205551624298,0.004519400352733686,0.6307692307692307
Out,0.06828358769416809,0.00451989857788557,0.6307692307692307
Out,0.0683269202709198,0.004520396912899669,0.6307692307692307
Out,0.0683550089597702,0.004520895357812328,0.6307692307692307
Out,0.0683894008398056,0.004521393912659903,0.6307692307692307
Out,0.06839786469936371,0.004521892577478769,0.6307692307692307
Out,0.06851054728031158,0.004522391352305317,0.6307692307692307
Out,0.06851433217525482,0.0045228902371759515,0.6307692307692307
Out,0.06855078041553497,0.004523389232127096,0.6307692307692307
Out,0.06857148557901382,0.0045238883371951895,0.6307692307692307
Out,0.06857626140117645,0.004524387552416685,0.6307692307692307
Out,0.06860104203224182,0.004524886877828055,0.6307692307692307
Out,0.06860719621181488,0.004525386313465784,0.6307692307692307
Out,0.06861206889152527,0.004525885859366376,0.6307692307692307
Out,0.06866277754306793,0.00452638551556635,0.6307692307692307
Out,0.06871284544467926,0.004526885282102241,0.6307692307692307
Out,0.06871338188648224,0.004527385159010601,0.6307692307692307
Out,0.06874903291463852,0.0045278851463279954,0.6307692307692307
Out,0.06876698136329651,0.00452838524409101,0.6307692307692307
Out,0.0689253956079483,0.004528885452336242,0.6307692307692307
Out,0.06901703029870987,0.004529385771100309,0.6307692307692307
Out,0.06902359426021576,0.004529886200419843,0.6307692307692307
Out,0.06903467327356339,0.004530386740331491,0.6307692307692307
Out,0.06913982331752777,0.00453088739087192,0.6307692307692307
Out,0.06915196776390076,0.004531388152077807,0.6307692307692307
Out,0.06915432959794998,0.004531889023985851,0.6307692307692307
Out,0.06915809959173203,0.004532390006632766,0.6307692307692307
Out,0.06917474418878555,0.004532891100055279,0.6307692307692307
Out,0.06922934949398041,0.004533392304290137,0.6307692307692307
Out,0.06926137208938599,0.004533893619374101,0.6307692307692307
Out,0.06927034258842468,0.00453439504534395,0.6307692307692307
Out,0.06932583451271057,0.004534896582236478,0.6307692307692307
Out,0.06935357302427292,0.0045353982300884955,0.6307692307692307
Out,0.06935610622167587,0.0045358999889368295,0.6307692307692307
Out,0.06936270743608475,0.004536401858818323,0.6307692307692307
Out,0.06941121816635132,0.004536903839769835,0.6307692307692307
Out,0.0694841518998146,0.004537405931828243,0.6307692307692307
Out,0.06952059268951416,0.004537908135030438,0.6307692307692307
Out,0.06955534219741821,0.004538410449413327,0.6307692307692307
Out,0.0695805549621582,0.004538912875013838,0.6307692307692307
Out,0.06958860158920288,0.00453941541186891,0.6307692307692307
Out,0.06960304826498032,0.0045399180600155025,0.6307692307692307
Out,0.06976443529129028,0.004540420819490587,0.6307692307692307
Out,0.06977574527263641,0.004540923690331155,0.6307692307692307
Out,0.06983083486557007,0.004541426672574214,0.6307692307692307
Out,0.07001075148582458,0.0045419297662567856,0.6307692307692307
Out,0.07001906633377075,0.004542432971415909,0.6307692307692307
Out,0.07003438472747803,0.004542936288088642,0.6307692307692307
Out,0.07015495002269745,0.004543439716312056,0.6307692307692307
Out,0.07016178965568542,0.004543943256123241,0.6307692307692307
Out,0.0701933354139328,0.004544446907559299,0.6307692307692307
Out,0.07024388015270233,0.004544950670657355,0.6307692307692307
Out,0.07032066583633423,0.004545454545454545,0.6307692307692307
Out,0.07032265514135361,0.004545958531988025,0.6307692307692307
Out,0.07032939791679382,0.004546462630294966,0.6307692307692307
Out,0.0703658014535904,0.004546966840412554,0.6307692307692307
Out,0.07040008157491684,0.004547471162377995,0.6307692307692307
Out,0.0704389363527298,0.004547975596228508,0.6307692307692307
Out,0.07045503705739975,0.004548480142001331,0.6307692307692307
Out,0.07047265022993088,0.004548984799733718,0.6307692307692307
Out,0.07054495066404343,0.004549489569462938,0.6307692307692307
Out,0.07058645784854889,0.004549994451226279,0.6307692307692307
Out,0.07062704861164093,0.004550499445061043,0.6307692307692307
Out,0.07066383957862854,0.004551004551004551,0.6307692307692307
Out,0.07068291306495667,0.004551509769094139,0.6307692307692307
Out,0.07069045305252075,0.004552015099367159,0.6307692307692307
Out,0.07070554047822952,0.0045525205418609814,0.6307692307692307
Out,0.07071011513471603,0.004553026096612993,0.6307692307692307
Out,0.07071992009878159,0.004553531763660595,0.6307692307692307
Out,0.07072347402572632,0.004554037543041209,0.6307692307692307
Out,0.07073643058538437,0.0045545434347922685,0.6307692307692307
Out,0.07074570655822754,0.004555049438951228,0.6307692307692307
Out,0.07079736888408661,0.004555555555555556,0.6307692307692307
Out,0.07079777121543884,0.004556061784642738,0.6307692307692307
Out,0.07081795483827591,0.004556568126250278,0.6307692307692307
Out,0.07084014266729355,0.004557074580415694,0.6307692307692307
Out,0.07085679471492767,0.0045575811471765225,0.6307692307692307
Out,0.07087542116641998,0.004558087826570317,0.6307692307692307
Out,0.0709160640835762,0.004558594618634645,0.6307692307692307
Out,0.07092125713825226,0.004559101523407094,0.6307692307692307
Out,0.07100623846054077,0.004559608540925267,0.6307692307692307
Out,0.07101848721504211,0.0045601156712267825,0.6307692307692307
Out,0.07106086611747742,0.004560622914349277,0.6307692307692307
Out,0.0710722804069519,0.004561130270330404,0.6307692307692307
Out,0.07115291059017181,0.004561637739207832,0.6307692307692307
Out,0.07120514661073685,0.00456214532101925,0.6307692307692307
Out,0.07124418020248413,0.004562653015802359,0.6307692307692307
Out,0.07139923423528671,0.00456316082359488,0.6307692307692307
Out,0.07141497731208801,0.00456366874443455,0.6307692307692307
Out,0.07143843173980713,0.0045641767783591225,0.6307692307692307
Out,0.0715365782380104,0.004564684925406368,0.6307692307692307
Out,0.0715668722987175,0.004565193185614074,0.6307692307692307
Out,0.07156822830438614,0.004565701559020045,0.6307692307692307
Out,0.07160082459449768,0.0045662100456621,0.6307692307692307
Out,0.07162514328956604,0.00456671864557808,0.6307692307692307
Out,0.07164938747882843,0.0045672273588058376,0.6307692307692307
Out,0.07175031304359436,0.0045677361853832445,0.6307692307692307
Out,0.07178868353366852,0.00456824512534819,0.6307692307692307
Out,0.07183896005153656,0.004568754178738578,0.6307692307692307
Out,0.07192856818437576,0.004569263345592332,0.6307692307692307
Out,0.07193077355623245,0.004569772625947392,0.6307692307692307
Out,0.07197068631649017,0.004570282019841712,0.6307692307692307
Out,0.07206740230321884,0.004570791527313266,0.6307692307692307
Out,0.0720827728509903,0.004571301148400045,0.6307692307692307
Out,0.07210110872983932,0.004571810883140053,0.6307692307692307
Out,0.07221632450819016,0.004572320731571317,0.6307692307692307
Out,0.07229761779308319,0.004572830693731876,0.6307692307692307
Out,0.07233290374279022,0.004573340769659788,0.6307692307692307
Out,0.07234983891248703,0.004573850959393128,0.6307692307692307
Out,0.07239542156457901,0.004574361262969988,0.6307692307692307
Out,0.07250122725963593,0.004574871680428476,0.6307692307692307
Out,0.0725141242146492,0.004575382211806718,0.6307692307692307
Out,0.07254186272621155,0.004575892857142857,0.6307692307692307
Out,0.07255564630031586,0.004576403616475053,0.6307692307692307
Out,0.07255616039037704,0.004576914489841482,0.6307692307692307
Out,0.07261648029088974,0.00457742547728034,0.6307692307692307
Out,0.0726211667060852,0.004577936578829835,0.6307692307692307
Out,0.07266587764024734,0.004578447794528197,0.6307692307692307
Out,0.07267528772354126,0.00457895912441367,0.6307692307692307
Out,0.07275465130805969,0.004579470568524517,0.6307692307692307
Out,0.07284915447235107,0.004579982126899017,0.6307692307692307
Out,0.07285398989915848,0.004580493799575466,0.6307692307692307
Out,0.07286054641008377,0.0045810055865921784,0.6307692307692307
Out,0.07286527752876282,0.004581517487987485,0.6307692307692307
Out,0.07294002920389175,0.004582029503799732,0.6307692307692307
Out,0.07301844656467438,0.0045825416340672855,0.6307692307692307
Out,0.07303081452846527,0.004583053878828527,0.6307692307692307
Out,0.07311858236789703,0.004583566238121855,0.6307692307692307
Out,0.07320252060890198,0.004584078711985688,0.6307692307692307
Out,0.0732237845659256,0.004584591300458459,0.6307692307692307
Out,0.07323203980922699,0.004585104003578618,0.6307692307692307
Out,0.07334581017494202,0.004585616821384633,0.6307692307692307
Out,0.07340823113918304,0.004586129753914989,0.6307692307692307
Out,0.07345177233219147,0.0045866428012081885,0.6307692307692307
Out,0.07350654900074005,0.0045871559633027525,0.6307692307692307
Out,0.07356423139572144,0.004587669240237216,0.6307692307692307
Out,0.07362491637468338,0.004588182632050134,0.6307692307692307
Out,0.0736890360713005,0.004588696138780078,0.6307692307692307
Out,0.07378421723842621,0.004589209760465637,0.6307692307692307
Out,0.07384619116783142,0.0045897234971454155,0.6307692307692307
Out,0.07385445386171341,0.004590237348858038,0.6307692307692307
Out,0.07390479743480682,0.004590751315642145,0.6307692307692307
Out,0.07391397655010223,0.004591265397536394,0.6307692307692307
Out,0.07391910254955292,0.00459177959457946,0.6307692307692307
Out,0.07398251444101334,0.004592293906810036,0.6307692307692307
Out,0.07400579750537872,0.004592808334266831,0.6307692307692307
Out,0.07407950609922409,0.004593322876988572,0.6307692307692307
Out,0.07408739626407623,0.004593837535014005,0.6307692307692307
Out,0.07412517070770264,0.0045943523083818915,0.6307692307692307
Out,0.07420243322849274,0.00459486719713101,0.6307692307692307
Out,0.07424643635749817,0.0045953822013001565,0.6307692307692307
Out,0.07436899095773697,0.004595897320928147,0.6307692307692307
Out,0.07437647134065628,0.004596412556053812,0.6307692307692307
Out,0.07437967509031296,0.004596927906716,0.6307692307692307
Out,0.07440564036369324,0.004597443372953577,0.6307692307692307
Out,0.07451687753200531,0.0045979589548054275,0.6307692307692307
Out,0.0746317058801651,0.004598474652310453,0.6307692307692307
Out,0.07465794682502747,0.004598990465507572,0.6307692307692307
Out,0.07466058433055878,0.004599506394435719,0.6307692307692307
Out,0.07471896708011627,0.0046000224391338496,0.6307692307692307
Out,0.07473357021808624,0.004600538599640934,0.6307692307692307
Out,0.0747804343700409,0.00460105487599596,0.6307692307692307
Out,0.07478322088718414,0.004601571268237935,0.6307692307692307
Out,0.0747939795255661,0.004602087776405882,0.6307692307692307
Out,0.07483698427677155,0.004602604400538841,0.6307692307692307
Out,0.07487136125564575,0.004603121140675873,0.6307692307692307
Out,0.0749029740691185,0.004603637996856052,0.6307692307692307
Out,0.0750286877155304,0.004604154969118473,0.6307692307692307
Out,0.07511135935783386,0.004604672057502246,0.6307692307692307
Out,0.07513604313135147,0.004605189262046501,0.6307692307692307
Out,0.07517968863248825,0.004605706582790384,0.6307692307692307
Out,0.0752241238951683,0.004606224019773059,0.6307692307692307
Out,0.07524129003286362,0.004606741573033708,0.6307692307692307
Out,0.07525693625211716,0.00460725924261153,0.6307692307692307
Out,0.0753018707036972,0.004607777028545741,0.6307692307692307
Out,0.07533442229032516,0.004608294930875576,0.6307692307692307
Out,0.07535849511623383,0.004608812949640288,0.6307692307692307
Out,0.07535862922668457,0.004609331084879146,0.6307692307692307
Out,0.07537505030632019,0.004609849336631437,0.6307692307692307
Out,0.07565094530582428,0.004610367704936467,0.6307692307692307
Out,0.07565835863351822,0.004610886189833558,0.6307692307692307
Out,0.07566621899604797,0.004611404791362052,0.6307692307692307
Out,0.07569999992847443,0.004611923509561305,0.6307692307692307
Out,0.07573691010475159,0.004612442344470694,0.6307692307692307
Out,0.07574474811553955,0.004612961296129613,0.6307692307692307
Out,0.07578941434621811,0.004613480364577473,0.6307692307692307
Out,0.07580223679542542,0.004613999549853702,0.6307692307692307
Out,0.0758184939622879,0.004614518851997749,0.6307692307692307
Out,0.07584347575902939,0.004615038271049077,0.6307692307692307
Out,0.07584559917449951,0.004615557807047169,0.6307692307692307
Out,0.07589570432901382,0.004616077460031525,0.6307692307692307
Out,0.07601094245910645,0.004616597230041662,0.6307692307692307
Out,0.07603834569454193,0.004617117117117117,0.6307692307692307
Out,0.07605572789907455,0.004617637121297443,0.6307692307692307
Out,0.07609515637159348,0.004618157242622213,0.6307692307692307
Out,0.07609918713569641,0.0046186774811310125,0.6307692307692307
Out,0.0761275440454483,0.004619197836863452,0.6307692307692307
Out,0.07614031434059143,0.004619718309859155,0.6307692307692307
Out,0.07617103308439255,0.004620238900157764,0.6307692307692307
Out,0.07619564980268478,0.004620759607798941,0.6307692307692307
Out,0.07623763382434845,0.004621280432822362,0.6307692307692307
Out,0.07629788666963577,0.004621801375267727,0.6307692307692307
Out,0.07629863917827606,0.004622322435174746,0.6307692307692307
Out,0.07637568563222885,0.004622843612583155,0.6307692307692307
Out,0.07640901952981949,0.004623364907532702,0.6307692307692307
Out,0.076409712433815,0.0046238863200631555,0.6307692307692307
Out,0.07641543447971344,0.004624407850214302,0.6307692307692307
Out,0.07643070816993713,0.004624929498025945,0.6307692307692307
Out,0.07655508816242218,0.004625451263537906,0.6307692307692307
Out,0.07659599184989929,0.004625973146790026,0.6307692307692307
Out,0.07660288363695145,0.004626495147822162,0.6307692307692307
Out,0.07664492726325989,0.00462701726667419,0.6307692307692307
Out,0.07665311545133591,0.004627539503386005,0.6307692307692307
Out,0.0767204761505127,0.004628061857997517,0.6307692307692307
Out,0.07674649357795715,0.004628584330548657,0.6307692307692307
Out,0.0767623633146286,0.0046291069210793725,0.6307692307692307
Out,0.07684633135795593,0.004629629629629629,0.6307692307692307
Out,0.07693927735090256,0.004630152456239413,0.6307692307692307
Out,0.07696045190095901,0.004630675400948724,0.6307692307692307
Out,0.07698403298854828,0.004631198463797582,0.6307692307692307
Out,0.07699389010667801,0.004631721644826028,0.6307692307692307
Out,0.07706093788146973,0.0046322449440741155,0.6307692307692307
Out,0.07711765170097351,0.004632768361581921,0.6307692307692307
Out,0.07716987282037735,0.004633291897389535,0.6307692307692307
Out,0.07717153429985046,0.004633815551537071,0.6307692307692307
Out,0.07721769064664841,0.004634339324064655,0.6307692307692307
Out,0.07729614526033401,0.004634863215012435,0.6307692307692307
Out,0.0773434042930603,0.004635387224420576,0.6307692307692307
Out,0.07743670046329498,0.0046359113523292625,0.6307692307692307
Out,0.07745562493801117,0.004636435598778695,0.6307692307692307
Out,0.07748576998710632,0.004636959963809093,0.6307692307692307
Out,0.0775289386510849,0.004637484447460694,0.6307692307692307
Out,0.0775589868426323,0.004638009049773756,0.6307692307692307
Out,0.0775618925690651,0.00463853377078855,0.6307692307692307
Out,0.07758162170648575,0.004639058610545373,0.6307692307692307
Out,0.07758510857820511,0.004639583569084531,0.6307692307692307
Out,0.07760314643383026,0.004640108646446356,0.6307692307692307
Out,0.07761836051940918,0.004640633842671194,0.6307692307692307
Out,0.07762378454208374,0.004641159157799411,0.6307692307692307
Out,0.07762749493122101,0.004641684591871391,0.6307692307692307
Out,0.07770650088787079,0.004642210144927536,0.6307692307692307
Out,0.07771238684654236,0.004642735817008266,0.6307692307692307
Out,0.07771965116262436,0.00464326160815402,0.6307692307692307
Out,0.07774882018566132,0.004643787518405255,0.6307692307692307
Out,0.07778505235910416,0.004644313547802446,0.6307692307692307
Out,0.07778721302747726,0.004644839696386088,0.6307692307692307
Out,0.07786078006029129,0.0046453659641966915,0.6307692307692307
Out,0.07789336144924164,0.0046458923512747875,0.6307692307692307
Out,0.07792861759662628,0.004646418857660925,0.6307692307692307
Out,0.0780012309551239,0.00464694548339567,0.6307692307692307
Out,0.07801224291324615,0.00464747222851961,0.6307692307692307
Out,0.07816944271326065,0.0046479990930733475,0.6307692307692307
Out,0.0782681480050087,0.0046485260770975055,0.6307692307692307
Out,0.07834229618310928,0.004649053180632725,0.6307692307692307
Out,0.07834549993276596,0.004649580403719664,0.6307692307692307
Out,0.07838942855596542,0.004650107746399002,0.6307692307692307
Out,0.0783923864364624,0.004650635208711434,0.6307692307692307
Out,0.07843248546123505,0.004651162790697674,0.6307692307692307
Out,0.07851707935333252,0.004651690492398457,0.6307692307692307
Out,0.07856952399015427,0.004652218313854533,0.6307692307692307
Out,0.07864606380462646,0.004652746255106673,0.6307692307692307
Out,0.07864820957183838,0.004653274316195665,0.6307692307692307
Out,0.07866447418928146,0.004653802497162316,0.6307692307692307
Out,0.07876097410917282,0.004654330798047452,0.6307692307692307
Out,0.07879196852445602,0.004654859218891917,0.6307692307692307
Out,0.078839510679245,0.0046553877597365735,0.6307692307692307
Out,0.07889208942651749,0.004655916420622303,0.6307692307692307
Out,0.078900545835495,0.0046564452015900055,0.6307692307692307
Out,0.07893519103527069,0.0046569741026806,0.6307692307692307
Out,0.07899081707000732,0.004657503123935022,0.6307692307692307
Out,0.07910189777612686,0.004658032265394229,0.6307692307692307
Out,0.07914911210536957,0.004658561527099194,0.6307692307692307
Out,0.07919013500213623,0.004659090909090909,0.6307692307692307
Out,0.079206682741642,0.004659620411410387,0.6307692307692307
Out,0.07921131700277328,0.004660150034098659,0.6307692307692307
Out,0.07930415868759155,0.004660679777196771,0.6307692307692307
Out,0.07934937626123428,0.004661209640745794,0.6307692307692307
Out,0.07936238497495651,0.004661739624786811,0.6307692307692307
Out,0.07944236695766449,0.004662269729360928,0.6307692307692307
Out,0.07944333553314209,0.004662799954509269,0.6307692307692307
Out,0.07954490929841995,0.004663330300272975,0.6307692307692307
Out,0.07958894968032837,0.004663860766693209,0.6307692307692307
Out,0.07959852367639542,0.004664391353811149,0.6307692307692307
Out,0.07963202148675919,0.004664922061667994,0.6307692307692307
Out,0.0796622782945633,0.004665452890304961,0.6307692307692307
Out,0.07966811954975128,0.004665983839763287,0.6307692307692307
Out,0.07980810105800629,0.004666514910084225,0.6307692307692307
Out,0.07981370389461517,0.00466704610130905,0.6307692307692307
Out,0.07989664375782013,0.004667577413479053,0.6307692307692307
Out,0.07989829778671265,0.004668108846635546,0.6307692307692307
Out,0.07990093529224396,0.004668640400819859,0.6307692307692307
Out,0.0799417793750763,0.00466917207607334,0.6307692307692307
Out,0.08000393956899643,0.0046697038724373575,0.6307692307692307
Out,0.08010871708393097,0.004670235789953297,0.6307692307692307
Out,0.08011350780725479,0.004670767828662566,0.6307692307692307
Out,0.0801139771938324,0.004671299988606586,0.6307692307692307
Out,0.08013148605823517,0.0046718322698268006,0.6307692307692307
Out,0.08019404858350754,0.004672364672364673,0.6307692307692307
Out,0.08019963651895523,0.004672897196261682,0.6307692307692307
Out,0.0803142562508583,0.00467342984155933,0.6307692307692307
Out,0.08037138730287552,0.0046739626082991335,0.6307692307692307
Out,0.080412857234478,0.004674495496522631,0.6307692307692307
Out,0.08046884834766388,0.004675028506271379,0.6307692307692307
Out,0.08049020171165466,0.004675561637586954,0.6307692307692307
Out,0.08055541664361954,0.004676094890510949,0.6307692307692307
Out,0.08063433319330215,0.004676628265084978,0.6307692307692307
Out,0.08085879683494568,0.0046771617613506735,0.6307692307692307
Out,0.08092503249645233,0.004677695379349686,0.6307692307692307
Out,0.08094184100627899,0.004678229119123688,0.6307692307692307
Out,0.08095884323120117,0.004678762980714367,0.6307692307692307
Out,0.0809599906206131,0.004679296964163433,0.6307692307692307
Out,0.08107507973909378,0.004679831069512612,0.6307692307692307
Out,0.08127877116203308,0.0046803652968036525,0.6307692307692307
Out,0.08128396421670914,0.00468089964607832,0.6307692307692307
Out,0.08128584921360016,0.004681434117378397,0.6307692307692307
Out,0.08132024854421616,0.004681968710745689,0.6307692307692307
Out,0.0813470184803009,0.004682503426222019,0.6307692307692307
Out,0.08138684183359146,0.004683038263849229,0.6307692307692307
Out,0.08143303543329239,0.0046835732236691794,0.6307692307692307
Out,0.08144354820251465,0.004684108305723752,0.6307692307692307
Out,0.08155819028615952,0.004684643510054844,0.6307692307692307
Out,0.08159277588129044,0.004685178836704377,0.6307692307692307
Out,0.08160918951034546,0.004685714285714286,0.6307692307692307
Out,0.08162663877010345,0.004686249857126529,0.6307692307692307
Out,0.08166618645191193,0.004686785550983082,0.6307692307692307
Out,0.08183218538761139,0.00468732136732594,0.6307692307692307
Out,0.08191367983818054,0.004687857306197119,0.6307692307692307
Out,0.08193647861480713,0.00468839336763865,0.6307692307692307
Out,0.08195296674966812,0.004688929551692589,0.6307692307692307
Out,0.08211681246757507,0.004689465858401007,0.6307692307692307
Out,0.08219566941261292,0.004690002287805994,0.6307692307692307
Out,0.08220648765563965,0.004690538839949662,0.6307692307692307
Out,0.08222562819719315,0.004691075514874142,0.6307692307692307
Out,0.08239893615245819,0.004691612312621582,0.6307692307692307
Out,0.0824379250407219,0.0046921492332341495,0.6307692307692307
Out,0.08247392624616623,0.004692686276754034,0.6307692307692307
Out,0.08250541239976883,0.004693223443223443,0.6307692307692307
Out,0.08256718516349792,0.004693760732684602,0.6307692307692307
Out,0.08268670737743378,0.0046942981451797575,0.6307692307692307
Out,0.08273747563362122,0.004694835680751174,0.6307692307692307
Out,0.08288206160068512,0.004695373339441136,0.6307692307692307
Out,0.08288737386465073,0.004695911121291948,0.6307692307692307
Out,0.0829337015748024,0.004696449026345933,0.6307692307692307
Out,0.08296514302492142,0.004696987054645435,0.6307692307692307
Out,0.0829734206199646,0.004697525206232814,0.6307692307692307
Out,0.08299250900745392,0.0046980634811504525,0.6307692307692307
Out,0.08299906551837921,0.004698601879440752,0.6307692307692307
Out,0.08300324529409409,0.004699140401146132,0.6307692307692307
Out,0.08302724361419678,0.004699679046309032,0.6307692307692307
Out,0.08310471475124359,0.004700217814971913,0.6307692307692307
Out,0.08315721899271011,0.004700756707177253,0.6307692307692307
Out,0.08319242298603058,0.00470129572296755,0.6307692307692307
Out,0.08328230679035187,0.004701834862385321,0.6307692307692307
Out,0.0833013728260994,0.004702374125473105,0.6307692307692307
Out,0.08330198377370834,0.004702913512273458,0.6307692307692307
Out,0.08332748711109161,0.004703453022828955,0.6307692307692307
Out,0.08335335552692413,0.004703992657182194,0.6307692307692307
Out,0.08335595577955246,0.0047045324153757884,0.6307692307692307
Out,0.08336745947599411,0.0047050722974523755,0.6307692307692307
Out,0.08344294875860214,0.004705612303454608,0.6307692307692307
Out,0.08347693085670471,0.004706152433425161,0.6307692307692307
Out,0.08349732309579849,0.004706692687406727,0.6307692307692307
Out,0.08350832760334015,0.004707233065442021,0.6307692307692307
Out,0.08351638913154602,0.004707773567573775,0.6307692307692307
Out,0.08359628170728683,0.0047083141938447405,0.6307692307692307
Out,0.083624467253685,0.004708854944297691,0.6307692307692307
Out,0.08367563784122467,0.0047093958189754195,0.6307692307692307
Out,0.08370659500360489,0.004709936817920735,0.6307692307692307
Out,0.08371827751398087,0.00471047794117647,0.6307692307692307
Out,0.08377058804035187,0.004711019188785476,0.6307692307692307
Out,0.0837734043598175,0.004711560560790623,0.6307692307692307
Out,0.08380061388015747,0.0047121020572348,0.6307692307692307
Out,0.083810955286026,0.00471264367816092,0.6307692307692307
Out,0.08384502679109573,0.004713185423611909,0.6307692307692307
Out,0.08398294448852539,0.00471372729363072,0.6307692307692307
Out,0.08399707078933716,0.004714269288260319,0.6307692307692307
Out,0.08414149284362793,0.004714811407543699,0.6307692307692307
Out,0.08414724469184875,0.004715353651523865,0.6307692307692307
Out,0.08418885618448257,0.004715896020243846,0.6307692307692307
Out,0.08423599600791931,0.004716438513746693,0.6307692307692307
Out,0.08427044004201889,0.0047169811320754715,0.6307692307692307
Out,0.0843115746974945,0.004717523875273271,0.6307692307692307
Out,0.08435359597206116,0.004718066743383199,0.6307692307692307
Out,0.08436572551727295,0.004718609736448383,0.6307692307692307
Out,0.08443798869848251,0.004719152854511971,0.6307692307692307
Out,0.08446445316076279,0.0047196960976171294,0.6307692307692307
Out,0.08456452190876007,0.004720239465807046,0.6307692307692307
Out,0.08461174368858337,0.004720782959124928,0.6307692307692307
Out,0.08462308347225189,0.004721326577614003,0.6307692307692307
Out,0.0846359059214592,0.004721870321317517,0.6307692307692307
Out,0.08466744422912598,0.0047224141902787375,0.6307692307692307
Out,0.08469263464212418,0.004722958184540951,0.6307692307692307
Out,0.08472397178411484,0.004723502304147465,0.6307692307692307
Out,0.08490575850009918,0.004724046549141606,0.6307692307692307
Out,0.08498243987560272,0.00472459091956672,0.6307692307692307
Out,0.08513438701629639,0.004725135415466175,0.6307692307692307
Out,0.08514435589313507,0.004725680036883356,0.6307692307692307
Out,0.08529128134250641,0.004726224783861671,0.6307692307692307
Out,0.08533508330583572,0.004726769656444547,0.6307692307692307
Out,0.08536665141582489,0.004727314654675429,0.6307692307692307
Out,0.08538231253623962,0.004727859778597786,0.6307692307692307
Out,0.08538924157619476,0.004728405028255103,0.6307692307692307
Out,0.08542458713054657,0.004728950403690888,0.6307692307692307
Out,0.0854278951883316,0.0047294959049486674,0.6307692307692307
Out,0.0855027288198471,0.004730041532071989,0.6307692307692307
Out,0.08552272617816925,0.004730587285104419,0.6307692307692307
Out,0.08553014695644379,0.004731133164089545,0.6307692307692307
Out,0.08560620248317719,0.004731679169070975,0.6307692307692307
Out,0.08569164574146271,0.004732225300092336,0.6307692307692307
Out,0.08570422232151031,0.0047327715571972755,0.6307692307692307
Out,0.08574607968330383,0.004733317940429462,0.6307692307692307
Out,0.08581367135047913,0.004733864449832583,0.6307692307692307
Out,0.08588413149118423,0.0047344110854503465,0.6307692307692307
Out,0.08588878065347672,0.004734957847326481,0.6307692307692307
Out,0.08595892786979675,0.004735504735504736,0.6307692307692307
Out,0.08596396446228027,0.004736051750028878,0.6307692307692307
Out,0.08600130677223206,0.004736598890942699,0.6307692307692307
Out,0.08607602119445801,0.0047371461582900055,0.6307692307692307
Out,0.0861910730600357,0.0047376935521146295,0.6307692307692307
Out,0.08621194958686829,0.0047382410724604185,0.6307692307692307
Out,0.08622357249259949,0.004738788719371244,0.6307692307692307
Out,0.08623851835727692,0.004739336492890996,0.6307692307692307
Out,0.08624617010354996,0.004739884393063584,0.6307692307692307
Out,0.08627672493457794,0.00474043241993294,0.6307692307692307
Out,0.08632355183362961,0.004740980573543016,0.6307692307692307
Out,0.08641187846660614,0.004741528853937782,0.6307692307692307
Out,0.08648994565010071,0.004742077261161231,0.6307692307692307
Out,0.08651868253946304,0.004742625795257374,0.6307692307692307
Out,0.08657173812389374,0.004743174456270245,0.6307692307692307
Out,0.08661855757236481,0.004743723244243897,0.6307692307692307
Out,0.08665014803409576,0.0047442721592224025,0.6307692307692307
Out,0.0866767019033432,0.004744821201249855,0.6307692307692307
Out,0.08669272065162659,0.00474537037037037,0.6307692307692307
Out,0.08670494705438614,0.004745919666628082,0.6307692307692307
Out,0.08671581000089645,0.004746469090067145,0.6307692307692307
Out,0.0867440402507782,0.0047470186407317354,0.6307692307692307
Out,0.08676844835281372,0.004747568318666049,0.6307692307692307
Out,0.08677519857883453,0.004748118123914302,0.6307692307692307
Out,0.08683247119188309,0.004748668056520732,0.6307692307692307
Out,0.08687733858823776,0.004749218116529595,0.6307692307692307
Out,0.08689551800489426,0.004749768303985172,0.6307692307692307
Out,0.08707071840763092,0.004750318618931757,0.6307692307692307
Out,0.0872870683670044,0.004750869061413673,0.6307692307692307
Out,0.08728969097137451,0.004751419631475258,0.6307692307692307
Out,0.08743663877248764,0.004751970329160872,0.6307692307692307
Out,0.08747711777687073,0.004752521154514895,0.6307692307692307
Out,0.08749794960021973,0.00475307210758173,0.6307692307692307
Out,0.0875050351023674,0.004753623188405797,0.6307692307692307
Out,0.08750952035188675,0.0047541743970315395,0.6307692307692307
Out,0.08752666413784027,0.004754725733503421,0.6307692307692307
Out,0.08755262941122055,0.004755277197865925,0.6307692307692307
Out,0.08756456524133682,0.0047558287901635545,0.6307692307692307
Out,0.08763263374567032,0.004756380510440836,0.6307692307692307
Out,0.08769062906503677,0.004756932358742314,0.6307692307692307
Out,0.08769384026527405,0.004757484335112555,0.6307692307692307
Out,0.08794014155864716,0.004758036439596147,0.6307692307692307
Out,0.08794508874416351,0.004758588672237697,0.6307692307692307
Out,0.08799237012863159,0.004759141033081834,0.6307692307692307
Out,0.08802774548530579,0.004759693522173206,0.6307692307692307
Out,0.0881204605102539,0.0047602461395564845,0.6307692307692307
Out,0.08818282186985016,0.004760798885276358,0.6307692307692307
Out,0.0881890207529068,0.0047613517593775405,0.6307692307692307
Out,0.08819664269685745,0.004761904761904762,0.6307692307692307
Out,0.08820666372776031,0.004762457892902776,0.6307692307692307
Out,0.08822604268789291,0.004763011152416357,0.6307692307692307
Out,0.08824700862169266,0.004763564540490299,0.6307692307692307
Out,0.08830375969409943,0.004764118057169417,0.6307692307692307
Out,0.08830659836530685,0.004764671702498547,0.6307692307692307
Out,0.08835196495056152,0.004765225476522548,0.6307692307692307
Out,0.0883772075176239,0.0047657793792862954,0.6307692307692307
Out,0.08840879052877426,0.004766333410834689,0.6307692307692307
Out,0.08843351900577545,0.004766887571212649,0.6307692307692307
Out,0.08853624761104584,0.0047674418604651166,0.6307692307692307
Out,0.08857988566160202,0.004767996278637051,0.6307692307692307
Out,0.08861184865236282,0.004768550825773436,0.6307692307692307
Out,0.08862289786338806,0.004769105501919274,0.6307692307692307
Out,0.08864811062812805,0.00476966030711959,0.6307692307692307
Out,0.08866128325462341,0.00477021524141943,0.6307692307692307
Out,0.08866909891366959,0.004770770304863859,0.6307692307692307
Out,0.08875082433223724,0.004771325497497964,0.6307692307692307
Out,0.0888725221157074,0.004771880819366853,0.6307692307692307
Out,0.08887311071157455,0.004772436270515656,0.6307692307692307
Out,0.08887923508882523,0.004772991850989523,0.6307692307692307
Out,0.08891584724187851,0.004773547560833625,0.6307692307692307
Out,0.08892501890659332,0.004774103400093153,0.6307692307692307
Out,0.08895231038331985,0.0047746593688133224,0.6307692307692307
Out,0.08902573585510254,0.004775215467039367,0.6307692307692307
Out,0.0890762209892273,0.00477577169481654,0.6307692307692307
Out,0.08923842012882233,0.004776328052190121,0.6307692307692307
Out,0.08924047648906708,0.004776884539205406,0.6307692307692307
Out,0.08925172686576843,0.004777441155907714,0.6307692307692307
Out,0.08931349217891693,0.004777997902342384,0.6307692307692307
Out,0.08935875445604324,0.004778554778554779,0.6307692307692307
Out,0.08937118202447891,0.004779111784590279,0.6307692307692307
Out,0.08937257528305054,0.0047796689204942875,0.6307692307692307
Out,0.08945751935243607,0.004780226186312231,0.6307692307692307
Out,0.08948148787021637,0.004780783582089552,0.6307692307692307
Out,0.08951548486948013,0.00478134110787172,0.6307692307692307
Out,0.08955657482147217,0.004781898763704222,0.6307692307692307
Out,0.08956263959407806,0.004782456549632568,0.6307692307692307
Out,0.08975020051002502,0.004783014465702286,0.6307692307692307
Out,0.08980195224285126,0.004783572511958932,0.6307692307692307
Out,0.08989647775888443,0.004784130688448075,0.6307692307692307
Out,0.08998142182826996,0.004784688995215311,0.6307692307692307
Out,0.08998669683933258,0.004785247432306256,0.6307692307692307
Out,0.08999475836753845,0.004785805999766546,0.6307692307692307
Out,0.09002575278282166,0.00478636469764184,0.6307692307692307
Out,0.09006699174642563,0.004786923525977817,0.6307692307692307
Out,0.0901126116514206,0.004787482484820177,0.6307692307692307
Out,0.09014776349067688,0.004788041574214644,0.6307692307692307
Out,0.09018092602491379,0.004788600794206961,0.6307692307692307
Out,0.09022224694490433,0.004789160144842892,0.6307692307692307
Out,0.0902550220489502,0.0047897196261682245,0.6307692307692307
Out,0.09026149660348892,0.004790279238228765,0.6307692307692307
Out,0.09036251157522202,0.004790838981070343,0.6307692307692307
Out,0.09040750563144684,0.004791398854738811,0.6307692307692307
Out,0.09043996781110764,0.0047919588592800376,0.6307692307692307
Out,0.09048372507095337,0.004792518994739918,0.6307692307692307
Out,0.09061318635940552,0.0047930792611643675,0.6307692307692307
Out,0.09065058827400208,0.0047936396585993215,0.6307692307692307
Out,0.09071655571460724,0.004794200187090739,0.6307692307692307
Out,0.09076686948537827,0.004794760846684599,0.6307692307692307
Out,0.09083306044340134,0.0047953216374269,0.6307692307692307
Out,0.09089607000350952,0.004795882559363669,0.6307692307692307
Out,0.09092184901237488,0.004796443612540945,0.6307692307692307
Out,0.09094330668449402,0.004797004797004797,0.6307692307692307
Out,0.09096381068229675,0.0047975661128013105,0.6307692307692307
Out,0.09102770686149597,0.004798127559976595,0.6307692307692307
Out,0.09105105698108673,0.004798689138576779,0.6307692307692307
Out,0.09115634858608246,0.004799250848648016,0.6307692307692307
Out,0.09117637574672699,0.004799812690236479,0.6307692307692307
Out,0.09119431674480438,0.004800374663388362,0.6307692307692307
Out,0.09144466370344162,0.004800936768149883,0.6307692307692307
Out,0.09159566462039948,0.00480149900456728,0.6307692307692307
Out,0.09159718453884125,0.004802061372686812,0.6307692307692307
Out,0.09161295741796494,0.004802623872554762,0.6307692307692307
Out,0.09165020287036896,0.004803186504217432,0.6307692307692307
Out,0.09170092642307281,0.004803749267721149,0.6307692307692307
Out,0.09176605939865112,0.004804312163112257,0.6307692307692307
Out,0.09186878800392151,0.004804875190437126,0.6307692307692307
Out,0.09188546240329742,0.004805438349742147,0.6307692307692307
Out,0.09189994633197784,0.004806001641073731,0.6307692307692307
Out,0.09192384034395218,0.004806565064478312,0.6307692307692307
Out,0.09193643927574158,0.0048071286200023445,0.6307692307692307
Out,0.09215965121984482,0.004807692307692308,0.6307692307692307
Out,0.09216997027397156,0.004808256127594699,0.6307692307692307
Out,0.09220509231090546,0.00480882007975604,0.6307692307692307
Out,0.09220989048480988,0.004809384164222874,0.6307692307692307
Out,0.09223562479019165,0.004809948381041765,0.6307692307692307
Out,0.09224538505077362,0.004810512730259299,0.6307692307692307
Out,0.09228318929672241,0.004811077211922084,0.6307692307692307
Out,0.09230983257293701,0.0048116418260767515,0.6307692307692307
Out,0.09234263747930527,0.004812206572769953,0.6307692307692307
Out,0.09253527969121933,0.004812771452048363,0.6307692307692307
Out,0.09253840893507004,0.004813336463958676,0.6307692307692307
Out,0.09259737282991409,0.0048139016085476105,0.6307692307692307
Out,0.092598557472229,0.004814466885861907,0.6307692307692307
Out,0.09260030835866928,0.004815032295948326,0.6307692307692307
Out,0.09263212233781815,0.004815597838853653,0.6307692307692307
Out,0.09265740215778351,0.004816163514624692,0.6307692307692307
Out,0.0928688794374466,0.00481672932330827,0.6307692307692307
Out,0.09287384152412415,0.00481729526495124,0.6307692307692307
Out,0.09293045848608017,0.00481786133960047,0.6307692307692307
Out,0.09296704083681107,0.004818427547302856,0.6307692307692307
Out,0.09324263036251068,0.004818993888105313,0.6307692307692307
Out,0.09328099340200424,0.004819560362054778,0.6307692307692307
Out,0.09330668300390244,0.004820126969198213,0.6307692307692307
Out,0.09337436407804489,0.0048206937095825984,0.6307692307692307
Out,0.09357254952192307,0.004821260583254939,0.6307692307692307
Out,0.09359078109264374,0.00482182759026226,0.6307692307692307
Out,0.0936027243733406,0.004822394730651611,0.6307692307692307
Out,0.09361906349658966,0.004822962004470062,0.6307692307692307
Out,0.09362506866455078,0.004823529411764706,0.6307692307692307
Out,0.09364008903503418,0.004824096952582657,0.6307692307692307
Out,0.09366385638713837,0.004824664626971052,0.6307692307692307
Out,0.09368397295475006,0.0048252324349770505,0.6307692307692307
Out,0.09374980628490448,0.004825800376647834,0.6307692307692307
Out,0.09378456324338913,0.004826368452030606,0.6307692307692307
Out,0.0938129872083664,0.004826936661172593,0.6307692307692307
Out,0.09381313621997833,0.0048275050041210405,0.6307692307692307
Out,0.09384424984455109,0.004828073480923222,0.6307692307692307
Out,0.09394753724336624,0.004828642091626428,0.6307692307692307
Out,0.09394851326942444,0.004829210836277974,0.6307692307692307
Out,0.09396886825561523,0.004829779714925197,0.6307692307692307
Out,0.09405596554279327,0.004830348727615457,0.6307692307692307
Out,0.09405980259180069,0.004830917874396135,0.6307692307692307
Out,0.0941431075334549,0.004831487155314636,0.6307692307692307
Out,0.09422746300697327,0.004832056570418386,0.6307692307692307
Out,0.0942305475473404,0.004832626119754832,0.6307692307692307
Out,0.09430252015590668,0.0048331958033714486,0.6307692307692307
Out,0.09434019029140472,0.0048337656213157274,0.6307692307692307
Out,0.09435185045003891,0.004834335573635185,0.6307692307692307
Out,0.09435213357210159,0.004834905660377358,0.6307692307692307
Out,0.09435740113258362,0.00483547588158981,0.6307692307692307
Out,0.09439244121313095,0.004836046237320123,0.6307692307692307
Out,0.09457536786794662,0.004836616727615902,0.6307692307692307
Out,0.09458307176828384,0.004837187352524776,0.6307692307692307
Out,0.09460142254829407,0.0048377581120943956,0.6307692307692307
Out,0.09468857198953629,0.0048383290063724336,0.6307692307692307
Out,0.09472361207008362,0.004838900035406586,0.6307692307692307
Out,0.09476453810930252,0.00483947119924457,0.6307692307692307
Out,0.09476891905069351,0.004840042497934128,0.6307692307692307
Out,0.09484441578388214,0.0048406139315230225,0.6307692307692307
Out,0.09489962458610535,0.004841185500059039,0.6307692307692307
Out,0.094917431473732,0.0048417572035899855,0.6307692307692307
Out,0.09500231593847275,0.004842329042163695,0.6307692307692307
Out,0.0950111374258995,0.004842901015828018,0.6307692307692307
Out,0.09509767591953278,0.004843473124630833,0.6307692307692307
Out,0.09510445594787598,0.004844045368620038,0.6307692307692307
Out,0.09512019157409668,0.004844617747843554,0.6307692307692307
Out,0.09513995796442032,0.004845190262349326,0.6307692307692307
Out,0.09516924619674683,0.004845762912185321,0.6307692307692307
Out,0.09519223123788834,0.004846335697399527,0.6307692307692307
Out,0.09521082043647766,0.004846908618039957,0.6307692307692307
Out,0.09522805362939835,0.004847481674154647,0.6307692307692307
Out,0.09523532539606094,0.004848054865791652,0.6307692307692307
Out,0.09533925354480743,0.004848628192999054,0.6307692307692307
Out,0.09538932144641876,0.004849201655824956,0.6307692307692307
Out,0.09542027115821838,0.004849775254317483,0.6307692307692307
Out,0.09544788300991058,0.004850348988524784,0.6307692307692307
Out,0.09547176212072372,0.004850922858495031,0.6307692307692307
Out,0.09548676013946533,0.004851496864276417,0.6307692307692307
Out,0.09551427513360977,0.0048520710059171595,0.6307692307692307
Out,0.09552867710590363,0.0048526452834654985,0.6307692307692307
Out,0.09562444686889648,0.004853219696969697,0.6307692307692307
Out,0.0957152470946312,0.004853794246478039,0.6307692307692307
Out,0.09573746472597122,0.0048543689320388345,0.6307692307692307
Out,0.09579357504844666,0.004854943753700414,0.6307692307692307
Out,0.09582533687353134,0.004855518711511132,0.6307692307692307
Out,0.09606949985027313,0.004856093805519365,0.6307692307692307
Out,0.09608683735132217,0.004856669035773514,0.6307692307692307
Out,0.09618939459323883,0.004857244402322,0.6307692307692307
Out,0.09621059894561768,0.00485781990521327,0.6307692307692307
Out,0.09630238264799118,0.004858395544495794,0.6307692307692307
Out,0.09634793549776077,0.004858971320218061,0.6307692307692307
Out,0.096446692943573,0.004859547232428588,0.6307692307692307
Out,0.09665528684854507,0.0048601232811759125,0.6307692307692307
Out,0.0967276394367218,0.004860699466508595,0.6307692307692307
Out,0.09679900854825974,0.004861275788475219,0.6307692307692307
Out,0.09684854000806808,0.004861852247124392,0.6307692307692307
Out,0.09685160964727402,0.004862428842504744,0.6307692307692307
Out,0.0968848168849945,0.004863005574664927,0.6307692307692307
Out,0.09696388244628906,0.004863582443653618,0.6307692307692307
Out,0.09705185145139694,0.004864159449519516,0.6307692307692307
Out,0.09720100462436676,0.004864736592311343,0.6307692307692307
Out,0.0973811224102974,0.004865313872077845,0.6307692307692307
Out,0.09740079939365387,0.004865891288867791,0.6307692307692307
Out,0.0975220799446106,0.0048664688427299705,0.6307692307692307
Out,0.0975901335477829,0.0048670465337132,0.6307692307692307
Out,0.0976104587316513,0.004867624361866318,0.6307692307692307
Out,0.0976252630352974,0.004868202327238186,0.6307692307692307
Out,0.09768377244472504,0.004868780429877687,0.6307692307692307
Out,0.09769625216722488,0.004869358669833729,0.6307692307692307
Out,0.09779100865125656,0.0048699370471552445,0.6307692307692307
Out,0.09779108315706253,0.004870515561891185,0.6307692307692307
Out,0.09819276630878448,0.004871094214090531,0.6307692307692307
Out,0.09827494621276855,0.004871673003802281,0.6307692307692307
Out,0.09846480190753937,0.004872251931075461,0.6307692307692307
Out,0.09848270565271378,0.004872830995959115,0.6307692307692307
Out,0.09854903072118759,0.004873410198502318,0.6307692307692307
Out,0.09858120232820511,0.004873989538754161,0.6307692307692307
Out,0.09859771281480789,0.004874569016763762,0.6307692307692307
Out,0.09864269942045212,0.004875148632580262,0.6307692307692307
Out,0.0986509621143341,0.004875728386252824,0.6307692307692307
Out,0.09865164756774902,0.004876308277830637,0.6307692307692307
Out,0.09866967797279358,0.004876888307362912,0.6307692307692307
Out,0.09890624135732651,0.004877468474898882,0.6307692307692307
Out,0.09890906512737274,0.004878048780487805,0.6307692307692307
Out,0.09893783926963806,0.0048786292241789625,0.6307692307692307
Out,0.09911437332630157,0.004879209806021659,0.6307692307692307
Out,0.09916196763515472,0.004879790526065223,0.6307692307692307
Out,0.09916502237319946,0.004880371384359005,0.6307692307692307
Out,0.09917635470628738,0.004880952380952381,0.6307692307692307
Out,0.09922222048044205,0.004881533515894749,0.6307692307692307
Out,0.09924323856830597,0.004882114789235532,0.6307692307692307
Out,0.09928715229034424,0.004882696201024175,0.6307692307692307
Out,0.09942050278186798,0.004883277751310148,0.6307692307692307
Out,0.09959951043128967,0.004883859440142942,0.6307692307692307
Out,0.09971955418586731,0.004884441267572075,0.6307692307692307
Out,0.09972354769706726,0.0048850232336470865,0.6307692307692307
Out,0.09975240379571915,0.004885605338417541,0.6307692307692307
Out,0.09976023435592651,0.004886187581933024,0.6307692307692307
Out,0.09977351874113083,0.004886769964243146,0.6307692307692307
Out,0.09980671852827072,0.004887352485397544,0.6307692307692307
Out,0.099820576608181,0.004887935145445875,0.6307692307692307
Out,0.09984314441680908,0.004888517944437821,0.6307692307692307
Out,0.09987296909093857,0.004889100882423086,0.6307692307692307
Out,0.09990373253822327,0.004889683959451402,0.6307692307692307
Out,0.09995348751544952,0.004890267175572519,0.6307692307692307
Out,0.09999009966850281,0.0048908505308362165,0.6307692307692307
Out,0.1002780944108963,0.004891434025292293,0.6307692307692307
Out,0.10029421746730804,0.004892017658990574,0.6307692307692307
Out,0.10029428452253342,0.004892601431980907,0.6307692307692307
Out,0.1003737598657608,0.0048931853443131635,0.6307692307692307
Out,0.10071615129709244,0.00489376939603724,0.6307692307692307
Out,0.10074719041585922,0.004894353587203056,0.6307692307692307
Out,0.10083310306072235,0.004894937917860554,0.6307692307692307
Out,0.10085690766572952,0.004895522388059702,0.6307692307692307
Out,0.10089811682701111,0.00489610699785049,0.6307692307692307
Out,0.10095474123954773,0.004896691747282933,0.6307692307692307
Out,0.10101286321878433,0.004897276636407071,0.6307692307692307
Out,0.10103797167539597,0.004897861665272966,0.6307692307692307
Out,0.10105187445878983,0.004898446833930705,0.6307692307692307
Out,0.10114314407110214,0.0048990321424303976,0.6307692307692307
Out,0.10125222057104111,0.00489961759082218,0.6307692307692307
Out,0.10127389430999756,0.004900203179156209,0.6307692307692307
Out,0.10127781331539154,0.004900788907482668,0.6307692307692307
Out,0.10130757838487625,0.004901374775851763,0.6307692307692307
Out,0.10130991041660309,0.004901960784313725,0.6307692307692307
Out,0.10131058096885681,0.004902546932918809,0.6307692307692307
Out,0.10157188773155212,0.004903133221717293,0.6307692307692307
Out,0.10160523653030396,0.004903719650759478,0.6307692307692307
Out,0.10169567167758942,0.004904306220095694,0.6307692307692307
Out,0.10173500329256058,0.004904892929776289,0.6307692307692307
Out,0.1018492728471756,0.004905479779851639,0.6307692307692307
Out,0.10185328125953674,0.004906066770372143,0.6307692307692307
Out,0.10185641795396805,0.004906653901388224,0.6307692307692307
Out,0.10185780376195908,0.004907241172950329,0.6307692307692307
Out,0.1019684448838234,0.0049078285851089296,0.6307692307692307
Out,0.10197765380144119,0.0049084161379145215,0.6307692307692307
Out,0.10201545059680939,0.004909003831417624,0.6307692307692307
Out,0.10206407308578491,0.004909591665668782,0.6307692307692307
Out,0.1020825132727623,0.004910179640718563,0.6307692307692307
Out,0.10209290683269501,0.004910767756617559,0.6307692307692307
Out,0.10226631164550781,0.004911356013416387,0.6307692307692307
Out,0.10231158882379532,0.004911944411165688,0.6307692307692307
Out,0.10238593816757202,0.004912532949916127,0.6307692307692307
Out,0.10242482274770737,0.004913121629718394,0.6307692307692307
Out,0.1024261862039566,0.004913710450623202,0.6307692307692307
Out,0.10258641839027405,0.00491429941268129,0.6307692307692307
Out,0.10259857773780823,0.004914888515943419,0.6307692307692307
Out,0.10259995609521866,0.004915477760460377,0.6307692307692307
Out,0.10262997448444366,0.004916067146282973,0.6307692307692307
Out,0.10266146808862686,0.004916656673462046,0.6307692307692307
Out,0.10267619788646698,0.004917246342048453,0.6307692307692307
Out,0.10271941125392914,0.004917836152093079,0.6307692307692307
Out,0.10272591561079025,0.004918426103646833,0.6307692307692307
Out,0.1028476431965828,0.004919016196760648,0.6307692307692307
Out,0.1030866876244545,0.004919606431485481,0.6307692307692307
Out,0.10317177325487137,0.004920196807872315,0.6307692307692307
Out,0.10328101366758347,0.004920787325972156,0.6307692307692307
Out,0.10331510752439499,0.004921377985836034,0.6307692307692307
Out,0.103326715528965,0.004921968787515006,0.6307692307692307
Out,0.10334975272417068,0.004922559731060152,0.6307692307692307
Out,0.10337783396244049,0.004923150816522575,0.6307692307692307
Out,0.10342035442590714,0.004923742043953404,0.6307692307692307
Out,0.10344914346933365,0.004924333413403795,0.6307692307692307
Out,0.10347618162631989,0.004924924924924925,0.6307692307692307
Out,0.10351461172103882,0.004925516578567996,0.6307692307692307
Out,0.10352161526679993,0.0049261083743842365,0.6307692307692307
Out,0.1035332977771759,0.004926700312424898,0.6307692307692307
Out,0.10356959700584412,0.004927292392741257,0.6307692307692307
Out,0.10366429388523102,0.004927884615384615,0.6307692307692307
Out,0.10374699532985687,0.004928476980406299,0.6307692307692307
Out,0.10379683971405029,0.004929069487857658,0.6307692307692307
Out,0.10394170135259628,0.004929662137790069,0.6307692307692307
Out,0.10394462198019028,0.004930254930254931,0.6307692307692307
Out,0.10398614406585693,0.0049308478653036685,0.6307692307692307
Out,0.10408931970596313,0.004931440942987732,0.6307692307692307
Out,0.10414813458919525,0.004932034163358595,0.6307692307692307
Out,0.10421644151210785,0.004932627526467758,0.6307692307692307
Out,0.10423028469085693,0.004933221032366743,0.6307692307692307
Out,0.1042444109916687,0.0049338146811070994,0.6307692307692307
Out,0.10432493686676025,0.004934408472740402,0.6307692307692307
Out,0.10441919416189194,0.004935002407318248,0.6307692307692307
Out,0.10447370260953903,0.00493559648489226,0.6307692307692307
Out,0.10453362762928009,0.004936190705514086,0.6307692307692307
Out,0.10474871098995209,0.0049367850692354,0.6307692307692307
Out,0.10476897656917572,0.0049373795761079,0.6307692307692307
Out,0.10481132566928864,0.004937974226183307,0.6307692307692307
Out,0.10483965277671814,0.00493856901951337,0.6307692307692307
Out,0.10506819188594818,0.004939163956149861,0.6307692307692307
Out,0.10508881509304047,0.004939759036144578,0.6307692307692307
Out,0.10515159368515015,0.004940354259549343,0.6307692307692307
Out,0.10516142845153809,0.004940949626416004,0.6307692307692307
Out,0.10519024729728699,0.004941545136796432,0.6307692307692307
Out,0.10519671440124512,0.004942140790742526,0.6307692307692307
Out,0.10527781397104263,0.004942736588306209,0.6307692307692307
Out,0.10539552569389343,0.004943332529539426,0.6307692307692307
Out,0.10543711483478546,0.004943928614494152,0.6307692307692307
Out,0.10546395927667618,0.004944524843222383,0.6307692307692307
Out,0.10549960285425186,0.004945121215776143,0.6307692307692307
Out,0.10558153688907623,0.004945717732207479,0.6307692307692307
Out,0.10571861267089844,0.004946314392568464,0.6307692307692307
Out,0.10596657544374466,0.0049469111969111966,0.6307692307692307
Out,0.10600749403238297,0.0049475081452878,0.6307692307692307
Out,0.106044702231884,0.004948105237750422,0.6307692307692307
Out,0.10620038956403732,0.004948702474351237,0.6307692307692307
Out,0.10623113065958023,0.004949299855142443,0.6307692307692307
Out,0.10624391585588455,0.004949897380176265,0.6307692307692307
Out,0.10635317862033844,0.0049504950495049506,0.6307692307692307
Out,0.10647866874933243,0.004951092863180775,0.6307692307692307
Out,0.10649669170379639,0.004951690821256039,0.6307692307692307
Out,0.10651274025440216,0.004952288923783066,0.6307692307692307
Out,0.10651324689388275,0.004952887170814206,0.6307692307692307
Out,0.10654330998659134,0.0049534855624018366,0.6307692307692307
Out,0.10668021440505981,0.004954084098598357,0.6307692307692307
Out,0.10674317181110382,0.004954682779456193,0.6307692307692307
Out,0.10676461458206177,0.004955281605027798,0.6307692307692307
Out,0.10692483931779861,0.004955880575365648,0.6307692307692307
Out,0.10697122663259506,0.004956479690522243,0.6307692307692307
Out,0.10697870701551437,0.0049570789505501145,0.6307692307692307
Out,0.10699047148227692,0.004957678355501814,0.6307692307692307
Out,0.10699097812175751,0.004958277905429919,0.6307692307692307
Out,0.10701246559619904,0.004958877600387035,0.6307692307692307
Out,0.10703033953905106,0.004959477440425789,0.6307692307692307
Out,0.10712328553199768,0.0049600774255988385,0.6307692307692307
Out,0.10713712871074677,0.004960677555958862,0.6307692307692307
Out,0.1072615385055542,0.004961277831558568,0.6307692307692307
Out,0.10730422288179398,0.004961878252450684,0.6307692307692307
Out,0.10736680030822754,0.004962478818687969,0.6307692307692307
Out,0.10747774690389633,0.004963079530323205,0.6307692307692307
Out,0.10748599469661713,0.004963680387409201,0.6307692307692307
Out,0.10766635835170746,0.004964281389998789,0.6307692307692307
Out,0.10795344412326813,0.004964882538144829,0.6307692307692307
Out,0.10801928490400314,0.0049654838319002055,0.6307692307692307
Out,0.10812410712242126,0.00496608527131783,0.6307692307692307
Out,0.10818221420049667,0.004966686856450636,0.6307692307692307
Out,0.10821188241243362,0.004967288587351587,0.6307692307692307
Out,0.1082606092095375,0.00496789046407367,0.6307692307692307
Out,0.10841440409421921,0.0049684924866698985,0.6307692307692307
Out,0.10847248882055283,0.00496909465519331,0.6307692307692307
Out,0.10848220437765121,0.004969696969696969,0.6307692307692307
Out,0.10861282795667648,0.0049702994302339674,0.6307692307692307
Out,0.10882177203893661,0.00497090203685742,0.6307692307692307
Out,0.10895200073719025,0.004971504789620468,0.6307692307692307
Out,0.10896657407283783,0.004972107688576279,0.6307692307692307
Out,0.10898781567811966,0.004972710733778047,0.6307692307692307
Out,0.10913032293319702,0.004973313925278991,0.6307692307692307
Out,0.10937769711017609,0.004973917263132355,0.6307692307692307
Out,0.10955178737640381,0.00497452074739141,0.6307692307692307
Out,0.10957368463277817,0.004975124378109453,0.6307692307692307
Out,0.10960197448730469,0.004975728155339806,0.6307692307692307
Out,0.10968860983848572,0.004976332079135818,0.6307692307692307
Out,0.10971686244010925,0.004976936149550862,0.6307692307692307
Out,0.10985170304775238,0.004977540366638339,0.6307692307692307
Out,0.10987112671136856,0.004978144730451675,0.6307692307692307
Out,0.1099533885717392,0.004978749241044323,0.6307692307692307
Out,0.10996800661087036,0.004979353898469759,0.6307692307692307
Out,0.11003776639699936,0.004979958702781489,0.6307692307692307
Out,0.11012347042560577,0.004980563654033042,0.6307692307692307
Out,0.11017578095197678,0.004981168752277974,0.6307692307692307
Out,0.1101822704076767,0.004981773997569866,0.6307692307692307
Out,0.11024603247642517,0.004982379389962328,0.6307692307692307
Out,0.11025919020175934,0.004982984929508993,0.6307692307692307
Out,0.1103433147072792,0.004983590616263522,0.6307692307692307
Out,0.11039413511753082,0.0049841964502796016,0.6307692307692307
Out,0.11054513603448868,0.004984802431610942,0.6307692307692307
Out,0.11059089750051498,0.004985408560311284,0.6307692307692307
Out,0.11083298921585083,0.004986014836434391,0.6307692307692307
Out,0.11084523797035217,0.004986621260034055,0.6307692307692307
Out,0.11092355102300644,0.004987227831164092,0.6307692307692307
Out,0.1111077144742012,0.004987834549878345,0.6307692307692307
Out,0.11111660301685333,0.004988441416230685,0.6307692307692307
Out,0.11118118464946747,0.004989048430275006,0.6307692307692307
Out,0.1111859679222107,0.004989655592065231,0.6307692307692307
Out,0.11120831966400146,0.0049902629016553065,0.6307692307692307
Out,0.11121121048927307,0.004990870359099208,0.6307692307692307
Out,0.11123625934123993,0.004991477964450938,0.6307692307692307
Out,0.11139726638793945,0.00499208571776452,0.6307692307692307
Out,0.11151216179132462,0.004992693619094009,0.6307692307692307
Out,0.11154159903526306,0.004993301668493484,0.6307692307692307
Out,0.11164241284132004,0.004993909866017053,0.6307692307692307
Out,0.11166559904813766,0.0049945182117188455,0.6307692307692307
Out,0.11168067902326584,0.004995126705653021,0.6307692307692307
Out,0.11169970035552979,0.0049957353478737665,0.6307692307692307
Out,0.11173325777053833,0.004996344138435292,0.6307692307692307
Out,0.11196687817573547,0.004996953077391834,0.6307692307692307
Out,0.11197493970394135,0.0049975621647976596,0.6307692307692307
Out,0.11198154836893082,0.004998171400707059,0.6307692307692307
Out,0.11206787824630737,0.004998780785174348,0.6307692307692307
Out,0.11211587488651276,0.004999390318253871,0.6307692307692307
Out,0.11218623071908951,0.005,0.6307692307692307
Out,0.11228937655687332,0.0050006098304671304,0.6307692307692307
Out,0.11241930723190308,0.005001219809709685,0.6307692307692307
Out,0.11247507482767105,0.005001829937782115,0.6307692307692307
Out,0.11248550564050674,0.005002440214738897,0.6307692307692307
Out,0.11251867562532425,0.0050030506406345335,0.6307692307692307
Out,0.11256495118141174,0.005003661215523553,0.6307692307692307
Out,0.11260790377855301,0.005004271939460515,0.6307692307692307
Out,0.11262848228216171,0.0050048828125,0.6307692307692307
Out,0.11270859092473984,0.005005493834696618,0.6307692307692307
Out,0.11281954497098923,0.0050061050061050065,0.6307692307692307
Out,0.11294814199209213,0.005006716326779827,0.6307692307692307
Out,0.11296054720878601,0.005007327796775769,0.6307692307692307
Out,0.11298491805791855,0.005007939416147551,0.6307692307692307
Out,0.11301271617412567,0.005008551184949915,0.6307692307692307
Out,0.11302139610052109,0.00500916310323763,0.6307692307692307
Out,0.11305208504199982,0.0050097751710654935,0.6307692307692307
Out,0.11306765675544739,0.00501038738848833,0.6307692307692307
Out,0.11307702958583832,0.005010999755560987,0.6307692307692307
Out,0.11322084814310074,0.005011612272338345,0.6307692307692307
Out,0.1132708489894867,0.005012224938875306,0.6307692307692307
Out,0.11329277604818344,0.0050128377552268,0.6307692307692307
Out,0.11339819431304932,0.005013450721447787,0.6307692307692307
Out,0.113404281437397,0.005014063837593249,0.6307692307692307
Out,0.11353123933076859,0.005014677103718199,0.6307692307692307
Out,0.11356785893440247,0.005015290519877676,0.6307692307692307
Out,0.11379030346870422,0.005015904086126744,0.6307692307692307
Out,0.11379323899745941,0.005016517802520494,0.6307692307692307
Out,0.11381124705076218,0.005017131669114048,0.6307692307692307
Out,0.11389056593179703,0.00501774568596255,0.6307692307692307
Out,0.11394292116165161,0.005018359853121175,0.6307692307692307
Out,0.11402593553066254,0.005018974170645122,0.6307692307692307
Out,0.11408177018165588,0.005019588638589618,0.6307692307692307
Out,0.11411745846271515,0.005020203257009918,0.6307692307692307
Out,0.11413078010082245,0.005020818025961303,0.6307692307692307
Out,0.11414432525634766,0.005021432945499081,0.6307692307692307
Out,0.11416330933570862,0.005022048015678589,0.6307692307692307
Out,0.11422903835773468,0.005022663236555188,0.6307692307692307
Out,0.11429937928915024,0.0050232786081842685,0.6307692307692307
Out,0.11430326849222183,0.005023894130621247,0.6307692307692307
Out,0.11436393111944199,0.005024509803921569,0.6307692307692307
Out,0.11439507454633713,0.005025125628140704,0.6307692307692307
Out,0.11439967155456543,0.00502574160333415,0.6307692307692307
Out,0.11459247767925262,0.005026357729557436,0.6307692307692307
Out,0.11460889875888824,0.005026974006866111,0.6307692307692307
Out,0.11460918188095093,0.005027590435315758,0.6307692307692307
Out,0.11463408917188644,0.005028207014961982,0.6307692307692307
Out,0.11465956270694733,0.005028823745860419,0.6307692307692307
Out,0.11474119871854782,0.005029440628066732,0.6307692307692307
Out,0.11475129425525665,0.005030057661636609,0.6307692307692307
Out,0.11480678617954254,0.005030674846625767,0.6307692307692307
Out,0.11492223292589188,0.00503129218308995,0.6307692307692307
Out,0.1149696409702301,0.005031909671084929,0.6307692307692307
Out,0.1149948462843895,0.005032527310666503,0.6307692307692307
Out,0.11508261412382126,0.005033145101890499,0.6307692307692307
Out,0.11513696610927582,0.005033763044812768,0.6307692307692307
Out,0.11519578099250793,0.005034381139489195,0.6307692307692307
Out,0.11521263420581818,0.005034999385975685,0.6307692307692307
Out,0.11522892117500305,0.0050356177843281745,0.6307692307692307
Out,0.11528272181749344,0.005036236334602629,0.6307692307692307
Out,0.11528611183166504,0.005036855036855037,0.6307692307692307
Out,0.1153622418642044,0.005037473891141418,0.6307692307692307
Out,0.1155211478471756,0.005038092897517818,0.6307692307692307
Out,0.1155780628323555,0.005038712056040309,0.6307692307692307
Out,0.11557887494564056,0.005039331366764995,0.6307692307692307
Out,0.11557913571596146,0.005039950829748003,0.6307692307692307
Out,0.11564039438962936,0.005040570445045488,0.6307692307692307
Out,0.1156783178448677,0.005041190212713636,0.6307692307692307
Out,0.11580657958984375,0.005041810132808657,0.6307692307692307
Out,0.11589852720499039,0.005042430205386791,0.6307692307692307
Out,0.11589965969324112,0.005043050430504305,0.6307692307692307
Out,0.1159270703792572,0.005043670808217493,0.6307692307692307
Out,0.1159333735704422,0.005044291338582677,0.6307692307692307
Out,0.11595150828361511,0.0050449120216562076,0.6307692307692307
Out,0.11607527732849121,0.005045532857494462,0.6307692307692307
Out,0.11607704311609268,0.005046153846153846,0.6307692307692307
Out,0.11615141481161118,0.005046774987690792,0.6307692307692307
Out,0.11615437269210815,0.005047396282161763,0.6307692307692307
Out,0.11617349833250046,0.005048017729623246,0.6307692307692307
Out,0.11626995354890823,0.005048639330131758,0.6307692307692307
Out,0.11633116006851196,0.005049261083743843,0.6307692307692307
Out,0.11650225520133972,0.005049882990516073,0.6307692307692307
Out,0.11663657426834106,0.005050505050505051,0.6307692307692307
Out,0.11668888479471207,0.005051127263767402,0.6307692307692307
Out,0.11669783294200897,0.005051749630359783,0.6307692307692307
Out,0.11673491448163986,0.005052372150338879,0.6307692307692307
Out,0.116853266954422,0.0050529948237614,0.6307692307692307
Out,0.11706001311540604,0.005053617650684087,0.6307692307692307
Out,0.11706260591745377,0.005054240631163708,0.6307692307692307
Out,0.11706516146659851,0.005054863765257058,0.6307692307692307
Out,0.11713162064552307,0.005055487053020962,0.6307692307692307
Out,0.11722522974014282,0.0050561104945122705,0.6307692307692307
Out,0.1172572672367096,0.005056734089787864,0.6307692307692307
Out,0.11739347875118256,0.00505735783890465,0.6307692307692307
Out,0.11739522218704224,0.005057981741919566,0.6307692307692307
Out,0.11744312196969986,0.005058605798889574,0.6307692307692307
Out,0.1174834743142128,0.005059230009871668,0.6307692307692307
Out,0.11750634759664536,0.005059854374922868,0.6307692307692307
Out,0.11755011230707169,0.005060478894100222,0.6307692307692307
Out,0.11768010258674622,0.0050611035674608075,0.6307692307692307
Out,0.11771748960018158,0.005061728395061729,0.6307692307692307
Out,0.117885522544384,0.005062353376960119,0.6307692307692307
Out,0.11800193041563034,0.005062978513213139,0.6307692307692307
Out,0.11812938749790192,0.00506360380387798,0.6307692307692307
Out,0.11817345768213272,0.005064229249011858,0.6307692307692307
Out,0.11817508935928345,0.0050648548486720195,0.6307692307692307
Out,0.11823704093694687,0.00506548060291574,0.6307692307692307
Out,0.11833979189395905,0.005066106511800322,0.6307692307692307
Out,0.11842391639947891,0.0050667325753830945,0.6307692307692307
Out,0.11845815181732178,0.0050673587937214186,0.6307692307692307
Out,0.11855936050415039,0.005067985166872682,0.6307692307692307
Out,0.11860381811857224,0.005068611694894301,0.6307692307692307
Out,0.11866526305675507,0.005069238377843719,0.6307692307692307
Out,0.11867738515138626,0.00506986521577841,0.6307692307692307
Out,0.11871097981929779,0.005070492208755874,0.6307692307692307
Out,0.11878475546836853,0.005071119356833642,0.6307692307692307
Out,0.1188133955001831,0.005071746660069273,0.6307692307692307
Out,0.11892488598823547,0.005072374118520352,0.6307692307692307
Out,0.118929922580719,0.005073001732244494,0.6307692307692307
Out,0.11913742870092392,0.0050736295012993446,0.6307692307692307
Out,0.11923811584711075,0.005074257425742574,0.6307692307692307
Out,0.1192689836025238,0.005074885505631885,0.6307692307692307
Out,0.11935117840766907,0.005075513741025006,0.6307692307692307
Out,0.11935321241617203,0.005076142131979695,0.6307692307692307
Out,0.11943899095058441,0.00507677067855374,0.6307692307692307
Out,0.11948902159929276,0.005077399380804953,0.6307692307692307
Out,0.11950398981571198,0.005078028238791181,0.6307692307692307
Out,0.11951290816068649,0.005078657252570296,0.6307692307692307
Out,0.11954748630523682,0.005079286422200198,0.6307692307692307
Out,0.11955742537975311,0.005079915747738818,0.6307692307692307
Out,0.11963005363941193,0.005080545229244114,0.6307692307692307
Out,0.1196851059794426,0.0050811748667740735,0.6307692307692307
Out,0.1197127029299736,0.005081804660386713,0.6307692307692307
Out,0.11971325427293777,0.005082434610140077,0.6307692307692307
Out,0.11975091695785522,0.005083064716092239,0.6307692307692307
Out,0.11986015737056732,0.005083694978301302,0.6307692307692307
Out,0.11992242187261581,0.005084325396825397,0.6307692307692307
Out,0.12006542831659317,0.005084955971722684,0.6307692307692307
Out,0.12013480067253113,0.005085586703051352,0.6307692307692307
Out,0.1202075406908989,0.005086217590869619,0.6307692307692307
Out,0.1202392578125,0.005086848635235732,0.6307692307692307
Out,0.12029421329498291,0.005087479836207966,0.6307692307692307
Out,0.12030775845050812,0.005088111193844626,0.6307692307692307
Out,0.12030868232250214,0.005088742708204046,0.6307692307692307
Out,0.12048265337944031,0.005089374379344588,0.6307692307692307
Out,0.12057305872440338,0.005090006207324643,0.6307692307692307
Out,0.12057814747095108,0.005090638192202632,0.6307692307692307
Out,0.1206435114145279,0.005091270334037005,0.6307692307692307
Out,0.1207670271396637,0.00509190263288624,0.6307692307692307
Out,0.12079042196273804,0.0050925350888088436,0.6307692307692307
Out,0.1208861842751503,0.005093167701863354,0.6307692307692307
Out,0.12101047486066818,0.005093800472108337,0.6307692307692307
Out,0.12107496708631516,0.005094433399602386,0.6307692307692307
Out,0.12111017853021622,0.005095066484404126,0.6307692307692307
Out,0.1211337000131607,0.00509569972657221,0.6307692307692307
Out,0.12114656716585159,0.00509633312616532,0.6307692307692307
Out,0.12119435518980026,0.005096966683242168,0.6307692307692307
Out,0.12126815319061279,0.0050976003978614945,0.6307692307692307
Out,0.12150725722312927,0.005098234270082069,0.6307692307692307
Out,0.12150929868221283,0.005098868299962691,0.6307692307692307
Out,0.12155668437480927,0.005099502487562189,0.6307692307692307
Out,0.1216210126876831,0.0051001368329394205,0.6307692307692307
Out,0.12173596769571304,0.005100771336153272,0.6307692307692307
Out,0.12175776809453964,0.00510140599726266,0.6307692307692307
Out,0.12184057384729385,0.00510204081632653,0.6307692307692307
Out,0.12193076312541962,0.005102675793403858,0.6307692307692307
Out,0.1219642162322998,0.005103310928553647,0.6307692307692307
Out,0.12200742959976196,0.005103946221834931,0.6307692307692307
Out,0.12204334139823914,0.005104581673306773,0.6307692307692307
Out,0.12204352766275406,0.005105217283028265,0.6307692307692307
Out,0.12211918085813522,0.00510585305105853,0.6307692307692307
Out,0.12217848747968674,0.005106488977456719,0.6307692307692307
Out,0.12218593060970306,0.0051071250622820126,0.6307692307692307
Out,0.12232577800750732,0.005107761305593621,0.6307692307692307
Out,0.12235619127750397,0.005108397707450785,0.6307692307692307
Out,0.12241818010807037,0.005109034267912773,0.6307692307692307
Out,0.12243440747261047,0.005109670987038883,0.6307692307692307
Out,0.12250711023807526,0.005110307864888446,0.6307692307692307
Out,0.12252124398946762,0.005110944901520818,0.6307692307692307
Out,0.12258930504322052,0.005111582096995387,0.6307692307692307
Out,0.12262388318777084,0.005112219451371571,0.6307692307692307
Out,0.12263502180576324,0.005112856964708816,0.6307692307692307
Out,0.12263809144496918,0.0051134946370666005,0.6307692307692307
Out,0.12266959249973297,0.005114132468504428,0.6307692307692307
Out,0.12271834909915924,0.005114770459081836,0.6307692307692307
Out,0.12272241711616516,0.005115408608858391,0.6307692307692307
Out,0.1227877140045166,0.005116046917893686,0.6307692307692307
Out,0.12292494624853134,0.005116685386247348,0.6307692307692307
Out,0.12304800003767014,0.005117324013979032,0.6307692307692307
Out,0.12317779660224915,0.005117962801148421,0.6307692307692307
Out,0.12336701154708862,0.005118601747815231,0.6307692307692307
Out,0.12360039353370667,0.005119240854039206,0.6307692307692307
Out,0.12368680536746979,0.00511988011988012,0.6307692307692307
Out,0.12371492385864258,0.005120519545397777,0.6307692307692307
Out,0.1237720474600792,0.005121159130652011,0.6307692307692307
Out,0.12385120242834091,0.005121798875702686,0.6307692307692307
Out,0.12406179308891296,0.005122438780609695,0.6307692307692307
Out,0.12412086129188538,0.005123078845432963,0.6307692307692307
Out,0.1241425946354866,0.005123719070232442,0.6307692307692307
Out,0.12422474473714828,0.005124359455068116,0.6307692307692307
Out,0.12431085109710693,0.005125,0.6307692307692307
Out,0.1243181824684143,0.005125640705088136,0.6307692307692307
Out,0.12433593720197678,0.0051262815703925985,0.6307692307692307
Out,0.12435238063335419,0.00512692259597349,0.6307692307692307
Out,0.12446954846382141,0.005127563781890945,0.6307692307692307
Out,0.12449042499065399,0.005128205128205128,0.6307692307692307
Out,0.12451141327619553,0.0051288466349762325,0.6307692307692307
Out,0.12470877915620804,0.005129488302264481,0.6307692307692307
Out,0.12470943480730057,0.00513013013013013,0.6307692307692307
Out,0.12480795383453369,0.005130772118633463,0.6307692307692307
Out,0.12489336729049683,0.005131414267834793,0.6307692307692307
Out,0.12490734457969666,0.005132056577794467,0.6307692307692307
Out,0.12492126226425171,0.005132699048572859,0.6307692307692307
Out,0.1250232309103012,0.005133341680230374,0.6307692307692307
Out,0.12508442997932434,0.005133984472827448,0.6307692307692307
Out,0.125238835811615,0.005134627426424546,0.6307692307692307
Out,0.12542632222175598,0.005135270541082164,0.6307692307692307
Out,0.12543456256389618,0.00513591381686083,0.6307692307692307
Out,0.12548772990703583,0.005136557253821098,0.6307692307692307
Out,0.12555834650993347,0.005137200852023556,0.6307692307692307
Out,0.12562832236289978,0.005137844611528822,0.6307692307692307
Out,0.12565267086029053,0.005138488532397544,0.6307692307692307
Out,0.12571896612644196,0.005139132614690399,0.6307692307692307
Out,0.12578141689300537,0.005139776858468096,0.6307692307692307
Out,0.1258620321750641,0.005140421263791374,0.6307692307692307
Out,0.12609602510929108,0.0051410658307210035,0.6307692307692307
Out,0.12614767253398895,0.005141710559317783,0.6307692307692307
Out,0.12614771723747253,0.005142355449642543,0.6307692307692307
Out,0.12615235149860382,0.005143000501756146,0.6307692307692307
Out,0.12616956233978271,0.005143645715719483,0.6307692307692307
Out,0.12621283531188965,0.0051442910915934755,0.6307692307692307
Out,0.12622743844985962,0.0051449366294390765,0.6307692307692307
Out,0.12628735601902008,0.005145582329317269,0.6307692307692307
Out,0.12646563351154327,0.005146228191289067,0.6307692307692307
Out,0.1265944093465805,0.005146874215415516,0.6307692307692307
Out,0.12687565386295319,0.00514752040175769,0.6307692307692307
Out,0.12689250707626343,0.005148166750376695,0.6307692307692307
Out,0.12704110145568848,0.005148813261333669,0.6307692307692307
Out,0.12709559500217438,0.005149459934689776,0.6307692307692307
Out,0.12712393701076508,0.005150106770506218,0.6307692307692307
Out,0.1271335482597351,0.005150753768844221,0.6307692307692307
Out,0.12719406187534332,0.005151400929765046,0.6307692307692307
Out,0.1272360235452652,0.005152048253329982,0.6307692307692307
Out,0.12730835378170013,0.005152695739600352,0.6307692307692307
Out,0.12731821835041046,0.005153343388637506,0.6307692307692307
Out,0.12734287977218628,0.005153991200502828,0.6307692307692307
Out,0.12736083567142487,0.005154639175257732,0.6307692307692307
Out,0.1273774653673172,0.005155287312963662,0.6307692307692307
Out,0.12742997705936432,0.0051559356136820925,0.6307692307692307
Out,0.12743107974529266,0.005156584077474532,0.6307692307692307
Out,0.1274854689836502,0.005157232704402516,0.6307692307692307
Out,0.12757456302642822,0.005157881494527614,0.6307692307692307
Out,0.12779316306114197,0.005158530447911425,0.6307692307692307
Out,0.1279047280550003,0.005159179564615578,0.6307692307692307
Out,0.1279512494802475,0.0051598288447017365,0.6307692307692307
Out,0.12809166312217712,0.005160478288231592,0.6307692307692307
Out,0.12810252606868744,0.005161127895266868,0.6307692307692307
Out,0.12810640037059784,0.005161777665869319,0.6307692307692307
Out,0.12819163501262665,0.00516242760010073,0.6307692307692307
Out,0.1283436119556427,0.005163077698022919,0.6307692307692307
Out,0.1284751147031784,0.005163727959697733,0.6307692307692307
Out,0.12855198979377747,0.005164378385187051,0.6307692307692307
Out,0.12862735986709595,0.005165028974552784,0.6307692307692307
Out,0.1288602501153946,0.005165679727856873,0.6307692307692307
Out,0.12889699637889862,0.00516633064516129,0.6307692307692307
Out,0.12894627451896667,0.00516698172652804,0.6307692307692307
Out,0.12900413572788239,0.005167632972019158,0.6307692307692307
Out,0.12904533743858337,0.00516828438169671,0.6307692307692307
Out,0.12911657989025116,0.005168935955622794,0.6307692307692307
Out,0.12913696467876434,0.005169587693859538,0.6307692307692307
Out,0.12919960916042328,0.005170239596469105,0.6307692307692307
Out,0.12925885617733002,0.005170891663513684,0.6307692307692307
Out,0.1292593628168106,0.005171543895055499,0.6307692307692307
Out,0.1294773668050766,0.005172196291156806,0.6307692307692307
Out,0.1295473426580429,0.005172848851879889,0.6307692307692307
Out,0.12965980172157288,0.005173501577287066,0.6307692307692307
Out,0.12975609302520752,0.005174154467440686,0.6307692307692307
Out,0.1298006772994995,0.00517480752240313,0.6307692307692307
Out,0.12982521951198578,0.005175460742236809,0.6307692307692307
Out,0.12986381351947784,0.005176114127004166,0.6307692307692307
Out,0.12995706498622894,0.005176767676767677,0.6307692307692307
Out,0.13005103170871735,0.005177421391589847,0.6307692307692307
Out,0.13008104264736176,0.005178075271533215,0.6307692307692307
Out,0.13012638688087463,0.0051787293166603516,0.6307692307692307
Out,0.13036760687828064,0.005179383527033856,0.6307692307692307
Out,0.13041751086711884,0.005180037902716361,0.6307692307692307
Out,0.1304321587085724,0.005180692443770533,0.6307692307692307
Out,0.1304510235786438,0.0051813471502590676,0.6307692307692307
Out,0.13053971529006958,0.005182002022244692,0.6307692307692307
Out,0.1309361308813095,0.005182657059790165,0.6307692307692307
Out,0.13106781244277954,0.005183312262958281,0.6307692307692307
Out,0.13111628592014313,0.00518396763181186,0.6307692307692307
Out,0.1311548352241516,0.005184623166413758,0.6307692307692307
Out,0.1312226802110672,0.005185278866826863,0.6307692307692307
Out,0.13140465319156647,0.005185934733114091,0.6307692307692307
Out,0.1314772665500641,0.005186590765338394,0.6307692307692307
Out,0.1314917653799057,0.005187246963562753,0.6307692307692307
Out,0.13149681687355042,0.005187903327850183,0.6307692307692307
Out,0.13152126967906952,0.005188559858263731,0.6307692307692307
Out,0.13154098391532898,0.005189216554866472,0.6307692307692307
Out,0.13169777393341064,0.005189873417721519,0.6307692307692307
Out,0.13172075152397156,0.005190530446892012,0.6307692307692307
Out,0.13189107179641724,0.0051911876424411245,0.6307692307692307
Out,0.13196693360805511,0.005191845004432063,0.6307692307692307
Out,0.1320531666278839,0.005192502532928065,0.6307692307692307
Out,0.13210035860538483,0.005193160227992401,0.6307692307692307
Out,0.13227342069149017,0.005193818089688371,0.6307692307692307
Out,0.13229721784591675,0.005194476118079311,0.6307692307692307
Out,0.13237281143665314,0.005195134313228586,0.6307692307692307
Out,0.13238537311553955,0.0051957926751995944,0.6307692307692307
Out,0.13249102234840393,0.005196451204055767,0.6307692307692307
Out,0.13250361382961273,0.0051971098998605655,0.6307692307692307
Out,0.13259732723236084,0.005197768762677485,0.6307692307692307
Out,0.13261498510837555,0.005198427792570052,0.6307692307692307
Out,0.1326606422662735,0.005199086989601826,0.6307692307692307
Out,0.1326735019683838,0.005199746353836398,0.6307692307692307
Out,0.13286006450653076,0.005200405885337392,0.6307692307692307
Out,0.1329803168773651,0.005201065584168464,0.6307692307692307
Out,0.13298608362674713,0.005201725450393302,0.6307692307692307
Out,0.13299737870693207,0.0052023854840756245,0.6307692307692307
Out,0.13306820392608643,0.0052030456852791875,0.6307692307692307
Out,0.13328367471694946,0.005203706054067775,0.6307692307692307
Out,0.13336564600467682,0.005204366590505204,0.6307692307692307
Out,0.13343478739261627,0.005205027294655325,0.6307692307692307
Out,0.13347990810871124,0.005205688166582022,0.6307692307692307
Out,0.13371893763542175,0.005206349206349207,0.6307692307692307
Out,0.13374163210391998,0.005207010414020828,0.6307692307692307
Out,0.1338653862476349,0.005207671789660866,0.6307692307692307
Out,0.13391129672527313,0.005208333333333333,0.6307692307692307
Out,0.13398456573486328,0.0052089950451022745,0.6307692307692307
Out,0.1342753767967224,0.0052096569250317665,0.6307692307692307
Out,0.1343892365694046,0.005210318973185919,0.6307692307692307
Out,0.1344083845615387,0.005210981189628877,0.6307692307692307
Out,0.13445356488227844,0.005211643574424813,0.6307692307692307
Out,0.13445383310317993,0.005212306127637936,0.6307692307692307
Out,0.13458386063575745,0.0052129688493324855,0.6307692307692307
Out,0.1346171498298645,0.005213631739572736,0.6307692307692307
Out,0.1346430778503418,0.005214294798422994,0.6307692307692307
Out,0.1346556693315506,0.005214958025947596,0.6307692307692307
Out,0.1347455084323883,0.005215621422210915,0.6307692307692307
Out,0.13476507365703583,0.0052162849872773535,0.6307692307692307
Out,0.13476955890655518,0.00521694872121135,0.6307692307692307
Out,0.13486170768737793,0.005217612624077373,0.6307692307692307
Out,0.13494420051574707,0.005218276695939926,0.6307692307692307
Out,0.13498347997665405,0.005218940936863543,0.6307692307692307
Out,0.1350713074207306,0.005219605346912794,0.6307692307692307
Out,0.13507483899593353,0.0052202699261522795,0.6307692307692307
Out,0.13510188460350037,0.005220934674646632,0.6307692307692307
Out,0.1351315677165985,0.005221599592460519,0.6307692307692307
Out,0.1351516842842102,0.005222264679658643,0.6307692307692307
Out,0.13522621989250183,0.005222929936305733,0.6307692307692307
Out,0.13533632457256317,0.005223595362466556,0.6307692307692307
Out,0.13546064496040344,0.005224260958205913,0.6307692307692307
Out,0.13547959923744202,0.005224926723588633,0.6307692307692307
Out,0.13553041219711304,0.005225592658679582,0.6307692307692307
Out,0.13565568625926971,0.005226258763543658,0.6307692307692307
Out,0.1356665939092636,0.005226925038245793,0.6307692307692307
Out,0.1356792002916336,0.0052275914828509495,0.6307692307692307
Out,0.13569983839988708,0.0052282580974241264,0.6307692307692307
Out,0.13575811684131622,0.0052289248820303535,0.6307692307692307
Out,0.13576051592826843,0.005229591836734694,0.6307692307692307
Out,0.1357775330543518,0.0052302589616022455,0.6307692307692307
Out,0.135809987783432,0.005230926256698137,0.6307692307692307
Out,0.13589933514595032,0.0052315937220875335,0.6307692307692307
Out,0.1359097957611084,0.00523226135783563,0.6307692307692307
Out,0.13592946529388428,0.005232929164007658,0.6307692307692307
Out,0.1359509974718094,0.005233597140668879,0.6307692307692307
Out,0.13620956242084503,0.005234265287884591,0.6307692307692307
Out,0.13624635338783264,0.005234933605720122,0.6307692307692307
Out,0.13626112043857574,0.005235602094240838,0.6307692307692307
Out,0.13628986477851868,0.005236270753512133,0.6307692307692307
Out,0.13642406463623047,0.005236939583599438,0.6307692307692307
Out,0.13645650446414948,0.005237608584568216,0.6307692307692307
Out,0.1365220844745636,0.005238277756483966,0.6307692307692307
Out,0.1365366280078888,0.005238947099412215,0.6307692307692307
Out,0.1365603655576706,0.00523961661341853,0.6307692307692307
Out,0.13673296570777893,0.005240286298568507,0.6307692307692307
Out,0.13674785196781158,0.005240956154927777,0.6307692307692307
Out,0.13681930303573608,0.005241626182562005,0.6307692307692307
Out,0.13689656555652618,0.005242296381536888,0.6307692307692307
Out,0.13693201541900635,0.005242966751918159,0.6307692307692307
Out,0.13699457049369812,0.005243637293771582,0.6307692307692307
Out,0.13701725006103516,0.005244308007162957,0.6307692307692307
Out,0.13703764975070953,0.005244978892158117,0.6307692307692307
Out,0.13705669343471527,0.005245649948822927,0.6307692307692307
Out,0.13713125884532928,0.005246321177223289,0.6307692307692307
Out,0.13714824616909027,0.005246992577425134,0.6307692307692307
Out,0.1372305303812027,0.005247664149494432,0.6307692307692307
Out,0.13737376034259796,0.005248335893497184,0.6307692307692307
Out,0.13737529516220093,0.005249007809499424,0.6307692307692307
Out,0.13760259747505188,0.005249679897567221,0.6307692307692307
Out,0.13764841854572296,0.00525035215776668,0.6307692307692307
Out,0.1377570480108261,0.005251024590163934,0.6307692307692307
Out,0.1378229856491089,0.0052516971948251565,0.6307692307692307
Out,0.13795742392539978,0.0052523699718165515,0.6307692307692307
Out,0.13800422847270966,0.005253042921204356,0.6307692307692307
Out,0.1381257176399231,0.005253716043054844,0.6307692307692307
Out,0.13814851641654968,0.00525438933743432,0.6307692307692307
Out,0.13816089928150177,0.005255062804409126,0.6307692307692307
Out,0.13818323612213135,0.005255736444045635,0.6307692307692307
Out,0.13821084797382355,0.005256410256410256,0.6307692307692307
Out,0.13825683295726776,0.005257084241569432,0.6307692307692307
Out,0.138262540102005,0.005257758399589639,0.6307692307692307
Out,0.1383381336927414,0.005258432730537386,0.6307692307692307
Out,0.1386343240737915,0.00525910723447922,0.6307692307692307
Out,0.13868284225463867,0.005259781911481719,0.6307692307692307
Out,0.1387070119380951,0.005260456761611496,0.6307692307692307
Out,0.13899166882038116,0.005261131784935198,0.6307692307692307
Out,0.13903270661830902,0.005261806981519507,0.6307692307692307
Out,0.13909602165222168,0.005262482351431138,0.6307692307692307
Out,0.1391059160232544,0.005263157894736842,0.6307692307692307
Out,0.13912665843963623,0.0052638336115034025,0.6307692307692307
Out,0.139133483171463,0.005264509501797637,0.6307692307692307
Out,0.13915443420410156,0.0052651855656864,0.6307692307692307
Out,0.13919638097286224,0.005265861803236578,0.6307692307692307
Out,0.13921110332012177,0.0052665382145150935,0.6307692307692307
Out,0.13923394680023193,0.0052672147995889,0.6307692307692307
Out,0.13925781846046448,0.00526789155852499,0.6307692307692307
Out,0.13927778601646423,0.005268568491390388,0.6307692307692307
Out,0.13937975466251373,0.005269245598252152,0.6307692307692307
Out,0.13950566947460175,0.005269922879177378,0.6307692307692307
Out,0.13958889245986938,0.005270600334233192,0.6307692307692307
Out,0.13960020244121552,0.005271277963486758,0.6307692307692307
Out,0.13967278599739075,0.005271955767005272,0.6307692307692307
Out,0.1397932767868042,0.005272633744855967,0.6307692307692307
Out,0.1399359405040741,0.005273311897106109,0.6307692307692307
Out,0.13997691869735718,0.005273990223823,0.6307692307692307
Out,0.14008210599422455,0.005274668725073974,0.6307692307692307
Out,0.1401880383491516,0.005275347400926403,0.6307692307692307
Out,0.14019525051116943,0.00527602625144769,0.6307692307692307
Out,0.140370711684227,0.005276705276705276,0.6307692307692307
Out,0.14041660726070404,0.005277384476766637,0.6307692307692307
Out,0.1404547244310379,0.005149330587023687,0.6153846153846154
Out,0.14085383713245392,0.0051499935625080465,0.6153846153846154
Out,0.14101514220237732,0.0051506567087303634,0.6153846153846154
Out,0.14108891785144806,0.0051513200257566,0.6153846153846154
Out,0.14110590517520905,0.005151983513652756,0.6153846153846154
Out,0.14116041362285614,0.005152647172484864,0.6153846153846154
Out,0.14127330482006073,0.00515331100231899,0.6153846153846154
Out,0.1412946879863739,0.005153975003221235,0.6153846153846154
Out,0.14137040078639984,0.005154639175257732,0.6153846153846154
Out,0.1414874941110611,0.005155303518494652,0.6153846153846154
Out,0.14149416983127594,0.005155968032998196,0.6153846153846154
Out,0.1415652483701706,0.005156632718834601,0.6153846153846154
Out,0.14162808656692505,0.005157297576070139,0.6153846153846154
Out,0.14180202782154083,0.0051579626047711154,0.6153846153846154
Out,0.14183804392814636,0.005158627805003869,0.6153846153846154
Out,0.14184293150901794,0.005159293176834774,0.6153846153846154
Out,0.14196355640888214,0.005159958720330237,0.6153846153846154
Out,0.142025426030159,0.005160624435556703,0.6153846153846154
Out,0.14207260310649872,0.005161290322580645,0.6153846153846154
Out,0.14213505387306213,0.005161956381468577,0.6153846153846154
Out,0.14215818047523499,0.005162622612287042,0.6153846153846154
Out,0.14219461381435394,0.00516328901510262,0.6153846153846154
Out,0.14227285981178284,0.005163955589981926,0.6153846153846154
Out,0.142495796084404,0.005164622336991607,0.6153846153846154
Out,0.14256511628627777,0.005165289256198347,0.6153846153846154
Out,0.14269497990608215,0.005165956347668862,0.6153846153846154
Out,0.14276115596294403,0.005166623611469905,0.6153846153846154
Out,0.14281710982322693,0.00516729104766826,0.6153846153846154
Out,0.14284974336624146,0.00516795865633075,0.6153846153846154
Out,0.1428767740726471,0.005168626437524228,0.6153846153846154
Out,0.14288075268268585,0.0051692943913155855,0.6153846153846154
Out,0.1430889219045639,0.005169962517771746,0.6153846153846154
Out,0.1432129144668579,0.005170630816959669,0.6153846153846154
Out,0.14328140020370483,0.005171299288946348,0.6153846153846154
Out,0.14329050481319427,0.00517196793379881,0.6153846153846154
Out,0.1432959884405136,0.005043320832794517,0.6
Out,0.14344647526741028,0.00504397309881014,0.6
Out,0.14356549084186554,0.005044625533566162,0.6
Out,0.14358270168304443,0.005045278137128072,0.6
Out,0.14362065494060516,0.005045930909561392,0.6
Out,0.1436348557472229,0.005046583850931677,0.6
Out,0.14366017282009125,0.005047236961304517,0.6
Out,0.14370247721672058,0.005047890240745535,0.6
Out,0.14372777938842773,0.005048543689320388,0.6
Out,0.14383216202259064,0.00504919730709477,0.6
Out,0.1438368409872055,0.0050498510941344036,0.6
Out,0.1440022587776184,0.005050505050505051,0.6
Out,0.1440049260854721,0.005051159176272504,0.6
Out,0.14409048855304718,0.005051813471502591,0.6
Out,0.14417536556720734,0.005052467936261173,0.6
Out,0.1442508101463318,0.005053122570614149,0.6
Out,0.14430929720401764,0.005053777374627446,0.6
Out,0.1443130075931549,0.00505443234836703,0.6
Out,0.14433394372463226,0.005055087491898898,0.6
Out,0.14433957636356354,0.005055742805289085,0.6
Out,0.14436152577400208,0.005056398288603656,0.6
Out,0.14446821808815002,0.005057053941908714,0.6
Out,0.14451439678668976,0.005057709765270393,0.6
Out,0.14457158744335175,0.005058365758754864,0.6
Out,0.14462077617645264,0.00505902192242833,0.6
Out,0.14481189846992493,0.005059678256357032,0.6
Out,0.1448380947113037,0.00506033476060724,0.6
Out,0.14503708481788635,0.005060991435245263,0.6
Out,0.14521723985671997,0.0050616482803374436,0.6
Out,0.14540328085422516,0.0050623052959501555,0.6
Out,0.14550693333148956,0.005062962482149812,0.6
Out,0.1455271691083908,0.005063619839002856,0.6
Out,0.14553120732307434,0.00506427736657577,0.6
Out,0.14553482830524445,0.005064935064935065,0.6
Out,0.14559289813041687,0.0050655929341472915,0.6
Out,0.14560145139694214,0.005066250974279034,0.6
Out,0.1456093192100525,0.0050669091853969075,0.6
Out,0.1456204503774643,0.005067567567567568,0.6
Out,0.14573441445827484,0.0050682261208577,0.6
Out,0.14577238261699677,0.005068884845334027,0.6
Out,0.14577962458133698,0.005069543741063305,0.6
Out,0.14586499333381653,0.005070202808112325,0.6
Out,0.1458779275417328,0.005070862046547913,0.6
Out,0.14589445292949677,0.0050715214564369315,0.6
Out,0.145920068025589,0.005072181037846274,0.6
Out,0.14598891139030457,0.005072840790842872,0.6
Out,0.14604835212230682,0.00507350071549369,0.6
Out,0.14605534076690674,0.00507416081186573,0.6
Out,0.1461130827665329,0.005074821080026025,0.6
Out,0.14615671336650848,0.005075481520041645,0.6
Out,0.14627787470817566,0.005076142131979695,0.6
Out,0.1463768184185028,0.005076802915907316,0.6
Out,0.14656656980514526,0.005077463871891681,0.6
Out,0.14657001197338104,0.005078125,0.6
Out,0.14657147228717804,0.005078786300299518,0.6
Out,0.14667029678821564,0.005079447772857515,0.6
Out,0.1467008739709854,0.005080109417741305,0.6
Out,0.14673197269439697,0.005080771235018239,0.6
Out,0.14678247272968292,0.0050814332247557,0.6
Out,0.14678341150283813,0.0050820953870211105,0.6
Out,0.14678727090358734,0.005082757721881923,0.6
Out,0.14678731560707092,0.005083420229405631,0.6
Out,0.14681275188922882,0.005084082909659757,0.6
Out,0.14683865010738373,0.005084745762711864,0.6
Out,0.14695535600185394,0.0050854087886295475,0.6
Out,0.14715661108493805,0.005086071987480438,0.6
Out,0.14717933535575867,0.005086735359332203,0.6
Out,0.14729930460453033,0.005087398904252543,0.6
Out,0.14733880758285522,0.005088062622309198,0.6
Out,0.14736634492874146,0.0050887265135699375,0.6
Out,0.1473734974861145,0.005089390578102571,0.6
Out,0.1473810076713562,0.005090054815974941,0.6
Out,0.14748917520046234,0.005090719227254927,0.6
Out,0.14754973351955414,0.005091383812010444,0.6
Out,0.14761750400066376,0.0050920485703094395,0.6
Out,0.1476428359746933,0.005092713502219901,0.6
Out,0.1477508842945099,0.0050933786078098476,0.6
Out,0.14782331883907318,0.005094043887147335,0.6
Out,0.14787103235721588,0.005094709340300457,0.6
Out,0.14789563417434692,0.00509537496733734,0.6
Out,0.14793208241462708,0.005096040768326146,0.6
Out,0.14795418083667755,0.005096706743335076,0.6
Out,0.14797651767730713,0.005097372892432362,0.6
Out,0.14802402257919312,0.005098039215686275,0.6
Out,0.14807595312595367,0.005098705713165119,0.6
Out,0.14815255999565125,0.005099372384937239,0.6
Out,0.14820174872875214,0.0051000392310710085,0.6
Out,0.14821669459342957,0.005100706251634841,0.6
Out,0.14823056757450104,0.005101373446697188,0.6
Out,0.1482841670513153,0.00510204081632653,0.6
Out,0.14840330183506012,0.005102708360591391,0.6
Out,0.1484576165676117,0.005103376079560324,0.6
Out,0.14847978949546814,0.005104043973301924,0.6
Out,0.1485772430896759,0.005104712041884817,0.6
Out,0.14869895577430725,0.005105380285377667,0.6
Out,0.1487368941307068,0.004975124378109453,0.5846153846153846
Out,0.1487623006105423,0.004975775828204792,0.5846153846153846
Out,0.148886039853096,0.00497642744892614,0.5846153846153846
Out,0.14890573918819427,0.004977079240340537,0.5846153846153846
Out,0.14897699654102325,0.004977731202515065,0.5846153846153846
Out,0.14903655648231506,0.004978383335516835,0.5846153846153846
Out,0.14905086159706116,0.004979035639412998,0.5846153846153846
Out,0.14907006919384003,0.004979688114270738,0.5846153846153846
Out,0.14916332066059113,0.004980340760157274,0.5846153846153846
Out,0.14917176961898804,0.0049809935771398615,0.5846153846153846
Out,0.14936532080173492,0.004981646565285789,0.5846153846153846
Out,0.14946508407592773,0.004982299724662384,0.5846153846153846
Out,0.14951466023921967,0.004982953055337005,0.5846153846153846
Out,0.14962615072727203,0.004983606557377049,0.5846153846153846
Out,0.14966578781604767,0.004984260230849948,0.5846153846153846
Out,0.14968636631965637,0.004984914075823166,0.5846153846153846
Out,0.1496894657611847,0.004985568092364209,0.5846153846153846
Out,0.14969101548194885,0.004986222280540612,0.5846153846153846
Out,0.14977921545505524,0.0049868766404199474,0.5846153846153846
Out,0.14983640611171722,0.004987531172069825,0.5846153846153846
Out,0.14986220002174377,0.004988185875557889,0.5846153846153846
Out,0.14988163113594055,0.0049888407509518186,0.5846153846153846
Out,0.14988835155963898,0.004989495798319327,0.5846153846153846
Out,0.14994876086711884,0.004990151017728168,0.5846153846153846
Out,0.14995169639587402,0.004990806409246125,0.5846153846153846
Out,0.15040774643421173,0.004991461972941022,0.5846153846153846
Out,0.15048542618751526,0.0049921177088807145,0.5846153846153846
Out,0.15054452419281006,0.004992773617133097,0.5846153846153846
Out,0.1505638062953949,0.004993429697766097,0.5846153846153846
Out,0.15056520700454712,0.004994085950847681,0.5846153846153846
Out,0.15057888627052307,0.004994742376445847,0.5846153846153846
Out,0.1506596952676773,0.004995398974628631,0.5846153846153846
Out,0.1507239192724228,0.004996055745464107,0.5846153846153846
Out,0.15075188875198364,0.004996712689020381,0.5846153846153846
Out,0.15101338922977448,0.004997369805365597,0.5846153846153846
Out,0.15118680894374847,0.004998027094567934,0.5846153846153846
Out,0.15122981369495392,0.004998684556695606,0.5846153846153846
Out,0.15125034749507904,0.004999342191816867,0.5846153846153846
Out,0.1512508988380432,0.005,0.5846153846153846
Out,0.1513238400220871,0.0050006579813133304,0.5846153846153846
Out,0.1513475924730301,0.005001316135825217,0.5846153846153846
Out,0.15136359632015228,0.005001974463604055,0.5846153846153846
Out,0.15142038464546204,0.005002632964718273,0.5846153846153846
Out,0.15158459544181824,0.00500329163923634,0.5846153846153846
Out,0.15164589881896973,0.005003950487226758,0.5846153846153846
Out,0.1516774594783783,0.005004609508758067,0.5846153846153846
Out,0.15173682570457458,0.0050052687038988405,0.5846153846153846
Out,0.1517449915409088,0.005005928072717692,0.5846153846153846
Out,0.1519002616405487,0.005006587615283268,0.5846153846153846
Out,0.15190057456493378,0.005007247331664251,0.5846153846153846
Out,0.15190580487251282,0.005007907221929362,0.5846153846153846
Out,0.15193024277687073,0.005008567286147357,0.5846153846153846
Out,0.151981920003891,0.005009227524387028,0.5846153846153846
Out,0.1520443558692932,0.005009887936717205,0.5846153846153846
Out,0.15207430720329285,0.0050105485232067514,0.5846153846153846
Out,0.15211352705955505,0.005011209283924568,0.5846153846153846
Out,0.15233460068702698,0.005011870218939594,0.5846153846153846
Out,0.15237171947956085,0.005012531328320802,0.5846153846153846
Out,0.15253983438014984,0.005013192612137203,0.5846153846153846
Out,0.15256570279598236,0.005013854070457844,0.5846153846153846
Out,0.152682825922966,0.005014515703351808,0.5846153846153846
Out,0.1527402698993683,0.0050151775108882145,0.5846153846153846
Out,0.15276648104190826,0.00501583949313622,0.5846153846153846
Out,0.15282219648361206,0.005016501650165017,0.5846153846153846
Out,0.1529788374900818,0.005017163982043834,0.5846153846153846
Out,0.15303656458854675,0.005017826488841939,0.5846153846153846
Out,0.15304720401763916,0.005018489170628632,0.5846153846153846
Out,0.15309420228004456,0.0050191520274732535,0.5846153846153846
Out,0.1531742364168167,0.005019815059445178,0.5846153846153846
Out,0.15334680676460266,0.00502047826661382,0.5846153846153846
Out,0.15342193841934204,0.005021141649048625,0.5846153846153846
Out,0.15343497693538666,0.0050218052068190825,0.5846153846153846
Out,0.15348710119724274,0.0050224689399947136,0.5846153846153846
Out,0.153547003865242,0.005023132848645076,0.5846153846153846
Out,0.15358096361160278,0.005023796932839768,0.5846153846153846
Out,0.15360021591186523,0.00502446119264842,0.5846153846153846
Out,0.15360794961452484,0.005025125628140704,0.5846153846153846
Out,0.15367214381694794,0.005025790239386325,0.5846153846153846
Out,0.15384499728679657,0.0050264550264550265,0.5846153846153846
Out,0.15385758876800537,0.0050271199894165895,0.5846153846153846
Out,0.1538620889186859,0.005027785128340831,0.5846153846153846
Out,0.15389816462993622,0.005028450443297605,0.5846153846153846
Out,0.15394842624664307,0.005029115934356803,0.5846153846153846
Out,0.15414613485336304,0.005029781601588352,0.5846153846153846
Out,0.15419842302799225,0.005030447445062218,0.5846153846153846
Out,0.15422339737415314,0.005031113464848405,0.5846153846153846
Out,0.15425097942352295,0.005031779661016949,0.5846153846153846
Out,0.15431275963783264,0.005032446033637929,0.5846153846153846
Out,0.15463975071907043,0.005033112582781457,0.5846153846153846
Out,0.15473996102809906,0.005033779308517685,0.5846153846153846
Out,0.1547764241695404,0.005034446210916799,0.5846153846153846
Out,0.15479713678359985,0.005035113290049026,0.5846153846153846
Out,0.15491223335266113,0.005035780545984627,0.5846153846153846
Out,0.1549927443265915,0.005036447978793903,0.5846153846153846
Out,0.1551259607076645,0.00503711558854719,0.5846153846153846
Out,0.15516433119773865,0.005037783375314861,0.5846153846153846
Out,0.1551695615053177,0.00503845133916733,0.5846153846153846
Out,0.15529781579971313,0.005039119480175043,0.5846153846153846
Out,0.15537211298942566,0.005039787798408488,0.5846153846153846
Out,0.1553921401500702,0.0050404562939381885,0.5846153846153846
Out,0.15542393922805786,0.0050411249668347044,0.5846153846153846
Out,0.15544524788856506,0.005041793817168635,0.5846153846153846
Out,0.1555260717868805,0.0050424628450106155,0.5846153846153846
Out,0.15569168329238892,0.00504313205043132,0.5846153846153846
Out,0.15572099387645721,0.00504380143350146,0.5846153846153846
Out,0.15577727556228638,0.005044470994291783,0.5846153846153846
Out,0.1559838354587555,0.005045140732873075,0.5846153846153846
Out,0.15601098537445068,0.00504581064931616,0.5846153846153846
Out,0.15607087314128876,0.005046480743691899,0.5846153846153846
Out,0.15607844293117523,0.005047151016071191,0.5846153846153846
Out,0.15608720481395721,0.005047821466524973,0.5846153846153846
Out,0.15615615248680115,0.005048492095124219,0.5846153846153846
Out,0.1562289595603943,0.005049162901939941,0.5846153846153846
Out,0.15637189149856567,0.005049833887043189,0.5846153846153846
Out,0.15638744831085205,0.005050505050505051,0.5846153846153846
Out,0.15650390088558197,0.00505117639239665,0.5846153846153846
Out,0.1565723717212677,0.0050518479127891515,0.5846153846153846
Out,0.15673339366912842,0.005052519611753756,0.5846153846153846
Out,0.15682350099086761,0.0050531914893617025,0.5846153846153846
Out,0.15688543021678925,0.0050538635456842665,0.5846153846153846
Out,0.1569109410047531,0.005054535780792764,0.5846153846153846
Out,0.1569165587425232,0.005055208194758547,0.5846153846153846
Out,0.1569862812757492,0.005055880787653007,0.5846153846153846
Out,0.15716589987277985,0.0050565535595475716,0.5846153846153846
Out,0.15716645121574402,0.005057226510513707,0.5846153846153846
Out,0.15721550583839417,0.00505789964062292,0.5846153846153846
Out,0.1572246104478836,0.005058572949946752,0.5846153846153846
Out,0.157332181930542,0.005059246438556784,0.5846153846153846
Out,0.15735284984111786,0.005059920106524634,0.5846153846153846
Out,0.15737442672252655,0.00506059395392196,0.5846153846153846
Out,0.15740109980106354,0.005061267980820458,0.5846153846153846
Out,0.15741175413131714,0.005061942187291861,0.5846153846153846
Out,0.15743620693683624,0.005062616573407941,0.5846153846153846
Out,0.15753331780433655,0.005063291139240506,0.5846153846153846
Out,0.15753602981567383,0.005063965884861407,0.5846153846153846
Out,0.15755242109298706,0.00506464081034253,0.5846153846153846
Out,0.1575608253479004,0.005065315915755798,0.5846153846153846
Out,0.15756340324878693,0.005065991201173177,0.5846153846153846
Out,0.15757499635219574,0.005066666666666666,0.5846153846153846
Out,0.1576828807592392,0.0050673423123083075,0.5846153846153846
Out,0.1577017605304718,0.005068018138170179,0.5846153846153846
Out,0.15770725905895233,0.0050686941443243965,0.5846153846153846
Out,0.1578841656446457,0.005069370330843116,0.5846153846153846
Out,0.1579279750585556,0.005070046697798532,0.5846153846153846
Out,0.15792863070964813,0.005070723245262877,0.5846153846153846
Out,0.15801075100898743,0.005071399973308422,0.5846153846153846
Out,0.15807591378688812,0.005072076882007475,0.5846153846153846
Out,0.15815354883670807,0.005072753971432385,0.5846153846153846
Out,0.15827257931232452,0.005073431241655541,0.5846153846153846
Out,0.15828369557857513,0.005074108692749366,0.5846153846153846
Out,0.15842193365097046,0.005074786324786325,0.5846153846153846
Out,0.15852516889572144,0.005075464137838921,0.5846153846153846
Out,0.15855415165424347,0.005076142131979695,0.5846153846153846
Out,0.15871606767177582,0.005076820307281229,0.5846153846153846
Out,0.15873253345489502,0.005077498663816141,0.5846153846153846
Out,0.1588268131017685,0.005078177201657089,0.5846153846153846
Out,0.15893693268299103,0.005078855920876771,0.5846153846153846
Out,0.15896904468536377,0.005079534821547921,0.5846153846153846
Out,0.15914054214954376,0.0050802139037433155,0.5846153846153846
Out,0.15915042161941528,0.005080893167535767,0.5846153846153846
Out,0.15929019451141357,0.005081572612998127,0.5846153846153846
Out,0.1593254953622818,0.00508225224020329,0.5846153846153846
Out,0.15949881076812744,0.005082932049224184,0.5846153846153846
Out,0.15951402485370636,0.0050836120401337795,0.5846153846153846
Out,0.15973123908042908,0.005084292213005084,0.5846153846153846
Out,0.15990355610847473,0.005084972567911147,0.5846153846153846
Out,0.16007517278194427,0.005085653104925054,0.5846153846153846
Out,0.16014575958251953,0.0050863338241199305,0.5846153846153846
Out,0.16025274991989136,0.0050870147255689425,0.5846153846153846
Out,0.16040906310081482,0.005087695809345294,0.5846153846153846
Out,0.16047295928001404,0.005088377075522228,0.5846153846153846
Out,0.16066136956214905,0.005089058524173028,0.5846153846153846
Out,0.16066814959049225,0.005089740155371015,0.5846153846153846
Out,0.16069695353507996,0.005090421969189551,0.5846153846153846
Out,0.1607026308774948,0.005091103965702036,0.5846153846153846
Out,0.16071397066116333,0.005091786144981911,0.5846153846153846
Out,0.1608121693134308,0.0050924685071026534,0.5846153846153846
Out,0.16086111962795258,0.005093151052137783,0.5846153846153846
Out,0.16087763011455536,0.005093833780160858,0.5846153846153846
Out,0.1612122803926468,0.005094516691245475,0.5846153846153846
Out,0.16123168170452118,0.005095199785465273,0.5846153846153846
Out,0.16141963005065918,0.005095883062893925,0.5846153846153846
Out,0.16145795583724976,0.00509656652360515,0.5846153846153846
Out,0.16148057579994202,0.005097250167672703,0.5846153846153846
Out,0.16148129105567932,0.005097933995170378,0.5846153846153846
Out,0.16156774759292603,0.005098618006172011,0.5846153846153846
Out,0.1616431623697281,0.005099302200751476,0.5846153846153846
Out,0.1616712361574173,0.005099986578982687,0.5846153846153846
Out,0.1619371473789215,0.005100671140939597,0.5846153846153846
Out,0.16194896399974823,0.005101355886696201,0.5846153846153846
Out,0.16203118860721588,0.00510204081632653,0.5846153846153846
Out,0.16209720075130463,0.00510272592990466,0.5846153846153846
Out,0.16212771832942963,0.0051034112275047,0.5846153846153846
Out,0.16217966377735138,0.0051040967092008055,0.5846153846153846
Out,0.16225771605968475,0.005104782375067168,0.5846153846153846
Out,0.1623639166355133,0.00510546822517802,0.5846153846153846
Out,0.16237664222717285,0.005106154259607632,0.5846153846153846
Out,0.16238416731357574,0.0051068404784303184,0.5846153846153846
Out,0.16244971752166748,0.00510752688172043,0.5846153846153846
Out,0.16252286732196808,0.005108213469552359,0.5846153846153846
Out,0.1628378927707672,0.005108900242000538,0.5846153846153846
Out,0.16301923990249634,0.005109587199139438,0.5846153846153846
Out,0.16320589184761047,0.005110274341043572,0.5846153846153846
Out,0.1633741408586502,0.005110961667787492,0.5846153846153846
Out,0.1635652333498001,0.005111649179445789,0.5846153846153846
Out,0.16356897354125977,0.0051123368760930986,0.5846153846153846
Out,0.1636945605278015,0.00511302475780409,0.5846153846153846
Out,0.16377240419387817,0.005113712824653479,0.5846153846153846
Out,0.1638045758008957,0.0051144010767160165,0.5846153846153846
Out,0.16387715935707092,0.005115089514066497,0.5846153846153846
Out,0.16388505697250366,0.005115778136779752,0.5846153846153846
Out,0.16389015316963196,0.005116466944930658,0.5846153846153846
Out,0.1639646738767624,0.005117155938594129,0.5846153846153846
Out,0.16400787234306335,0.0051178451178451176,0.5846153846153846
Out,0.16418394446372986,0.0051185344827586205,0.5846153846153846
Out,0.16431547701358795,0.005119224033409673,0.5846153846153846
Out,0.16452103853225708,0.005119913769873349,0.5846153846153846
Out,0.16459840536117554,0.005120603692224768,0.5846153846153846
Out,0.16462169587612152,0.005121293800539084,0.5846153846153846
Out,0.16466501355171204,0.005121984094891494,0.5846153846153846
Out,0.16473227739334106,0.005122674575357239,0.5846153846153846
Out,0.16473525762557983,0.005123365242011595,0.5846153846153846
Out,0.16497962176799774,0.005124056094929882,0.5846153846153846
Out,0.16503824293613434,0.005124747134187458,0.5846153846153846
Out,0.16519516706466675,0.005125438359859725,0.5846153846153846
Out,0.16524115204811096,0.005126129772022123,0.5846153846153846
Out,0.16537150740623474,0.005126821370750135,0.5846153846153846
Out,0.16541652381420135,0.005127513156119282,0.5846153846153846
Out,0.1655365228652954,0.005128205128205128,0.5846153846153846
Out,0.16555342078208923,0.005128897287083277,0.5846153846153846
Out,0.16555729508399963,0.0051295896328293735,0.5846153846153846
Out,0.16559608280658722,0.0051302821655191035,0.5846153846153846
Out,0.1656106859445572,0.005130974885228194,0.5846153846153846
Out,0.16572552919387817,0.0051316677920324105,0.5846153846153846
Out,0.1657976359128952,0.005132360886007563,0.5846153846153846
Out,0.16590802371501923,0.005133054167229502,0.5846153846153846
Out,0.16607461869716644,0.005133747635774115,0.5846153846153846
Out,0.16608642041683197,0.005134441291717335,0.5846153846153846
Out,0.16608723998069763,0.005135135135135135,0.5846153846153846
Out,0.166095569729805,0.005135829166103527,0.5846153846153846
Out,0.16614887118339539,0.005136523384698567,0.5846153846153846
Out,0.1662161946296692,0.0051372177909963495,0.5846153846153846
Out,0.1662568598985672,0.005137912385073012,0.5846153846153846
Out,0.166350856423378,0.005138607167004733,0.5846153846153846
Out,0.16635486483573914,0.005139302136867731,0.5846153846153846
Out,0.16638082265853882,0.005139997294738266,0.5846153846153846
Out,0.16644082963466644,0.005140692640692641,0.5846153846153846
Out,0.1664484143257141,0.005141388174807198,0.5846153846153846
Out,0.16646340489387512,0.005142083897158322,0.5846153846153846
Out,0.1666223704814911,0.005142779807822438,0.5846153846153846
Out,0.1667250394821167,0.005143475906876015,0.5846153846153846
Out,0.16689416766166687,0.005144172194395559,0.5846153846153846
Out,0.16694791615009308,0.005144868670457623,0.5846153846153846
Out,0.16696473956108093,0.005145565335138795,0.5846153846153846
Out,0.16701921820640564,0.0051462621885157095,0.5846153846153846
Out,0.16704145073890686,0.005146959230665041,0.5846153846153846
Out,0.1670568436384201,0.005147656461663506,0.5846153846153846
Out,0.16713768243789673,0.0051483538815878605,0.5846153846153846
Out,0.1672816127538681,0.005149051490514906,0.5846153846153846
Out,0.1674785614013672,0.00514974928852148,0.5846153846153846
Out,0.16749663650989532,0.005150447275684467,0.5846153846153846
Out,0.16750527918338776,0.005151145452080791,0.5846153846153846
Out,0.16757217049598694,0.005151843817787419,0.5846153846153846
Out,0.16768988966941833,0.0051525423728813555,0.5846153846153846
Out,0.16774295270442963,0.005153241117439653,0.5846153846153846
Out,0.1677532196044922,0.0051539400515394004,0.5846153846153846
Out,0.167807474732399,0.005154639175257732,0.5846153846153846
Out,0.16781623661518097,0.005155338488671822,0.5846153846153846
Out,0.16782677173614502,0.005156037991858887,0.5846153846153846
Out,0.16787949204444885,0.005156737684896186,0.5846153846153846
Out,0.16790692508220673,0.00515743756786102,0.5846153846153846
Out,0.16799341142177582,0.0051581376408307315,0.5846153846153846
Out,0.1680545061826706,0.005158837903882704,0.5846153846153846
Out,0.1681012064218521,0.005159538357094365,0.5846153846153846
Out,0.16815201938152313,0.005160239000543183,0.5846153846153846
Out,0.1683569699525833,0.005160939834306669,0.5846153846153846
Out,0.1683645099401474,0.005161640858462374,0.5846153846153846
Out,0.1684110313653946,0.005162342073087895,0.5846153846153846
Out,0.16866344213485718,0.005163043478260869,0.5846153846153846
Out,0.16874174773693085,0.005163745074058975,0.5846153846153846
Out,0.1687590628862381,0.0051644468605599346,0.5846153846153846
Out,0.16879475116729736,0.005165148837841511,0.5846153846153846
Out,0.1687999665737152,0.005165851005981512,0.5846153846153846
Out,0.16882306337356567,0.005166553365057783,0.5846153846153846
Out,0.16897282004356384,0.005167255915148218,0.5846153846153846
Out,0.16898435354232788,0.00516795865633075,0.5846153846153846
Out,0.16908685863018036,0.005168661588683352,0.5846153846153846
Out,0.16911503672599792,0.005169364712284043,0.5846153846153846
Out,0.16911956667900085,0.0051700680272108845,0.5846153846153846
Out,0.16912636160850525,0.005170771533541978,0.5846153846153846
Out,0.16926459968090057,0.005171475231355471,0.5846153846153846
Out,0.16927620768547058,0.0051721791207295495,0.5846153846153846
Out,0.16930776834487915,0.0051728832017424444,0.5846153846153846
Out,0.16935712099075317,0.00517358747447243,0.5846153846153846
Out,0.1693905144929886,0.0051742919389978215,0.5846153846153846
Out,0.1695338785648346,0.005174996595396977,0.5846153846153846
Out,0.169545978307724,0.005175701443748297,0.5846153846153846
Out,0.16963908076286316,0.005176406484130228,0.5846153846153846
Out,0.16964365541934967,0.0051771117166212535,0.5846153846153846
Out,0.16966110467910767,0.005177817141299904,0.5846153846153846
Out,0.16969884932041168,0.005178522758244753,0.5846153846153846
Out,0.16971717774868011,0.0051792285675344146,0.5846153846153846
Out,0.1697520613670349,0.005179934569247546,0.5846153846153846
Out,0.16976071894168854,0.00518064076346285,0.5846153846153846
Out,0.1698295921087265,0.0051813471502590676,0.5846153846153846
Out,0.16987550258636475,0.005182053729714987,0.5846153846153846
Out,0.1699420064687729,0.005182760501909438,0.5846153846153846
Out,0.16994720697402954,0.005183467466921293,0.5846153846153846
Out,0.17008867859840393,0.005184174624829468,0.5846153846153846
Out,0.17011547088623047,0.005184881975712922,0.5846153846153846
Out,0.17020906507968903,0.005185589519650655,0.5846153846153846
Out,0.17031754553318024,0.0051862972567217145,0.5846153846153846
Out,0.17050087451934814,0.005187005187005187,0.5846153846153846
Out,0.17053799331188202,0.005187713310580205,0.5846153846153846
Out,0.17082375288009644,0.005188421627525942,0.5846153846153846
Out,0.1708957403898239,0.005189130137921617,0.5846153846153846
Out,0.1710912138223648,0.00518983884184649,0.5846153846153846
Out,0.1711321473121643,0.005190547739379866,0.5846153846153846
Out,0.17121833562850952,0.005191256830601093,0.5846153846153846
Out,0.17131099104881287,0.0051919661155895615,0.5846153846153846
Out,0.17131945490837097,0.005192675594424706,0.5846153846153846
Out,0.1713273674249649,0.005193385267186005,0.5846153846153846
Out,0.1713525354862213,0.00519409513395298,0.5846153846153846
Out,0.17137956619262695,0.005194805194805195,0.5846153846153846
Out,0.17139501869678497,0.005195515449822259,0.5846153846153846
Out,0.17143800854682922,0.0051962258990838235,0.5846153846153846
Out,0.17150884866714478,0.005196936542669584,0.5846153846153846
Out,0.17156293988227844,0.005197647380659281,0.5846153846153846
Out,0.17157025635242462,0.005198358413132695,0.5846153846153846
Out,0.1716083586215973,0.005199069640169654,0.5846153846153846
Out,0.1717284619808197,0.005199781061850027,0.5846153846153846
Out,0.1717551052570343,0.005200492678253729,0.5846153846153846
Out,0.1717948615550995,0.005201204489460717,0.5846153846153846
Out,0.17183099687099457,0.005201916495550993,0.5846153846153846
Out,0.17186492681503296,0.0052026286966046,0.5846153846153846
Out,0.1718822717666626,0.00520334109270163,0.5846153846153846
Out,0.1719263195991516,0.005204053683922213,0.5846153846153846
Out,0.171927809715271,0.005204766470346528,0.5846153846153846
Out,0.17198877036571503,0.0052054794520547945,0.5846153846153846
Out,0.17203181982040405,0.005206192629127277,0.5846153846153846
Out,0.17208507657051086,0.005206906001644286,0.5846153846153846
Out,0.17229464650154114,0.0052076195696861725,0.5846153846153846
Out,0.1722976118326187,0.005208333333333333,0.5846153846153846
Out,0.1724264770746231,0.0052090472926662095,0.5846153846153846
Out,0.17248894274234772,0.005209761447765287,0.5846153846153846
Out,0.17250050604343414,0.005210475798711093,0.5846153846153846
Out,0.1726013869047165,0.005211190345584202,0.5846153846153846
Out,0.17270700633525848,0.005211905088465231,0.5846153846153846
Out,0.1727672666311264,0.005212620027434842,0.5846153846153846
Out,0.17279082536697388,0.005213335162573741,0.5846153846153846
Out,0.1728375256061554,0.0052140504939626785,0.5846153846153846
Out,0.17304493486881256,0.005214766021682448,0.5846153846153846
Out,0.17306561768054962,0.00521548174581389,0.5846153846153846
Out,0.17308424413204193,0.005216197666437886,0.5846153846153846
Out,0.1731911301612854,0.005216913783635365,0.5846153846153846
Out,0.17326651513576508,0.0052176300974872995,0.5846153846153846
Out,0.1733090579509735,0.005218346608074705,0.5846153846153846
Out,0.17333924770355225,0.005219063315478643,0.5846153846153846
Out,0.1733396053314209,0.0052197802197802195,0.5846153846153846
Out,0.17337992787361145,0.005220497321060585,0.5846153846153846
Out,0.1735217422246933,0.005221214619400934,0.5846153846153846
Out,0.17359592020511627,0.005221932114882507,0.5846153846153846
Out,0.17371270060539246,0.005222649807586586,0.5846153846153846
Out,0.17381007969379425,0.005223367697594502,0.5846153846153846
Out,0.17389878630638123,0.005224085784987627,0.5846153846153846
Out,0.1741264909505844,0.005224804069847381,0.5846153846153846
Out,0.17417335510253906,0.005225522552255226,0.5846153846153846
Out,0.17423182725906372,0.00522624123229267,0.5846153846153846
Out,0.17424212396144867,0.005226960110041265,0.5846153846153846
Out,0.17426888644695282,0.005227679185582611,0.5846153846153846
Out,0.17433689534664154,0.005228398458998349,0.5846153846153846
Out,0.17437493801116943,0.0052291179303701665,0.5846153846153846
Out,0.17441031336784363,0.005229837599779796,0.5846153846153846
Out,0.17444723844528198,0.0052305574673090155,0.5846153846153846
Out,0.17445307970046997,0.0052312775330396475,0.5846153846153846
Out,0.17447984218597412,0.005231997797053559,0.5846153846153846
Out,0.17461375892162323,0.005232718259432663,0.5846153846153846
Out,0.17473426461219788,0.005233438920258918,0.5846153846153846
Out,0.17491964995861053,0.005234159779614325,0.5846153846153846
Out,0.17493924498558044,0.005234880837580934,0.5846153846153846
Out,0.17499059438705444,0.005235602094240838,0.5846153846153846
Out,0.17499610781669617,0.0052363235496761746,0.5846153846153846
Out,0.17499710619449615,0.005237045203969129,0.5846153846153846
Out,0.17507591843605042,0.00523776705720193,0.5846153846153846
Out,0.17511747777462006,0.005238489109456851,0.5846153846153846
Out,0.17512884736061096,0.005239211360816214,0.5846153846153846
Out,0.17513708770275116,0.005239933811362383,0.5846153846153846
Out,0.17516165971755981,0.0052406564611777685,0.5846153846153846
Out,0.1751800924539566,0.005241379310344828,0.5846153846153846
Out,0.17521831393241882,0.0052421023589460615,0.5846153846153846
Out,0.17523710429668427,0.0052428256070640175,0.5846153846153846
Out,0.17523743212223053,0.005243549054781289,0.5846153846153846
Out,0.17533735930919647,0.005244272702180514,0.5846153846153846
Out,0.17534363269805908,0.005244996549344376,0.5846153846153846
Out,0.17535308003425598,0.005245720596355604,0.5846153846153846
Out,0.17536872625350952,0.005246444843296977,0.5846153846153846
Out,0.17538705468177795,0.005247169290251312,0.5846153846153846
Out,0.1754416674375534,0.005247893937301478,0.5846153846153846
Out,0.175441712141037,0.005248618784530387,0.5846153846153846
Out,0.17554186284542084,0.005249343832020997,0.5846153846153846
Out,0.17554454505443573,0.005250069079856314,0.5846153846153846
Out,0.1755693405866623,0.005250794528119386,0.5846153846153846
Out,0.17558296024799347,0.005251520176893312,0.5846153846153846
Out,0.17563684284687042,0.0052522460262612305,0.5846153846153846
Out,0.17565973103046417,0.005252972076306331,0.5846153846153846
Out,0.1757146567106247,0.005253698327111848,0.5846153846153846
Out,0.1757204830646515,0.005254424778761062,0.5846153846153846
Out,0.17572063207626343,0.005255151431337298,0.5846153846153846
Out,0.17588162422180176,0.0052558782849239285,0.5846153846153846
Out,0.17596469819545746,0.005256605339604372,0.5846153846153846
Out,0.17598092555999756,0.005257332595462092,0.5846153846153846
Out,0.17599956691265106,0.005258060052580601,0.5846153846153846
Out,0.17603155970573425,0.005258787711043454,0.5846153846153846
Out,0.176121324300766,0.005259515570934256,0.5846153846153846
Out,0.17616267502307892,0.005260243632336656,0.5846153846153846
Out,0.17629143595695496,0.005260971895334349,0.5846153846153846
Out,0.176332488656044,0.005261700360011078,0.5846153846153846
Out,0.17639507353305817,0.00526242902645063,0.5846153846153846
Out,0.1764259785413742,0.005263157894736842,0.5846153846153846
Out,0.17644160985946655,0.005263886964953595,0.5846153846153846
Out,0.17646999657154083,0.005264616237184816,0.5846153846153846
Out,0.17650312185287476,0.0052653457115144795,0.5846153846153846
Out,0.1765284240245819,0.005266075388026608,0.5846153846153846
Out,0.17666354775428772,0.0052668052668052665,0.5846153846153846
Out,0.17673401534557343,0.005267535347934572,0.5846153846153846
Out,0.17676150798797607,0.005268265631498683,0.5846153846153846
Out,0.17677196860313416,0.005268996117581808,0.5846153846153846
Out,0.1768178939819336,0.005269726806268201,0.5846153846153846
Out,0.1769482046365738,0.005270457697642164,0.5846153846153846
Out,0.17696794867515564,0.005271188791788043,0.5846153846153846
Out,0.1769854724407196,0.005271920088790233,0.5846153846153846
Out,0.17708054184913635,0.005272651588733176,0.5846153846153846
Out,0.17710988223552704,0.00527338329170136,0.5846153846153846
Out,0.17756418883800507,0.00527411519777932,0.5846153846153846
Out,0.17758063971996307,0.005274847307051638,0.5846153846153846
Out,0.17763176560401917,0.0052755796196029435,0.5846153846153846
Out,0.1778450459241867,0.005276312135517912,0.5846153846153846
Out,0.17786918580532074,0.005277044854881266,0.5846153846153846
Out,0.17787189781665802,0.005277777777777778,0.5846153846153846
Out,0.17790457606315613,0.005278510904292263,0.5846153846153846
Out,0.17791032791137695,0.005279244234509586,0.5846153846153846
Out,0.17802004516124725,0.005279977768514659,0.5846153846153846
Out,0.17812339961528778,0.0052807115063924406,0.5846153846153846
Out,0.17814695835113525,0.005281445448227936,0.5846153846153846
Out,0.17817085981369019,0.0052821795941062,0.5846153846153846
Out,0.17819266021251678,0.005282913944112331,0.5846153846153846
Out,0.17826029658317566,0.0052836484983314795,0.5846153846153846
Out,0.1782701313495636,0.005284383256848839,0.5846153846153846
Out,0.1783781200647354,0.005285118219749653,0.5846153846153846
Out,0.17840780317783356,0.00528585338711921,0.5846153846153846
Out,0.178475484251976,0.0052865887590428495,0.5846153846153846
Out,0.17854417860507965,0.005287324335605955,0.5846153846153846
Out,0.1786474883556366,0.0052880601168939605,0.5846153846153846
Out,0.17865332961082458,0.005288796102992345,0.5846153846153846
Out,0.17865633964538574,0.005289532293986637,0.5846153846153846
Out,0.1786920577287674,0.005290268689962411,0.5846153846153846
Out,0.17871566116809845,0.005291005291005291,0.5846153846153846
Out,0.17872826755046844,0.005291742097200947,0.5846153846153846
Out,0.17874282598495483,0.0052924791086350976,0.5846153846153846
Out,0.17875979840755463,0.005293216325393509,0.5846153846153846
Out,0.17879033088684082,0.005293953747561995,0.5846153846153846
Out,0.17880575358867645,0.0052946913752264175,0.5846153846153846
Out,0.17882247269153595,0.005295429208472687,0.5846153846153846
Out,0.17892351746559143,0.00529616724738676,0.5846153846153846
Out,0.1790275275707245,0.005296905492054642,0.5846153846153846
Out,0.17915865778923035,0.005297643942562387,0.5846153846153846
Out,0.17923390865325928,0.005298382598996096,0.5846153846153846
Out,0.17939168214797974,0.005299121461441919,0.5846153846153846
Out,0.1793927252292633,0.005299860529986053,0.5846153846153846
Out,0.17939960956573486,0.005300599804714744,0.5846153846153846
Out,0.17942537367343903,0.005301339285714286,0.5846153846153846
Out,0.179426908493042,0.00530207897307102,0.5846153846153846
Out,0.17949795722961426,0.005302818866871337,0.5846153846153846
Out,0.17953899502754211,0.0053035589672016745,0.5846153846153846
Out,0.17954635620117188,0.00530429927414852,0.5846153846153846
Out,0.17957085371017456,0.005305039787798408,0.5846153846153846
Out,0.17968302965164185,0.005305780508237923,0.5846153846153846
Out,0.1800387054681778,0.005306521435553694,0.5846153846153846
Out,0.18020695447921753,0.005307262569832402,0.5846153846153846
Out,0.18021276593208313,0.0053080039111607765,0.5846153846153846
Out,0.18031568825244904,0.005308745459625594,0.5846153846153846
Out,0.1803593933582306,0.005309487215313679,0.5846153846153846
Out,0.18035976588726044,0.005310229178311906,0.5846153846153846
Out,0.1804596483707428,0.005310971348707198,0.5846153846153846
Out,0.18063583970069885,0.005311713726586525,0.5846153846153846
Out,0.18068793416023254,0.005312456312036908,0.5846153846153846
Out,0.18068964779376984,0.005313199105145414,0.5846153846153846
Out,0.1808435022830963,0.005313942105999161,0.5846153846153846
Out,0.18089337646961212,0.005314685314685315,0.5846153846153846
Out,0.18096083402633667,0.00531542873129109,0.5846153846153846
Out,0.1810026466846466,0.005316172355903749,0.5846153846153846
Out,0.18100278079509735,0.005316916188610606,0.5846153846153846
Out,0.18101775646209717,0.005317660229499021,0.5846153846153846
Out,0.18118059635162354,0.005318404478656403,0.5846153846153846
Out,0.18142136931419373,0.005319148936170213,0.5846153846153846
Out,0.18143975734710693,0.005319893602127958,0.5846153846153846
Out,0.18144027888774872,0.005320638476617194,0.5846153846153846
Out,0.18144486844539642,0.005321383559725529,0.5846153846153846
Out,0.18157213926315308,0.005322128851540616,0.5846153846153846
Out,0.18160291016101837,0.0053228743521501615,0.5846153846153846
Out,0.18167980015277863,0.005323620061641917,0.5846153846153846
Out,0.18170736730098724,0.005324365980103685,0.5846153846153846
Out,0.18175959587097168,0.005325112107623318,0.5846153846153846
Out,0.18177740275859833,0.005325858444288718,0.5846153846153846
Out,0.18179306387901306,0.005326604990187833,0.5846153846153846
Out,0.18185275793075562,0.005327351745408664,0.5846153846153846
Out,0.1818912923336029,0.00532809871003926,0.5846153846153846
Out,0.182134747505188,0.005328845884167719,0.5846153846153846
Out,0.18237480521202087,0.005329593267882188,0.5846153846153846
Out,0.18247544765472412,0.005330340861270866,0.5846153846153846
Out,0.1825006902217865,0.005331088664421998,0.5846153846153846
Out,0.1825053095817566,0.005331836677423881,0.5846153846153846
Out,0.18257786333560944,0.005332584900364861,0.5846153846153846
Out,0.18268845975399017,0.005333333333333333,0.5846153846153846
Out,0.18276941776275635,0.005334081976417743,0.5846153846153846
Out,0.18277589976787567,0.005334830829706584,0.5846153846153846
Out,0.1828145533800125,0.0053355798932884025,0.5846153846153846
Out,0.1830042004585266,0.0053363291672517904,0.5846153846153846
Out,0.1830197274684906,0.0053370786516853935,0.5846153846153846
Out,0.18310195207595825,0.0053378283466779045,0.5846153846153846
Out,0.18322275578975677,0.005338578252318067,0.5846153846153846
Out,0.1832350194454193,0.005339328368694675,0.5846153846153846
Out,0.18324916064739227,0.005340078695896571,0.5846153846153846
Out,0.18328164517879486,0.00534082923401265,0.5846153846153846
Out,0.18334974348545074,0.005341579983131853,0.5846153846153846
Out,0.18354454636573792,0.005342330943343175,0.5846153846153846
Out,0.18356676399707794,0.005343082114735658,0.5846153846153846
Out,0.18357330560684204,0.005343833497398397,0.5846153846153846
Out,0.1838138848543167,0.005344585091420534,0.5846153846153846
Out,0.18385808169841766,0.005345336896891264,0.5846153846153846
Out,0.18402549624443054,0.005346088913899831,0.5846153846153846
Out,0.18405115604400635,0.005346841142535528,0.5846153846153846
Out,0.1841665804386139,0.0053475935828877,0.5846153846153846
Out,0.18430572748184204,0.005348346235045743,0.5846153846153846
Out,0.18444490432739258,0.005349099099099099,0.5846153846153846
Out,0.1844525784254074,0.005349852175137266,0.5846153846153846
Out,0.18447472155094147,0.005350605463249789,0.5846153846153846
Out,0.1844908446073532,0.005351358963526264,0.5846153846153846
Out,0.18450891971588135,0.005352112676056338,0.5846153846153846
Out,0.1845346987247467,0.005352866600929708,0.5846153846153846
Out,0.18462134897708893,0.005353620738236123,0.5846153846153846
Out,0.18465211987495422,0.005354375088065379,0.5846153846153846
Out,0.18469873070716858,0.005355129650507328,0.5846153846153846
Out,0.18471026420593262,0.005355884425651868,0.5846153846153846
Out,0.184738889336586,0.0053566394135889485,0.5846153846153846
Out,0.18478751182556152,0.0053573946144085715,0.5846153846153846
Out,0.18478825688362122,0.00535815002820079,0.5846153846153846
Out,0.1848047375679016,0.005358905655055705,0.5846153846153846
Out,0.18483003973960876,0.005359661495063469,0.5846153846153846
Out,0.1848640888929367,0.00536041754831429,0.5846153846153846
Out,0.18492938578128815,0.00536117381489842,0.5846153846153846
Out,0.184936985373497,0.005361930294906166,0.5846153846153846
Out,0.18493857979774475,0.005362686988427886,0.5846153846153846
Out,0.18499882519245148,0.005363443895553988,0.5846153846153846
Out,0.18501341342926025,0.005364201016374929,0.5846153846153846
Out,0.18507882952690125,0.005364958350981223,0.5846153846153846
Out,0.1852184683084488,0.005365715899463428,0.5846153846153846
Out,0.1852526217699051,0.00536647366191216,0.5846153846153846
Out,0.18528971076011658,0.005367231638418079,0.5846153846153846
Out,0.18538472056388855,0.005367989829071903,0.5846153846153846
Out,0.1853906810283661,0.005368748233964397,0.5846153846153846
Out,0.18551164865493774,0.005369506853186379,0.5846153846153846
Out,0.18559136986732483,0.005370265686828717,0.5846153846153846
Out,0.18560780584812164,0.005371024734982332,0.5846153846153846
Out,0.18566489219665527,0.0053717839977381965,0.5846153846153846
Out,0.18566803634166718,0.005372543475187332,0.5846153846153846
Out,0.18568187952041626,0.0053733031674208145,0.5846153846153846
Out,0.1857479214668274,0.00537406307452977,0.5846153846153846
Out,0.18580158054828644,0.005374823196605375,0.5846153846153846
Out,0.18586362898349762,0.00537558353373886,0.5846153846153846
Out,0.1859242171049118,0.005376344086021506,0.5846153846153846
Out,0.18609260022640228,0.005377104853544644,0.5846153846153846
Out,0.18617591261863708,0.00537786583639966,0.5846153846153846
Out,0.1862403005361557,0.00537862703467799,0.5846153846153846
Out,0.18631282448768616,0.005379388448471121,0.5846153846153846
Out,0.18638357520103455,0.005380150077870593,0.5846153846153846
Out,0.1864003688097,0.0053809119229679975,0.5846153846153846
Out,0.1864606738090515,0.005381673983854978,0.5846153846153846
Out,0.18657469749450684,0.00538243626062323,0.5846153846153846
Out,0.18668872117996216,0.005383198753364499,0.5846153846153846
Out,0.18670755624771118,0.005383961462170587,0.5846153846153846
Out,0.18679895997047424,0.005384724387133343,0.5846153846153846
Out,0.1868436336517334,0.005385487528344671,0.5846153846153846
Out,0.18698565661907196,0.0053862508858965276,0.5846153846153846
Out,0.18698649108409882,0.005387014459880919,0.5846153846153846
Out,0.18715573847293854,0.005387778250389905,0.5846153846153846
Out,0.18734526634216309,0.005388542257515599,0.5846153846153846
Out,0.18739166855812073,0.005389306481350163,0.5846153846153846
Out,0.18749220669269562,0.005390070921985815,0.5846153846153846
Out,0.1875550001859665,0.005390835579514825,0.5846153846153846
Out,0.18755513429641724,0.005391600454029512,0.5846153846153846
Out,0.18771596252918243,0.005392365545622251,0.5846153846153846
Out,0.18777354061603546,0.005393130854385467,0.5846153846153846
Out,0.1877877563238144,0.005393896380411639,0.5846153846153846
Out,0.18796320259571075,0.005394662123793299,0.5846153846153846
Out,0.18802812695503235,0.00539542808462303,0.5846153846153846
Out,0.18814273178577423,0.005396194262993468,0.5846153846153846
Out,0.18819783627986908,0.005396960658997301,0.5846153846153846
Out,0.18820196390151978,0.005397727272727273,0.5846153846153846
Out,0.18820923566818237,0.005398494104276176,0.5846153846153846
Out,0.18824024498462677,0.005399261153736857,0.5846153846153846
Out,0.1883220225572586,0.005400028421202217,0.5846153846153846
Out,0.18839314579963684,0.005400795906765207,0.5846153846153846
Out,0.188410222530365,0.005401563610518834,0.5846153846153846
Out,0.18842951953411102,0.005402331532556156,0.5846153846153846
Out,0.18850721418857574,0.0054030996729702825,0.5846153846153846
Out,0.1885473132133484,0.00540386803185438,0.5846153846153846
Out,0.18854941427707672,0.005404636609301664,0.5846153846153846
Out,0.1886245757341385,0.005405405405405406,0.5846153846153846
Out,0.1886434257030487,0.005406174420258927,0.5846153846153846
Out,0.18873286247253418,0.005406943653955606,0.5846153846153846
Out,0.18879434466362,0.005407713106588871,0.5846153846153846
Out,0.18894490599632263,0.005408482778252206,0.5846153846153846
Out,0.18903623521327972,0.005409252669039146,0.5846153846153846
Out,0.18933071196079254,0.00541002277904328,0.5846153846153846
Out,0.1893453299999237,0.005410793108358252,0.5846153846153846
Out,0.18943367898464203,0.005411563657077755,0.5846153846153846
Out,0.18949314951896667,0.005412334425295542,0.5846153846153846
Out,0.18960338830947876,0.005413105413105413,0.5846153846153846
Out,0.189632385969162,0.0054138766206012255,0.5846153846153846
Out,0.189647376537323,0.005414648047876888,0.5846153846153846
Out,0.18964962661266327,0.005415419695026365,0.5846153846153846
Out,0.18969187140464783,0.005416191562143672,0.5846153846153846
Out,0.18969479203224182,0.00541696364932288,0.5846153846153846
Out,0.18987058103084564,0.005417735956658112,0.5846153846153846
Out,0.18996167182922363,0.005418508484243548,0.5846153846153846
Out,0.1900506466627121,0.005419281232173417,0.5846153846153846
Out,0.19012486934661865,0.005420054200542005,0.5846153846153846
Out,0.19013403356075287,0.005420827389443652,0.5846153846153846
Out,0.19015029072761536,0.0054216007989727494,0.5846153846153846
Out,0.19029462337493896,0.005422374429223744,0.5846153846153846
Out,0.19036605954170227,0.0054231482802911376,0.5846153846153846
Out,0.1903827041387558,0.005423922352269483,0.5846153846153846
Out,0.1904061883687973,0.00542469664525339,0.5846153846153846
Out,0.19043438136577606,0.005425471159337522,0.5846153846153846
Out,0.19044245779514313,0.005426245894616593,0.5846153846153846
Out,0.19044342637062073,0.005427020851185376,0.5846153846153846
Out,0.19050994515419006,0.005427796029138694,0.5846153846153846
Out,0.1905413419008255,0.0054285714285714284,0.5846153846153846
Out,0.1905442178249359,0.005429347049578512,0.5846153846153846
Out,0.190549835562706,0.0054301228922549296,0.5846153846153846
Out,0.19061310589313507,0.005430898956695727,0.5846153846153846
Out,0.19075684249401093,0.005431675242995998,0.5846153846153846
Out,0.19076383113861084,0.0054324517512508936,0.5846153846153846
Out,0.19078350067138672,0.005433228481555619,0.5846153846153846
Out,0.19081321358680725,0.005434005434005434,0.5846153846153846
Out,0.19084246456623077,0.005434782608695652,0.5846153846153846
Out,0.19092562794685364,0.005435560005721642,0.5846153846153846
Out,0.19096793234348297,0.0054363376251788265,0.5846153846153846
Out,0.19097405672073364,0.005437115467162685,0.5846153846153846
Out,0.19098100066184998,0.005437893531768746,0.5846153846153846
Out,0.19113987684249878,0.0054386718190926,0.5846153846153846
Out,0.1913338303565979,0.005439450329229888,0.5846153846153846
Out,0.19151568412780762,0.005440229062276306,0.5846153846153846
Out,0.19164513051509857,0.005441008018327606,0.5846153846153846
Out,0.19166319072246552,0.0054417871974795935,0.5846153846153846
Out,0.19199682772159576,0.005442566599828129,0.5846153846153846
Out,0.19206367433071136,0.00544334622546913,0.5846153846153846
Out,0.1920783370733261,0.0054441260744985676,0.5846153846153846
Out,0.19217127561569214,0.005444906147012466,0.5846153846153846
Out,0.1922309845685959,0.005445686443106907,0.5846153846153846
Out,0.19226163625717163,0.005446466962878028,0.5846153846153846
Out,0.19226475059986115,0.005447247706422019,0.5846153846153846
Out,0.1922932118177414,0.0054480286738351254,0.5846153846153846
Out,0.19233113527297974,0.0054488098652136505,0.5846153846153846
Out,0.19235241413116455,0.005449591280653951,0.5846153846153846
Out,0.19253888726234436,0.005450372920252439,0.5846153846153846
Out,0.19260098040103912,0.0054511547841055805,0.5846153846153846
Out,0.19265277683734894,0.0054519368723099,0.5846153846153846
Out,0.1926918625831604,0.0054527191849619745,0.5846153846153846
Out,0.19272398948669434,0.0054535017221584384,0.5846153846153846
Out,0.19274507462978363,0.005454284483995981,0.5846153846153846
Out,0.1927967518568039,0.005455067470571347,0.5846153846153846
Out,0.1928004026412964,0.005455850681981335,0.5846153846153846
Out,0.19289641082286835,0.005456634118322803,0.5846153846153846
Out,0.1929062008857727,0.005457417779692661,0.5846153846153846
Out,0.1930244117975235,0.005458201666187877,0.5846153846153846
Out,0.19307272136211395,0.005458985777905473,0.5846153846153846
Out,0.19313861429691315,0.005459770114942529,0.5846153846153846
Out,0.19314971566200256,0.005460554677396178,0.5846153846153846
Out,0.1931876242160797,0.0054613394653636104,0.5846153846153846
Out,0.19322694838047028,0.005462124478942073,0.5846153846153846
Out,0.1932629644870758,0.005462909718228867,0.5846153846153846
Out,0.19359393417835236,0.005463695183321351,0.5846153846153846
Out,0.1936185657978058,0.00546448087431694,0.5846153846153846
Out,0.19363655149936676,0.005465266791313103,0.5846153846153846
Out,0.1936500519514084,0.005466052934407365,0.5846153846153846
Out,0.19368430972099304,0.00546683930369731,0.5846153846153846
Out,0.19368945062160492,0.005467625899280576,0.5846153846153846
Out,0.1937277466058731,0.005468412721254857,0.5846153846153846
Out,0.19388502836227417,0.005469199769717904,0.5846153846153846
Out,0.1939755231142044,0.0054699870447675256,0.5846153846153846
Out,0.1939850002527237,0.005470774546501584,0.5846153846153846
Out,0.19405317306518555,0.005471562275017999,0.5846153846153846
Out,0.1942865252494812,0.005472350230414746,0.5846153846153846
Out,0.19430354237556458,0.00547313841278986,0.5846153846153846
Out,0.19435174763202667,0.005473926822241429,0.5846153846153846
Out,0.1945570409297943,0.005474715458867598,0.5846153846153846
Out,0.19469912350177765,0.00547550432276657,0.5846153846153846
Out,0.19479243457317352,0.005476293414036605,0.5846153846153846
Out,0.194872185587883,0.005477082732776016,0.5846153846153846
Out,0.19489683210849762,0.0054778722790831775,0.5846153846153846
Out,0.19491979479789734,0.005478662053056517,0.5846153846153846
Out,0.19492250680923462,0.005479452054794521,0.5846153846153846
Out,0.1949690580368042,0.0054802422843957315,0.5846153846153846
Out,0.19501212239265442,0.005481032741958748,0.5846153846153846
Out,0.19514110684394836,0.005481823427582228,0.5846153846153846
Out,0.19521979987621307,0.005482614341364883,0.5846153846153846
Out,0.19522815942764282,0.005483405483405483,0.5846153846153846
Out,0.19524972140789032,0.005484196853802858,0.5846153846153846
Out,0.19528767466545105,0.005484988452655889,0.5846153846153846
Out,0.1953546106815338,0.005485780280063519,0.5846153846153846
Out,0.19551348686218262,0.005486572336124747,0.5846153846153846
Out,0.19553880393505096,0.005487364620938628,0.5846153846153846
Out,0.19558070600032806,0.005488157134604275,0.5846153846153846
Out,0.19559535384178162,0.005488949877220858,0.5846153846153846
Out,0.19582661986351013,0.005489742848887605,0.5846153846153846
Out,0.19585150480270386,0.0054905360497038,0.5846153846153846
Out,0.19589485228061676,0.005491329479768786,0.5846153846153846
Out,0.19602088630199432,0.005492123139181963,0.5846153846153846
Out,0.1960262656211853,0.005492917028042787,0.5846153846153846
Out,0.1960289180278778,0.0054937111464507735,0.5846153846153846
Out,0.19607648253440857,0.005494505494505495,0.5846153846153846
Out,0.19621245563030243,0.00549530007230658,0.5846153846153846
Out,0.19624316692352295,0.0054960948799537175,0.5846153846153846
Out,0.19638590514659882,0.005496889917546651,0.5846153846153846
Out,0.1964065432548523,0.005497685185185185,0.5846153846153846
Out,0.19646824896335602,0.0054984806829691795,0.5846153846153846
Out,0.19661544263362885,0.005499276410998553,0.5846153846153846
Out,0.19667081534862518,0.005500072369373281,0.5846153846153846
Out,0.1967146396636963,0.0055008685581933985,0.5846153846153846
Out,0.1968780905008316,0.005501664977558998,0.5846153846153846
Out,0.19692397117614746,0.005502461627570229,0.5846153846153846
Out,0.19697222113609314,0.005503258508327299,0.5846153846153846
Out,0.19708698987960815,0.005504055619930475,0.5846153846153846
Out,0.19709552824497223,0.005504852962480081,0.5846153846153846
Out,0.19713141024112701,0.0055056505360765,0.5846153846153846
Out,0.19716978073120117,0.005506448340820171,0.5846153846153846
Out,0.19740712642669678,0.0055072463768115944,0.5846153846153846
Out,0.1974264681339264,0.005508044644151326,0.5846153846153846
Out,0.1975189447402954,0.005508843142939983,0.5846153846153846
Out,0.19756782054901123,0.005509641873278237,0.5846153846153846
Out,0.19765883684158325,0.005510440835266821,0.5846153846153846
Out,0.1977866291999817,0.005511240029006526,0.5846153846153846
Out,0.1977875530719757,0.005512039454598201,0.5846153846153846
Out,0.1978832483291626,0.005512839112142754,0.5846153846153846
Out,0.19795933365821838,0.005513639001741149,0.5846153846153846
Out,0.1981963813304901,0.005514439123494413,0.5846153846153846
Out,0.19822542369365692,0.0055152394775036286,0.5846153846153846
Out,0.19829896092414856,0.005516040063869938,0.5846153846153846
Out,0.19835466146469116,0.005516840882694541,0.5846153846153846
Out,0.19858688116073608,0.005517641934078699,0.5846153846153846
Out,0.19867458939552307,0.00551844321812373,0.5846153846153846
Out,0.1987244039773941,0.00551924473493101,0.5846153846153846
Out,0.19874833524227142,0.0055200464846019755,0.5846153846153846
Out,0.19895689189434052,0.005520848467238123,0.5846153846153846
Out,0.19900871813297272,0.005521650682941005,0.5846153846153846
Out,0.19910332560539246,0.0055224531318122366,0.5846153846153846
Out,0.1992708444595337,0.005523255813953488,0.5846153846153846
Out,0.19930550456047058,0.0055240587294664925,0.5846153846153846
Out,0.19939763844013214,0.0055248618784530384,0.5846153846153846
Out,0.19956891238689423,0.005525665261014978,0.5846153846153846
Out,0.19977572560310364,0.005526468877254218,0.5846153846153846
Out,0.20001918077468872,0.005527272727272727,0.5846153846153846
Out,0.20003128051757812,0.005528076811172534,0.5846153846153846
Out,0.200158953666687,0.0055288811290557256,0.5846153846153846
Out,0.20019227266311646,0.005529685681024447,0.5846153846153846
Out,0.20019862055778503,0.005530490467180905,0.5846153846153846
Out,0.20024453103542328,0.005531295487627365,0.5846153846153846
Out,0.20024481415748596,0.005532100742466153,0.5846153846153846
Out,0.20041657984256744,0.00553290623179965,0.5846153846153846
Out,0.20041802525520325,0.005533711955730304,0.5846153846153846
Out,0.20042698085308075,0.005534517914360618,0.5846153846153846
Out,0.20045343041419983,0.005535324107793154,0.5846153846153846
Out,0.2004547417163849,0.005536130536130536,0.5846153846153846
Out,0.2004770189523697,0.005536937199475448,0.5846153846153846
Out,0.2005496621131897,0.005537744097930632,0.5846153846153846
Out,0.2005772888660431,0.005538551231598892,0.5846153846153846
Out,0.20061004161834717,0.0055393586005830905,0.5846153846153846
Out,0.20065905153751373,0.00554016620498615,0.5846153846153846
Out,0.20088984072208405,0.005540974044911053,0.5846153846153846
Out,0.20089402794837952,0.005541782120460843,0.5846153846153846
Out,0.2010454535484314,0.005542590431738623,0.5846153846153846
Out,0.20106258988380432,0.0055433989788475566,0.5846153846153846
Out,0.201064795255661,0.005544207761890867,0.5846153846153846
Out,0.20108875632286072,0.005545016780971837,0.5846153846153846
Out,0.20116429030895233,0.005545826036193812,0.5846153846153846
Out,0.20131047070026398,0.005546635527660195,0.5846153846153846
Out,0.20133376121520996,0.005547445255474452,0.5846153846153846
Out,0.2013980746269226,0.005548255219740108,0.5846153846153846
Out,0.20140039920806885,0.005549065420560747,0.5846153846153846
Out,0.2014124095439911,0.005549875858040018,0.5846153846153846
Out,0.20143185555934906,0.005550686532281624,0.5846153846153846
Out,0.20150496065616608,0.0055514974433893355,0.5846153846153846
Out,0.20164978504180908,0.005552308591466978,0.5846153846153846
Out,0.20168516039848328,0.005553119976618442,0.5846153846153846
Out,0.2018423229455948,0.005553931598947676,0.5846153846153846
Out,0.20193055272102356,0.00555474345855869,0.5846153846153846
Out,0.2019329071044922,0.005555555555555556,0.5846153846153846
Out,0.20194216072559357,0.005556367890042404,0.5846153846153846
Out,0.2019476294517517,0.005557180462123428,0.5846153846153846
Out,0.20198965072631836,0.005557993271902881,0.5846153846153846
Out,0.20199386775493622,0.005558806319485079,0.5846153846153846
Out,0.20199880003929138,0.005559619604974396,0.5846153846153846
Out,0.20202040672302246,0.00556043312847527,0.5846153846153846
Out,0.20203769207000732,0.005561246890092199,0.5846153846153846
Out,0.20204351842403412,0.0055620608899297425,0.5846153846153846
Out,0.20214517414569855,0.005562875128092519,0.5846153846153846
Out,0.2021830528974533,0.005563689604685213,0.5846153846153846
Out,0.20220279693603516,0.005564504319812564,0.5846153846153846
Out,0.20226512849330902,0.005565319273579379,0.5846153846153846
Out,0.20232121646404266,0.005566134466090523,0.5846153846153846
Out,0.20240531861782074,0.005566949897450923,0.5846153846153846
Out,0.20246846973896027,0.005567765567765568,0.5846153846153846
Out,0.20247578620910645,0.005568581477139508,0.5846153846153846
Out,0.20249290764331818,0.005569397625677854,0.5846153846153846
Out,0.20262685418128967,0.0055702140134857815,0.5846153846153846
Out,0.20269916951656342,0.005571030640668524,0.5846153846153846
Out,0.2027062028646469,0.005571847507331379,0.5846153846153846
Out,0.20278047025203705,0.005572664613579704,0.5846153846153846
Out,0.20280152559280396,0.005573481959518921,0.5846153846153846
Out,0.20280365645885468,0.00557429954525451,0.5846153846153846
Out,0.20294493436813354,0.005575117370892019,0.5846153846153846
Out,0.20294809341430664,0.005575935436537051,0.5846153846153846
Out,0.20302365720272064,0.005576753742295274,0.5846153846153846
Out,0.20312120020389557,0.00557757228827242,0.5846153846153846
Out,0.20318815112113953,0.005578391074574281,0.5846153846153846
Out,0.2032693773508072,0.00557921010130671,0.5846153846153846
Out,0.20347440242767334,0.005580029368575624,0.5846153846153846
Out,0.20352104306221008,0.005580848876487002,0.5846153846153846
Out,0.20360752940177917,0.005581668625146886,0.5846153846153846
Out,0.20362357795238495,0.005582488614661378,0.5846153846153846
Out,0.2037338763475418,0.005583308845136644,0.5846153846153846
Out,0.20378342270851135,0.0055841293166789124,0.5846153846153846
Out,0.20386171340942383,0.005584950029394474,0.5846153846153846
Out,0.2039022296667099,0.005585770983389681,0.5846153846153846
Out,0.2039308249950409,0.00558659217877095,0.5846153846153846
Out,0.20404914021492004,0.0055874136156447585,0.5846153846153846
Out,0.20404940843582153,0.005588235294117647,0.5846153846153846
Out,0.2040945291519165,0.00558905721429622,0.5846153846153846
Out,0.20414873957633972,0.005589879376287144,0.5846153846153846
Out,0.20424382388591766,0.005590701780197146,0.5846153846153846
Out,0.20426958799362183,0.005591524426133019,0.5846153846153846
Out,0.204331174492836,0.005445180279617366,0.5692307692307692
Out,0.20434103906154633,0.0054459817486017074,0.5692307692307692
Out,0.20451191067695618,0.00544678345355513,0.5692307692307692
Out,0.20453216135501862,0.005447585394581861,0.5692307692307692
Out,0.20455767214298248,0.005448387571786188,0.5692307692307692
Out,0.20468896627426147,0.005449189985272459,0.5692307692307692
Out,0.2047182321548462,0.005449992635145087,0.5692307692307692
Out,0.20478872954845428,0.005450795521508544,0.5692307692307692
Out,0.20487669110298157,0.005451598644467364,0.5692307692307692
Out,0.20488524436950684,0.005452402004126142,0.5692307692307692
Out,0.20491471886634827,0.005453205600589536,0.5692307692307692
Out,0.20497655868530273,0.005454009433962264,0.5692307692307692
Out,0.20499342679977417,0.005454813504349108,0.5692307692307692
Out,0.20501026511192322,0.00545561781185491,0.5692307692307692
Out,0.20510664582252502,0.005456422356584574,0.5692307692307692
Out,0.20516280829906464,0.005457227138643068,0.5692307692307692
Out,0.20518088340759277,0.005458032158135419,0.5692307692307692
Out,0.2052016407251358,0.0054588374151667155,0.5692307692307692
Out,0.20522764325141907,0.005459642909842113,0.5692307692307692
Out,0.20524968206882477,0.0054604486422668245,0.5692307692307692
Out,0.20540860295295715,0.005461254612546125,0.5692307692307692
Out,0.20548176765441895,0.005462060820785356,0.5692307692307692
Out,0.20548595488071442,0.005462867267089916,0.5692307692307692
Out,0.2056707739830017,0.005463673951565269,0.5692307692307692
Out,0.2058371901512146,0.00546448087431694,0.5692307692307692
Out,0.2059423178434372,0.005465288035450517,0.5692307692307692
Out,0.20594851672649384,0.00546609543507165,0.5692307692307692
Out,0.2059674710035324,0.005466903073286052,0.5692307692307692
Out,0.2059825360774994,0.005467710950199498,0.5692307692307692
Out,0.20599216222763062,0.005468519065917825,0.5692307692307692
Out,0.2060365229845047,0.005469327420546933,0.5692307692307692
Out,0.2060762345790863,0.005470136014192785,0.5692307692307692
Out,0.20621609687805176,0.005470944846961407,0.5692307692307692
Out,0.20623815059661865,0.0054717539189588875,0.5692307692307692
Out,0.2062559425830841,0.005472563230291377,0.5692307692307692
Out,0.2063162624835968,0.005473372781065089,0.5692307692307692
Out,0.20639432966709137,0.0054741825713862996,0.5692307692307692
Out,0.20649614930152893,0.005474992601361349,0.5692307692307692
Out,0.20666587352752686,0.00547580287109664,0.5692307692307692
Out,0.20667646825313568,0.005476613380698638,0.5692307692307692
Out,0.20689111948013306,0.005477424130273871,0.5692307692307692
Out,0.20690836012363434,0.005478235119928931,0.5692307692307692
Out,0.20690874755382538,0.005479046349770473,0.5692307692307692
Out,0.207069531083107,0.0054798578199052135,0.5692307692307692
Out,0.20711395144462585,0.005480669530439935,0.5692307692307692
Out,0.20726925134658813,0.005481481481481481,0.5692307692307692
Out,0.20732201635837555,0.005482293673136761,0.5692307692307692
Out,0.20752942562103271,0.005483106105512744,0.5692307692307692
Out,0.2076064795255661,0.005483918778716466,0.5692307692307692
Out,0.2077028453350067,0.005484731692855026,0.5692307692307692
Out,0.20772501826286316,0.005485544848035582,0.5692307692307692
Out,0.20784613490104675,0.0054863582443653615,0.5692307692307692
Out,0.20785924792289734,0.005487171881951654,0.5692307692307692
Out,0.20797428488731384,0.005487985760901809,0.5692307692307692
Out,0.20810025930404663,0.005488799881323246,0.5692307692307692
Out,0.20815765857696533,0.005489614243323442,0.5692307692307692
Out,0.20836241543293,0.0054904288470099425,0.5692307692307692
Out,0.2083646059036255,0.005491243692490353,0.5692307692307692
Out,0.2085871398448944,0.005492058779872347,0.5692307692307692
Out,0.20861229300498962,0.005492874109263658,0.5692307692307692
Out,0.20863626897335052,0.005493689680772086,0.5692307692307692
Out,0.20871961116790771,0.005494505494505495,0.5692307692307692
Out,0.20874692499637604,0.00549532155057181,0.5692307692307692
Out,0.20876188576221466,0.005496137849079026,0.5692307692307692
Out,0.20880748331546783,0.005496954390135195,0.5692307692307692
Out,0.20886968076229095,0.00549777117384844,0.5692307692307692
Out,0.20899562537670135,0.005498588200326943,0.5692307692307692
Out,0.2090166211128235,0.0054994054696789535,0.5692307692307692
Out,0.20914731919765472,0.005500222982012784,0.5692307692307692
Out,0.2092420905828476,0.005501040737436813,0.5692307692307692
Out,0.20924830436706543,0.00550185873605948,0.5692307692307692
Out,0.20924946665763855,0.005502676977989292,0.5692307692307692
Out,0.2092609703540802,0.005503495463334821,0.5692307692307692
Out,0.20940104126930237,0.005504314192204701,0.5692307692307692
Out,0.20946182310581207,0.005505133164707633,0.5692307692307692
Out,0.20946386456489563,0.005505952380952381,0.5692307692307692
Out,0.2095138430595398,0.0055067718410477745,0.5692307692307692
Out,0.20961666107177734,0.0055075915451027095,0.5692307692307692
Out,0.20983131229877472,0.005508411493226143,0.5692307692307692
Out,0.20987914502620697,0.005509231685527099,0.5692307692307692
Out,0.20988917350769043,0.005510052122114669,0.5692307692307692
Out,0.20991630852222443,0.005510872803098004,0.5692307692307692
Out,0.21017985045909882,0.005511693728586325,0.5692307692307692
Out,0.2102261334657669,0.005512514898688915,0.5692307692307692
Out,0.21027566492557526,0.005513336313515124,0.5692307692307692
Out,0.2103499472141266,0.005514157973174367,0.5692307692307692
Out,0.2104298174381256,0.0055149798777761215,0.5692307692307692
Out,0.21044336259365082,0.005515802027429934,0.5692307692307692
Out,0.21044938266277313,0.005516624422245415,0.5692307692307692
Out,0.21053446829319,0.00551744706233224,0.5692307692307692
Out,0.21055755019187927,0.005518269947800149,0.5692307692307692
Out,0.2105996310710907,0.00551909307875895,0.5692307692307692
Out,0.2108042687177658,0.005519916455318514,0.5692307692307692
Out,0.21084119379520416,0.00552074007758878,0.5692307692307692
Out,0.21086378395557404,0.005521563945679749,0.5692307692307692
Out,0.2108934223651886,0.0055223880597014925,0.5692307692307692
Out,0.2110471874475479,0.005523212419764144,0.5692307692307692
Out,0.21107253432273865,0.005524037025977904,0.5692307692307692
Out,0.21112489700317383,0.0055248618784530384,0.5692307692307692
Out,0.2111486941576004,0.005525686977299881,0.5692307692307692
Out,0.21118293702602386,0.005526512322628827,0.5692307692307692
Out,0.21121500432491302,0.005527337914550344,0.5692307692307692
Out,0.21121668815612793,0.005528163753174959,0.5692307692307692
Out,0.21135179698467255,0.00552898983861327,0.5692307692307692
Out,0.21138298511505127,0.005529816170975938,0.5692307692307692
Out,0.21145351231098175,0.005530642750373692,0.5692307692307692
Out,0.21146316826343536,0.005531469576917327,0.5692307692307692
Out,0.21148334443569183,0.005532296650717704,0.5692307692307692
Out,0.21155743300914764,0.005533123971885748,0.5692307692307692
Out,0.21186019480228424,0.005533951540532456,0.5692307692307692
Out,0.21190237998962402,0.005534779356768885,0.5692307692307692
Out,0.21190649271011353,0.005535607420706164,0.5692307692307692
Out,0.212052583694458,0.005536435732455484,0.5692307692307692
Out,0.2120596468448639,0.005537264292128106,0.5692307692307692
Out,0.21209600567817688,0.005538093099835354,0.5692307692307692
Out,0.21212486922740936,0.0055389221556886225,0.5692307692307692
Out,0.21219472587108612,0.005539751459799371,0.5692307692307692
Out,0.2121991664171219,0.005540581012279126,0.5692307692307692
Out,0.21231956779956818,0.0055414108132394784,0.5692307692307692
Out,0.2123364359140396,0.005542240862792091,0.5692307692307692
Out,0.21239030361175537,0.005543071161048689,0.5692307692307692
Out,0.21245619654655457,0.0055439017081210665,0.5692307692307692
Out,0.21246394515037537,0.005544732504121085,0.5692307692307692
Out,0.21255888044834137,0.005545563549160672,0.5692307692307692
Out,0.2127746343612671,0.005546394843351821,0.5692307692307692
Out,0.21288415789604187,0.005547226386806597,0.5692307692307692
Out,0.21296703815460205,0.005548058179637127,0.5692307692307692
Out,0.21307897567749023,0.005548890221955609,0.5692307692307692
Out,0.21308951079845428,0.005549722513874306,0.5692307692307692
Out,0.21310259401798248,0.00555055505550555,0.5692307692307692
Out,0.2131689190864563,0.005551387846961741,0.5692307692307692
Out,0.21317054331302643,0.0055522208883553425,0.5692307692307692
Out,0.21324051916599274,0.005553054179798889,0.5692307692307692
Out,0.21332423388957977,0.005553887721404984,0.5692307692307692
Out,0.21340379118919373,0.005554721513286293,0.5692307692307692
Out,0.2134142965078354,0.005555555555555556,0.5692307692307692
Out,0.21354971826076508,0.005556389848325575,0.5692307692307692
Out,0.21355071663856506,0.005557224391709222,0.5692307692307692
Out,0.2136259227991104,0.005558059185819439,0.5692307692307692
Out,0.21374213695526123,0.005558894230769231,0.5692307692307692
Out,0.2137487530708313,0.005559729526671675,0.5692307692307692
Out,0.2137575000524521,0.005560565073639916,0.5692307692307692
Out,0.21382933855056763,0.0055614008717871635,0.5692307692307692
Out,0.2138342410326004,0.005562236921226699,0.5692307692307692
Out,0.21394295990467072,0.005563073222071869,0.5692307692307692
Out,0.21394333243370056,0.0055639097744360905,0.5692307692307692
Out,0.2139597237110138,0.005564746578432847,0.5692307692307692
Out,0.21406762301921844,0.005565583634175692,0.5692307692307692
Out,0.21410095691680908,0.0055664209417782455,0.5692307692307692
Out,0.21421462297439575,0.005567258501354198,0.5692307692307692
Out,0.2143925279378891,0.005568096313017306,0.5692307692307692
Out,0.21442021429538727,0.005568934376881397,0.5692307692307692
Out,0.21449464559555054,0.005569772693060364,0.5692307692307692
Out,0.21456460654735565,0.005570611261668172,0.5692307692307692
Out,0.2146380990743637,0.005571450082818853,0.5692307692307692
Out,0.2146964967250824,0.005572289156626506,0.5692307692307692
Out,0.21477064490318298,0.005573128483205302,0.5692307692307692
Out,0.21483114361763,0.0055739680626694784,0.5692307692307692
Out,0.21500840783119202,0.0055748078951333435,0.5692307692307692
Out,0.2151537835597992,0.005575647980711272,0.5692307692307692
Out,0.21517018973827362,0.005576488319517709,0.5692307692307692
Out,0.21537700295448303,0.005577328911667169,0.5692307692307692
Out,0.21538414061069489,0.005578169757274235,0.5692307692307692
Out,0.21540923416614532,0.005579010856453559,0.5692307692307692
Out,0.21544869244098663,0.0055798522093198615,0.5692307692307692
Out,0.21559686958789825,0.005580693815987934,0.5692307692307692
Out,0.21574246883392334,0.005581535676572635,0.5692307692307692
Out,0.21577054262161255,0.005582377791188896,0.5692307692307692
Out,0.2157806158065796,0.005583220159951712,0.5692307692307692
Out,0.21587422490119934,0.005584062782976154,0.5692307692307692
Out,0.21598884463310242,0.005584905660377358,0.5692307692307692
Out,0.2159985899925232,0.005585748792270531,0.5692307692307692
Out,0.21610027551651,0.00558659217877095,0.5692307692307692
Out,0.2161601334810257,0.00558743581999396,0.5692307692307692
Out,0.21619996428489685,0.005588279716054976,0.5692307692307692
Out,0.21621257066726685,0.005589123867069486,0.5692307692307692
Out,0.21636240184307098,0.005589968273153044,0.5692307692307692
Out,0.2163626104593277,0.005590812934421275,0.5692307692307692
Out,0.21652741730213165,0.005591657850989875,0.5692307692307692
Out,0.216539204120636,0.005592503022974607,0.5692307692307692
Out,0.2166627198457718,0.005593348450491308,0.5692307692307692
Out,0.21682319045066833,0.005594194133655882,0.5692307692307692
Out,0.21698357164859772,0.005595040072584304,0.5692307692307692
Out,0.21706201136112213,0.00559588626739262,0.5692307692307692
Out,0.21707583963871002,0.005596732718196945,0.5692307692307692
Out,0.21713858842849731,0.0055975794251134645,0.5692307692307692
Out,0.21714380383491516,0.005598426388258435,0.5692307692307692
Out,0.21718040108680725,0.005599273607748184,0.5692307692307692
Out,0.2171936184167862,0.005600121083699107,0.5692307692307692
Out,0.21725256741046906,0.005600968816227672,0.5692307692307692
Out,0.21737083792686462,0.005601816805450416,0.5692307692307692
Out,0.2174375355243683,0.005602665051483949,0.5692307692307692
Out,0.2174706757068634,0.005603513554444949,0.5692307692307692
Out,0.21748897433280945,0.005604362314450166,0.5692307692307692
Out,0.21763047575950623,0.0056052113316164215,0.5692307692307692
Out,0.2177172750234604,0.005606060606060606,0.5692307692307692
Out,0.21776334941387177,0.005606910137899682,0.5692307692307692
Out,0.21787886321544647,0.005607759927250682,0.5692307692307692
Out,0.21789191663265228,0.0056086099742307105,0.5692307692307692
Out,0.21791182458400726,0.005609460278956944,0.5692307692307692
Out,0.21817514300346375,0.005610310841546626,0.5692307692307692
Out,0.21821032464504242,0.005611161662117076,0.5692307692307692
Out,0.21821315586566925,0.0056120127407856815,0.5692307692307692
Out,0.21823717653751373,0.005612864077669903,0.5692307692307692
Out,0.2182965874671936,0.00561371567288727,0.5692307692307692
Out,0.21857225894927979,0.005614567526555387,0.5692307692307692
Out,0.2186056524515152,0.005615419638791926,0.5692307692307692
Out,0.21861477196216583,0.005616272009714633,0.5692307692307692
Out,0.21867409348487854,0.005617124639441324,0.5692307692307692
Out,0.21870441734790802,0.0056179775280898875,0.5692307692307692
Out,0.2187061607837677,0.005618830675778284,0.5692307692307692
Out,0.21873028576374054,0.005619684082624544,0.5692307692307692
Out,0.21893490850925446,0.005620537748746772,0.5692307692307692
Out,0.21897102892398834,0.005621391674263142,0.5692307692307692
Out,0.21900208294391632,0.005622245859291901,0.5692307692307692
Out,0.21907687187194824,0.005623100303951368,0.5692307692307692
Out,0.21907970309257507,0.005623955008359933,0.5692307692307692
Out,0.2190873622894287,0.00562480997263606,0.5692307692307692
Out,0.21939724683761597,0.005625665196898282,0.5692307692307692
Out,0.21942991018295288,0.005626520681265207,0.5692307692307692
Out,0.21948717534542084,0.005627376425855513,0.5692307692307692
Out,0.21958626806735992,0.0056282324307879526,0.5692307692307692
Out,0.21963180601596832,0.005629088696181348,0.5692307692307692
Out,0.21974629163742065,0.005629945222154595,0.5692307692307692
Out,0.2198767364025116,0.005630802008826662,0.5692307692307692
Out,0.2198786735534668,0.005631659056316591,0.5692307692307692
Out,0.22000016272068024,0.005632516364743492,0.5692307692307692
Out,0.22004470229148865,0.005633373934226553,0.5692307692307692
Out,0.2200908064842224,0.005634231764885031,0.5692307692307692
Out,0.2200983613729477,0.005635089856838258,0.5692307692307692
Out,0.22016090154647827,0.005635948210205636,0.5692307692307692
Out,0.2202373743057251,0.005636806825106642,0.5692307692307692
Out,0.22026459872722626,0.005637665701660826,0.5692307692307692
Out,0.22035455703735352,0.005638524839987808,0.5692307692307692
Out,0.22038911283016205,0.005639384240207285,0.5692307692307692
Out,0.2205994576215744,0.005640243902439024,0.5692307692307692
Out,0.2206851989030838,0.005641103826802866,0.5692307692307692
Out,0.22069908678531647,0.0056419640134187255,0.5692307692307692
Out,0.22075456380844116,0.005642824462406588,0.5692307692307692
Out,0.22079038619995117,0.005643685173886516,0.5692307692307692
Out,0.22080431878566742,0.005644546147978643,0.5692307692307692
Out,0.22082221508026123,0.0056454073848031736,0.5692307692307692
Out,0.2208264172077179,0.00564626888448039,0.5692307692307692
Out,0.2209564596414566,0.005647130647130647,0.5692307692307692
Out,0.22095847129821777,0.005495344222256144,0.5538461538461539
Out,0.2211163491010666,0.00549618320610687,0.5538461538461539
Out,0.22114376723766327,0.005497022446174988,0.5538461538461539
Out,0.22116510570049286,0.005497861942577886,0.5538461538461539
Out,0.2212781310081482,0.005498701695433023,0.5538461538461539
Out,0.22138860821723938,0.005499541704857928,0.5538461538461539
Out,0.22139951586723328,0.0055003819709702065,0.5538461538461539
Out,0.22139990329742432,0.005501222493887531,0.5538461538461539
Out,0.2215571105480194,0.005502063273727648,0.5538461538461539
Out,0.22156764566898346,0.005502904310608377,0.5538461538461539
Out,0.22157353162765503,0.005503745604647607,0.5538461538461539
Out,0.2216217815876007,0.005504587155963303,0.5538461538461539
Out,0.22180131077766418,0.005505428964673497,0.5538461538461539
Out,0.2218511402606964,0.005506271030896299,0.5538461538461539
Out,0.2220464050769806,0.005507113354749885,0.5538461538461539
Out,0.22205005586147308,0.0055079559363525096,0.5538461538461539
Out,0.222056046128273,0.0055087987758224944,0.5538461538461539
Out,0.2220812737941742,0.005509641873278237,0.5538461538461539
Out,0.22214342653751373,0.005510485228838206,0.5538461538461539
Out,0.22235772013664246,0.005511328842620943,0.5538461538461539
Out,0.22251443564891815,0.005512172714745062,0.5538461538461539
Out,0.22252267599105835,0.005513016845329249,0.5538461538461539
Out,0.22315680980682373,0.005513861234492265,0.5538461538461539
Out,0.22319039702415466,0.0055147058823529415,0.5538461538461539
Out,0.22323501110076904,0.0055155507890301825,0.5538461538461539
Out,0.22325502336025238,0.0055163959546429666,0.5538461538461539
Out,0.2232728898525238,0.005517241379310344,0.5538461538461539
Out,0.2233089804649353,0.005518087063151441,0.5538461538461539
Out,0.22332316637039185,0.0055189330062854515,0.5538461538461539
Out,0.22333700954914093,0.005519779208831647,0.5538461538461539
Out,0.223446786403656,0.00552062567090937,0.5538461538461539
Out,0.22365322709083557,0.005521472392638037,0.5538461538461539
Out,0.22374217212200165,0.005522319374137137,0.5538461538461539
Out,0.22393757104873657,0.005523166615526235,0.5538461538461539
Out,0.22416314482688904,0.005524014116924965,0.5538461538461539
Out,0.2241797149181366,0.0055248618784530384,0.5538461538461539
Out,0.22426266968250275,0.005525709900230238,0.5538461538461539
Out,0.22433564066886902,0.00552655818237642,0.5538461538461539
Out,0.22436998784542084,0.0055274067250115156,0.5538461538461539
Out,0.2244882881641388,0.005528255528255528,0.5538461538461539
Out,0.2245432287454605,0.005529104592228536,0.5538461538461539
Out,0.22454583644866943,0.005529953917050691,0.5538461538461539
Out,0.22463656961917877,0.005530803502842218,0.5538461538461539
Out,0.2246430665254593,0.005531653349723417,0.5538461538461539
Out,0.2246888428926468,0.005532503457814661,0.5538461538461539
Out,0.22470028698444366,0.005533353827236397,0.5538461538461539
Out,0.2247246950864792,0.005534204458109147,0.5538461538461539
Out,0.22482295334339142,0.005535055350553505,0.5538461538461539
Out,0.22496365010738373,0.005535906504690143,0.5538461538461539
Out,0.22516699135303497,0.005536757920639803,0.5538461538461539
Out,0.22517165541648865,0.0055376095985233045,0.5538461538461539
Out,0.22517508268356323,0.005538461538461538,0.5538461538461539
Out,0.22521035373210907,0.005539313740575473,0.5538461538461539
Out,0.2252335399389267,0.00554016620498615,0.5538461538461539
Out,0.22524650394916534,0.0055410189318146836,0.5538461538461539
Out,0.225380077958107,0.005541871921182266,0.5538461538461539
Out,0.22540466487407684,0.005542725173210162,0.5538461538461539
Out,0.22553957998752594,0.00554357868801971,0.5538461538461539
Out,0.22556376457214355,0.005544432465732327,0.5538461538461539
Out,0.2255726158618927,0.005545286506469501,0.5538461538461539
Out,0.2257765829563141,0.005546140810352796,0.5538461538461539
Out,0.22614285349845886,0.005546995377503852,0.5538461538461539
Out,0.22617104649543762,0.005547850208044383,0.5538461538461539
Out,0.22617465257644653,0.005548705302096177,0.5538461538461539
Out,0.22622106969356537,0.005549560659781101,0.5538461538461539
Out,0.2262917011976242,0.005550416281221091,0.5538461538461539
Out,0.22629877924919128,0.005551272166538165,0.5538461538461539
Out,0.22630195319652557,0.005552128315854411,0.5538461538461539
Out,0.22639906406402588,0.005552984729291994,0.5538461538461539
Out,0.22645588219165802,0.005553841406973156,0.5538461538461539
Out,0.22646749019622803,0.005554698349020213,0.5538461538461539
Out,0.22661031782627106,0.005555555555555556,0.5538461538461539
Out,0.22665870189666748,0.005556413026701652,0.5538461538461539
Out,0.22668321430683136,0.005557270762581044,0.5538461538461539
Out,0.22675740718841553,0.00555812876331635,0.5538461538461539
Out,0.22693634033203125,0.005558987029030266,0.5538461538461539
Out,0.2269783318042755,0.0055598455598455596,0.5538461538461539
Out,0.22704575955867767,0.005560704355885079,0.5538461538461539
Out,0.22722908854484558,0.005561563417271744,0.5538461538461539
Out,0.2272559553384781,0.005562422744128554,0.5538461538461539
Out,0.22727984189987183,0.005563282336578581,0.5538461538461539
Out,0.2273799329996109,0.0055641421947449764,0.5538461538461539
Out,0.22741293907165527,0.005565002318750966,0.5538461538461539
Out,0.22751685976982117,0.0055658627087198514,0.5538461538461539
Out,0.2275342494249344,0.005566723364775011,0.5538461538461539
Out,0.227649986743927,0.005567584287039901,0.5538461538461539
Out,0.2278500497341156,0.005568445475638051,0.5538461538461539
Out,0.22785227000713348,0.005569306930693069,0.5538461538461539
Out,0.2282343953847885,0.00557016865232864,0.5538461538461539
Out,0.2282440960407257,0.005571030640668524,0.5538461538461539
Out,0.2282959520816803,0.005571892895836558,0.5538461538461539
Out,0.22832676768302917,0.005572755417956657,0.5538461538461539
Out,0.22834208607673645,0.00557361820715281,0.5538461538461539
Out,0.22853751480579376,0.005574481263549086,0.5538461538461539
Out,0.22855234146118164,0.00557534458726963,0.5538461538461539
Out,0.22857552766799927,0.0055762081784386614,0.5538461538461539
Out,0.22872532904148102,0.005577072037180481,0.5538461538461539
Out,0.22879327833652496,0.005577936163619461,0.5538461538461539
Out,0.2288162112236023,0.005578800557880056,0.5538461538461539
Out,0.22883281111717224,0.005579665220086794,0.5538461538461539
Out,0.22884640097618103,0.005580530150364285,0.5538461538461539
Out,0.22891849279403687,0.005581395348837209,0.5538461538461539
Out,0.22893285751342773,0.00558226081563033,0.5538461538461539
Out,0.22893433272838593,0.005583126550868486,0.5538461538461539
Out,0.2289896309375763,0.005583992554676594,0.5538461538461539
Out,0.2291049063205719,0.005584858827179647,0.5538461538461539
Out,0.22921374440193176,0.005585725368502715,0.5538461538461539
Out,0.2293257713317871,0.00558659217877095,0.5538461538461539
Out,0.22936110198497772,0.005587459258109577,0.5538461538461539
Out,0.22937685251235962,0.005588326606643899,0.5538461538461539
Out,0.2294808179140091,0.0055891942244993015,0.5538461538461539
Out,0.22949063777923584,0.0055900621118012426,0.5538461538461539
Out,0.22956441342830658,0.00559093026867526,0.5538461538461539
Out,0.22986295819282532,0.005591798695246971,0.5538461538461539
Out,0.2298979014158249,0.005592667391642069,0.5538461538461539
Out,0.2299199104309082,0.005593536357986327,0.5538461538461539
Out,0.23000946640968323,0.005594405594405594,0.5538461538461539
Out,0.23033156991004944,0.005595275101025801,0.5538461538461539
Out,0.23033174872398376,0.005596144877972952,0.5538461538461539
Out,0.230354443192482,0.005597014925373134,0.5538461538461539
Out,0.23041094839572906,0.005597885243352511,0.5538461538461539
Out,0.23046725988388062,0.005598755832037325,0.5538461538461539
Out,0.2304886281490326,0.0055996266915538965,0.5538461538461539
Out,0.23052465915679932,0.005600497822028625,0.5538461538461539
Out,0.23052719235420227,0.0056013692235879885,0.5538461538461539
Out,0.23055653274059296,0.0056022408963585435,0.5538461538461539
Out,0.2307315617799759,0.0056031128404669265,0.5538461538461539
Out,0.23074376583099365,0.00560398505603985,0.5538461538461539
Out,0.23079609870910645,0.005604857543204111,0.5538461538461539
Out,0.23092517256736755,0.005605730302086578,0.5538461538461539
Out,0.23095645010471344,0.005606603332814203,0.5538461538461539
Out,0.23106449842453003,0.005607476635514018,0.5538461538461539
Out,0.23109261691570282,0.005608350210313133,0.5538461538461539
Out,0.23114031553268433,0.005609224057338735,0.5538461538461539
Out,0.23121324181556702,0.005610098176718092,0.5538461538461539
Out,0.23133696615695953,0.005610972568578554,0.5538461538461539
Out,0.23134762048721313,0.0056118472330475445,0.5538461538461539
Out,0.2314641773700714,0.005612722170252572,0.5538461538461539
Out,0.2314721643924713,0.005613597380321222,0.5538461538461539
Out,0.23152288794517517,0.0056144728633811605,0.5538461538461539
Out,0.2315635085105896,0.005615348619560131,0.5538461538461539
Out,0.2316005527973175,0.005616224648985959,0.5538461538461539
Out,0.23174434900283813,0.0056171009517865505,0.5538461538461539
Out,0.2317628264427185,0.0056179775280898875,0.5538461538461539
Out,0.23179754614830017,0.005618854378024036,0.5538461538461539
Out,0.23183530569076538,0.00561973150171714,0.5538461538461539
Out,0.23186743259429932,0.005620608899297424,0.5538461538461539
Out,0.23204530775547028,0.005621486570893191,0.5538461538461539
Out,0.23206834495067596,0.005622364516632828,0.5538461538461539
Out,0.2321508526802063,0.005623242736644799,0.5538461538461539
Out,0.23220206797122955,0.005624121231057647,0.5538461538461539
Out,0.23243997991085052,0.005625,0.5538461538461539
Out,0.23266063630580902,0.005625879043600563,0.5538461538461539
Out,0.23270568251609802,0.005626758361988122,0.5538461538461539
Out,0.23272942006587982,0.0056276379552915425,0.5538461538461539
Out,0.23281803727149963,0.005628517823639775,0.5538461538461539
Out,0.23290134966373444,0.005629397967161845,0.5538461538461539
Out,0.23291015625,0.005630278385986863,0.5538461538461539
Out,0.2329198569059372,0.005631159080244017,0.5538461538461539
Out,0.23297622799873352,0.005632040050062578,0.5538461538461539
Out,0.23304395377635956,0.005632921295571898,0.5538461538461539
Out,0.2331114113330841,0.005633802816901409,0.5538461538461539
Out,0.23332008719444275,0.005634684614180623,0.5538461538461539
Out,0.23340573906898499,0.005635566687539136,0.5538461538461539
Out,0.23357780277729034,0.0056364490371066224,0.5538461538461539
Out,0.23360870778560638,0.005637331663012841,0.5538461538461539
Out,0.23362115025520325,0.005638214565387627,0.5538461538461539
Out,0.2337936908006668,0.005639097744360902,0.5538461538461539
Out,0.23389017581939697,0.005639981200062667,0.5538461538461539
Out,0.2340489625930786,0.005640864932623002,0.5538461538461539
Out,0.2341090887784958,0.005641748942172073,0.5538461538461539
Out,0.2341124564409256,0.005642633228840125,0.5538461538461539
Out,0.23412293195724487,0.005643517792757485,0.5538461538461539
Out,0.2341318428516388,0.005644402634054563,0.5538461538461539
Out,0.23413702845573425,0.005645287752861847,0.5538461538461539
Out,0.2342205047607422,0.0056461731493099125,0.5538461538461539
Out,0.2343464493751526,0.005647058823529412,0.5538461538461539
Out,0.23436811566352844,0.005647944775651083,0.5538461538461539
Out,0.234389990568161,0.005648831005805743,0.5538461538461539
Out,0.23451319336891174,0.005649717514124294,0.5538461538461539
Out,0.23452132940292358,0.005650604300737718,0.5538461538461539
Out,0.23472923040390015,0.00565149136577708,0.5538461538461539
Out,0.2348030060529709,0.005652378709373528,0.5538461538461539
Out,0.23505495488643646,0.005653266331658292,0.5538461538461539
Out,0.23508132994174957,0.005654154232762682,0.5538461538461539
Out,0.23514916002750397,0.005655042412818096,0.5538461538461539
Out,0.23515304923057556,0.005655930871956009,0.5538461538461539
Out,0.23535121977329254,0.0056568196103079825,0.5538461538461539
Out,0.23548412322998047,0.005657708628005658,0.5538461538461539
Out,0.235526442527771,0.005658597925180761,0.5538461538461539
Out,0.23563311994075775,0.0056594875019651,0.5538461538461539
Out,0.23580530285835266,0.005660377358490566,0.5538461538461539
Out,0.23588401079177856,0.005661267494889133,0.5538461538461539
Out,0.23590312898159027,0.005662157911292859,0.5538461538461539
Out,0.23611271381378174,0.005663048607833884,0.5538461538461539
Out,0.23619093000888824,0.005663939584644431,0.5538461538461539
Out,0.2362365573644638,0.005664830841856806,0.5538461538461539
Out,0.23633244633674622,0.0056657223796034,0.5538461538461539
Out,0.23635978996753693,0.005666614198016685,0.5538461538461539
Out,0.23645658791065216,0.005667506297229219,0.5538461538461539
Out,0.23646855354309082,0.005668398677373642,0.5538461538461539
Out,0.23652958869934082,0.005669291338582677,0.5538461538461539
Out,0.23673895001411438,0.005670184280989132,0.5538461538461539
Out,0.23678506910800934,0.005671077504725898,0.5538461538461539
Out,0.23691990971565247,0.005671971009925949,0.5538461538461539
Out,0.23697274923324585,0.005672864796722345,0.5538461538461539
Out,0.23709774017333984,0.005673758865248227,0.5538461538461539
Out,0.23713982105255127,0.005674653215636823,0.5538461538461539
Out,0.23717869818210602,0.005675547848021441,0.5538461538461539
Out,0.23726145923137665,0.005676442762535478,0.5538461538461539
Out,0.2373286783695221,0.005677337959312411,0.5538461538461539
Out,0.23733289539813995,0.0056782334384858045,0.5538461538461539
Out,0.23744550347328186,0.005679129200189304,0.5538461538461539
Out,0.23757953941822052,0.005680025244556642,0.5538461538461539
Out,0.23762021958827972,0.005680921571721635,0.5538461538461539
Out,0.23762914538383484,0.005681818181818182,0.5538461538461539
Out,0.23768845200538635,0.005682715074980268,0.5538461538461539
Out,0.23769767582416534,0.005683612251341964,0.5538461538461539
Out,0.23772269487380981,0.005684509711037423,0.5538461538461539
Out,0.23772889375686646,0.005685407454200884,0.5538461538461539
Out,0.23780888319015503,0.005686305480966672,0.5538461538461539
Out,0.23793871700763702,0.005687203791469194,0.5538461538461539
Out,0.23801520466804504,0.005688102385842945,0.5538461538461539
Out,0.23810219764709473,0.005689001264222503,0.5538461538461539
Out,0.23812834918498993,0.005689900426742532,0.5538461538461539
Out,0.23863083124160767,0.00569079987353778,0.5538461538461539
Out,0.23867380619049072,0.005691699604743083,0.5538461538461539
Out,0.23869775235652924,0.0056925996204933585,0.5538461538461539
Out,0.23877419531345367,0.005693499920923612,0.5538461538461539
Out,0.23877476155757904,0.005694400506168934,0.5538461538461539
Out,0.23895743489265442,0.005695301376364499,0.5538461538461539
Out,0.23896169662475586,0.00569620253164557,0.5538461538461539
Out,0.23897428810596466,0.005697103972147492,0.5538461538461539
Out,0.23897914588451385,0.005698005698005698,0.5538461538461539
Out,0.23902128636837006,0.005698907709355707,0.5538461538461539
Out,0.23935441672801971,0.005699810006333122,0.5538461538461539
Out,0.2394683063030243,0.005700712589073635,0.5538461538461539
Out,0.23950722813606262,0.005701615457713019,0.5538461538461539
Out,0.23954573273658752,0.005702518612387138,0.5538461538461539
Out,0.2396472990512848,0.005703422053231939,0.5538461538461539
Out,0.23974348604679108,0.005704325780383457,0.5538461538461539
Out,0.23982782661914825,0.005705229793977813,0.5538461538461539
Out,0.2398289293050766,0.005706134094151213,0.5538461538461539
Out,0.23995740711688995,0.0057070386810399495,0.5538461538461539
Out,0.23998624086380005,0.005707943554780403,0.5538461538461539
Out,0.24005010724067688,0.005708848715509039,0.5538461538461539
Out,0.24006222188472748,0.0057097541633624104,0.5538461538461539
Out,0.2402951717376709,0.005710659898477157,0.5538461538461539
Out,0.2404523640871048,0.005711565920990005,0.5538461538461539
Out,0.24045611917972565,0.005712472231037766,0.5538461538461539
Out,0.24052836000919342,0.00571337882875734,0.5538461538461539
Out,0.24059823155403137,0.005714285714285714,0.5538461538461539
Out,0.24062252044677734,0.005715192887759962,0.5538461538461539
Out,0.24077236652374268,0.0057161003493172435,0.5538461538461539
Out,0.24084630608558655,0.005717008099094807,0.5538461538461539
Out,0.2409135103225708,0.005717916137229987,0.5538461538461539
Out,0.24097149074077606,0.005718824463860206,0.5538461538461539
Out,0.24100863933563232,0.005719733079122974,0.5538461538461539
Out,0.24125443398952484,0.005720641983155888,0.5538461538461539
Out,0.24135132133960724,0.00572155117609663,0.5538461538461539
Out,0.24136175215244293,0.005722460658082976,0.5538461538461539
Out,0.24138502776622772,0.005723370429252782,0.5538461538461539
Out,0.24142436683177948,0.005724280489743997,0.5538461538461539
Out,0.24148988723754883,0.0057251908396946565,0.5538461538461539
Out,0.24161818623542786,0.005726101479242882,0.5538461538461539
Out,0.24162237346172333,0.005727012408526885,0.5538461538461539
Out,0.24163568019866943,0.005727923627684964,0.5538461538461539
Out,0.24164548516273499,0.005728835136855506,0.5538461538461539
Out,0.24170979857444763,0.005729746936176986,0.5538461538461539
Out,0.24176019430160522,0.0057306590257879654,0.5538461538461539
Out,0.24185511469841003,0.005731571405827097,0.5538461538461539
Out,0.2418728619813919,0.005732484076433121,0.5538461538461539
Out,0.24187500774860382,0.005733397037744864,0.5538461538461539
Out,0.24192996323108673,0.005734310289901242,0.5538461538461539
Out,0.2419612854719162,0.005735223833041262,0.5538461538461539
Out,0.2419687658548355,0.0057361376673040155,0.5538461538461539
Out,0.24198564887046814,0.0057370517928286855,0.5538461538461539
Out,0.24200183153152466,0.0057379662097545425,0.5538461538461539
Out,0.24204570055007935,0.005738880918220947,0.5538461538461539
Out,0.24206125736236572,0.005739795918367347,0.5538461538461539
Out,0.24207356572151184,0.00574071121033328,0.5538461538461539
Out,0.24214307963848114,0.005741626794258373,0.5538461538461539
Out,0.24220219254493713,0.005742542670282342,0.5538461538461539
Out,0.24220295250415802,0.00574345883854499,0.5538461538461539
Out,0.24234463274478912,0.0057443752991862135,0.5538461538461539
Out,0.24255956709384918,0.005745292052345995,0.5538461538461539
Out,0.24272458255290985,0.005746209098164406,0.5538461538461539
Out,0.2427656501531601,0.005747126436781609,0.5538461538461539
Out,0.24281053245067596,0.005748044068337857,0.5538461538461539
Out,0.24298842251300812,0.005748961992973491,0.5538461538461539
Out,0.24304643273353577,0.005749880210828941,0.5538461538461539
Out,0.24307207763195038,0.005750798722044728,0.5538461538461539
Out,0.24309507012367249,0.005751717526761463,0.5538461538461539
Out,0.24315997958183289,0.005752636625119847,0.5538461538461539
Out,0.24316418170928955,0.005753556017260668,0.5538461538461539
Out,0.2432706207036972,0.005754475703324808,0.5538461538461539
Out,0.24328915774822235,0.0057553956834532375,0.5538461538461539
Out,0.24346661567687988,0.005756315957787016,0.5538461538461539
Out,0.24354992806911469,0.005757236526467296,0.5538461538461539
Out,0.24366527795791626,0.005758157389635317,0.5538461538461539
Out,0.2437058836221695,0.005759078547432411,0.5538461538461539
Out,0.24373197555541992,0.00576,0.5538461538461539
Out,0.24380332231521606,0.005760921747479597,0.5538461538461539
Out,0.24394220113754272,0.005761843790012804,0.5538461538461539
Out,0.24410583078861237,0.005762766127741316,0.5538461538461539
Out,0.24414673447608948,0.005763688760806916,0.5538461538461539
Out,0.24423450231552124,0.0057646116893514815,0.5538461538461539
Out,0.24424771964550018,0.005765534913516977,0.5538461538461539
Out,0.24425353109836578,0.005766458433445459,0.5538461538461539
Out,0.2442576140165329,0.005767382249279077,0.5538461538461539
Out,0.24427154660224915,0.0057683063611600706,0.5538461538461539
Out,0.24429509043693542,0.0057692307692307696,0.5538461538461539
Out,0.24434320628643036,0.005770155473633595,0.5538461538461539
Out,0.24434374272823334,0.005771080474511061,0.5538461538461539
Out,0.24443674087524414,0.005772005772005772,0.5538461538461539
Out,0.24460600316524506,0.005772931366260423,0.5538461538461539
Out,0.24472898244857788,0.005773857257417803,0.5538461538461539
Out,0.24487575888633728,0.005774783445620789,0.5538461538461539
Out,0.24487602710723877,0.0057757099310123535,0.5538461538461539
Out,0.244938924908638,0.005776636713735558,0.5538461538461539
Out,0.24499650299549103,0.005777563793933558,0.5538461538461539
Out,0.2453530877828598,0.005778491171749599,0.5538461538461539
Out,0.2453695684671402,0.005779418847327019,0.5538461538461539
Out,0.2455146312713623,0.005780346820809248,0.5538461538461539
Out,0.2455335110425949,0.005781275092339811,0.5538461538461539
Out,0.24553489685058594,0.0057822036620623195,0.5538461538461539
Out,0.24569372832775116,0.005783132530120482,0.5538461538461539
Out,0.24577146768569946,0.005784061696658098,0.5538461538461539
Out,0.24584977328777313,0.005784991161819059,0.5538461538461539
Out,0.24587643146514893,0.0057859209257473485,0.5538461538461539
Out,0.24597027897834778,0.0057868509885870435,0.5538461538461539
Out,0.24600984156131744,0.005787781350482315,0.5538461538461539
Out,0.24608565866947174,0.005788712011577424,0.5538461538461539
Out,0.24618008732795715,0.005789642972016726,0.5538461538461539
Out,0.24618422985076904,0.005790574231944668,0.5538461538461539
Out,0.24630340933799744,0.005791505791505791,0.5538461538461539
Out,0.24632292985916138,0.005792437650844731,0.5538461538461539
Out,0.2463587373495102,0.005793369810106212,0.5538461538461539
Out,0.2463955134153366,0.005794302269435055,0.5538461538461539
Out,0.24647793173789978,0.005795235028976175,0.5538461538461539
Out,0.2466118037700653,0.005796168088874577,0.5538461538461539
Out,0.2467043399810791,0.005797101449275362,0.5538461538461539
Out,0.2467118501663208,0.005798035110323723,0.5538461538461539
Out,0.2467724233865738,0.005798969072164949,0.5538461538461539
Out,0.24684511125087738,0.005799903334944417,0.5538461538461539
Out,0.246863454580307,0.005800837898807605,0.5538461538461539
Out,0.24691079556941986,0.0058017727639000805,0.5538461538461539
Out,0.2469376027584076,0.005802707930367505,0.5538461538461539
Out,0.24707363545894623,0.005803643398355635,0.5538461538461539
Out,0.2470884770154953,0.005804579168010319,0.5538461538461539
Out,0.24713636934757233,0.005805515239477504,0.5538461538461539
Out,0.24719303846359253,0.005806451612903226,0.5538461538461539
Out,0.24725067615509033,0.005807388288433618,0.5538461538461539
Out,0.24729618430137634,0.005808325266214908,0.5538461538461539
Out,0.24729904532432556,0.0058092625463934166,0.5538461538461539
Out,0.2473006695508957,0.005810200129115558,0.5538461538461539
Out,0.24734237790107727,0.005811138014527845,0.5538461538461539
Out,0.24735169112682343,0.005812076202776881,0.5538461538461539
Out,0.24735373258590698,0.005813014694009366,0.5538461538461539
Out,0.24744683504104614,0.005813953488372093,0.5538461538461539
Out,0.24749945104122162,0.005814892586011953,0.5538461538461539
Out,0.24755598604679108,0.005815831987075929,0.5538461538461539
Out,0.2475816011428833,0.0058167716917111,0.5538461538461539
Out,0.2476222813129425,0.005817711700064641,0.5538461538461539
Out,0.24774965643882751,0.005818652012283821,0.5538461538461539
Out,0.24775537848472595,0.005819592628516004,0.5538461538461539
Out,0.24781669676303864,0.00582053354890865,0.5538461538461539
Out,0.2479366809129715,0.005821474773609315,0.5538461538461539
Out,0.24799129366874695,0.005822416302765648,0.5538461538461539
Out,0.2479933798313141,0.005823358136525397,0.5538461538461539
Out,0.24802671372890472,0.005824300275036402,0.5538461538461539
Out,0.2481103390455246,0.005825242718446602,0.5538461538461539
Out,0.2481217384338379,0.0058261854669040295,0.5538461538461539
Out,0.248152956366539,0.005827128520556815,0.5538461538461539
Out,0.24829275906085968,0.005828071879553181,0.5538461538461539
Out,0.24844393134117126,0.005829015544041451,0.5538461538461539
Out,0.24847789108753204,0.005829959514170041,0.5538461538461539
Out,0.2485300600528717,0.0058309037900874635,0.5538461538461539
Out,0.24861447513103485,0.005831848371942329,0.5538461538461539
Out,0.24861739575862885,0.005832793259883344,0.5538461538461539
Out,0.24862810969352722,0.00583373845405931,0.5538461538461539
Out,0.2486361563205719,0.005834683954619124,0.5538461538461539
Out,0.2486974000930786,0.005835629761711785,0.5538461538461539
Out,0.24872104823589325,0.005836575875486381,0.5538461538461539
Out,0.24873203039169312,0.0058375222960921035,0.5538461538461539
Out,0.2488919496536255,0.005838469023678235,0.5538461538461539
Out,0.24897101521492004,0.00583941605839416,0.5538461538461539
Out,0.2489742636680603,0.005840363400389357,0.5538461538461539
Out,0.24906325340270996,0.005841311049813403,0.5538461538461539
Out,0.24922685325145721,0.005842259006815969,0.5538461538461539
Out,0.24944521486759186,0.005843207271546827,0.5538461538461539
Out,0.24947266280651093,0.005844155844155844,0.5538461538461539
Out,0.24947968125343323,0.0058451047247929854,0.5538461538461539
Out,0.24956165254116058,0.005846053913608314,0.5538461538461539
Out,0.24959500133991241,0.00584700341075199,0.5538461538461539
Out,0.24961280822753906,0.005847953216374269,0.5538461538461539
Out,0.24962735176086426,0.005848903330625508,0.5538461538461539
Out,0.2496834695339203,0.005849853753656159,0.5538461538461539
Out,0.249860480427742,0.005850804485616773,0.5538461538461539
Out,0.24988093972206116,0.005851755526657998,0.5538461538461539
Out,0.24988478422164917,0.00585270687693058,0.5538461538461539
Out,0.24991418421268463,0.005853658536585366,0.5538461538461539
Out,0.2502390742301941,0.005854610505773296,0.5538461538461539
Out,0.25027167797088623,0.005855562784645413,0.5538461538461539
Out,0.25040802359580994,0.005856515373352855,0.5538461538461539
Out,0.25068432092666626,0.00585746827204686,0.5538461538461539
Out,0.2508918046951294,0.005858421480878763,0.5538461538461539
Out,0.2509138882160187,0.005859375,0.5538461538461539
Out,0.25100797414779663,0.005860328829562104,0.5538461538461539
Out,0.2510187327861786,0.005861282969716704,0.5538461538461539
Out,0.25107893347740173,0.005862237420615535,0.5538461538461539
Out,0.2511386275291443,0.005863192182410423,0.5538461538461539
Out,0.2512975335121155,0.005864147255253299,0.5538461538461539
Out,0.2513030171394348,0.005865102639296188,0.5538461538461539
Out,0.25131547451019287,0.005866058334691217,0.5538461538461539
Out,0.2513158321380615,0.005867014341590613,0.5538461538461539
Out,0.25133708119392395,0.0058679706601467,0.5538461538461539
Out,0.2513813078403473,0.0058689272905119005,0.5538461538461539
Out,0.2513941824436188,0.005869884232838741,0.5538461538461539
Out,0.2515707314014435,0.005870841487279843,0.5538461538461539
Out,0.2518169581890106,0.00587179905398793,0.5538461538461539
Out,0.25195521116256714,0.005872756933115824,0.5538461538461539
Out,0.25208112597465515,0.005873715124816446,0.5538461538461539
Out,0.2520925998687744,0.00587467362924282,0.5538461538461539
Out,0.25214684009552,0.005875632446548066,0.5538461538461539
Out,0.25216150283813477,0.005876591576885406,0.5538461538461539
Out,0.252168744802475,0.005877551020408163,0.5538461538461539
Out,0.2522573471069336,0.005878510777269758,0.5538461538461539
Out,0.252297043800354,0.005879470847623714,0.5538461538461539
Out,0.2523377239704132,0.005880431231623653,0.5538461538461539
Out,0.25243011116981506,0.005881391929423297,0.5538461538461539
Out,0.25245344638824463,0.0058823529411764705,0.5538461538461539
Out,0.25248169898986816,0.005883314267037098,0.5538461538461539
Out,0.2524823546409607,0.005884275907159202,0.5538461538461539
Out,0.25248977541923523,0.005885237861696911,0.5538461538461539
Out,0.2525663673877716,0.005886200130804447,0.5538461538461539
Out,0.25262826681137085,0.005887162714636141,0.5538461538461539
Out,0.2526809573173523,0.005888125613346418,0.5538461538461539
Out,0.2528253495693207,0.005889088827089809,0.5538461538461539
Out,0.2528320252895355,0.0058900523560209425,0.5538461538461539
Out,0.25283536314964294,0.005891016200294551,0.5538461538461539
Out,0.25300541520118713,0.005891980360065467,0.5538461538461539
Out,0.25306516885757446,0.005892944835488623,0.5538461538461539
Out,0.2530905604362488,0.005893909626719057,0.5538461538461539
Out,0.2532402276992798,0.005894874733911904,0.5538461538461539
Out,0.2533069849014282,0.005895840157222404,0.5538461538461539
Out,0.25333529710769653,0.005896805896805897,0.5538461538461539
Out,0.25333714485168457,0.005897771952817824,0.5538461538461539
Out,0.2533666789531708,0.005898738325413731,0.5538461538461539
Out,0.2535403370857239,0.0058997050147492625,0.5538461538461539
Out,0.253618061542511,0.005900672020980167,0.5538461538461539
Out,0.2536984086036682,0.005901639344262295,0.5538461538461539
Out,0.2540731132030487,0.005902606984751598,0.5538461538461539
Out,0.254178911447525,0.005903574942604133,0.5538461538461539
Out,0.2542966306209564,0.005904543217976054,0.5538461538461539
Out,0.25440752506256104,0.005905511811023622,0.5538461538461539
Out,0.2544327676296234,0.005906480721903199,0.5538461538461539
Out,0.2546486258506775,0.00590744995077125,0.5538461538461539
Out,0.25468412041664124,0.005908419497784343,0.5538461538461539
Out,0.2547674775123596,0.005909389363099146,0.5538461538461539
Out,0.25477927923202515,0.005910359546872435,0.5538461538461539
Out,0.25488632917404175,0.005911330049261084,0.5538461538461539
Out,0.25492098927497864,0.005912300870422073,0.5538461538461539
Out,0.25507038831710815,0.005913272010512484,0.5538461538461539
Out,0.25516700744628906,0.005914243469689502,0.5538461538461539
Out,0.2553946077823639,0.005915215248110417,0.5538461538461539
Out,0.2554982602596283,0.005916187345932621,0.5538461538461539
Out,0.25559553503990173,0.005917159763313609,0.5538461538461539
Out,0.2556684911251068,0.005918132500410981,0.5538461538461539
Out,0.2558336555957794,0.00591910555738244,0.5538461538461539
Out,0.255905419588089,0.0059200789343857915,0.5538461538461539
Out,0.25595274567604065,0.0059210526315789476,0.5538461538461539
Out,0.2559865117073059,0.005922026649119921,0.5538461538461539
Out,0.2560933828353882,0.005923000987166831,0.5538461538461539
Out,0.25644585490226746,0.0059239756458779,0.5538461538461539
Out,0.2564973831176758,0.005924950625411455,0.5538461538461539
Out,0.2565297782421112,0.005925925925925926,0.5538461538461539
Out,0.25658389925956726,0.005926901547579849,0.5538461538461539
Out,0.25660958886146545,0.005927877490531862,0.5538461538461539
Out,0.2566465139389038,0.005928853754940711,0.5538461538461539
Out,0.2566536068916321,0.005929830340965244,0.5538461538461539
Out,0.25682541728019714,0.005930807248764415,0.5538461538461539
Out,0.2568645477294922,0.005931784478497282,0.5538461538461539
Out,0.25687888264656067,0.005932762030323006,0.5538461538461539
Out,0.25695469975471497,0.005933739904400857,0.5538461538461539
Out,0.2573194205760956,0.005934718100890208,0.5538461538461539
Out,0.25749289989471436,0.005935696619950536,0.5538461538461539
Out,0.25759685039520264,0.005936675461741424,0.5538461538461539
Out,0.2579844295978546,0.005937654626422563,0.5538461538461539
Out,0.25798529386520386,0.0059386341141537445,0.5538461538461539
Out,0.25847476720809937,0.005939613925094869,0.5538461538461539
Out,0.25867021083831787,0.005940594059405941,0.5538461538461539
Out,0.25880324840545654,0.0059415745172470705,0.5538461538461539
Out,0.2590693235397339,0.005942555298778475,0.5538461538461539
Out,0.2591451406478882,0.005943536404160475,0.5538461538461539
Out,0.25916826725006104,0.0059445178335535,0.5538461538461539
Out,0.2591683268547058,0.005945499587118084,0.5538461538461539
Out,0.25917351245880127,0.005946481665014866,0.5538461538461539
Out,0.25919005274772644,0.005947464067404593,0.5538461538461539
Out,0.2593463063240051,0.005948446794448116,0.5538461538461539
Out,0.25960806012153625,0.005949429846306396,0.5538461538461539
Out,0.2596779465675354,0.0059504132231404955,0.5538461538461539
Out,0.2596902847290039,0.005951396925111588,0.5538461538461539
Out,0.26002779603004456,0.005952380952380952,0.5538461538461539
Out,0.2600657641887665,0.0059533653051099715,0.5538461538461539
Out,0.2600928544998169,0.005954349983460139,0.5538461538461539
Out,0.2602318525314331,0.005955334987593052,0.5538461538461539
Out,0.26026567816734314,0.005956320317670417,0.5538461538461539
Out,0.26032257080078125,0.005957305973854046,0.5538461538461539
Out,0.2603454291820526,0.005958291956305859,0.5538461538461539
Out,0.26051145792007446,0.005959278265187883,0.5538461538461539
Out,0.26051315665245056,0.005960264900662252,0.5538461538461539
Out,0.26063287258148193,0.005961251862891207,0.5538461538461539
Out,0.26069629192352295,0.0059622391520370984,0.5538461538461539
Out,0.2607247233390808,0.005963226768262382,0.5538461538461539
Out,0.26074036955833435,0.005964214711729622,0.5538461538461539
Out,0.26082777976989746,0.005965202982601492,0.5538461538461539
Out,0.2608335614204407,0.005966191581040769,0.5538461538461539
Out,0.2609126567840576,0.005967180507210343,0.5538461538461539
Out,0.26110267639160156,0.005968169761273209,0.5538461538461539
Out,0.261208176612854,0.005969159343392472,0.5538461538461539
Out,0.26148954033851624,0.005970149253731343,0.5538461538461539
Out,0.26163923740386963,0.005971139492453143,0.5538461538461539
Out,0.26167774200439453,0.005972130059721301,0.5538461538461539
Out,0.2617607116699219,0.005973120955699353,0.5538461538461539
Out,0.26177918910980225,0.005974112180550946,0.5538461538461539
Out,0.26208510994911194,0.005975103734439834,0.5538461538461539
Out,0.26211634278297424,0.00597609561752988,0.5538461538461539
Out,0.2622137665748596,0.005977087829985057,0.5538461538461539
Out,0.2622276246547699,0.005978080371969445,0.5538461538461539
Out,0.26223695278167725,0.005979073243647235,0.5538461538461539
Out,0.26236775517463684,0.005980066445182724,0.5538461538461539
Out,0.2623765468597412,0.005981059976740323,0.5538461538461539
Out,0.26238781213760376,0.005982053838484547,0.5538461538461539
Out,0.2625049352645874,0.005816852251952801,0.5384615384615384
Out,0.2625146806240082,0.00581781914893617,0.5384615384615384
Out,0.2628019452095032,0.005818786367414797,0.5384615384615384
Out,0.2630484998226166,0.005819753907549052,0.5384615384615384
Out,0.26309657096862793,0.005820721769499418,0.5384615384615384
Out,0.26335275173187256,0.005821689953426481,0.5384615384615384
Out,0.2634632885456085,0.005822658459490934,0.5384615384615384
Out,0.26352402567863464,0.005823627287853577,0.5384615384615384
Out,0.2635370194911957,0.0058245964386753205,0.5384615384615384
Out,0.2635909616947174,0.005825565912117177,0.5384615384615384
Out,0.2636234164237976,0.00582653570834027,0.5384615384615384
Out,0.26366478204727173,0.005827505827505828,0.5384615384615384
Out,0.26375144720077515,0.005828476269775187,0.5384615384615384
Out,0.26379823684692383,0.005829447035309793,0.5384615384615384
Out,0.26386547088623047,0.00566383474929202,0.5230769230769231
Out,0.2639519274234772,0.005664778407197601,0.5230769230769231
Out,0.26395827531814575,0.0056657223796034,0.5230769230769231
Out,0.2640264630317688,0.005666666666666667,0.5230769230769231
Out,0.26407644152641296,0.005667611268544757,0.5230769230769231
Out,0.2641078233718872,0.0056685561853951315,0.5230769230769231
Out,0.2641512155532837,0.005669501417375354,0.5230769230769231
Out,0.26417049765586853,0.005670446964643095,0.5230769230769231
Out,0.2642810046672821,0.00567139282735613,0.5230769230769231
Out,0.2643088400363922,0.005672339005672339,0.5230769230769231
Out,0.2643223702907562,0.005673285499749708,0.5230769230769231
Out,0.26434215903282166,0.005674232309746329,0.5230769230769231
Out,0.26435360312461853,0.005508262393590386,0.5076923076923077
Out,0.264656662940979,0.0055091819699499165,0.5076923076923077
Out,0.2648439407348633,0.0055101018533978965,0.5076923076923077
Out,0.2649097740650177,0.005511022044088177,0.5076923076923077
Out,0.26495489478111267,0.005511942542174712,0.5076923076923077
Out,0.2649557590484619,0.005512863347811561,0.5076923076923077
Out,0.2649731934070587,0.005513784461152882,0.5076923076923077
Out,0.26536881923675537,0.0055147058823529415,0.5076923076923077
Out,0.2654268741607666,0.005515627611566104,0.5076923076923077
Out,0.2655143737792969,0.005516549648946841,0.5076923076923077
Out,0.2655244469642639,0.005517471994649724,0.5076923076923077
Out,0.26556506752967834,0.005518394648829431,0.5076923076923077
Out,0.2656279504299164,0.0055193176116407425,0.5076923076923077
Out,0.265669047832489,0.005520240883238541,0.5076923076923077
Out,0.26592719554901123,0.005521164463777815,0.5076923076923077
Out,0.26600247621536255,0.005522088353413655,0.5076923076923077
Out,0.2660258114337921,0.005523012552301255,0.5076923076923077
Out,0.2660413980484009,0.005523937060595916,0.5076923076923077
Out,0.2660694420337677,0.0055248618784530384,0.5076923076923077
Out,0.2660936415195465,0.005525787006028131,0.5076923076923077
Out,0.26613563299179077,0.005526712443476804,0.5076923076923077
Out,0.26617810130119324,0.005527638190954774,0.5076923076923077
Out,0.26627373695373535,0.005528564248617859,0.5076923076923077
Out,0.2662854492664337,0.005529490616621984,0.5076923076923077
Out,0.2664884626865387,0.005530417295123178,0.5076923076923077
Out,0.26651930809020996,0.0055313442842775725,0.5076923076923077
Out,0.2665420472621918,0.005532271584241408,0.5076923076923077
Out,0.2666345536708832,0.005533199195171026,0.5076923076923077
Out,0.26663970947265625,0.005534127117222874,0.5076923076923077
Out,0.2667064070701599,0.005535055350553505,0.5076923076923077
Out,0.2667103111743927,0.0055359838953195776,0.5076923076923077
Out,0.26675209403038025,0.0055369127516778525,0.5076923076923077
Out,0.2668495774269104,0.0055378419197851985,0.5076923076923077
Out,0.2668693959712982,0.0055387713997985906,0.5076923076923077
Out,0.26687610149383545,0.0055397011918751045,0.5076923076923077
Out,0.26693466305732727,0.005540631296171927,0.5076923076923077
Out,0.26700204610824585,0.0055415617128463475,0.5076923076923077
Out,0.2670101225376129,0.0055424924420557605,0.5076923076923077
Out,0.2670283615589142,0.005375440954140769,0.49230769230769234
Out,0.26705828309059143,0.005376344086021506,0.49230769230769234
Out,0.26707902550697327,0.005377247521424971,0.49230769230769234
Out,0.26713013648986816,0.005378151260504202,0.49230769230769234
Out,0.26725026965141296,0.005379055303412338,0.49230769230769234
Out,0.2673860192298889,0.005379959650302623,0.49230769230769234
Out,0.26740190386772156,0.0053808643013284006,0.49230769230769234
Out,0.26754242181777954,0.0053817692566431215,0.49230769230769234
Out,0.26774004101753235,0.005382674516400336,0.49230769230769234
Out,0.26776617765426636,0.005383580080753701,0.49230769230769234
Out,0.26790982484817505,0.005384485949856975,0.49230769230769234
Out,0.2680649757385254,0.005385392123864019,0.49230769230769234
Out,0.2681017220020294,0.0053862986029288,0.49230769230769234
Out,0.2681832015514374,0.0053872053872053875,0.49230769230769234
Out,0.26820504665374756,0.005388112476847954,0.49230769230769234
Out,0.2682322561740875,0.005389019872010778,0.49230769230769234
Out,0.2683095932006836,0.00538992757284824,0.49230769230769234
Out,0.26836562156677246,0.0052223719676549865,0.47692307692307695
Out,0.26846688985824585,0.005223251895534962,0.47692307692307695
Out,0.268549382686615,0.005224132119986518,0.47692307692307695
Out,0.26895591616630554,0.005225012641159616,0.47692307692307695
Out,0.2691173851490021,0.005225893459204316,0.47692307692307695
Out,0.2692938446998596,0.00522677457427078,0.47692307692307695
Out,0.2693112790584564,0.005227655986509275,0.47692307692307695
Out,0.26944899559020996,0.005228537696070163,0.47692307692307695
Out,0.2694607079029083,0.0052294197031039135,0.47692307692307695
Out,0.26958969235420227,0.005230302007761093,0.47692307692307695
Out,0.2699415683746338,0.005231184610192373,0.47692307692307695
Out,0.26998671889305115,0.0052320675105485236,0.47692307692307695
Out,0.2703162729740143,0.005232950708980419,0.47692307692307695
Out,0.270334392786026,0.005233834205639034,0.47692307692307695
Out,0.2703741788864136,0.005234718000675448,0.47692307692307695
Out,0.2706621289253235,0.005235602094240838,0.47692307692307695
Out,0.2707008123397827,0.005236486486486487,0.47692307692307695
Out,0.2707442045211792,0.005237371177563777,0.47692307692307695
Out,0.27079179883003235,0.005238256167624198,0.47692307692307695
Out,0.27106884121894836,0.005239141456819334,0.47692307692307695
Out,0.27115398645401,0.005240027045300879,0.47692307692307695
Out,0.27120083570480347,0.005240912933220625,0.47692307692307695
Out,0.2714564800262451,0.00524179912073047,0.47692307692307695
Out,0.27145835757255554,0.005242685607982411,0.47692307692307695
Out,0.27158427238464355,0.0052435723951285524,0.47692307692307695
Out,0.2716021239757538,0.005244459482321096,0.47692307692307695
Out,0.27175021171569824,0.005245346869712352,0.47692307692307695
Out,0.27180126309394836,0.00524623455745473,0.47692307692307695
Out,0.2719106376171112,0.005247122545700745,0.47692307692307695
Out,0.2719445526599884,0.0052480108346030134,0.47692307692307695
Out,0.27197542786598206,0.005248899424314257,0.47692307692307695
Out,0.2719980478286743,0.005249788314987299,0.47692307692307695
Out,0.2720150947570801,0.005250677506775068,0.47692307692307695
Out,0.2720804512500763,0.005251566999830594,0.47692307692307695
Out,0.27210766077041626,0.005252456794307014,0.47692307692307695
Out,0.2721152603626251,0.005253346890357566,0.47692307692307695
Out,0.27213171124458313,0.005254237288135594,0.47692307692307695
Out,0.2721651494503021,0.0052551279877945415,0.47692307692307695
Out,0.27218058705329895,0.005256018989487962,0.47692307692307695
Out,0.27282676100730896,0.00525691029336951,0.47692307692307695
Out,0.2728387713432312,0.005257801899592945,0.47692307692307695
Out,0.272926390171051,0.005258693808312129,0.47692307692307695
Out,0.27295804023742676,0.005259586019681031,0.47692307692307695
Out,0.272977739572525,0.005260478533853725,0.47692307692307695
Out,0.2730362117290497,0.005261371350984386,0.47692307692307695
Out,0.27312779426574707,0.005262264471227296,0.47692307692307695
Out,0.27325356006622314,0.005263157894736842,0.47692307692307695
Out,0.27340102195739746,0.005264051621667516,0.47692307692307695
Out,0.27356985211372375,0.005264945652173913,0.47692307692307695
Out,0.2735994756221771,0.005265839986410736,0.47692307692307695
Out,0.27374354004859924,0.0052667346245327895,0.47692307692307695
Out,0.27375251054763794,0.005267629566694987,0.47692307692307695
Out,0.27378156781196594,0.005268524813052345,0.47692307692307695
Out,0.27381059527397156,0.005269420363759986,0.47692307692307695
Out,0.27382227778434753,0.005270316218973139,0.47692307692307695
Out,0.27383309602737427,0.005271212378847135,0.47692307692307695
Out,0.27387458086013794,0.005272108843537415,0.47692307692307695
Out,0.27401477098464966,0.005273005613199524,0.47692307692307695
Out,0.274017333984375,0.005273902687989112,0.47692307692307695
Out,0.2742376923561096,0.005274800068061937,0.47692307692307695
Out,0.27432894706726074,0.00527569775357386,0.47692307692307695
Out,0.27433645725250244,0.005276595744680851,0.47692307692307695
Out,0.2743851840496063,0.0052774940415389856,0.47692307692307695
Out,0.2744002044200897,0.005278392644304444,0.47692307692307695
Out,0.27446234226226807,0.005279291553133515,0.47692307692307695
Out,0.27467629313468933,0.005280190768182593,0.47692307692307695
Out,0.2747381329536438,0.005281090289608177,0.47692307692307695
Out,0.27478036284446716,0.005281990117566877,0.47692307692307695
Out,0.27484047412872314,0.005282890252215406,0.47692307692307695
Out,0.2749197483062744,0.005283790693710585,0.47692307692307695
Out,0.27510011196136475,0.005284691442209342,0.47692307692307695
Out,0.27521219849586487,0.005285592497868713,0.47692307692307695
Out,0.27525752782821655,0.005286493860845839,0.47692307692307695
Out,0.2752822935581207,0.00528739553129797,0.47692307692307695
Out,0.27546951174736023,0.005288297509382463,0.47692307692307695
Out,0.2755305767059326,0.005289199795256782,0.47692307692307695
Out,0.27566391229629517,0.005290102389078498,0.47692307692307695
Out,0.27568715810775757,0.005291005291005291,0.47692307692307695
Out,0.2756999135017395,0.005291908501194947,0.47692307692307695
Out,0.27585116028785706,0.005292812019805361,0.47692307692307695
Out,0.275882363319397,0.005293715846994535,0.47692307692307695
Out,0.27597224712371826,0.00529461998292058,0.47692307692307695
Out,0.27598148584365845,0.005295524427741715,0.47692307692307695
Out,0.2759843170642853,0.0052964291816162655,0.47692307692307695
Out,0.27600494027137756,0.005297334244702666,0.47692307692307695
Out,0.27613669633865356,0.0052982396171594595,0.47692307692307695
Out,0.2761707603931427,0.0052991452991453,0.47692307692307695
Out,0.27617859840393066,0.005300051290818944,0.47692307692307695
Out,0.2761988639831543,0.005300957592339261,0.47692307692307695
Out,0.27634933590888977,0.00530186420386523,0.47692307692307695
Out,0.27647528052330017,0.005302771125555936,0.47692307692307695
Out,0.27681565284729004,0.005303678357570573,0.47692307692307695
Out,0.2769254148006439,0.0053045859000684465,0.47692307692307695
Out,0.27692800760269165,0.005305493753208968,0.47692307692307695
Out,0.2769499123096466,0.005306401917151661,0.47692307692307695
Out,0.2769779562950134,0.005307310392056155,0.47692307692307695
Out,0.2770276963710785,0.005308219178082192,0.47692307692307695
Out,0.2770400941371918,0.0053091282753896215,0.47692307692307695
Out,0.2770991921424866,0.005310037684138403,0.47692307692307695
Out,0.2771092653274536,0.005310947404488607,0.47692307692307695
Out,0.2771858274936676,0.005311857436600411,0.47692307692307695
Out,0.27720722556114197,0.005312767780634105,0.47692307692307695
Out,0.2772117853164673,0.005313678436750085,0.47692307692307695
Out,0.27728575468063354,0.005314589405108864,0.47692307692307695
Out,0.2773398756980896,0.005315500685871056,0.47692307692307695
Out,0.2773822247982025,0.005316412279197393,0.47692307692307695
Out,0.27748098969459534,0.005317324185248714,0.47692307692307695
Out,0.2775973081588745,0.0053182364041859664,0.47692307692307695
Out,0.2776869535446167,0.005319148936170213,0.47692307692307695
Out,0.27772602438926697,0.005320061781362622,0.47692307692307695
Out,0.27779489755630493,0.005320974939924477,0.47692307692307695
Out,0.2777997553348541,0.005321888412017167,0.47692307692307695
Out,0.2779737114906311,0.005322802197802198,0.47692307692307695
Out,0.2781737744808197,0.005323716297441181,0.47692307692307695
Out,0.27856504917144775,0.005324630711095843,0.47692307692307695
Out,0.278695285320282,0.005325545438928019,0.47692307692307695
Out,0.2787226736545563,0.0053264604810996565,0.47692307692307695
Out,0.2788173258304596,0.0053273758377728134,0.47692307692307695
Out,0.27882614731788635,0.00532829150910966,0.47692307692307695
Out,0.27889302372932434,0.005329207495272477,0.47692307692307695
Out,0.27910932898521423,0.005330123796423659,0.47692307692307695
Out,0.27919086813926697,0.005331040412725709,0.47692307692307695
Out,0.2791953682899475,0.005331957344341246,0.47692307692307695
Out,0.27953729033470154,0.005332874591432995,0.47692307692307695
Out,0.2796093225479126,0.005333792154163799,0.47692307692307695
Out,0.2796819806098938,0.00533471003269661,0.47692307692307695
Out,0.27989649772644043,0.005335628227194493,0.47692307692307695
Out,0.27994224429130554,0.005336546737820623,0.47692307692307695
Out,0.2801588177680969,0.005337465564738292,0.47692307692307695
Out,0.28026095032691956,0.0053383847081109005,0.47692307692307695
Out,0.28040146827697754,0.005339304168101963,0.47692307692307695
Out,0.2806703746318817,0.005340223944875108,0.47692307692307695
Out,0.28078970313072205,0.005341144038594073,0.47692307692307695
Out,0.2808533310890198,0.005342064449422712,0.47692307692307695
Out,0.28088822960853577,0.005342985177524991,0.47692307692307695
Out,0.2814648449420929,0.005343906223064989,0.47692307692307695
Out,0.2814958691596985,0.005344827586206896,0.47692307692307695
Out,0.28154969215393066,0.00534574926711502,0.47692307692307695
Out,0.2816566824913025,0.005346671265953777,0.47692307692307695
Out,0.2816578447818756,0.0053475935828877,0.47692307692307695
Out,0.2816624939441681,0.005348516218081435,0.47692307692307695
Out,0.28167739510536194,0.005349439171699741,0.47692307692307695
Out,0.2817249298095703,0.005350362443907491,0.47692307692307695
Out,0.2817554473876953,0.00535128603486967,0.47692307692307695
Out,0.28180983662605286,0.005352209944751381,0.47692307692307695
Out,0.2818339467048645,0.005353134173717838,0.47692307692307695
Out,0.2819001376628876,0.00535405872193437,0.47692307692307695
Out,0.28213220834732056,0.005354983589566419,0.47692307692307695
Out,0.2823871672153473,0.005355908776779544,0.47692307692307695
Out,0.282487690448761,0.005356834283739416,0.47692307692307695
Out,0.2826000452041626,0.005357760110611821,0.47692307692307695
Out,0.2826107442378998,0.005358686257562662,0.47692307692307695
Out,0.28264400362968445,0.005359612724757953,0.47692307692307695
Out,0.28282859921455383,0.005360539512363825,0.47692307692307695
Out,0.28285983204841614,0.0053614666205465235,0.47692307692307695
Out,0.28292784094810486,0.00536239404947241,0.47692307692307695
Out,0.2829662561416626,0.005363321799307958,0.47692307692307695
Out,0.283047080039978,0.0053642498702197615,0.47692307692307695
Out,0.2830982208251953,0.005365178262374524,0.47692307692307695
Out,0.2831115424633026,0.005366106975939069,0.47692307692307695
Out,0.2831764817237854,0.005367036011080332,0.47692307692307695
Out,0.28327417373657227,0.005367965367965368,0.47692307692307695
Out,0.28328457474708557,0.005368895046761344,0.47692307692307695
Out,0.2834138572216034,0.005369825047635545,0.47692307692307695
Out,0.28344759345054626,0.0053707553707553705,0.47692307692307695
Out,0.28354668617248535,0.005371686016288338,0.47692307692307695
Out,0.2835732102394104,0.00537261698440208,0.47692307692307695
Out,0.28361064195632935,0.005373548275264344,0.47692307692307695
Out,0.2836124300956726,0.005374479889042996,0.47692307692307695
Out,0.28373950719833374,0.005375411825906017,0.47692307692307695
Out,0.28375542163848877,0.005376344086021506,0.47692307692307695
Out,0.2837621569633484,0.005377276669557675,0.47692307692307695
Out,0.2838458716869354,0.005378209576682859,0.47692307692307695
Out,0.2839059829711914,0.005379142807565504,0.47692307692307695
Out,0.2844480276107788,0.005380076362374176,0.47692307692307695
Out,0.2844846546649933,0.005381010241277556,0.47692307692307695
Out,0.28456637263298035,0.005381944444444444,0.47692307692307695
Out,0.2852863371372223,0.005382878972043758,0.47692307692307695
Out,0.28534457087516785,0.00538381382424453,0.47692307692307695
Out,0.28566208481788635,0.005384749001215911,0.47692307692307695
Out,0.2856660485267639,0.005385684503127172,0.47692307692307695
Out,0.2857508361339569,0.005386620330147697,0.47692307692307695
Out,0.28590908646583557,0.005387556482446994,0.47692307692307695
Out,0.2860032916069031,0.005388492960194681,0.47692307692307695
Out,0.28608542680740356,0.005389429763560501,0.47692307692307695
Out,0.28614190220832825,0.00539036689271431,0.47692307692307695
Out,0.2861560583114624,0.005391304347826087,0.47692307692307695
Out,0.2861866056919098,0.005392242129065925,0.47692307692307695
Out,0.2862516939640045,0.005393180236604036,0.47692307692307695
Out,0.2862664759159088,0.005394118670610753,0.47692307692307695
Out,0.2863938510417938,0.005395057431256526,0.47692307692307695
Out,0.28647083044052124,0.005395996518711923,0.47692307692307695
Out,0.28648293018341064,0.005396935933147632,0.47692307692307695
Out,0.28649571537971497,0.005397875674734459,0.47692307692307695
Out,0.2870003581047058,0.00539881574364333,0.47692307692307695
Out,0.2870717942714691,0.005399756140045288,0.47692307692307695
Out,0.2870766222476959,0.0054006968641114985,0.47692307692307695
Out,0.28719720244407654,0.005401637916013243,0.47692307692307695
Out,0.28721529245376587,0.005402579295921924,0.47692307692307695
Out,0.28734686970710754,0.005403521004009064,0.47692307692307695
Out,0.2873905301094055,0.005404463040446304,0.47692307692307695
Out,0.2873914837837219,0.005405405405405406,0.47692307692307695
Out,0.2875441014766693,0.005406348099058249,0.47692307692307695
Out,0.2876094579696655,0.005407291121576836,0.47692307692307695
Out,0.2876770496368408,0.0054082344731332865,0.47692307692307695
Out,0.2878105342388153,0.005409178153899843,0.47692307692307695
Out,0.28797826170921326,0.0054101221640488655,0.47692307692307695
Out,0.288012832403183,0.005411066503752836,0.47692307692307695
Out,0.2881298065185547,0.005412011173184358,0.47692307692307695
Out,0.2882024645805359,0.0054129561725161516,0.47692307692307695
Out,0.2882119119167328,0.005413901501921062,0.47692307692307695
Out,0.2884402871131897,0.005414847161572052,0.47692307692307695
Out,0.28851014375686646,0.005415793151642208,0.47692307692307695
Out,0.2889534831047058,0.0054167394723047355,0.47692307692307695
Out,0.28899288177490234,0.00541768612373296,0.47692307692307695
Out,0.28901734948158264,0.0054186331061003325,0.47692307692307695
Out,0.28905653953552246,0.005419580419580419,0.47692307692307695
Out,0.2890852689743042,0.005420528064346914,0.47692307692307695
Out,0.28944116830825806,0.0054214760405736275,0.47692307692307695
Out,0.289466917514801,0.005422424348434493,0.47692307692307695
Out,0.28957054018974304,0.005423372988103569,0.47692307692307695
Out,0.2897312343120575,0.005424321959755031,0.47692307692307695
Out,0.28974640369415283,0.005425271263563178,0.47692307692307695
Out,0.28978264331817627,0.005426220899702433,0.47692307692307695
Out,0.2899143397808075,0.005427170868347339,0.47692307692307695
Out,0.29049983620643616,0.005428121169672562,0.47692307692307695
Out,0.290569543838501,0.005429071803852889,0.47692307692307695
Out,0.290730357170105,0.005430022771063234,0.47692307692307695
Out,0.29084262251853943,0.005430974071478627,0.47692307692307695
Out,0.29117351770401,0.005431925705274224,0.47692307692307695
Out,0.29125556349754333,0.005432877672625307,0.47692307692307695
Out,0.29154178500175476,0.005433829973707274,0.47692307692307695
Out,0.2915482819080353,0.005434782608695652,0.47692307692307695
Out,0.2916119396686554,0.005435735577766088,0.47692307692307695
Out,0.2916184067726135,0.005436688881094353,0.47692307692307695
Out,0.2916629910469055,0.005437642518856341,0.47692307692307695
Out,0.2918255925178528,0.00543859649122807,0.47692307692307695
Out,0.2919939160346985,0.005439550798385682,0.47692307692307695
Out,0.29221847653388977,0.00544050544050544,0.47692307692307695
Out,0.2923619747161865,0.0054414604177637355,0.47692307692307695
Out,0.2924629747867584,0.005442415730337079,0.47692307692307695
Out,0.2925500273704529,0.005443371378402107,0.47692307692307695
Out,0.29262667894363403,0.005444327362135582,0.47692307692307695
Out,0.29264354705810547,0.005445283681714386,0.47692307692307695
Out,0.29267188906669617,0.00544624033731553,0.47692307692307695
Out,0.2927262485027313,0.005447197329116148,0.47692307692307695
Out,0.29276880621910095,0.005448154657293498,0.47692307692307695
Out,0.29283425211906433,0.00544911232202496,0.47692307692307695
Out,0.29284968972206116,0.005450070323488045,0.47692307692307695
Out,0.29298728704452515,0.0054510286618603835,0.47692307692307695
Out,0.29321685433387756,0.005451987337319733,0.47692307692307695
Out,0.29322123527526855,0.005452946350043976,0.47692307692307695
Out,0.29334065318107605,0.005453905700211119,0.47692307692307695
Out,0.29339471459388733,0.0054548653879992965,0.47692307692307695
Out,0.29340553283691406,0.005455825413586766,0.47692307692307695
Out,0.29362261295318604,0.00545678577715191,0.47692307692307695
Out,0.2937277555465698,0.005457746478873239,0.47692307692307695
Out,0.2937970757484436,0.005458707518929389,0.47692307692307695
Out,0.29381346702575684,0.005459668897499119,0.47692307692307695
Out,0.29383182525634766,0.0054606306147613175,0.47692307692307695
Out,0.29386067390441895,0.005461592670894996,0.47692307692307695
Out,0.29389992356300354,0.005462555066079295,0.47692307692307695
Out,0.2939099073410034,0.005463517800493479,0.47692307692307695
Out,0.29392296075820923,0.00546448087431694,0.47692307692307695
Out,0.29393666982650757,0.005465444287729196,0.47692307692307695
Out,0.29396751523017883,0.0054664080409098925,0.47692307692307695
Out,0.2939748167991638,0.005467372134038801,0.47692307692307695
Out,0.2940627336502075,0.0054683365672958196,0.47692307692307695
Out,0.2941461205482483,0.005469301340860974,0.47692307692307695
Out,0.2942778170108795,0.005470266454914417,0.47692307692307695
Out,0.2942826449871063,0.005471231909636428,0.47692307692307695
Out,0.29441291093826294,0.005472197705207414,0.47692307692307695
Out,0.29462283849716187,0.0054731638418079095,0.47692307692307695
Out,0.2947457432746887,0.005474130319618577,0.47692307692307695
Out,0.2947550415992737,0.005475097138820205,0.47692307692307695
Out,0.29488927125930786,0.005476064299593711,0.47692307692307695
Out,0.29492175579071045,0.005477031802120141,0.47692307692307695
Out,0.2949955463409424,0.005477999646580668,0.47692307692307695
Out,0.29504552483558655,0.005478967833156593,0.47692307692307695
Out,0.2951290011405945,0.005479936362029344,0.47692307692307695
Out,0.2951352298259735,0.005480905233380481,0.47692307692307695
Out,0.2954711318016052,0.005481874447391689,0.47692307692307695
Out,0.2954859435558319,0.005482844004244782,0.47692307692307695
Out,0.2955033779144287,0.005483813904121705,0.47692307692307695
Out,0.29581418633461,0.005484784147204529,0.47692307692307695
Out,0.2960178554058075,0.005485754733675455,0.47692307692307695
Out,0.2961621582508087,0.005486725663716814,0.47692307692307695
Out,0.29624995589256287,0.005487696937511064,0.47692307692307695
Out,0.29635879397392273,0.005488668555240793,0.47692307692307695
Out,0.29653578996658325,0.0054896405170887196,0.47692307692307695
Out,0.29660600423812866,0.0054906128232376904,0.47692307692307695
Out,0.2966323792934418,0.005491585473870682,0.47692307692307695
Out,0.29664307832717896,0.005492558469170801,0.47692307692307695
Out,0.2966655194759369,0.005493531809321283,0.47692307692307695
Out,0.29667404294013977,0.005494505494505495,0.47692307692307695
Out,0.29677554965019226,0.0054954795249069315,0.47692307692307695
Out,0.29682400822639465,0.00549645390070922,0.47692307692307695
Out,0.2969505786895752,0.005497428622096116,0.47692307692307695
Out,0.296968013048172,0.005498403689251507,0.47692307692307695
Out,0.29726460576057434,0.005499379102359411,0.47692307692307695
Out,0.29733720421791077,0.005500354861603975,0.47692307692307695
Out,0.2973501682281494,0.005501330967169477,0.47692307692307695
Out,0.2974141240119934,0.005502307419240326,0.47692307692307695
Out,0.297588586807251,0.005503284218001065,0.47692307692307695
Out,0.29760339856147766,0.005504261363636364,0.47692307692307695
Out,0.29760465025901794,0.005505238856331024,0.47692307692307695
Out,0.2976657748222351,0.005506216696269982,0.47692307692307695
Out,0.2977502644062042,0.005507194883638301,0.47692307692307695
Out,0.29791441559791565,0.00550817341862118,0.47692307692307695
Out,0.29816994071006775,0.005509152301403945,0.47692307692307695
Out,0.29828396439552307,0.005510131532172059,0.47692307692307695
Out,0.2985963523387909,0.005511111111111111,0.47692307692307695
Out,0.2987763285636902,0.005512091038406828,0.47692307692307695
Out,0.29914817214012146,0.005513071314245065,0.47692307692307695
Out,0.2991682291030884,0.005514051938811811,0.47692307692307695
Out,0.29952913522720337,0.005515032912293186,0.47692307692307695
Out,0.29966312646865845,0.005516014234875445,0.47692307692307695
Out,0.29970502853393555,0.005516995906744973,0.47692307692307695
Out,0.29992997646331787,0.005517977928088288,0.47692307692307695
Out,0.2999478578567505,0.005518960299092042,0.47692307692307695
Out,0.3001742959022522,0.00551994301994302,0.47692307692307695
Out,0.3002915680408478,0.005520926090828139,0.47692307692307695
Out,0.300505667924881,0.00552190951193445,0.47692307692307695
Out,0.30056121945381165,0.005522893283449136,0.47692307692307695
Out,0.30056506395339966,0.005523877405559516,0.47692307692307695
Out,0.3007449507713318,0.0055248618784530384,0.47692307692307695
Out,0.30083227157592773,0.00552584670231729,0.47692307692307695
Out,0.3009323179721832,0.005526831877339989,0.47692307692307695
Out,0.3014894127845764,0.005527817403708987,0.47692307692307695
Out,0.3016929626464844,0.0055288032816122705,0.47692307692307695
Out,0.30170905590057373,0.005529789511237959,0.47692307692307695
Out,0.30174726247787476,0.0055307760927743085,0.47692307692307695
Out,0.3017970025539398,0.005531763026409707,0.47692307692307695
Out,0.30181610584259033,0.005532750312332679,0.47692307692307695
Out,0.30222660303115845,0.005533737950731882,0.47692307692307695
Out,0.30267399549484253,0.005534725941796108,0.47692307692307695
Out,0.3027505874633789,0.005535714285714285,0.47692307692307695
Out,0.3027544617652893,0.0055367029826754776,0.47692307692307695
Out,0.3032512962818146,0.0055376920328688815,0.47692307692307695
Out,0.3033798933029175,0.005538681436483831,0.47692307692307695
Out,0.30347079038619995,0.0055396711937097925,0.47692307692307695
Out,0.30361413955688477,0.005540661304736372,0.47692307692307695
Out,0.3036420941352844,0.005541651769753307,0.47692307692307695
Out,0.303754597902298,0.005542642588950474,0.47692307692307695
Out,0.3037872016429901,0.005543633762517883,0.47692307692307695
Out,0.3038363456726074,0.00554462529064568,0.47692307692307695
Out,0.30428242683410645,0.00554561717352415,0.47692307692307695
Out,0.3045209050178528,0.005546609411343711,0.47692307692307695
Out,0.30467215180397034,0.005547602004294917,0.47692307692307695
Out,0.30479708313941956,0.005548594952568463,0.47692307692307695
Out,0.3048010766506195,0.0053705692803437165,0.46153846153846156
Out,0.3048678934574127,0.005371530886302597,0.46153846153846156
Out,0.30487245321273804,0.0053724928366762174,0.46153846153846156
Out,0.3049451410770416,0.0053734551316496505,0.46153846153846156
Out,0.30494698882102966,0.005374417771408097,0.46153846153846156
Out,0.30499356985092163,0.005375380756136893,0.46153846153846156
Out,0.3050888478755951,0.005376344086021506,0.46153846153846156
Out,0.30521517992019653,0.005377307761247535,0.46153846153846156
Out,0.3054536283016205,0.005378271782000717,0.46153846153846156
Out,0.30575674772262573,0.0053792361484669175,0.46153846153846156
Out,0.30582815408706665,0.005380200860832138,0.46153846153846156
Out,0.30589136481285095,0.0053811659192825115,0.46153846153846156
Out,0.3059595823287964,0.005382131324004306,0.46153846153846156
Out,0.3059680163860321,0.005383097075183922,0.46153846153846156
Out,0.3059816360473633,0.005384063173007897,0.46153846153846156
Out,0.30616655945777893,0.005385029617662897,0.46153846153846156
Out,0.3061968684196472,0.005385996409335727,0.46153846153846156
Out,0.30629292130470276,0.0053869635482133235,0.46153846153846156
Out,0.30647704005241394,0.005387931034482759,0.46153846153846156
Out,0.30649515986442566,0.005388898868331237,0.46153846153846156
Out,0.30652928352355957,0.0053898670499461015,0.46153846153846156
Out,0.30653947591781616,0.005390835579514825,0.46153846153846156
Out,0.30674484372138977,0.005391804457225018,0.46153846153846156
Out,0.3068315088748932,0.005392773683264426,0.46153846153846156
Out,0.3068716526031494,0.005393743257820928,0.46153846153846156
Out,0.30691954493522644,0.005394713181082539,0.46153846153846156
Out,0.30695658922195435,0.00539568345323741,0.46153846153846156
Out,0.3071572184562683,0.005396654074473826,0.46153846153846156
Out,0.3076062500476837,0.0053976250449802084,0.46153846153846156
Out,0.30771946907043457,0.005398596364945114,0.46153846153846156
Out,0.30804869532585144,0.005399568034557235,0.46153846153846156
Out,0.30826789140701294,0.0054005400540054005,0.46153846153846156
Out,0.30828577280044556,0.005401512423478574,0.46153846153846156
Out,0.30828985571861267,0.005402485143165856,0.46153846153846156
Out,0.30834177136421204,0.005403458213256484,0.46153846153846156
Out,0.3085290789604187,0.005404431633939831,0.46153846153846156
Out,0.30872106552124023,0.005405405405405406,0.46153846153846156
Out,0.3088390827178955,0.005406379527842855,0.46153846153846156
Out,0.30890244245529175,0.005407354001441961,0.46153846153846156
Out,0.3089268207550049,0.005408328826392645,0.46153846153846156
Out,0.30893513560295105,0.005409304002884962,0.46153846153846156
Out,0.3089555501937866,0.005410279531109108,0.46153846153846156
Out,0.3090106248855591,0.005411255411255411,0.46153846153846156
Out,0.30916106700897217,0.0054122316435143425,0.46153846153846156
Out,0.30936330556869507,0.0054132082280765065,0.46153846153846156
Out,0.30952027440071106,0.005414185165132647,0.46153846153846156
Out,0.3096048831939697,0.005415162454873646,0.46153846153846156
Out,0.30964383482933044,0.005416140097490522,0.46153846153846156
Out,0.30974099040031433,0.005417118093174431,0.46153846153846156
Out,0.31005021929740906,0.0054180964421166695,0.46153846153846156
Out,0.31005293130874634,0.00541907514450867,0.46153846153846156
Out,0.31008443236351013,0.005420054200542005,0.46153846153846156
Out,0.3102036714553833,0.005421033610408385,0.46153846153846156
Out,0.3103620707988739,0.005422013374299656,0.46153846153846156
Out,0.31045249104499817,0.005422993492407809,0.46153846153846156
Out,0.310546875,0.005423973964924968,0.46153846153846156
Out,0.31060341000556946,0.0054249547920434,0.46153846153846156
Out,0.3108890950679779,0.005425935973955507,0.46153846153846156
Out,0.3111231327056885,0.005426917510853835,0.46153846153846156
Out,0.3111984431743622,0.005427899402931066,0.46153846153846156
Out,0.31134793162345886,0.0054288816503800215,0.46153846153846156
Out,0.3113493323326111,0.005429864253393665,0.46153846153846156
Out,0.3113931119441986,0.005430847212165098,0.46153846153846156
Out,0.311407208442688,0.005431830526887561,0.46153846153846156
Out,0.31147512793540955,0.005432814197754437,0.46153846153846156
Out,0.31162551045417786,0.005433798224959247,0.46153846153846156
Out,0.3116386830806732,0.005434782608695652,0.46153846153846156
Out,0.31171301007270813,0.005435767349157456,0.46153846153846156
Out,0.31177735328674316,0.005436752446538601,0.46153846153846156
Out,0.31181663274765015,0.005437737901033171,0.46153846153846156
Out,0.3119075298309326,0.005438723712835388,0.46153846153846156
Out,0.3121807277202606,0.005439709882139619,0.46153846153846156
Out,0.312186062335968,0.00544069640914037,0.46153846153846156
Out,0.312193363904953,0.005441683294032287,0.46153846153846156
Out,0.3121984004974365,0.00544267053701016,0.46153846153846156
Out,0.31222566962242126,0.005443658138268917,0.46153846153846156
Out,0.3123149275779724,0.0054446460980036296,0.46153846153846156
Out,0.31268900632858276,0.0054456344164095115,0.46153846153846156
Out,0.3127972483634949,0.0054466230936819175,0.46153846153846156
Out,0.3128829896450043,0.005447612130016342,0.46153846153846156
Out,0.31322330236434937,0.005448601525608427,0.46153846153846156
Out,0.31330347061157227,0.005449591280653951,0.46153846153846156
Out,0.3133036494255066,0.005450581395348837,0.46153846153846156
Out,0.3133741021156311,0.005451571869889152,0.46153846153846156
Out,0.3134322464466095,0.0054525627044711015,0.46153846153846156
Out,0.31348323822021484,0.005453553899291038,0.46153846153846156
Out,0.313647985458374,0.005454545454545455,0.46153846153846156
Out,0.31417351961135864,0.005455537370430988,0.46153846153846156
Out,0.31422099471092224,0.005456529647144416,0.46153846153846156
Out,0.3142969608306885,0.005457522284882663,0.46153846153846156
Out,0.3143453299999237,0.0054585152838427945,0.46153846153846156
Out,0.314626008272171,0.00545950864422202,0.46153846153846156
Out,0.31482359766960144,0.005460502366217692,0.46153846153846156
Out,0.31500381231307983,0.005461496450027308,0.46153846153846156
Out,0.3150901198387146,0.005462490895848507,0.46153846153846156
Out,0.3151545524597168,0.0054634857038790745,0.46153846153846156
Out,0.3154146671295166,0.00546448087431694,0.46153846153846156
Out,0.3154953122138977,0.005465476407360175,0.46153846153846156
Out,0.31570491194725037,0.005466472303206997,0.46153846153846156
Out,0.3158891797065735,0.005467468562055768,0.46153846153846156
Out,0.3160826861858368,0.005468465184104995,0.46153846153846156
Out,0.3162110149860382,0.0054694621695533276,0.46153846153846156
Out,0.3164176344871521,0.005470459518599562,0.46153846153846156
Out,0.3164309859275818,0.005471457231442641,0.46153846153846156
Out,0.3166619539260864,0.005472455308281649,0.46153846153846156
Out,0.31677713990211487,0.005473453749315818,0.46153846153846156
Out,0.31727153062820435,0.005474452554744526,0.46153846153846156
Out,0.3174412250518799,0.005475451724767293,0.46153846153846156
Out,0.3174608051776886,0.00547645125958379,0.46153846153846156
Out,0.3175254166126251,0.005477451159393828,0.46153846153846156
Out,0.31768354773521423,0.00547845142439737,0.46153846153846156
Out,0.3177855908870697,0.005479452054794521,0.46153846153846156
Out,0.3180202543735504,0.005480453050785532,0.46153846153846156
Out,0.3181059658527374,0.005481454412570802,0.46153846153846156
Out,0.3181278109550476,0.005482456140350877,0.46153846153846156
Out,0.31831786036491394,0.005483458234326449,0.46153846153846156
Out,0.3184911906719208,0.005484460694698354,0.46153846153846156
Out,0.3186480402946472,0.005485463521667581,0.46153846153846156
Out,0.31872889399528503,0.005486466715435259,0.46153846153846156
Out,0.31889861822128296,0.0054874702762026705,0.46153846153846156
Out,0.319275438785553,0.005488474204171241,0.46153846153846156
Out,0.3198087215423584,0.0054894784995425435,0.46153846153846156
Out,0.3198640048503876,0.005490483162518302,0.46153846153846156
Out,0.31988996267318726,0.0054914881933003845,0.46153846153846156
Out,0.31990039348602295,0.005492493592090809,0.46153846153846156
Out,0.3199653625488281,0.005493499359091741,0.46153846153846156
Out,0.32001450657844543,0.005494505494505495,0.46153846153846156
Out,0.32003507018089294,0.00549551199853453,0.46153846153846156
Out,0.32011327147483826,0.005496518871381458,0.46153846153846156
Out,0.32030272483825684,0.005497526113249038,0.46153846153846156
Out,0.3207789659500122,0.005498533724340176,0.46153846153846156
Out,0.3209264576435089,0.005499541704857928,0.46153846153846156
Out,0.3211250305175781,0.005500550055005501,0.46153846153846156
Out,0.3211337625980377,0.005501558774986246,0.46153846153846156
Out,0.3211382329463959,0.005502567865003668,0.46153846153846156
Out,0.3212321400642395,0.00550357732526142,0.46153846153846156
Out,0.32134678959846497,0.005504587155963303,0.46153846153846156
Out,0.3214092254638672,0.0055055973573132685,0.46153846153846156
Out,0.321556031703949,0.005506607929515419,0.46153846153846156
Out,0.3216804265975952,0.005507618872774004,0.46153846153846156
Out,0.3217226564884186,0.005508630187293426,0.46153846153846156
Out,0.32188880443573,0.005509641873278237,0.46153846153846156
Out,0.32195332646369934,0.005510653930933138,0.46153846153846156
Out,0.3223055601119995,0.00551166636046298,0.46153846153846156
Out,0.32257723808288574,0.005512679162072767,0.46153846153846156
Out,0.3227318227291107,0.005513692335967653,0.46153846153846156
Out,0.3229820430278778,0.0055147058823529415,0.46153846153846156
Out,0.32324308156967163,0.005515719801434087,0.46153846153846156
Out,0.32335376739501953,0.005516734093416698,0.46153846153846156
Out,0.32345160841941833,0.0055177487585065296,0.46153846153846156
Out,0.3235401213169098,0.005518763796909493,0.46153846153846156
Out,0.3236805498600006,0.005519779208831647,0.46153846153846156
Out,0.3237604796886444,0.005520794994479205,0.46153846153846156
Out,0.32383665442466736,0.005521811154058531,0.46153846153846156
Out,0.3241192698478699,0.005522827687776142,0.46153846153846156
Out,0.3241889774799347,0.005523844595838704,0.46153846153846156
Out,0.32432112097740173,0.0055248618784530384,0.46153846153846156
Out,0.32433775067329407,0.005525879535826119,0.46153846153846156
Out,0.3243407607078552,0.00552689756816507,0.46153846153846156
Out,0.3243783712387085,0.00552791597567717,0.46153846153846156
Out,0.32445579767227173,0.0055289347585698485,0.46153846153846156
Out,0.3244875371456146,0.005529953917050691,0.46153846153846156
Out,0.3246724009513855,0.0055309734513274336,0.46153846153846156
Out,0.324764609336853,0.0055319933616079665,0.46153846153846156
Out,0.324822336435318,0.005533013648100332,0.46153846153846156
Out,0.32483863830566406,0.005534034311012728,0.46153846153846156
Out,0.32514652609825134,0.005535055350553505,0.46153846153846156
Out,0.3251695930957794,0.005536076766931168,0.46153846153846156
Out,0.32518550753593445,0.005537098560354375,0.46153846153846156
Out,0.32574039697647095,0.005538120731031937,0.46153846153846156
Out,0.3257889151573181,0.005539143279172821,0.46153846153846156
Out,0.32609760761260986,0.00554016620498615,0.46153846153846156
Out,0.3261105716228485,0.005541189508681197,0.46153846153846156
Out,0.3261873424053192,0.005542213190467393,0.46153846153846156
Out,0.3262714445590973,0.005543237250554324,0.46153846153846156
Out,0.32632532715797424,0.005544261689151728,0.46153846153846156
Out,0.32679638266563416,0.005545286506469501,0.46153846153846156
Out,0.3268391788005829,0.005546311702717693,0.46153846153846156
Out,0.32685837149620056,0.005547337278106509,0.46153846153846156
Out,0.3268623948097229,0.0055483632328463105,0.46153846153846156
Out,0.32692137360572815,0.005549389567147614,0.46153846153846156
Out,0.3274211883544922,0.005550416281221091,0.46153846153846156
Out,0.3274857699871063,0.0055514433752775726,0.46153846153846156
Out,0.32751521468162537,0.00555247084952804,0.46153846153846156
Out,0.32760709524154663,0.0055534987041836355,0.46153846153846156
Out,0.32768863439559937,0.005554526939455656,0.46153846153846156
Out,0.32807618379592896,0.005555555555555556,0.46153846153846156
Out,0.3282002806663513,0.0055565845526949435,0.46153846153846156
Out,0.32827621698379517,0.005557613931085587,0.46153846153846156
Out,0.3286050856113434,0.005558643690939411,0.46153846153846156
Out,0.32869094610214233,0.005559673832468495,0.46153846153846156
Out,0.328821063041687,0.005560704355885079,0.46153846153846156
Out,0.3288348913192749,0.0055617352614015575,0.46153846153846156
Out,0.3288893401622772,0.005562766549230484,0.46153846153846156
Out,0.32909151911735535,0.00556379821958457,0.46153846153846156
Out,0.329101026058197,0.005564830272676683,0.46153846153846156
Out,0.3291051685810089,0.0055658627087198514,0.46153846153846156
Out,0.3291358947753906,0.005566895527927259,0.46153846153846156
Out,0.3291507959365845,0.005567928730512249,0.46153846153846156
Out,0.32952260971069336,0.005568962316688323,0.46153846153846156
Out,0.3297325372695923,0.005569996286669142,0.46153846153846156
Out,0.3301105797290802,0.005571030640668524,0.46153846153846156
Out,0.33021506667137146,0.005572065378900446,0.46153846153846156
Out,0.3303476870059967,0.005573100501579045,0.46153846153846156
Out,0.33055490255355835,0.005574136008918618,0.46153846153846156
Out,0.330638587474823,0.0055751719011336185,0.46153846153846156
Out,0.3307194411754608,0.0055762081784386614,0.46153846153846156
Out,0.3307497203350067,0.005577244841048522,0.46153846153846156
Out,0.33078113198280334,0.005578281889178133,0.46153846153846156
Out,0.3308088481426239,0.0055793193230425885,0.46153846153846156
Out,0.33087828755378723,0.005580357142857143,0.46153846153846156
Out,0.3310147523880005,0.005581395348837209,0.46153846153846156
Out,0.3310970366001129,0.005582433941198363,0.46153846153846156
Out,0.3311205506324768,0.005583472920156337,0.46153846153846156
Out,0.331872820854187,0.005584512285927029,0.46153846153846156
Out,0.3319082260131836,0.005585552038726494,0.46153846153846156
Out,0.33205825090408325,0.00558659217877095,0.46153846153846156
Out,0.3321864604949951,0.005587632706276774,0.46153846153846156
Out,0.33247748017311096,0.005588673621460507,0.46153846153846156
Out,0.3328220546245575,0.005589714924538848,0.46153846153846156
Out,0.3329566717147827,0.005590756615728662,0.46153846153846156
Out,0.3330272436141968,0.005591798695246971,0.46153846153846156
Out,0.3330601155757904,0.005592841163310962,0.46153846153846156
Out,0.33306047320365906,0.005593884020137983,0.46153846153846156
Out,0.3331071436405182,0.005594927265945543,0.46153846153846156
Out,0.33314603567123413,0.005595970900951315,0.46153846153846156
Out,0.3334079384803772,0.005597014925373134,0.46153846153846156
Out,0.3335472643375397,0.005598059339428998,0.46153846153846156
Out,0.3335983157157898,0.005599104143337066,0.46153846153846156
Out,0.33394020795822144,0.005600149337315662,0.46153846153846156
Out,0.33401599526405334,0.005601194921583271,0.46153846153846156
Out,0.3340925872325897,0.0056022408963585435,0.46153846153846156
Out,0.3341578543186188,0.0056032872618602915,0.46153846153846156
Out,0.3342118263244629,0.005604334018307491,0.46153846153846156
Out,0.33426183462142944,0.005605381165919282,0.46153846153846156
Out,0.33437564969062805,0.005606428704914969,0.46153846153846156
Out,0.3350430428981781,0.005607476635514018,0.46153846153846156
Out,0.3352125585079193,0.005608524957936063,0.46153846153846156
Out,0.3352411091327667,0.005609573672400898,0.46153846153846156
Out,0.3352476954460144,0.005610622779128483,0.46153846153846156
Out,0.335300475358963,0.005611672278338945,0.46153846153846156
Out,0.33536040782928467,0.005612722170252572,0.46153846153846156
Out,0.33555567264556885,0.00561377245508982,0.46153846153846156
Out,0.335845410823822,0.005614823133071308,0.46153846153846156
Out,0.33596426248550415,0.005615874204417821,0.46153846153846156
Out,0.3360937535762787,0.005616925669350309,0.46153846153846156
Out,0.3363669514656067,0.0056179775280898875,0.46153846153846156
Out,0.3364187777042389,0.005619029780857839,0.46153846153846156
Out,0.3365577161312103,0.005620082427875608,0.46153846153846156
Out,0.3368188440799713,0.005621135469364812,0.46153846153846156
Out,0.3369626998901367,0.005622188905547227,0.46153846153846156
Out,0.3370974659919739,0.005623242736644799,0.46153846153846156
Out,0.3371333181858063,0.00562429696287964,0.46153846153846156
Out,0.3372686207294464,0.00562535158447403,0.46153846153846156
Out,0.3373357951641083,0.005626406601650412,0.46153846153846156
Out,0.33768975734710693,0.005627462014631401,0.46153846153846156
Out,0.33773791790008545,0.005628517823639775,0.46153846153846156
Out,0.33783024549484253,0.00562957402889848,0.46153846153846156
Out,0.33801504969596863,0.00563063063063063,0.46153846153846156
Out,0.33810028433799744,0.005631687629059508,0.46153846153846156
Out,0.33819839358329773,0.005632745024408562,0.46153846153846156
Out,0.33821815252304077,0.005633802816901409,0.46153846153846156
Out,0.3382734954357147,0.005634861006761833,0.46153846153846156
Out,0.33836960792541504,0.005635919594213789,0.46153846153846156
Out,0.338388592004776,0.005636978579481398,0.46153846153846156
Out,0.33840471506118774,0.0056380379627889495,0.46153846153846156
Out,0.3384834825992584,0.005639097744360902,0.46153846153846156
Out,0.3389895260334015,0.0056401579244218835,0.46153846153846156
Out,0.3390587568283081,0.005641218503196691,0.46153846153846156
Out,0.33928918838500977,0.005642279480910287,0.46153846153846156
Out,0.3392939865589142,0.0056433408577878106,0.46153846153846156
Out,0.339467853307724,0.005644402634054563,0.46153846153846156
Out,0.33958885073661804,0.005645464809936018,0.46153846153846156
Out,0.33959993720054626,0.00564652738565782,0.46153846153846156
Out,0.3398112654685974,0.005647590361445783,0.46153846153846156
Out,0.34004926681518555,0.005648653737525889,0.46153846153846156
Out,0.34008073806762695,0.005649717514124294,0.46153846153846156
Out,0.3403260111808777,0.00565078169146732,0.46153846153846156
Out,0.3404387831687927,0.005651846269781462,0.46153846153846156
Out,0.34047940373420715,0.005652911249293386,0.46153846153846156
Out,0.34055086970329285,0.005653976630229929,0.46153846153846156
Out,0.34084683656692505,0.005655042412818096,0.46153846153846156
Out,0.34088563919067383,0.005656108597285068,0.46153846153846156
Out,0.34108060598373413,0.005657175183858194,0.46153846153846156
Out,0.34130725264549255,0.005658242172764994,0.46153846153846156
Out,0.34144479036331177,0.005659309564233163,0.46153846153846156
Out,0.34175801277160645,0.005660377358490566,0.46153846153846156
Out,0.34181785583496094,0.005661445555765239,0.46153846153846156
Out,0.34189772605895996,0.0056625141562853904,0.46153846153846156
Out,0.34194350242614746,0.005663583160279403,0.46153846153846156
Out,0.34195244312286377,0.0056646525679758305,0.46153846153846156
Out,0.34218624234199524,0.0056657223796034,0.46153846153846156
Out,0.3422302305698395,0.0056667925953910086,0.46153846153846156
Out,0.3422398865222931,0.005667863215567731,0.46153846153846156
Out,0.3423948585987091,0.005668934240362812,0.46153846153846156
Out,0.342628538608551,0.00567000567000567,0.46153846153846156
Out,0.34296029806137085,0.005671077504725898,0.46153846153846156
Out,0.3430061936378479,0.005672149744753261,0.46153846153846156
Out,0.3431718945503235,0.0056732223903177,0.46153846153846156
Out,0.3432345688343048,0.005674295441649328,0.46153846153846156
Out,0.34326034784317017,0.0056753688989784334,0.46153846153846156
Out,0.3432697653770447,0.005676442762535478,0.46153846153846156
Out,0.3433650732040405,0.005677517032551098,0.46153846153846156
Out,0.3436013162136078,0.0056785917092561046,0.46153846153846156
Out,0.34361732006073,0.005679666792881484,0.46153846153846156
Out,0.34377050399780273,0.005680742283658398,0.46153846153846156
Out,0.3438601791858673,0.005681818181818182,0.46153846153846156
Out,0.34397757053375244,0.005682894487592347,0.46153846153846156
Out,0.34402093291282654,0.005683971201212581,0.46153846153846156
Out,0.3440946936607361,0.005685048322910745,0.46153846153846156
Out,0.3444775938987732,0.005686125852918878,0.46153846153846156
Out,0.34472814202308655,0.005687203791469194,0.46153846153846156
Out,0.3448858857154846,0.005688282138794084,0.46153846153846156
Out,0.3449856638908386,0.005689360895126114,0.46153846153846156
Out,0.34503063559532166,0.005690440060698027,0.46153846153846156
Out,0.34514328837394714,0.005691519635742743,0.46153846153846156
Out,0.3452492952346802,0.0056925996204933585,0.46153846153846156
Out,0.34528490900993347,0.005693680015183147,0.46153846153846156
Out,0.3455377221107483,0.0056947608200455585,0.46153846153846156
Out,0.3455521762371063,0.005695842035314221,0.46153846153846156
Out,0.3455587923526764,0.00569692366122294,0.46153846153846156
Out,0.3456627428531647,0.005698005698005698,0.46153846153846156
Out,0.3456957936286926,0.0056990881458966565,0.46153846153846156
Out,0.3456973135471344,0.005700171005130154,0.46153846153846156
Out,0.3460890054702759,0.005701254275940707,0.46153846153846156
Out,0.34622567892074585,0.005702337958563011,0.46153846153846156
Out,0.346477210521698,0.005703422053231939,0.46153846153846156
Out,0.34655240178108215,0.005704506560182544,0.46153846153846156
Out,0.3466016948223114,0.005705591479650057,0.46153846153846156
Out,0.34661802649497986,0.005706676811869888,0.46153846153846156
Out,0.3469594717025757,0.005707762557077625,0.46153846153846156
Out,0.34705519676208496,0.005708848715509039,0.46153846153846156
Out,0.3471199870109558,0.005709935287400076,0.46153846153846156
Out,0.3472287654876709,0.0057110222729868645,0.46153846153846156
Out,0.3474811911582947,0.0057121096725057125,0.46153846153846156
Out,0.3475712537765503,0.005713197486193106,0.46153846153846156
Out,0.3476238250732422,0.005714285714285714,0.46153846153846156
Out,0.3476608693599701,0.005715374357020385,0.46153846153846156
Out,0.34811872243881226,0.005716463414634146,0.46153846153846156
Out,0.3483582139015198,0.005717552887364208,0.46153846153846156
Out,0.3484272360801697,0.0057186427754479605,0.46153846153846156
Out,0.3485422432422638,0.005719733079122974,0.46153846153846156
Out,0.3486142158508301,0.005720823798627002,0.46153846153846156
Out,0.3486197888851166,0.005721914934197978,0.46153846153846156
Out,0.3486534655094147,0.005723006486074018,0.46153846153846156
Out,0.3487045168876648,0.005724098454493417,0.46153846153846156
Out,0.3490619659423828,0.0057251908396946565,0.46153846153846156
Out,0.34937047958374023,0.005726283641916396,0.46153846153846156
Out,0.3495055139064789,0.0057273768613974796,0.46153846153846156
Out,0.34965258836746216,0.005728470498376934,0.46153846153846156
Out,0.3497491180896759,0.005729564553093965,0.46153846153846156
Out,0.3500592112541199,0.0057306590257879654,0.46153846153846156
Out,0.3500836193561554,0.00573175391669851,0.46153846153846156
Out,0.3501332998275757,0.005732849226065355,0.46153846153846156
Out,0.35015493631362915,0.005733944954128441,0.46153846153846156
Out,0.3503432869911194,0.005735041101127891,0.46153846153846156
Out,0.3505772352218628,0.0057361376673040155,0.46153846153846156
Out,0.35077500343322754,0.005737234652897304,0.46153846153846156
Out,0.3508477807044983,0.005738332058148432,0.46153846153846156
Out,0.3510414659976959,0.005739429883298259,0.46153846153846156
Out,0.3511618971824646,0.0057405281285878304,0.46153846153846156
Out,0.3512512147426605,0.005741626794258373,0.46153846153846156
Out,0.3515392243862152,0.005742725880551302,0.46153846153846156
Out,0.3516082465648651,0.005743825387708214,0.46153846153846156
Out,0.35183414816856384,0.005744925315970892,0.46153846153846156
Out,0.35193654894828796,0.005746025665581306,0.46153846153846156
Out,0.3519729971885681,0.005747126436781609,0.46153846153846156
Out,0.3524205982685089,0.005748227629814141,0.46153846153846156
Out,0.35264521837234497,0.005749329244921426,0.46153846153846156
Out,0.3528268337249756,0.005750431282346176,0.46153846153846156
Out,0.3528937101364136,0.005751533742331288,0.46153846153846156
Out,0.35290205478668213,0.005752636625119847,0.46153846153846156
Out,0.35294368863105774,0.005753739930955121,0.46153846153846156
Out,0.35299450159072876,0.005754843660080567,0.46153846153846156
Out,0.3532070815563202,0.005755947812739831,0.46153846153846156
Out,0.3533964157104492,0.0057570523891767415,0.46153846153846156
Out,0.35369932651519775,0.005758157389635317,0.46153846153846156
Out,0.3539488613605499,0.005759262814359762,0.46153846153846156
Out,0.35404109954833984,0.00576036866359447,0.46153846153846156
Out,0.354207843542099,0.005761474937584022,0.46153846153846156
Out,0.35455650091171265,0.005762581636573185,0.46153846153846156
Out,0.3549003601074219,0.005763688760806916,0.46153846153846156
Out,0.3549177944660187,0.005764796310530361,0.46153846153846156
Out,0.3552161455154419,0.005765904285988853,0.46153846153846156
Out,0.3552781045436859,0.0057670126874279125,0.46153846153846156
Out,0.35546839237213135,0.005768121515093251,0.46153846153846156
Out,0.3555639386177063,0.0057692307692307696,0.46153846153846156
Out,0.355594277381897,0.005770340450086555,0.46153846153846156
Out,0.35608378052711487,0.005771450557906887,0.46153846153846156
Out,0.35616692900657654,0.005772561092938233,0.46153846153846156
Out,0.3562380075454712,0.005773672055427252,0.46153846153846156
Out,0.35627248883247375,0.005774783445620789,0.46153846153846156
Out,0.3563058078289032,0.005775895263765884,0.46153846153846156
Out,0.3565048277378082,0.005777007510109763,0.46153846153846156
Out,0.3565327227115631,0.005778120184899846,0.46153846153846156
Out,0.3566665053367615,0.005779233288383741,0.46153846153846156
Out,0.3567659854888916,0.005780346820809248,0.46153846153846156
Out,0.3567851483821869,0.005781460782424359,0.46153846153846156
Out,0.356787770986557,0.005782575173477255,0.46153846153846156
Out,0.35688188672065735,0.00578368999421631,0.46153846153846156
Out,0.3568878173828125,0.005784805244890089,0.46153846153846156
Out,0.35697051882743835,0.0057859209257473485,0.46153846153846156
Out,0.35701805353164673,0.005787037037037037,0.46153846153846156
Out,0.3570607900619507,0.005788153579008296,0.46153846153846156
Out,0.3572808802127838,0.005789270551910459,0.46153846153846156
Out,0.3577895760536194,0.005790387955993051,0.46153846153846156
Out,0.3579297661781311,0.005791505791505791,0.46153846153846156
Out,0.3579980134963989,0.005792624058698591,0.46153846153846156
Out,0.3580096364021301,0.005793742757821553,0.46153846153846156
Out,0.35802653431892395,0.005794861889124976,0.46153846153846156
Out,0.3581143021583557,0.005795981452859351,0.46153846153846156
Out,0.358161598443985,0.005603864734299517,0.4461538461538462
Out,0.35819438099861145,0.005604947816003092,0.4461538461538462
Out,0.3582000732421875,0.005606031316450802,0.4461538461538462
Out,0.35837867856025696,0.005607115235885538,0.4461538461538462
Out,0.3584275245666504,0.005608199574550377,0.4461538461538462
Out,0.3585987985134125,0.005609284332688588,0.4461538461538462
Out,0.35874390602111816,0.005610369510543625,0.4461538461538462
Out,0.35877400636672974,0.005611455108359133,0.4461538461538462
Out,0.35879358649253845,0.005612541126378943,0.4461538461538462
Out,0.35881561040878296,0.0056136275648470775,0.4461538461538462
Out,0.3588397800922394,0.0056147144240077445,0.4461538461538462
Out,0.35917097330093384,0.0056158017041053445,0.4461538461538462
Out,0.3595355749130249,0.005616889405384466,0.4461538461538462
Out,0.3596222698688507,0.0056179775280898875,0.4461538461538462
Out,0.3597257733345032,0.005619066072466576,0.4461538461538462
Out,0.36000856757164,0.00562015503875969,0.4461538461538462
Out,0.36012327671051025,0.005621244427214576,0.4461538461538462
Out,0.3601705729961395,0.005622334238076774,0.4461538461538462
Out,0.360313355922699,0.005623424471592011,0.4461538461538462
Out,0.3603828251361847,0.005624515128006206,0.4461538461538462
Out,0.36060279607772827,0.00562560620756547,0.4461538461538462
Out,0.3607010543346405,0.005626697710516104,0.4461538461538462
Out,0.3607158064842224,0.005627789637104599,0.4461538461538462
Out,0.360951691865921,0.00562888198757764,0.4461538461538462
Out,0.3610370457172394,0.005629974762182101,0.4461538461538462
Out,0.3611561357975006,0.005631067961165049,0.4461538461538462
Out,0.36118245124816895,0.0056321615847737426,0.4461538461538462
Out,0.3611983060836792,0.005633255633255633,0.4461538461538462
Out,0.36123237013816833,0.005634350106858364,0.4461538461538462
Out,0.36152663826942444,0.005635445005829771,0.4461538461538462
Out,0.3617058992385864,0.005636540330417881,0.4461538461538462
Out,0.36185044050216675,0.005637636080870917,0.4461538461538462
Out,0.3618507981300354,0.005638732257437293,0.4461538461538462
Out,0.3619080185890198,0.005639828860365617,0.4461538461538462
Out,0.3621128797531128,0.005640925889904688,0.4461538461538462
Out,0.3623315691947937,0.005642023346303502,0.4461538461538462
Out,0.36257851123809814,0.005643121229811247,0.4461538461538462
Out,0.36302217841148376,0.0056442195406773065,0.4461538461538462
Out,0.36310791969299316,0.005645318279151256,0.4461538461538462
Out,0.36313503980636597,0.005646417445482866,0.4461538461538462
Out,0.3631764054298401,0.005647517039922103,0.4461538461538462
Out,0.3632785975933075,0.0056486170627191275,0.4461538461538462
Out,0.3633832335472107,0.005649717514124294,0.4461538461538462
Out,0.36343103647232056,0.0056508183943881525,0.4461538461538462
Out,0.3634517192840576,0.00565191970376145,0.4461538461538462
Out,0.3636372685432434,0.005653021442495127,0.4461538461538462
Out,0.3637355864048004,0.00565412361084032,0.4461538461538462
Out,0.36386218667030334,0.005655226209048362,0.4461538461538462
Out,0.36397185921669006,0.005656329237370782,0.4461538461538462
Out,0.3640393316745758,0.005657432696059305,0.4461538461538462
Out,0.36405840516090393,0.0056585365853658535,0.4461538461538462
Out,0.3641621470451355,0.005659640905542545,0.4461538461538462
Out,0.36420416831970215,0.005660745656841694,0.4461538461538462
Out,0.36421534419059753,0.005661850839515814,0.4461538461538462
Out,0.36445221304893494,0.005662956453817614,0.4461538461538462
Out,0.36450445652008057,0.0056640625,0.4461538461538462
Out,0.36469584703445435,0.005665168978316077,0.4461538461538462
Out,0.3647024631500244,0.005666275889019148,0.4461538461538462
Out,0.3647482991218567,0.005667383232362712,0.4461538461538462
Out,0.36503759026527405,0.005668491008600469,0.4461538461538462
Out,0.3652304410934448,0.005669599217986315,0.4461538461538462
Out,0.3655506372451782,0.005670707860774345,0.4461538461538462
Out,0.36567988991737366,0.005671816937218854,0.4461538461538462
Out,0.3657382130622864,0.005672926447574335,0.4461538461538462
Out,0.36588171124458313,0.005674036392095481,0.4461538461538462
Out,0.3658992052078247,0.005675146771037182,0.4461538461538462
Out,0.3661949932575226,0.005676257584654531,0.4461538461538462
Out,0.36642637848854065,0.005677368833202819,0.4461538461538462
Out,0.3664701282978058,0.005678480516937537,0.4461538461538462
Out,0.3666585087776184,0.005679592636114375,0.4461538461538462
Out,0.36666610836982727,0.0056807051909892265,0.4461538461538462
Out,0.36690565943717957,0.005681818181818182,0.4461538461538462
Out,0.36693277955055237,0.005682931608857535,0.4461538461538462
Out,0.3671737611293793,0.005684045472363779,0.4461538461538462
Out,0.36720430850982666,0.005685159772593609,0.4461538461538462
Out,0.3673950433731079,0.005686274509803921,0.4461538461538462
Out,0.3676624596118927,0.005687389684251814,0.4461538461538462
Out,0.36768585443496704,0.005688505296194586,0.4461538461538462
Out,0.36834120750427246,0.005689621345889739,0.4461538461538462
Out,0.3684551417827606,0.005690737833594976,0.4461538461538462
Out,0.3684849143028259,0.005691854759568204,0.4461538461538462
Out,0.3690124750137329,0.005692972124067531,0.4461538461538462
Out,0.36930984258651733,0.005694089927351266,0.4461538461538462
Out,0.36945414543151855,0.0056952081696779264,0.4461538461538462
Out,0.3696211278438568,0.005696326851306227,0.4461538461538462
Out,0.3697783946990967,0.0056974459724950886,0.4461538461538462
Out,0.3701213002204895,0.005698565533503635,0.4461538461538462
Out,0.3702116012573242,0.005699685534591195,0.4461538461538462
Out,0.37026283144950867,0.005700805976017299,0.4461538461538462
Out,0.37030890583992004,0.005701926858041683,0.4461538461538462
Out,0.3703942596912384,0.005703048180924287,0.4461538461538462
Out,0.3704012632369995,0.0057041699449252555,0.4461538461538462
Out,0.37063753604888916,0.005705292150304938,0.4461538461538462
Out,0.37079572677612305,0.005706414797323888,0.4461538461538462
Out,0.3708191514015198,0.005707537886242866,0.4461538461538462
Out,0.37094107270240784,0.005708661417322835,0.4461538461538462
Out,0.3709450662136078,0.0057097853908249655,0.4461538461538462
Out,0.3711070716381073,0.005710909807010634,0.4461538461538462
Out,0.3712592124938965,0.005712034666141422,0.4461538461538462
Out,0.37126100063323975,0.005713159968479117,0.4461538461538462
Out,0.37160927057266235,0.005714285714285714,0.4461538461538462
Out,0.37184566259384155,0.005715411903823414,0.4461538461538462
Out,0.3719105124473572,0.005716538537354623,0.4461538461538462
Out,0.3721151351928711,0.005717665615141956,0.4461538461538462
Out,0.3722730875015259,0.005718793137448235,0.4461538461538462
Out,0.3724468946456909,0.005719921104536489,0.4461538461538462
Out,0.37254568934440613,0.005721049516669955,0.4461538461538462
Out,0.3726823925971985,0.005722178374112076,0.4461538461538462
Out,0.37287795543670654,0.005723307677126505,0.4461538461538462
Out,0.37298962473869324,0.005724437425977102,0.4461538461538462
Out,0.3730890452861786,0.005725567620927937,0.4461538461538462
Out,0.37310075759887695,0.005726698262243286,0.4461538461538462
Out,0.37345045804977417,0.005727829350187636,0.4461538461538462
Out,0.37366601824760437,0.005728960885025681,0.4461538461538462
Out,0.3738247752189636,0.005532503457814661,0.4307692307692308
Out,0.3738711178302765,0.005533596837944664,0.4307692307692308
Out,0.37390556931495667,0.0055346906503261515,0.4307692307692308
Out,0.3742583394050598,0.0055357848952155,0.4307692307692308
Out,0.37428951263427734,0.00553687957286929,0.4307692307692308
Out,0.3745695650577545,0.005537974683544304,0.4307692307692308
Out,0.3746930658817291,0.005539070227497527,0.4307692307692308
Out,0.3747519850730896,0.00554016620498615,0.4307692307692308
Out,0.3748161196708679,0.005541262616267564,0.4307692307692308
Out,0.3748493492603302,0.0055423594615993665,0.4307692307692308
Out,0.375108927488327,0.0055434567412393585,0.4307692307692308
Out,0.37518414855003357,0.005544554455445544,0.4307692307692308
Out,0.37553244829177856,0.005545652604476134,0.4307692307692308
Out,0.3757370710372925,0.005546751188589541,0.4307692307692308
Out,0.3760952055454254,0.005547850208044383,0.4307692307692308
Out,0.3762573301792145,0.005548949663099485,0.4307692307692308
Out,0.37630146741867065,0.005550049554013875,0.4307692307692308
Out,0.37640392780303955,0.0055511498810467885,0.4307692307692308
Out,0.3767305016517639,0.005552250644457664,0.4307692307692308
Out,0.37696871161460876,0.005553351844506148,0.4307692307692308
Out,0.3770107924938202,0.005554453481452093,0.4307692307692308
Out,0.3771217167377472,0.005555555555555556,0.4307692307692308
Out,0.3771612048149109,0.005556658067076801,0.4307692307692308
Out,0.37721478939056396,0.0055577610162763,0.4307692307692308
Out,0.37752342224121094,0.005558864403414731,0.4307692307692308
Out,0.3776683509349823,0.005559968228752979,0.4307692307692308
Out,0.3779428005218506,0.005561072492552135,0.4307692307692308
Out,0.37795278429985046,0.0055621771950735005,0.4307692307692308
Out,0.3779822885990143,0.005563282336578581,0.4307692307692308
Out,0.3782350420951843,0.005564387917329093,0.4307692307692308
Out,0.37827053666114807,0.005565493937586961,0.4307692307692308
Out,0.37854433059692383,0.005566600397614314,0.4307692307692308
Out,0.3785480856895447,0.005567707297673493,0.4307692307692308
Out,0.37859103083610535,0.005568814638027049,0.4307692307692308
Out,0.3787423074245453,0.005569922418937737,0.4307692307692308
Out,0.37887248396873474,0.005571030640668524,0.4307692307692308
Out,0.3789665699005127,0.005572139303482587,0.4307692307692308
Out,0.3791966736316681,0.005573248407643312,0.4307692307692308
Out,0.37919992208480835,0.005574357953414294,0.4307692307692308
Out,0.37924760580062866,0.005575467941059339,0.4307692307692308
Out,0.3793971538543701,0.005576578370842461,0.4307692307692308
Out,0.37946629524230957,0.005577689243027889,0.4307692307692308
Out,0.3794667422771454,0.005578800557880056,0.4307692307692308
Out,0.37971681356430054,0.005579912315663611,0.4307692307692308
Out,0.37973958253860474,0.0055810245166434125,0.4307692307692308
Out,0.379905641078949,0.005582137161084529,0.4307692307692308
Out,0.37997719645500183,0.0055832502492522435,0.4307692307692308
Out,0.3805091977119446,0.005584363781412046,0.4307692307692308
Out,0.38098880648612976,0.005585477757829643,0.4307692307692308
Out,0.3810097873210907,0.00558659217877095,0.4307692307692308
Out,0.3811732232570648,0.0055877070445020955,0.4307692307692308
Out,0.3813244700431824,0.005588822355289421,0.4307692307692308
Out,0.38137856125831604,0.005589938111399481,0.4307692307692308
Out,0.381646990776062,0.005591054313099041,0.4307692307692308
Out,0.38200217485427856,0.005592170960655083,0.4307692307692308
Out,0.38239356875419617,0.005593288054334798,0.4307692307692308
Out,0.3826572895050049,0.005594405594405594,0.4307692307692308
Out,0.38274404406547546,0.005595523581135092,0.4307692307692308
Out,0.38298946619033813,0.0055966420147911256,0.4307692307692308
Out,0.3835168778896332,0.005597760895641743,0.4307692307692308
Out,0.38364022970199585,0.005598880223955209,0.4307692307692308
Out,0.38376837968826294,0.0056,0.4307692307692308
Out,0.38379156589508057,0.005601120224044809,0.4307692307692308
Out,0.38379597663879395,0.0056022408963585435,0.4307692307692308
Out,0.38383105397224426,0.005603362017210326,0.4307692307692308
Out,0.38397136330604553,0.005604483586869495,0.4307692307692308
Out,0.3839813470840454,0.005605605605605605,0.4307692307692308
Out,0.3843439519405365,0.005606728073688426,0.4307692307692308
Out,0.3848136365413666,0.005607850991387943,0.4307692307692308
Out,0.38511979579925537,0.005608974358974359,0.4307692307692308
Out,0.3851891756057739,0.005610098176718092,0.4307692307692308
Out,0.38540005683898926,0.0056112224448897794,0.4307692307692308
Out,0.38541069626808167,0.005612347163760273,0.4307692307692308
Out,0.38557198643684387,0.0056134723336006415,0.4307692307692308
Out,0.3856271207332611,0.005614597954682173,0.4307692307692308
Out,0.3859296143054962,0.005615724027276374,0.4307692307692308
Out,0.3861011862754822,0.005616850551654965,0.4307692307692308
Out,0.3865338861942291,0.0056179775280898875,0.4307692307692308
Out,0.38666650652885437,0.005619104956853301,0.4307692307692308
Out,0.38677307963371277,0.005620232838217583,0.4307692307692308
Out,0.38688555359840393,0.0056213611724553305,0.4307692307692308
Out,0.3868894577026367,0.005622489959839358,0.4307692307692308
Out,0.38724035024642944,0.005623619200642699,0.4307692307692308
Out,0.38765794038772583,0.00562474889513861,0.4307692307692308
Out,0.38791993260383606,0.005625879043600563,0.4307692307692308
Out,0.3880128264427185,0.005627009646302251,0.4307692307692308
Out,0.38803258538246155,0.005628140703517588,0.4307692307692308
Out,0.3880683481693268,0.0056292722155207075,0.4307692307692308
Out,0.3884613811969757,0.005630404182585964,0.4307692307692308
Out,0.3884667754173279,0.0056315366049879325,0.4307692307692308
Out,0.3886064887046814,0.005632669483001408,0.4307692307692308
Out,0.38869693875312805,0.005633802816901409,0.4307692307692308
Out,0.3887891173362732,0.005634936606963172,0.4307692307692308
Out,0.388917475938797,0.005636070853462158,0.4307692307692308
Out,0.3890736699104309,0.005637205556674049,0.4307692307692308
Out,0.3891714811325073,0.005638340716874748,0.4307692307692308
Out,0.38941261172294617,0.005639476334340383,0.4307692307692308
Out,0.3895113468170166,0.0056406124093473006,0.4307692307692308
Out,0.3897051215171814,0.005641748942172073,0.4307692307692308
Out,0.3897223174571991,0.005642885933091495,0.4307692307692308
Out,0.3901274800300598,0.0056440233823825845,0.4307692307692308
Out,0.3901529312133789,0.00564516129032258,0.4307692307692308
Out,0.39021730422973633,0.0056462996571889496,0.4307692307692308
Out,0.390316367149353,0.005647438483259379,0.4307692307692308
Out,0.3904321789741516,0.005648577768811782,0.4307692307692308
Out,0.39072465896606445,0.005649717514124294,0.4307692307692308
Out,0.39091935753822327,0.0056508577194752775,0.4307692307692308
Out,0.39116665720939636,0.005651998385143318,0.4307692307692308
Out,0.39125868678092957,0.005653139511407228,0.4307692307692308
Out,0.3914222717285156,0.005654281098546042,0.4307692307692308
Out,0.3914931118488312,0.005655423146839022,0.4307692307692308
Out,0.3918503522872925,0.0056565656565656566,0.4307692307692308
Out,0.39189767837524414,0.005657708628005658,0.4307692307692308
Out,0.3919724225997925,0.005658852061438965,0.4307692307692308
Out,0.3920633792877197,0.005659995957145745,0.4307692307692308
Out,0.3920808732509613,0.005661140315406389,0.4307692307692308
Out,0.3920893967151642,0.005662285136501517,0.4307692307692308
Out,0.39216962456703186,0.0056634304207119745,0.4307692307692308
Out,0.3922163248062134,0.005664576168318835,0.4307692307692308
Out,0.3923157751560211,0.0056657223796034,0.4307692307692308
Out,0.3924180865287781,0.005666869054847197,0.4307692307692308
Out,0.39248934388160706,0.005668016194331984,0.4307692307692308
Out,0.39258506894111633,0.005669163798339745,0.4307692307692308
Out,0.39269107580184937,0.005670311867152693,0.4307692307692308
Out,0.39290791749954224,0.005671460401053271,0.4307692307692308
Out,0.3930022120475769,0.005672609400324149,0.4307692307692308
Out,0.3931600749492645,0.005673758865248227,0.4307692307692308
Out,0.39321261644363403,0.005674908796108634,0.4307692307692308
Out,0.3937336802482605,0.005676059193188729,0.4307692307692308
Out,0.39405563473701477,0.0056772100567721,0.4307692307692308
Out,0.39413610100746155,0.005678361387142568,0.4307692307692308
Out,0.39444074034690857,0.005679513184584178,0.4307692307692308
Out,0.394633412361145,0.005680665449381213,0.4307692307692308
Out,0.39472752809524536,0.005681818181818182,0.4307692307692308
Out,0.39481136202812195,0.005682971382179825,0.4307692307692308
Out,0.39484870433807373,0.005684125050751117,0.4307692307692308
Out,0.39508524537086487,0.005685279187817259,0.4307692307692308
Out,0.39515435695648193,0.005686433793663688,0.4307692307692308
Out,0.39529919624328613,0.005687588868576072,0.4307692307692308
Out,0.39536264538764954,0.005688744412840309,0.4307692307692308
Out,0.3953682482242584,0.005689900426742532,0.4307692307692308
Out,0.39558008313179016,0.005691056910569106,0.4307692307692308
Out,0.39643508195877075,0.005692213864606627,0.4307692307692308
Out,0.3968353271484375,0.0056933712891419274,0.4307692307692308
Out,0.3969847857952118,0.00569452918446207,0.4307692307692308
Out,0.39699336886405945,0.005695687550854353,0.4307692307692308
Out,0.39712822437286377,0.005696846388606307,0.4307692307692308
Out,0.39714011549949646,0.005698005698005698,0.4307692307692308
Out,0.3972260355949402,0.0056991654793405256,0.4307692307692308
Out,0.39749521017074585,0.005700325732899023,0.4307692307692308
Out,0.39760836958885193,0.0057014864589696596,0.4307692307692308
Out,0.39777883887290955,0.005702647657841141,0.4307692307692308
Out,0.39779311418533325,0.005703809329802404,0.4307692307692308
Out,0.39780813455581665,0.0057049714751426246,0.4307692307692308
Out,0.3978205621242523,0.005706134094151213,0.4307692307692308
Out,0.3985080122947693,0.005707297187117815,0.4307692307692308
Out,0.3991057276725769,0.005708460754332314,0.4307692307692308
Out,0.39938074350357056,0.005709624796084829,0.4307692307692308
Out,0.3993939459323883,0.0057107893126657145,0.4307692307692308
Out,0.3995281755924225,0.005711954304365565,0.4307692307692308
Out,0.3999072313308716,0.005713119771475209,0.4307692307692308
Out,0.4000422954559326,0.005714285714285714,0.4307692307692308
Out,0.40009981393814087,0.005715452133088385,0.4307692307692308
Out,0.40011441707611084,0.0057166190281747655,0.4307692307692308
Out,0.400119423866272,0.005717786399836635,0.4307692307692308
Out,0.4003477096557617,0.005718954248366013,0.4307692307692308
Out,0.40038710832595825,0.005720122574055159,0.4307692307692308
Out,0.40082812309265137,0.005721291377196567,0.4307692307692308
Out,0.4008505940437317,0.005722460658082976,0.4307692307692308
Out,0.40085548162460327,0.005723630417007359,0.4307692307692308
Out,0.40102165937423706,0.0057248006542629315,0.4307692307692308
Out,0.4010658264160156,0.0057259713701431495,0.4307692307692308
Out,0.4011520445346832,0.0057271425649417056,0.4307692307692308
Out,0.4015728831291199,0.0057283142389525366,0.4307692307692308
Out,0.4021042287349701,0.005729486392469818,0.4307692307692308
Out,0.40217795968055725,0.0057306590257879654,0.4307692307692308
Out,0.40233489871025085,0.005731832139201637,0.4307692307692308
Out,0.40251100063323975,0.005733005733005733,0.4307692307692308
Out,0.40254366397857666,0.0057341798074953924,0.4307692307692308
Out,0.4025852084159851,0.005735354362965997,0.4307692307692308
Out,0.402587354183197,0.005736529399713174,0.4307692307692308
Out,0.40266653895378113,0.005737704918032787,0.4307692307692308
Out,0.40276679396629333,0.005738880918220947,0.4307692307692308
Out,0.40282970666885376,0.005740057400574006,0.4307692307692308
Out,0.4028974771499634,0.005741234365388558,0.4307692307692308
Out,0.40312808752059937,0.005742411812961444,0.4307692307692308
Out,0.4032413363456726,0.005743589743589744,0.4307692307692308
Out,0.4034539461135864,0.005744768157570784,0.4307692307692308
Out,0.40348607301712036,0.005745947055202134,0.4307692307692308
Out,0.40367716550827026,0.005747126436781609,0.4307692307692308
Out,0.40385040640830994,0.005748306302607267,0.4307692307692308
Out,0.40391838550567627,0.005749486652977412,0.4307692307692308
Out,0.40392592549324036,0.005750667488190594,0.4307692307692308
Out,0.40395498275756836,0.005751848808545604,0.4307692307692308
Out,0.4043344259262085,0.005753030614341483,0.4307692307692308
Out,0.40438854694366455,0.005754212905877518,0.4307692307692308
Out,0.4044535458087921,0.0057553956834532375,0.4307692307692308
Out,0.4045412242412567,0.005756578947368421,0.4307692307692308
Out,0.40506428480148315,0.005757762697923093,0.4307692307692308
Out,0.40523433685302734,0.005758946935417524,0.4307692307692308
Out,0.405569851398468,0.005760131660152232,0.4307692307692308
Out,0.4056500494480133,0.005761316872427984,0.4307692307692308
Out,0.40599939227104187,0.005762502572545791,0.4307692307692308
Out,0.4060801863670349,0.005763688760806916,0.4307692307692308
Out,0.40609559416770935,0.005764875437512868,0.4307692307692308
Out,0.40618661046028137,0.005766062602965404,0.4307692307692308
Out,0.4062870442867279,0.00576725025746653,0.4307692307692308
Out,0.40630170702934265,0.0057684384013185,0.4307692307692308
Out,0.406460702419281,0.00576962703482382,0.4307692307692308
Out,0.4067653715610504,0.005770816158285243,0.4307692307692308
Out,0.4068737030029297,0.005772005772005772,0.4307692307692308
Out,0.4069429337978363,0.00577319587628866,0.4307692307692308
Out,0.4069966673851013,0.005774386471437409,0.4307692307692308
Out,0.40776705741882324,0.005775577557755775,0.4307692307692308
Out,0.40877559781074524,0.0057767691355477616,0.4307692307692308
Out,0.40903905034065247,0.005777961205117622,0.4307692307692308
Out,0.4092610478401184,0.005779153766769866,0.4307692307692308
Out,0.4092777669429779,0.005780346820809248,0.4307692307692308
Out,0.41010111570358276,0.005781540367540781,0.4307692307692308
Out,0.41025426983833313,0.0057827344072697235,0.4307692307692308
Out,0.410693496465683,0.005783928940301591,0.4307692307692308
Out,0.41099977493286133,0.005785123966942148,0.4307692307692308
Out,0.41120055317878723,0.005786319487497416,0.4307692307692308
Out,0.411237895488739,0.005787515502273667,0.4307692307692308
Out,0.41138017177581787,0.005788712011577424,0.4307692307692308
Out,0.41139012575149536,0.005789909015715467,0.4307692307692308
Out,0.41142886877059937,0.00579110651499483,0.4307692307692308
Out,0.4119952619075775,0.005792304509722797,0.4307692307692308
Out,0.41200727224349976,0.005793503000206911,0.4307692307692308
Out,0.4120800197124481,0.005794701986754967,0.4307692307692308
Out,0.412116140127182,0.005795901469675016,0.4307692307692308
Out,0.4121231436729431,0.0055900621118012426,0.4153846153846154
Out,0.412163645029068,0.005591219714226548,0.4153846153846154
Out,0.4123317003250122,0.005592377796188898,0.4153846153846154
Out,0.4123576581478119,0.005593536357986327,0.4153846153846154
Out,0.4125286340713501,0.005594695399917115,0.4153846153846154
Out,0.4125858247280121,0.005595854922279792,0.4153846153846154
Out,0.413119912147522,0.005597014925373134,0.4153846153846154
Out,0.4131776988506317,0.005598175409496164,0.4153846153846154
Out,0.41319388151168823,0.005599336374948154,0.4153846153846154
Out,0.4134891629219055,0.005600497822028625,0.4153846153846154
Out,0.4135720729827881,0.0056016597510373444,0.4153846153846154
Out,0.4136509597301483,0.005602822162274331,0.4153846153846154
Out,0.41369545459747314,0.00560398505603985,0.4153846153846154
Out,0.41387343406677246,0.0056051484326344195,0.4153846153846154
Out,0.4139808416366577,0.005606312292358804,0.4153846153846154
Out,0.4141179025173187,0.005607476635514018,0.4153846153846154
Out,0.41427549719810486,0.005608641462401329,0.4153846153846154
Out,0.41429686546325684,0.005609806773322252,0.4153846153846154
Out,0.4146248996257782,0.005610972568578554,0.4153846153846154
Out,0.4147081971168518,0.005612138848472251,0.4153846153846154
Out,0.4150066375732422,0.005613305613305614,0.4153846153846154
Out,0.4150093197822571,0.0056144728633811605,0.4153846153846154
Out,0.41506585478782654,0.005615640599001664,0.4153846153846154
Out,0.41514191031455994,0.005616808820470148,0.4153846153846154
Out,0.4158218801021576,0.0056179775280898875,0.4153846153846154
Out,0.4162815809249878,0.005619146722164412,0.4153846153846154
Out,0.4163312315940857,0.005620316402997502,0.4153846153846154
Out,0.41636529564857483,0.005621486570893191,0.4153846153846154
Out,0.4166654050350189,0.005622657226155768,0.4153846153846154
Out,0.41667839884757996,0.005623828369089773,0.4153846153846154
Out,0.4169314503669739,0.005625,0.4153846153846154
Out,0.4169911742210388,0.005626172119191498,0.4153846153846154
Out,0.417186975479126,0.005627344726969571,0.4153846153846154
Out,0.4175105094909668,0.005628517823639775,0.4153846153846154
Out,0.4175953269004822,0.005629691409507923,0.4153846153846154
Out,0.417599618434906,0.005630865484880084,0.4153846153846154
Out,0.4178275167942047,0.005632040050062578,0.4153846153846154
Out,0.41816282272338867,0.005633215105361986,0.4153846153846154
Out,0.41827455163002014,0.005634390651085142,0.4153846153846154
Out,0.41834360361099243,0.005635566687539136,0.4153846153846154
Out,0.4186704158782959,0.005636743215031315,0.4153846153846154
Out,0.4187796115875244,0.005637920233869284,0.4153846153846154
Out,0.4191417992115021,0.005639097744360902,0.4153846153846154
Out,0.41916194558143616,0.0056402757468142885,0.4153846153846154
Out,0.4196425676345825,0.005641454241537819,0.4153846153846154
Out,0.4197999835014343,0.005642633228840125,0.4153846153846154
Out,0.42006146907806396,0.0056438127090301,0.4153846153846154
Out,0.4203055500984192,0.0056449926824168935,0.4153846153846154
Out,0.4203566312789917,0.0056461731493099125,0.4153846153846154
Out,0.4204161763191223,0.005647354110018824,0.4153846153846154
Out,0.4205237030982971,0.005648535564853557,0.4153846153846154
Out,0.4205641746520996,0.005649717514124294,0.4153846153846154
Out,0.4206709861755371,0.005650899958141482,0.4153846153846154
Out,0.4207272529602051,0.005652082897215826,0.4153846153846154
Out,0.4208260774612427,0.005653266331658292,0.4153846153846154
Out,0.4212266802787781,0.005654450261780105,0.4153846153846154
Out,0.4216782748699188,0.005655634687892753,0.4153846153846154
Out,0.4220067858695984,0.0056568196103079825,0.4153846153846154
Out,0.42200756072998047,0.005658005029337804,0.4153846153846154
Out,0.42216140031814575,0.005659190945294487,0.4153846153846154
Out,0.42277464270591736,0.005660377358490566,0.4153846153846154
Out,0.42313235998153687,0.005661564269238834,0.4153846153846154
Out,0.4231736958026886,0.005662751677852349,0.4153846153846154
Out,0.4236936569213867,0.005663939584644431,0.4153846153846154
Out,0.42379483580589294,0.0056651279899286614,0.4153846153846154
Out,0.42387712001800537,0.005666316894018888,0.4153846153846154
Out,0.4247506558895111,0.005667506297229219,0.4153846153846154
Out,0.4250966012477875,0.005668696199874029,0.4153846153846154
Out,0.4254811704158783,0.005669886602267955,0.4153846153846154
Out,0.4257606863975525,0.005671077504725898,0.4153846153846154
Out,0.42606115341186523,0.005672268907563025,0.4153846153846154
Out,0.426239013671875,0.005673460811094768,0.4153846153846154
Out,0.4264262616634369,0.005674653215636823,0.4153846153846154
Out,0.4264909327030182,0.005675846121505151,0.4153846153846154
Out,0.42652609944343567,0.0056770395290159795,0.4153846153846154
Out,0.4266050457954407,0.0056782334384858045,0.4153846153846154
Out,0.42671579122543335,0.005679427850231384,0.4153846153846154
Out,0.42677968740463257,0.005680622764569746,0.4153846153846154
Out,0.42678287625312805,0.005681818181818182,0.4153846153846154
Out,0.4268929958343506,0.005683014102294254,0.4153846153846154
Out,0.4268985390663147,0.00568421052631579,0.4153846153846154
Out,0.42739778757095337,0.005685407454200884,0.4153846153846154
Out,0.4274638295173645,0.0056866048862679024,0.4153846153846154
Out,0.42758089303970337,0.005687802822835475,0.4153846153846154
Out,0.427875816822052,0.005689001264222503,0.4153846153846154
Out,0.427925705909729,0.005690200210748156,0.4153846153846154
Out,0.4280805289745331,0.005691399662731872,0.4153846153846154
Out,0.4280867278575897,0.0056925996204933585,0.4153846153846154
Out,0.4284970462322235,0.005693800084352594,0.4153846153846154
Out,0.428630530834198,0.005695001054629825,0.4153846153846154
Out,0.4286597669124603,0.00569620253164557,0.4153846153846154
Out,0.4287811517715454,0.005697404515720616,0.4153846153846154
Out,0.42898881435394287,0.005698607007176023,0.4153846153846154
Out,0.4289986789226532,0.005699810006333122,0.4153846153846154
Out,0.42918404936790466,0.005701013513513513,0.4153846153846154
Out,0.4292941391468048,0.005702217529039071,0.4153846153846154
Out,0.4294998347759247,0.005703422053231939,0.4153846153846154
Out,0.4309401512145996,0.005704627086414536,0.4153846153846154
Out,0.4311607778072357,0.005705832628909552,0.4153846153846154
Out,0.4311981201171875,0.0057070386810399495,0.4153846153846154
Out,0.4315871298313141,0.005708245243128964,0.4153846153846154
Out,0.431854784488678,0.0057094523155001055,0.4153846153846154
Out,0.43253466486930847,0.005710659898477157,0.4153846153846154
Out,0.43273454904556274,0.005711867992384176,0.4153846153846154
Out,0.43291687965393066,0.005713076597545493,0.4153846153846154
Out,0.4329419732093811,0.005714285714285714,0.4153846153846154
Out,0.4329656958580017,0.00571549534292972,0.4153846153846154
Out,0.4332595765590668,0.005716705483802668,0.4153846153846154
Out,0.43334144353866577,0.005506141465480729,0.4
Out,0.4337296187877655,0.005507307773776742,0.4
Out,0.4340211749076843,0.005508474576271186,0.4
Out,0.4341997504234314,0.005509641873278237,0.4
Out,0.43434858322143555,0.005510809665112336,0.4
Out,0.43450814485549927,0.005511977952088192,0.4
Out,0.43465399742126465,0.00551314673452078,0.4
Out,0.4346866309642792,0.005514316012725344,0.4
Out,0.4347907602787018,0.005515485787017395,0.4
Out,0.4350352883338928,0.00551665605771271,0.4
Out,0.4352080225944519,0.0055178268251273345,0.4
Out,0.43521052598953247,0.005518998089577585,0.4
Out,0.43564462661743164,0.005520169851380042,0.4
Out,0.4361903667449951,0.005521342110851561,0.4
Out,0.4364193081855774,0.0055225148683092605,0.4
Out,0.4367346167564392,0.005523688124070533,0.4
Out,0.4367489516735077,0.0055248618784530384,0.4
Out,0.4368952214717865,0.005526036131774708,0.4
Out,0.4370742440223694,0.0055272108843537416,0.4
Out,0.4371130168437958,0.005528386136508611,0.4
Out,0.43729865550994873,0.00552956188855806,0.4
Out,0.4373139441013336,0.005530738140821102,0.4
Out,0.4373416006565094,0.005531914893617021,0.4
Out,0.43741700053215027,0.005533092147265376,0.4
Out,0.4375220537185669,0.005534269902085994,0.4
Out,0.4375762641429901,0.005535448158398978,0.4
Out,0.4377742111682892,0.005536626916524702,0.4
Out,0.43788108229637146,0.005537806176783813,0.4
Out,0.4378916621208191,0.005538985939497231,0.4
Out,0.4379938244819641,0.00554016620498615,0.4
Out,0.4382674992084503,0.005541346973572037,0.4
Out,0.43850547075271606,0.005542528245576636,0.4
Out,0.4388040602207184,0.005543710021321962,0.4
Out,0.4388110339641571,0.005544892301130305,0.4
Out,0.43895846605300903,0.005546075085324232,0.4
Out,0.43898826837539673,0.005547258374226584,0.4
Out,0.43899184465408325,0.005548442168160478,0.4
Out,0.4392615854740143,0.005549626467449306,0.4
Out,0.43950045108795166,0.005550811272416738,0.4
Out,0.43950212001800537,0.005551996583386718,0.4
Out,0.439894437789917,0.005553182400683468,0.4
Out,0.43995681405067444,0.005554368724631489,0.4
Out,0.43997228145599365,0.005555555555555556,0.4
Out,0.44009843468666077,0.005556742893780722,0.4
Out,0.44014424085617065,0.0055579307396323215,0.4
Out,0.44035959243774414,0.005559119093435963,0.4
Out,0.4407259225845337,0.005560307955517536,0.4
Out,0.44087401032447815,0.005561497326203209,0.4
Out,0.441045343875885,0.005562687205819427,0.4
Out,0.4410932958126068,0.0055638775946929165,0.4
Out,0.4411282539367676,0.005565068493150685,0.4
Out,0.4415999948978424,0.005566259901520017,0.4
Out,0.4416371285915375,0.00556745182012848,0.4
Out,0.4417540431022644,0.00556864424930392,0.4
Out,0.441847562789917,0.005569837189374464,0.4
Out,0.4419107139110565,0.005571030640668524,0.4
Out,0.44194287061691284,0.005572224603514788,0.4
Out,0.4420015811920166,0.005573419078242229,0.4
Out,0.44210341572761536,0.005574614065180103,0.4
Out,0.44224485754966736,0.0055758095646579455,0.4
Out,0.4423334002494812,0.005577005577005577,0.4
Out,0.4424087405204773,0.0055782021025531005,0.4
Out,0.44241276383399963,0.005579399141630901,0.4
Out,0.44241729378700256,0.00558059669456965,0.4
Out,0.44291287660598755,0.0055817947617003,0.4
Out,0.44303321838378906,0.0055829933433540905,0.4
Out,0.4431166350841522,0.005584192439862543,0.4
Out,0.4431312382221222,0.005585392051557465,0.4
Out,0.44327032566070557,0.00558659217877095,0.4
Out,0.44348710775375366,0.005587792821835375,0.4
Out,0.44367238879203796,0.005588993981083405,0.4
Out,0.44382113218307495,0.005590195656847989,0.4
Out,0.4440760910511017,0.005591397849462366,0.4
Out,0.44409847259521484,0.005592600559260056,0.4
Out,0.44413936138153076,0.005593803786574871,0.4
Out,0.44438469409942627,0.005595007531740908,0.4
Out,0.44450050592422485,0.005596211795092553,0.4
Out,0.4446398913860321,0.005597416576964478,0.4
Out,0.44467437267303467,0.005598621877691645,0.4
Out,0.44478216767311096,0.0055998276976093045,0.4
Out,0.44492465257644653,0.005601034037052995,0.4
Out,0.4452311098575592,0.0056022408963585435,0.4
Out,0.44527244567871094,0.005603448275862069,0.4
Out,0.4455946683883667,0.005604656175899978,0.4
Out,0.4456166923046112,0.00560586459680897,0.4
Out,0.445616751909256,0.005607073538926029,0.4
Out,0.44571971893310547,0.0056082830025884385,0.4
Out,0.44573771953582764,0.005609492988133765,0.4
Out,0.44583672285079956,0.0056107034958998705,0.4
Out,0.44619205594062805,0.005611914526224908,0.4
Out,0.44619855284690857,0.005613126079447323,0.4
Out,0.44628584384918213,0.0056143381559058516,0.4
Out,0.44640249013900757,0.005615550755939525,0.4
Out,0.4464765787124634,0.005616763879887665,0.4
Out,0.4464787244796753,0.0056179775280898875,0.4
Out,0.44648808240890503,0.0056191917008861034,0.4
Out,0.44656914472579956,0.005620406398616515,0.4
Out,0.44659623503685,0.005621621621621622,0.4
Out,0.44669631123542786,0.005622837370242215,0.4
Out,0.4467484951019287,0.0056240536448193814,0.4
Out,0.4467543959617615,0.005625270445694505,0.4
Out,0.44679245352745056,0.005626487773209262,0.4
Out,0.4469493329524994,0.005627705627705628,0.4
Out,0.4472493827342987,0.005628924009525871,0.4
Out,0.447629451751709,0.00563014291901256,0.4
Out,0.4478583037853241,0.005631362356508555,0.4
Out,0.4479178488254547,0.005632582322357019,0.4
Out,0.4480436444282532,0.005633802816901409,0.4
Out,0.44819384813308716,0.005635023840485479,0.4
Out,0.4483489394187927,0.0056362453934532845,0.4
Out,0.4484386742115021,0.005637467476149176,0.4
Out,0.44862398505210876,0.005638690088917805,0.4
Out,0.44878870248794556,0.005639913232104121,0.4
Out,0.44879934191703796,0.0056411369060533735,0.4
Out,0.44917646050453186,0.005642361111111111,0.4
Out,0.4493800103664398,0.005643585847623182,0.4
Out,0.44948774576187134,0.005644811115935736,0.4
Out,0.44968441128730774,0.005646036916395223,0.4
Out,0.4500504434108734,0.005647263249348393,0.4
Out,0.45056650042533875,0.005648490115142298,0.4
Out,0.45077282190322876,0.005649717514124294,0.4
Out,0.45129281282424927,0.005650945446642034,0.4
Out,0.45144122838974,0.005652173913043478,0.4
Out,0.4514963924884796,0.005653402913676886,0.4
Out,0.4515671133995056,0.005654632448890822,0.4
Out,0.4516661465167999,0.005655862519034153,0.4
Out,0.45185384154319763,0.005657093124456049,0.4
Out,0.45202112197875977,0.0056583242655059846,0.4
Out,0.45207688212394714,0.0056595559425337396,0.4
Out,0.4521934986114502,0.005660788155889397,0.4
Out,0.45248615741729736,0.005662020905923345,0.4
Out,0.452609121799469,0.0056632541929862775,0.4
Out,0.45300301909446716,0.005664488017429194,0.4
Out,0.4532250165939331,0.0056657223796034,0.4
Out,0.45324116945266724,0.005666957279860506,0.4
Out,0.4532528221607208,0.005668192718552431,0.4
Out,0.45329591631889343,0.0056694286960314,0.4
Out,0.45333918929100037,0.0056706652126499455,0.4
Out,0.453684002161026,0.005671902268760907,0.4
Out,0.45420771837234497,0.005673139864717434,0.4
Out,0.4542718827724457,0.005674378000872981,0.4
Out,0.45443740487098694,0.0056756166775813145,0.4
Out,0.45450499653816223,0.005676855895196507,0.4
Out,0.45457178354263306,0.005678095654072942,0.4
Out,0.4548356235027313,0.005679335954565312,0.4
Out,0.4550342559814453,0.005680576797028622,0.4
Out,0.45523783564567566,0.005463286713286713,0.38461538461538464
Out,0.4554118812084198,0.00546448087431694,0.38461538461538464
Out,0.4558767080307007,0.005465675557498907,0.38461538461538464
Out,0.4559420049190521,0.005466870763175159,0.38461538461538464
Out,0.4561173915863037,0.005468066491688539,0.38461538461538464
Out,0.4564878046512604,0.005469262743382192,0.38461538461538464
Out,0.45672115683555603,0.005470459518599562,0.38461538461538464
Out,0.4567285180091858,0.005471656817684395,0.38461538461538464
Out,0.45718300342559814,0.005472854640980736,0.38461538461538464
Out,0.4577694237232208,0.005474052988832932,0.38461538461538464
Out,0.4578014314174652,0.005475251861585633,0.38461538461538464
Out,0.4578811526298523,0.00547645125958379,0.38461538461538464
Out,0.4580816328525543,0.005477651183172656,0.38461538461538464
Out,0.45820388197898865,0.005478851632697786,0.38461538461538464
Out,0.4586039185523987,0.0054800526085050415,0.38461538461538464
Out,0.4586239159107208,0.005481254110940584,0.38461538461538464
Out,0.4590855538845062,0.005482456140350877,0.38461538461538464
Out,0.4594952166080475,0.005483658697082693,0.38461538461538464
Out,0.45964622497558594,0.005484861781483106,0.38461538461538464
Out,0.46029379963874817,0.0054860653938994955,0.38461538461538464
Out,0.4603232145309448,0.005487269534679543,0.38461538461538464
Out,0.46042606234550476,0.005488474204171241,0.38461538461538464
Out,0.4607264995574951,0.005489679402722881,0.38461538461538464
Out,0.46090853214263916,0.005490885130683066,0.38461538461538464
Out,0.4610781669616699,0.005492091388400703,0.38461538461538464
Out,0.4613257050514221,0.005493298176225006,0.38461538461538464
Out,0.4613305330276489,0.005494505494505495,0.38461538461538464
Out,0.4614591598510742,0.005495713343591998,0.38461538461538464
Out,0.4615040421485901,0.005496921723834653,0.38461538461538464
Out,0.461611270904541,0.005498130635583902,0.38461538461538464
Out,0.46172091364860535,0.005499340079190497,0.38461538461538464
Out,0.46180713176727295,0.005500550055005501,0.38461538461538464
Out,0.46189379692077637,0.005501760563380281,0.38461538461538464
Out,0.46206510066986084,0.00550297160466652,0.38461538461538464
Out,0.4620955288410187,0.0055041831792162045,0.38461538461538464
Out,0.46214723587036133,0.005505395287381634,0.38461538461538464
Out,0.4623202681541443,0.005506607929515419,0.38461538461538464
Out,0.46259310841560364,0.0055078211059704785,0.38461538461538464
Out,0.462663471698761,0.005509034817100044,0.38461538461538464
Out,0.46266430616378784,0.00551024906325766,0.38461538461538464
Out,0.4628985524177551,0.005511463844797178,0.38461538461538464
Out,0.46297550201416016,0.005512679162072767,0.38461538461538464
Out,0.4630146920681,0.005513895015438906,0.38461538461538464
Out,0.4631483554840088,0.005515111405250386,0.38461538461538464
Out,0.46319639682769775,0.005516328331862313,0.38461538461538464
Out,0.46380937099456787,0.005517545795630104,0.38461538461538464
Out,0.4642218351364136,0.005518763796909493,0.38461538461538464
Out,0.46426740288734436,0.005519982336056524,0.38461538461538464
Out,0.46436986327171326,0.005521201413427562,0.38461538461538464
Out,0.46463799476623535,0.00552242102937928,0.38461538461538464
Out,0.464755117893219,0.00552364118426867,0.38461538461538464
Out,0.464882493019104,0.0055248618784530384,0.38461538461538464
Out,0.4648938775062561,0.005526083112290009,0.38461538461538464
Out,0.46498459577560425,0.0055273048861375195,0.38461538461538464
Out,0.46503692865371704,0.005528527200353826,0.38461538461538464
Out,0.46555161476135254,0.005529750055297501,0.38461538461538464
Out,0.4655821621417999,0.0055309734513274336,0.38461538461538464
Out,0.46561241149902344,0.005532197388802833,0.38461538461538464
Out,0.46569472551345825,0.005533421868083223,0.38461538461538464
Out,0.465920627117157,0.005534646889528448,0.38461538461538464
Out,0.4660123288631439,0.005535872453498672,0.38461538461538464
Out,0.4666060507297516,0.005537098560354375,0.38461538461538464
Out,0.46665292978286743,0.005538325210456358,0.38461538461538464
Out,0.4669501483440399,0.005539552404165743,0.38461538461538464
Out,0.46711260080337524,0.005540780141843972,0.38461538461538464
Out,0.4672723710536957,0.005542008423852805,0.38461538461538464
Out,0.4674539864063263,0.005543237250554324,0.38461538461538464
Out,0.46750548481941223,0.005544466622310933,0.38461538461538464
Out,0.4683714210987091,0.005545696539485359,0.38461538461538464
Out,0.46841147541999817,0.005546927002440648,0.38461538461538464
Out,0.4687940776348114,0.005548158011540169,0.38461538461538464
Out,0.4687958359718323,0.005549389567147614,0.38461538461538464
Out,0.4693930149078369,0.005550621669626998,0.38461538461538464
Out,0.46940743923187256,0.00555185431934266,0.38461538461538464
Out,0.4696657061576843,0.005553087516659262,0.38461538461538464
Out,0.4697515368461609,0.00555432126194179,0.38461538461538464
Out,0.47038015723228455,0.005555555555555556,0.38461538461538464
Out,0.4704819917678833,0.005556790397866192,0.38461538461538464
Out,0.470537930727005,0.005558025789239662,0.38461538461538464
Out,0.4707460403442383,0.00555926173004225,0.38461538461538464
Out,0.4710228145122528,0.00556049822064057,0.38461538461538464
Out,0.47111302614212036,0.0055617352614015575,0.38461538461538464
Out,0.4712262451648712,0.0055629728526924785,0.38461538461538464
Out,0.4719693958759308,0.005564210994880926,0.38461538461538464
Out,0.4720640182495117,0.005565449688334817,0.38461538461538464
Out,0.47217029333114624,0.0055666889334224,0.38461538461538464
Out,0.4723741412162781,0.005567928730512249,0.38461538461538464
Out,0.4725039601325989,0.005569169079973268,0.38461538461538464
Out,0.4729452133178711,0.005570409982174688,0.38461538461538464
Out,0.47305506467819214,0.005571651437486071,0.38461538461538464
Out,0.47309863567352295,0.005572893446277307,0.38461538461538464
Out,0.47344204783439636,0.005574136008918618,0.38461538461538464
Out,0.4735145568847656,0.005575379125780553,0.38461538461538464
Out,0.4735706150531769,0.005576622797233995,0.38461538461538464
Out,0.47360384464263916,0.005577867023650156,0.38461538461538464
Out,0.4736267328262329,0.00557911180540058,0.38461538461538464
Out,0.4736376702785492,0.005580357142857143,0.38461538461538464
Out,0.47369322180747986,0.005581603036392052,0.38461538461538464
Out,0.4736977219581604,0.005582849486377847,0.38461538461538464
Out,0.4740278124809265,0.005584096493187403,0.38461538461538464
Out,0.4742128849029541,0.005585344057193923,0.38461538461538464
Out,0.4744528830051422,0.00558659217877095,0.38461538461538464
Out,0.47465431690216064,0.005587840858292356,0.38461538461538464
Out,0.47465619444847107,0.00558909009613235,0.38461538461538464
Out,0.47547417879104614,0.005590339892665474,0.38461538461538464
Out,0.4755827784538269,0.005591590248266607,0.38461538461538464
Out,0.4758528172969818,0.005592841163310962,0.38461538461538464
Out,0.47629469633102417,0.005594092638174088,0.38461538461538464
Out,0.47678396105766296,0.005595344673231871,0.38461538461538464
Out,0.4767952859401703,0.005596597268860533,0.38461538461538464
Out,0.4769549071788788,0.005597850425436633,0.38461538461538464
Out,0.47733691334724426,0.005375139977603583,0.36923076923076925
Out,0.47741830348968506,0.005376344086021506,0.36923076923076925
Out,0.4775131940841675,0.005377548734035402,0.36923076923076925
Out,0.4777529835700989,0.005378753922008068,0.36923076923076925
Out,0.4779960513114929,0.005379959650302623,0.36923076923076925
Out,0.47805798053741455,0.0053811659192825115,0.36923076923076925
Out,0.478345662355423,0.005382372729311505,0.36923076923076925
Out,0.47846105694770813,0.005383580080753701,0.36923076923076925
Out,0.4789845049381256,0.0053847879739735245,0.36923076923076925
Out,0.47957539558410645,0.005385996409335727,0.36923076923076925
Out,0.4797114133834839,0.0053872053872053875,0.36923076923076925
Out,0.47989293932914734,0.005388414907947912,0.36923076923076925
Out,0.47993114590644836,0.005389624971929036,0.36923076923076925
Out,0.4800221025943756,0.005390835579514825,0.36923076923076925
Out,0.4802264869213104,0.0053920467310716695,0.36923076923076925
Out,0.4803663194179535,0.005393258426966292,0.36923076923076925
Out,0.4805229604244232,0.005394470667565745,0.36923076923076925
Out,0.48056939244270325,0.00539568345323741,0.36923076923076925
Out,0.48061704635620117,0.005396896784348999,0.36923076923076925
Out,0.4806865155696869,0.005398110661268556,0.36923076923076925
Out,0.4807095527648926,0.005399325084364455,0.36923076923076925
Out,0.48075899481773376,0.0054005400540054005,0.36923076923076925
Out,0.4807972013950348,0.0054017555705604325,0.36923076923076925
Out,0.4809998571872711,0.005402971634398919,0.36923076923076925
Out,0.4812667667865753,0.005404188245890566,0.36923076923076925
Out,0.48151645064353943,0.005405405405405406,0.36923076923076925
Out,0.48175087571144104,0.005406623113313809,0.36923076923076925
Out,0.4825754463672638,0.005407841369986481,0.36923076923076925
Out,0.48259037733078003,0.005409060175794456,0.36923076923076925
Out,0.4826801121234894,0.005410279531109108,0.36923076923076925
Out,0.48276403546333313,0.005411499436302142,0.36923076923076925
Out,0.48292383551597595,0.005412719891745603,0.36923076923076925
Out,0.48304346203804016,0.0054139408978118655,0.36923076923076925
Out,0.4832337200641632,0.005415162454873646,0.36923076923076925
Out,0.48325350880622864,0.005416384563303994,0.36923076923076925
Out,0.4833580553531647,0.005417607223476298,0.36923076923076925
Out,0.48365044593811035,0.005418830435764281,0.36923076923076925
Out,0.4841751158237457,0.005420054200542005,0.36923076923076925
Out,0.4843284487724304,0.0054212785181838715,0.36923076923076925
Out,0.4843630790710449,0.005422503389064619,0.36923076923076925
Out,0.48437532782554626,0.005423728813559322,0.36923076923076925
Out,0.48439648747444153,0.0054249547920434,0.36923076923076925
Out,0.48456722497940063,0.005426181324892607,0.36923076923076925
Out,0.484604150056839,0.005427408412483039,0.36923076923076925
Out,0.4851040244102478,0.0054286360551911335,0.36923076923076925
Out,0.48510438203811646,0.005429864253393665,0.36923076923076925
Out,0.48514097929000854,0.005431093007467753,0.36923076923076925
Out,0.4852111041545868,0.005432322317790856,0.36923076923076925
Out,0.48536956310272217,0.005433552184740774,0.36923076923076925
Out,0.48543840646743774,0.005434782608695652,0.36923076923076925
Out,0.48547783493995667,0.005436013590033975,0.36923076923076925
Out,0.48555293679237366,0.005437245129134572,0.36923076923076925
Out,0.4856739640235901,0.005438477226376614,0.36923076923076925
Out,0.48586592078208923,0.005439709882139619,0.36923076923076925
Out,0.48675253987312317,0.005440943096803446,0.36923076923076925
Out,0.4867769777774811,0.005442176870748299,0.36923076923076925
Out,0.48688000440597534,0.005443411204354729,0.36923076923076925
Out,0.4869217276573181,0.0054446460980036296,0.36923076923076925
Out,0.4872356951236725,0.005445881552076242,0.36923076923076925
Out,0.48727500438690186,0.005447117566954153,0.36923076923076925
Out,0.48728612065315247,0.005448354143019296,0.36923076923076925
Out,0.48739093542099,0.005449591280653951,0.36923076923076925
Out,0.4874153733253479,0.005450828980240745,0.36923076923076925
Out,0.4876389801502228,0.005452067242162653,0.36923076923076925
Out,0.48780640959739685,0.0054533060668029995,0.36923076923076925
Out,0.4882029891014099,0.005454545454545455,0.36923076923076925
Out,0.48821285367012024,0.00545578540577404,0.36923076923076925
Out,0.48856210708618164,0.005457025920873124,0.36923076923076925
Out,0.4886195659637451,0.005458267000227428,0.36923076923076925
Out,0.4888095557689667,0.00545950864422202,0.36923076923076925
Out,0.4888196885585785,0.005460750853242321,0.36923076923076925
Out,0.4889509081840515,0.005461993627674101,0.36923076923076925
Out,0.4890668988227844,0.005463236967903483,0.36923076923076925
Out,0.4891183376312256,0.00546448087431694,0.36923076923076925
Out,0.4891647398471832,0.005465725347301298,0.36923076923076925
Out,0.4899577796459198,0.005466970387243736,0.36923076923076925
Out,0.4901147484779358,0.005468215994531784,0.36923076923076925
Out,0.49047574400901794,0.0054694621695533276,0.36923076923076925
Out,0.4907059371471405,0.0054707089126966035,0.36923076923076925
Out,0.4907222390174866,0.005471956224350205,0.36923076923076925
Out,0.4908738136291504,0.005473204104903079,0.36923076923076925
Out,0.4912966191768646,0.005474452554744526,0.36923076923076925
Out,0.4913356900215149,0.0054757015742642025,0.36923076923076925
Out,0.4915308654308319,0.005476951163852123,0.36923076923076925
Out,0.4916575849056244,0.005478201323898653,0.36923076923076925
Out,0.4916737675666809,0.005479452054794521,0.36923076923076925
Out,0.4918007254600525,0.005480703356930806,0.36923076923076925
Out,0.49190714955329895,0.00548195523069895,0.36923076923076925
Out,0.49227505922317505,0.0054832076764907475,0.36923076923076925
Out,0.4926151931285858,0.005484460694698354,0.36923076923076925
Out,0.49310168623924255,0.005485714285714286,0.36923076923076925
Out,0.49329909682273865,0.0054869684499314125,0.36923076923076925
Out,0.49332332611083984,0.005488223187742968,0.36923076923076925
Out,0.4934116303920746,0.0054894784995425435,0.36923076923076925
Out,0.49379250407218933,0.00549073438572409,0.36923076923076925
Out,0.49395614862442017,0.005491990846681922,0.36923076923076925
Out,0.4941510558128357,0.005493247882810712,0.36923076923076925
Out,0.49474483728408813,0.005494505494505495,0.36923076923076925
Out,0.494845449924469,0.005495763682161667,0.36923076923076925
Out,0.49516552686691284,0.005497022446174988,0.36923076923076925
Out,0.49527859687805176,0.005498281786941581,0.36923076923076925
Out,0.49544063210487366,0.005499541704857928,0.36923076923076925
Out,0.49550068378448486,0.0055008022003208805,0.36923076923076925
Out,0.49555695056915283,0.005502063273727648,0.36923076923076925
Out,0.4956795275211334,0.005503324925475808,0.36923076923076925
Out,0.49580180644989014,0.005504587155963303,0.36923076923076925
Out,0.496138334274292,0.0055058499655884375,0.36923076923076925
Out,0.4965720772743225,0.005507113354749885,0.36923076923076925
Out,0.49664077162742615,0.005508377323846684,0.36923076923076925
Out,0.49666541814804077,0.005509641873278237,0.36923076923076925
Out,0.49673545360565186,0.005510907003444317,0.36923076923076925
Out,0.4968098998069763,0.005512172714745062,0.36923076923076925
Out,0.49699515104293823,0.005513439007580979,0.36923076923076925
Out,0.49704059958457947,0.0055147058823529415,0.36923076923076925
Out,0.49730628728866577,0.005515973339462192,0.36923076923076925
Out,0.49748653173446655,0.005517241379310344,0.36923076923076925
Out,0.4974881112575531,0.005518510002299379,0.36923076923076925
Out,0.4976009130477905,0.005519779208831647,0.36923076923076925
Out,0.4977232813835144,0.005521048999309869,0.36923076923076925
Out,0.497763454914093,0.005522319374137137,0.36923076923076925
Out,0.49777328968048096,0.005523590333716916,0.36923076923076925
Out,0.49822762608528137,0.0055248618784530384,0.36923076923076925
Out,0.4985538125038147,0.005526134008749712,0.36923076923076925
Out,0.498577743768692,0.0055274067250115156,0.36923076923076925
Out,0.49905216693878174,0.0055286800276434,0.36923076923076925
Out,0.49908247590065,0.005529953917050691,0.36923076923076925
Out,0.49910470843315125,0.0055312283936390875,0.36923076923076925
Out,0.49939247965812683,0.005532503457814661,0.36923076923076925
Out,0.5001466274261475,0.00553377910998386,0.36923076923076925
Out,0.5005618929862976,0.005535055350553505,0.36923076923076925
Out,0.5006769895553589,0.005536332179930796,0.36923076923076925
Out,0.5007539987564087,0.0055376095985233045,0.36923076923076925
Out,0.501266598701477,0.0055388876067389795,0.36923076923076925
Out,0.5017760396003723,0.00554016620498615,0.36923076923076925
Out,0.5018612742424011,0.005541445393673516,0.36923076923076925
Out,0.5021491050720215,0.005542725173210162,0.36923076923076925
Out,0.5023316740989685,0.005544005544005544,0.36923076923076925
Out,0.5023500323295593,0.005545286506469501,0.36923076923076925
Out,0.5027718544006348,0.005546568061012249,0.36923076923076925
Out,0.5029116868972778,0.005547850208044383,0.36923076923076925
Out,0.5029621720314026,0.0055491329479768784,0.36923076923076925
Out,0.5032204389572144,0.005550416281221091,0.36923076923076925
Out,0.5032668113708496,0.005551700208188758,0.36923076923076925
Out,0.5032817125320435,0.005552984729291994,0.36923076923076925
Out,0.5033108592033386,0.0055542698449433,0.36923076923076925
Out,0.503475546836853,0.005555555555555556,0.36923076923076925
Out,0.5036065578460693,0.005556841861542023,0.36923076923076925
Out,0.5038450956344604,0.00555812876331635,0.36923076923076925
Out,0.5042105317115784,0.005559416261292564,0.36923076923076925
Out,0.5043049454689026,0.005560704355885079,0.36923076923076925
Out,0.5044987201690674,0.005561993047508691,0.36923076923076925
Out,0.50455641746521,0.005563282336578581,0.36923076923076925
Out,0.5046733617782593,0.005564572223510317,0.36923076923076925
Out,0.5048286318778992,0.0055658627087198514,0.36923076923076925
Out,0.5052303075790405,0.0055671537926235215,0.36923076923076925
Out,0.5052980780601501,0.005568445475638051,0.36923076923076925
Out,0.5055361986160278,0.005569737758180552,0.36923076923076925
Out,0.5056068301200867,0.005571030640668524,0.36923076923076925
Out,0.5057017207145691,0.0055723241235198515,0.36923076923076925
Out,0.5058409571647644,0.00557361820715281,0.36923076923076925
Out,0.5059390068054199,0.005574912891986063,0.36923076923076925
Out,0.5063766241073608,0.0055762081784386614,0.36923076923076925
Out,0.5068350434303284,0.005577504066930049,0.36923076923076925
Out,0.5068964958190918,0.005578800557880056,0.36923076923076925
Out,0.5070767998695374,0.005580097651708905,0.36923076923076925
Out,0.5071179866790771,0.005581395348837209,0.36923076923076925
Out,0.5073560476303101,0.005582693649685973,0.36923076923076925
Out,0.5076927542686462,0.005583992554676594,0.36923076923076925
Out,0.509077787399292,0.005585292064230859,0.36923076923076925
Out,0.5091530680656433,0.00558659217877095,0.36923076923076925
Out,0.5091623663902283,0.0055878928987194414,0.36923076923076925
Out,0.5091888904571533,0.0055891942244993015,0.36923076923076925
Out,0.5092234015464783,0.005590496156533892,0.36923076923076925
Out,0.5093808770179749,0.005591798695246971,0.36923076923076925
Out,0.5094071626663208,0.00559310184106269,0.36923076923076925
Out,0.5094919800758362,0.005594405594405594,0.36923076923076925
Out,0.5096142292022705,0.00559570995570063,0.36923076923076925
Out,0.5097067952156067,0.005597014925373134,0.36923076923076925
Out,0.510576605796814,0.005598320503848845,0.36923076923076925
Out,0.5107975006103516,0.0055996266915538965,0.36923076923076925
Out,0.5109620094299316,0.005600933488914819,0.36923076923076925
Out,0.5110746622085571,0.0056022408963585435,0.36923076923076925
Out,0.5111771821975708,0.005603548914312398,0.36923076923076925
Out,0.5112389326095581,0.005604857543204111,0.36923076923076925
Out,0.511706531047821,0.005606166783461808,0.36923076923076925
Out,0.5119666457176208,0.005607476635514018,0.36923076923076925
Out,0.5120089054107666,0.00560878709978967,0.36923076923076925
Out,0.5122684240341187,0.005610098176718092,0.36923076923076925
Out,0.5122687816619873,0.005611409866729015,0.36923076923076925
Out,0.5124279260635376,0.005612722170252572,0.36923076923076925
Out,0.5124443173408508,0.005614035087719298,0.36923076923076925
Out,0.5132614970207214,0.005615348619560131,0.36923076923076925
Out,0.5133464932441711,0.005616662766206412,0.36923076923076925
Out,0.5134872198104858,0.0056179775280898875,0.36923076923076925
Out,0.513495922088623,0.005619292905642706,0.36923076923076925
Out,0.5136764645576477,0.005620608899297424,0.36923076923076925
Out,0.5137044787406921,0.005621925509486999,0.36923076923076925
Out,0.5137292742729187,0.005623242736644799,0.36923076923076925
Out,0.5138734579086304,0.005624560581204594,0.36923076923076925
Out,0.5138865113258362,0.005625879043600563,0.36923076923076925
Out,0.5139504671096802,0.005627198124267292,0.36923076923076925
Out,0.5142186880111694,0.005628517823639775,0.36923076923076925
Out,0.5144535899162292,0.005629838142153413,0.36923076923076925
Out,0.5146691203117371,0.005631159080244017,0.36923076923076925
Out,0.5147673487663269,0.005632480638347806,0.36923076923076925
Out,0.5147704482078552,0.005633802816901409,0.36923076923076925
Out,0.5147762894630432,0.005635125616341864,0.36923076923076925
Out,0.5147848129272461,0.0056364490371066224,0.36923076923076925
Out,0.5152103900909424,0.005637773079633545,0.36923076923076925
Out,0.5152158737182617,0.005639097744360902,0.36923076923076925
Out,0.5152353644371033,0.00564042303172738,0.36923076923076925
Out,0.5154068470001221,0.005641748942172073,0.36923076923076925
Out,0.5157897472381592,0.005643075476134493,0.36923076923076925
Out,0.5160160064697266,0.005644402634054563,0.36923076923076925
Out,0.5161123871803284,0.0056457304163726185,0.36923076923076925
Out,0.5161883234977722,0.005647058823529412,0.36923076923076925
Out,0.5163019299507141,0.00564838785596611,0.36923076923076925
Out,0.5164095759391785,0.005649717514124294,0.36923076923076925
Out,0.5166341662406921,0.0056510477984459614,0.36923076923076925
Out,0.5169276595115662,0.005652378709373528,0.36923076923076925
Out,0.517008900642395,0.005653710247349823,0.36923076923076925
Out,0.5172609090805054,0.005655042412818096,0.36923076923076925
Out,0.5176434516906738,0.0056563752062220125,0.36923076923076925
Out,0.5178312659263611,0.005657708628005658,0.36923076923076925
Out,0.51799076795578,0.005659042678613535,0.36923076923076925
Out,0.5185406804084778,0.005660377358490566,0.36923076923076925
Out,0.5189865827560425,0.005661712668082095,0.36923076923076925
Out,0.519021213054657,0.005663048607833884,0.36923076923076925
Out,0.5190366506576538,0.005664385178192117,0.36923076923076925
Out,0.5192407369613647,0.0056657223796034,0.36923076923076925
Out,0.5195019841194153,0.005667060212514758,0.36923076923076925
Out,0.5201781392097473,0.005668398677373642,0.36923076923076925
Out,0.520384669303894,0.005669737774627924,0.36923076923076925
Out,0.5205523371696472,0.005671077504725898,0.36923076923076925
Out,0.5217294096946716,0.0056724178681162845,0.36923076923076925
Out,0.5218655467033386,0.005673758865248227,0.36923076923076925
Out,0.5223314166069031,0.005675100496571293,0.36923076923076925
Out,0.5223587155342102,0.005676442762535478,0.36923076923076925
Out,0.5223649144172668,0.0056777856635912,0.36923076923076925
Out,0.5223835706710815,0.005679129200189304,0.36923076923076925
Out,0.5228210687637329,0.005680473372781065,0.36923076923076925
Out,0.5229782462120056,0.005681818181818182,0.36923076923076925
Out,0.5233506560325623,0.005683163627752783,0.36923076923076925
Out,0.5236798524856567,0.005684509711037423,0.36923076923076925
Out,0.5237130522727966,0.005685856432125089,0.36923076923076925
Out,0.5238010287284851,0.005687203791469194,0.36923076923076925
Out,0.5239181518554688,0.005451528798293435,0.35384615384615387
Out,0.5241069793701172,0.005452821242294926,0.35384615384615387
Out,0.5242310166358948,0.005454114299264881,0.35384615384615387
Out,0.5242577791213989,0.005455407969639468,0.35384615384615387
Out,0.524554431438446,0.005456702253855279,0.35384615384615387
Out,0.5248319506645203,0.005457997152349312,0.35384615384615387
Out,0.5248774290084839,0.005459292665558984,0.35384615384615387
Out,0.525111198425293,0.005460588793922127,0.35384615384615387
Out,0.525298535823822,0.005461885537876989,0.35384615384615387
Out,0.5253611207008362,0.005463182897862233,0.35384615384615387
Out,0.525506854057312,0.00546448087431694,0.35384615384615387
Out,0.5256345868110657,0.005465779467680608,0.35384615384615387
Out,0.5256660580635071,0.005467078678393154,0.35384615384615387
Out,0.5257391929626465,0.005468378506894912,0.35384615384615387
Out,0.5257471799850464,0.005469678953626635,0.35384615384615387
Out,0.5261580348014832,0.005470980019029496,0.35384615384615387
Out,0.5262435078620911,0.005472281703545087,0.35384615384615387
Out,0.5265285968780518,0.005473584007615421,0.35384615384615387
Out,0.526534378528595,0.005474886931682933,0.35384615384615387
Out,0.526536762714386,0.0054761904761904765,0.35384615384615387
Out,0.5268386006355286,0.005477494641581329,0.35384615384615387
Out,0.5268515348434448,0.00547879942829919,0.35384615384615387
Out,0.5268871784210205,0.005480104836788182,0.35384615384615387
Out,0.5269074440002441,0.00548141086749285,0.35384615384615387
Out,0.5273298621177673,0.0054827175208581646,0.35384615384615387
Out,0.5276790857315063,0.005484024797329518,0.35384615384615387
Out,0.5279020667076111,0.005485332697352731,0.35384615384615387
Out,0.5281953811645508,0.005486641221374045,0.35384615384615387
Out,0.528336763381958,0.0054879503698401335,0.35384615384615387
Out,0.5291702747344971,0.005489260143198091,0.35384615384615387
Out,0.5291739702224731,0.00549057054189544,0.35384615384615387
Out,0.52925044298172,0.0054918815663801334,0.35384615384615387
Out,0.5294739007949829,0.00549319321710055,0.35384615384615387
Out,0.5296826362609863,0.005494505494505495,0.35384615384615387
Out,0.529940128326416,0.005495818399044205,0.35384615384615387
Out,0.5303396582603455,0.005497131931166348,0.35384615384615387
Out,0.5304848551750183,0.005498446091322017,0.35384615384615387
Out,0.5305356383323669,0.005499760879961741,0.35384615384615387
Out,0.5310072898864746,0.005501076297536474,0.35384615384615387
Out,0.5310121178627014,0.005502392344497608,0.35384615384615387
Out,0.5312504172325134,0.005503709021296961,0.35384615384615387
Out,0.5313081741333008,0.005505026328386788,0.35384615384615387
Out,0.5315354466438293,0.005506344266219775,0.35384615384615387
Out,0.5315759181976318,0.005507662835249042,0.35384615384615387
Out,0.5316798686981201,0.005508982035928144,0.35384615384615387
Out,0.5318534970283508,0.005510301868711069,0.35384615384615387
Out,0.5318865776062012,0.005511622334052241,0.35384615384615387
Out,0.5319138765335083,0.00551294343240652,0.35384615384615387
Out,0.532311737537384,0.005514265164229201,0.35384615384615387
Out,0.5323596000671387,0.005515587529976019,0.35384615384615387
Out,0.5324533581733704,0.005516910530103142,0.35384615384615387
Out,0.5331286191940308,0.005518234165067178,0.35384615384615387
Out,0.5332702398300171,0.005519558435325174,0.35384615384615387
Out,0.5334122776985168,0.005520883341334613,0.35384615384615387
Out,0.5335838198661804,0.005522208883553421,0.35384615384615387
Out,0.5338647365570068,0.005523535062439962,0.35384615384615387
Out,0.5341311693191528,0.0055248618784530384,0.35384615384615387
Out,0.5342085361480713,0.005526189332051898,0.35384615384615387
Out,0.5344519019126892,0.0055275174236962266,0.35384615384615387
Out,0.5348598957061768,0.005528846153846154,0.35384615384615387
Out,0.5349295735359192,0.005530175522962251,0.35384615384615387
Out,0.5350649356842041,0.005531505531505531,0.35384615384615387
Out,0.5353562235832214,0.005532836179937455,0.35384615384615387
Out,0.5359851717948914,0.005534167468719923,0.35384615384615387
Out,0.5362821817398071,0.005535499398315283,0.35384615384615387
Out,0.5364954471588135,0.0055368319691863266,0.35384615384615387
Out,0.5365104675292969,0.005538165181796292,0.35384615384615387
Out,0.536813497543335,0.005539499036608863,0.35384615384615387
Out,0.5369065999984741,0.0055408335340881715,0.35384615384615387
Out,0.5371307134628296,0.005542168674698795,0.35384615384615387
Out,0.5372709631919861,0.00554350445890576,0.35384615384615387
Out,0.5373863577842712,0.005544840887174542,0.35384615384615387
Out,0.537476658821106,0.005546177959971064,0.35384615384615387
Out,0.5377468466758728,0.005547515677761698,0.35384615384615387
Out,0.5380823612213135,0.005548854041013269,0.35384615384615387
Out,0.5382906794548035,0.005308880308880309,0.3384615384615385
Out,0.5384365916252136,0.005310161718561429,0.3384615384615385
Out,0.538630485534668,0.005311443746982134,0.3384615384615385
Out,0.5392129421234131,0.005312726394590679,0.3384615384615385
Out,0.5393025875091553,0.005314009661835749,0.3384615384615385
Out,0.5394777059555054,0.005315293549166465,0.3384615384615385
Out,0.5398080348968506,0.005316578057032383,0.3384615384615385
Out,0.5398939251899719,0.005317863185883491,0.3384615384615385
Out,0.5399658679962158,0.005319148936170213,0.3384615384615385
Out,0.5405555367469788,0.00532043530834341,0.3384615384615385
Out,0.5407273769378662,0.005321722302854378,0.3384615384615385
Out,0.5407532453536987,0.005323009920154851,0.3384615384615385
Out,0.5407895445823669,0.005324298160696999,0.3384615384615385
Out,0.5410374402999878,0.00532558702493343,0.3384615384615385
Out,0.5412425398826599,0.005326876513317191,0.3384615384615385
Out,0.541524350643158,0.005328166626301768,0.3384615384615385
Out,0.5417032241821289,0.005329457364341085,0.3384615384615385
Out,0.5419310331344604,0.005330748727889508,0.3384615384615385
Out,0.5420480370521545,0.005332040717401842,0.3384615384615385
Out,0.5420536994934082,0.005333333333333333,0.3384615384615385
Out,0.5422675013542175,0.00533462657613967,0.3384615384615385
Out,0.5424484610557556,0.0053359204462769825,0.3384615384615385
Out,0.5426675081253052,0.005337214944201844,0.3384615384615385
Out,0.5428686141967773,0.005338510070371269,0.3384615384615385
Out,0.5428858995437622,0.005339805825242718,0.3384615384615385
Out,0.5433769822120667,0.005341102209274096,0.3384615384615385
Out,0.5436189770698547,0.005342399222923749,0.3384615384615385
Out,0.5437163710594177,0.005343696866650474,0.3384615384615385
Out,0.5437495708465576,0.005344995140913508,0.3384615384615385
Out,0.5439066886901855,0.0053462940461725394,0.3384615384615385
Out,0.5441067814826965,0.0053475935828877,0.3384615384615385
Out,0.5443781614303589,0.005348893751519572,0.3384615384615385
Out,0.5444599390029907,0.005350194552529183,0.3384615384615385
Out,0.5445735454559326,0.00535149598637801,0.3384615384615385
Out,0.5450891256332397,0.00535279805352798,0.3384615384615385
Out,0.5461766123771667,0.00535410075444147,0.3384615384615385
Out,0.546185314655304,0.005355404089581304,0.3384615384615385
Out,0.5464887022972107,0.005356708059410762,0.3384615384615385
Out,0.5467231273651123,0.00535801266439357,0.3384615384615385
Out,0.5467836856842041,0.00535931790499391,0.3384615384615385
Out,0.5468536615371704,0.005360623781676413,0.3384615384615385
Out,0.5472912788391113,0.005361930294906166,0.3384615384615385
Out,0.5475038290023804,0.005363237445148708,0.3384615384615385
Out,0.5476282238960266,0.0053645452328700315,0.3384615384615385
Out,0.5476544499397278,0.005365853658536586,0.3384615384615385
Out,0.5483511090278625,0.005367162722615272,0.3384615384615385
Out,0.5495181679725647,0.005368472425573451,0.3384615384615385
Out,0.5499098300933838,0.005369782767878936,0.3384615384615385
Out,0.5500662326812744,0.00537109375,0.3384615384615385
Out,0.5500815510749817,0.005372405372405372,0.3384615384615385
Out,0.5504835247993469,0.00537371763556424,0.3384615384615385
Out,0.5506381988525391,0.005375030539946249,0.3384615384615385
Out,0.5507220029830933,0.005376344086021506,0.3384615384615385
Out,0.5507423877716064,0.005377658274260572,0.3384615384615385
Out,0.5509379506111145,0.0053789731051344745,0.3384615384615385
Out,0.5510759949684143,0.005380288579114698,0.3384615384615385
Out,0.5513201951980591,0.0053816046966731895,0.3384615384615385
Out,0.5513492226600647,0.005382921458282359,0.3384615384615385
Out,0.551584005355835,0.0053842388644150755,0.3384615384615385
Out,0.5518230199813843,0.005385556915544675,0.3384615384615385
Out,0.5519787669181824,0.0053868756121449556,0.3384615384615385
Out,0.5520390868186951,0.005388194954690179,0.3384615384615385
Out,0.5521506667137146,0.005389514943655071,0.3384615384615385
Out,0.5522914528846741,0.005390835579514825,0.3384615384615385
Out,0.5526365637779236,0.005392156862745098,0.3384615384615385
Out,0.5528057217597961,0.005393478793822015,0.3384615384615385
Out,0.5532422661781311,0.005394801373222168,0.3384615384615385
Out,0.5533584952354431,0.005396124601422614,0.3384615384615385
Out,0.5538194179534912,0.005397448478900883,0.3384615384615385
Out,0.5542898774147034,0.005398773006134969,0.3384615384615385
Out,0.5550228953361511,0.005400098183603338,0.3384615384615385
Out,0.5551261305809021,0.005401424011784925,0.3384615384615385
Out,0.5551344752311707,0.0054027504911591355,0.3384615384615385
Out,0.5556498765945435,0.005404077622205846,0.3384615384615385
Out,0.5556923747062683,0.005405405405405406,0.3384615384615385
Out,0.5562995672225952,0.005406733841238634,0.3384615384615385
Out,0.556752622127533,0.005408062930186824,0.3384615384615385
Out,0.5574108958244324,0.005409392672731743,0.3384615384615385
Out,0.5583994388580322,0.0054107230693556324,0.3384615384615385
Out,0.5585016012191772,0.005412054120541206,0.3384615384615385
Out,0.5590357184410095,0.0054133858267716535,0.3384615384615385
Out,0.559085488319397,0.005414718188530642,0.3384615384615385
Out,0.5591570734977722,0.0054160512063023145,0.3384615384615385
Out,0.559505820274353,0.005417384880571288,0.3384615384615385
Out,0.5595323443412781,0.00541871921182266,0.3384615384615385
Out,0.5596438646316528,0.005420054200542005,0.3384615384615385
Out,0.5596976280212402,0.005421389847215377,0.3384615384615385
Out,0.5604237914085388,0.005422726152329307,0.3384615384615385
Out,0.5605423450469971,0.005424063116370809,0.3384615384615385
Out,0.5614055395126343,0.005425400739827373,0.3384615384615385
Out,0.5615776777267456,0.005426739023186976,0.3384615384615385
Out,0.5617268085479736,0.00542807796693807,0.3384615384615385
Out,0.5618434548377991,0.005429417571569595,0.3384615384615385
Out,0.562591016292572,0.0054307578375709705,0.3384615384615385
Out,0.5626600384712219,0.005432098765432099,0.3384615384615385
Out,0.5626937747001648,0.005433440355643368,0.3384615384615385
Out,0.5633459687232971,0.005434782608695652,0.3384615384615385
Out,0.5635850429534912,0.0054361255250803065,0.3384615384615385
Out,0.5638267993927002,0.005437469105289174,0.3384615384615385
Out,0.5643376111984253,0.005438813349814586,0.3384615384615385
Out,0.5644671320915222,0.005440158259149357,0.3384615384615385
Out,0.5645223259925842,0.005441503833786792,0.3384615384615385
Out,0.5645425915718079,0.0054428500742206825,0.3384615384615385
Out,0.5646262168884277,0.00544419698094531,0.3384615384615385
Out,0.5647478103637695,0.005445544554455445,0.3384615384615385
Out,0.5649128556251526,0.005446892795246348,0.3384615384615385
Out,0.5650777816772461,0.005448241703813769,0.3384615384615385
Out,0.5656095147132874,0.005449591280653951,0.3384615384615385
Out,0.5656633973121643,0.005450941526263627,0.3384615384615385
Out,0.5658383369445801,0.005452292441140025,0.3384615384615385
Out,0.5662379264831543,0.005453644025780862,0.3384615384615385
Out,0.5663293600082397,0.005454996280684354,0.3384615384615385
Out,0.5665558576583862,0.005456349206349206,0.3384615384615385
Out,0.5666550397872925,0.005457702803274621,0.3384615384615385
Out,0.5669578909873962,0.005459057071960298,0.3384615384615385
Out,0.5670363903045654,0.005460412012906428,0.3384615384615385
Out,0.5671437382698059,0.005461767626613704,0.3384615384615385
Out,0.5672224164009094,0.005463123913583313,0.3384615384615385
Out,0.5672373175621033,0.00546448087431694,0.3384615384615385
Out,0.5677177906036377,0.00546583850931677,0.3384615384615385
Out,0.5681824684143066,0.0054671968190854875,0.3384615384615385
Out,0.5682051777839661,0.005468555804126274,0.3384615384615385
Out,0.5691400766372681,0.005469915464942815,0.3384615384615385
Out,0.569360077381134,0.005471275802039294,0.3384615384615385
Out,0.5699354410171509,0.005472636815920398,0.3384615384615385
Out,0.5699360966682434,0.005473998507091316,0.3384615384615385
Out,0.570262610912323,0.0054753608760577405,0.3384615384615385
Out,0.570415198802948,0.005476723923325865,0.3384615384615385
Out,0.5708801746368408,0.005478087649402391,0.3384615384615385
Out,0.5711438655853271,0.005479452054794521,0.3384615384615385
Out,0.5713310241699219,0.005480817140009965,0.3384615384615385
Out,0.571750283241272,0.00548218290555694,0.3384615384615385
Out,0.5717529058456421,0.005483549351944167,0.3384615384615385
Out,0.5719457268714905,0.005484916479680878,0.3384615384615385
Out,0.5725597739219666,0.005486284289276808,0.3384615384615385
Out,0.5727494359016418,0.0054876527812422055,0.3384615384615385
Out,0.5730593800544739,0.0054890219560878245,0.3384615384615385
Out,0.5731449723243713,0.005490391814324931,0.3384615384615385
Out,0.5733504295349121,0.0054917623564653024,0.3384615384615385
Out,0.5734642148017883,0.005493133583021223,0.3384615384615385
Out,0.5738257765769958,0.005494505494505495,0.3384615384615385
Out,0.5740516185760498,0.005495878091431427,0.3384615384615385
Out,0.5740688443183899,0.005497251374312844,0.3384615384615385
Out,0.5747246146202087,0.005498625343664084,0.3384615384615385
Out,0.5747756361961365,0.0055,0.3384615384615385
Out,0.5748100876808167,0.005501375343835959,0.3384615384615385
Out,0.5749711394309998,0.005502751375687844,0.3384615384615385
Out,0.5751398205757141,0.0055041280960720545,0.3384615384615385
Out,0.5757635831832886,0.0055055055055055055,0.3384615384615385
Out,0.5759648680686951,0.005506883604505632,0.3384615384615385
Out,0.5765430331230164,0.005508262393590386,0.3384615384615385
Out,0.576671838760376,0.005509641873278237,0.3384615384615385
Out,0.5766719579696655,0.005511022044088177,0.3384615384615385
Out,0.5772739052772522,0.005512402906539714,0.3384615384615385
Out,0.5775625705718994,0.005513784461152882,0.3384615384615385
Out,0.5776304006576538,0.0055151667084482325,0.3384615384615385
Out,0.5779088139533997,0.005516549648946841,0.3384615384615385
Out,0.5782774090766907,0.005517933283170303,0.3384615384615385
Out,0.5786014795303345,0.0055193176116407425,0.3384615384615385
Out,0.5787332057952881,0.005520702634880803,0.3384615384615385
Out,0.5790349841117859,0.005522088353413655,0.3384615384615385
Out,0.5800571441650391,0.0055234747677629925,0.3384615384615385
Out,0.580174446105957,0.0055248618784530384,0.3384615384615385
Out,0.580362856388092,0.00552624968600854,0.3384615384615385
Out,0.5805448293685913,0.005527638190954774,0.3384615384615385
Out,0.5808629393577576,0.005529027393817542,0.3384615384615385
Out,0.5810168385505676,0.005530417295123178,0.3384615384615385
Out,0.581464946269989,0.0055318078953985415,0.3384615384615385
Out,0.5814985632896423,0.005533199195171026,0.3384615384615385
Out,0.5815704464912415,0.005534591194968554,0.3384615384615385
Out,0.5816588997840881,0.0055359838953195776,0.3384615384615385
Out,0.5818027257919312,0.0055373772967530835,0.3384615384615385
Out,0.5818231105804443,0.0055387713997985906,0.3384615384615385
Out,0.5818844437599182,0.00554016620498615,0.3384615384615385
Out,0.5823925137519836,0.0055415617128463475,0.3384615384615385
Out,0.5824069380760193,0.005542957923910304,0.3384615384615385
Out,0.5825852751731873,0.005544354838709678,0.3384615384615385
Out,0.5825896263122559,0.005545752457776657,0.3384615384615385
Out,0.5827596783638,0.005547150781643974,0.3384615384615385
Out,0.5828638672828674,0.005548549810844893,0.3384615384615385
Out,0.5829136967658997,0.005549949545913219,0.3384615384615385
Out,0.5831575393676758,0.0055513499873832955,0.3384615384615385
Out,0.5836412906646729,0.005552751135790005,0.3384615384615385
Out,0.5838842988014221,0.00555415299166877,0.3384615384615385
Out,0.5838987827301025,0.005555555555555556,0.3384615384615385
Out,0.5839916467666626,0.0055569588279868656,0.3384615384615385
Out,0.5843667984008789,0.0055583628094997475,0.3384615384615385
Out,0.5846337080001831,0.005559767500631791,0.3384615384615385
Out,0.5848028063774109,0.005561172901921132,0.3384615384615385
Out,0.5849774479866028,0.005562579013906448,0.3384615384615385
Out,0.5851083397865295,0.00556398583712696,0.3384615384615385
Out,0.5857705473899841,0.005565393372122439,0.3384615384615385
Out,0.5857900977134705,0.005566801619433198,0.3384615384615385
Out,0.5863341093063354,0.005568210579600101,0.3384615384615385
Out,0.5868473649024963,0.005569620253164557,0.3384615384615385
Out,0.5870266556739807,0.005571030640668524,0.3384615384615385
Out,0.5876882672309875,0.005572441742654508,0.3384615384615385
Out,0.5877096652984619,0.005573853559665568,0.3384615384615385
Out,0.5877129435539246,0.005575266092245312,0.3384615384615385
Out,0.5884328484535217,0.005576679340937896,0.3384615384615385
Out,0.5887261629104614,0.005578093306288032,0.3384615384615385
Out,0.5889118909835815,0.005579507988840984,0.3384615384615385
Out,0.589195728302002,0.005580923389142567,0.3384615384615385
Out,0.5894595980644226,0.005582339507739152,0.3384615384615385
Out,0.5899639129638672,0.005583756345177665,0.3384615384615385
Out,0.5902190804481506,0.005585173902005585,0.3384615384615385
Out,0.5906915068626404,0.00558659217877095,0.3384615384615385
Out,0.5916439294815063,0.0055880111760223524,0.3384615384615385
Out,0.5917678475379944,0.005589430894308943,0.3384615384615385
Out,0.5917810201644897,0.0055908513341804324,0.3384615384615385
Out,0.5924937129020691,0.005592272496187087,0.3384615384615385
Out,0.5932151079177856,0.0055936943808797355,0.3384615384615385
Out,0.5935474634170532,0.005595116988809766,0.3384615384615385
Out,0.593605101108551,0.005596540320529127,0.3384615384615385
Out,0.5940864682197571,0.0055979643765903305,0.3384615384615385
Out,0.5944767594337463,0.00559938915754645,0.3384615384615385
Out,0.5945640206336975,0.00560081466395112,0.3384615384615385
Out,0.5947005748748779,0.0056022408963585435,0.3384615384615385
Out,0.5948702692985535,0.0056036678553234845,0.3384615384615385
Out,0.5957332849502563,0.005605095541401274,0.3384615384615385
Out,0.5960346460342407,0.0056065239551478085,0.3384615384615385
Out,0.5961661338806152,0.005607953097119552,0.3384615384615385
Out,0.596386730670929,0.0056093829678735335,0.3384615384615385
Out,0.596701979637146,0.0056108135679673555,0.3384615384615385
Out,0.5967651605606079,0.005612244897959183,0.3384615384615385
Out,0.5969088673591614,0.005613676958407757,0.3384615384615385
Out,0.5972884297370911,0.005615109749872384,0.3384615384615385
Out,0.5974200367927551,0.005616543272912944,0.3384615384615385
Out,0.5975093841552734,0.0056179775280898875,0.3384615384615385
Out,0.597891628742218,0.00561941251596424,0.3384615384615385
Out,0.5981143116950989,0.005620848237097598,0.3384615384615385
Out,0.598247766494751,0.005622284692052134,0.3384615384615385
Out,0.5988441109657288,0.005623721881390593,0.3384615384615385
Out,0.5991840362548828,0.005625159805676298,0.3384615384615385
Out,0.5993049740791321,0.005626598465473146,0.3384615384615385
Out,0.5999101996421814,0.005628037861345613,0.3384615384615385
Out,0.6000060439109802,0.005629477993858751,0.3384615384615385
Out,0.6005421280860901,0.005630918863578193,0.3384615384615385
Out,0.6006043553352356,0.0056323604710701485,0.3384615384615385
Out,0.6008820533752441,0.005633802816901409,0.3384615384615385
Out,0.6011994481086731,0.0056352459016393444,0.3384615384615385
Out,0.6012697815895081,0.005636689725851908,0.3384615384615385
Out,0.6013158559799194,0.005638134290107637,0.3384615384615385
Out,0.6014826893806458,0.005639579594975647,0.3384615384615385
Out,0.6015794277191162,0.0056410256410256415,0.3384615384615385
Out,0.6018825769424438,0.0056424724288279045,0.3384615384615385
Out,0.6020985841751099,0.005643919958953309,0.3384615384615385
Out,0.6027297973632812,0.0056453682319733125,0.3384615384615385
Out,0.6027962565422058,0.005646817248459959,0.3384615384615385
Out,0.6029226779937744,0.005648267008985879,0.3384615384615385
Out,0.6029461026191711,0.005649717514124294,0.3384615384615385
Out,0.6031185984611511,0.005651168764449011,0.3384615384615385
Out,0.6039614081382751,0.005652620760534429,0.3384615384615385
Out,0.6043297052383423,0.005654073502955538,0.3384615384615385
Out,0.604486882686615,0.005655526992287918,0.3384615384615385
Out,0.604492723941803,0.00565698122910774,0.3384615384615385
Out,0.6047617197036743,0.00565843621399177,0.3384615384615385
Out,0.6047970056533813,0.005659891947517366,0.3384615384615385
Out,0.604841947555542,0.005661348430262481,0.3384615384615385
Out,0.60552978515625,0.005662805662805663,0.3384615384615385
Out,0.6056203246116638,0.005664263645726055,0.3384615384615385
Out,0.6056315302848816,0.0056657223796034,0.3384615384615385
Out,0.6058661341667175,0.005667181865018032,0.3384615384615385
Out,0.606166422367096,0.0056686421025508886,0.3384615384615385
Out,0.606309175491333,0.005670103092783505,0.3384615384615385
Out,0.6063947677612305,0.005671564836298015,0.3384615384615385
Out,0.6069214940071106,0.005673027333677153,0.3384615384615385
Out,0.6069961190223694,0.005674490585504256,0.3384615384615385
Out,0.6071534156799316,0.005675954592363261,0.3384615384615385
Out,0.6072181463241577,0.00567741935483871,0.3384615384615385
Out,0.6076182126998901,0.005678884873515746,0.3384615384615385
Out,0.6079823970794678,0.005680351148980119,0.3384615384615385
Out,0.6087135076522827,0.005681818181818182,0.3384615384615385
Out,0.608748197555542,0.005683285972616895,0.3384615384615385
Out,0.6089234352111816,0.005684754521963824,0.3384615384615385
Out,0.6091048121452332,0.005686223830447144,0.3384615384615385
Out,0.6092211604118347,0.005687693898655636,0.3384615384615385
Out,0.6092585325241089,0.005689164727178691,0.3384615384615385
Out,0.6096423864364624,0.005690636316606311,0.3384615384615385
Out,0.6099653840065002,0.005692108667529107,0.3384615384615385
Out,0.6101468205451965,0.005693581780538302,0.3384615384615385
Out,0.6104710102081299,0.005695055656225731,0.3384615384615385
Out,0.6108577251434326,0.005696530295183843,0.3384615384615385
Out,0.6113414764404297,0.005698005698005698,0.3384615384615385
Out,0.6114190816879272,0.005699481865284974,0.3384615384615385
Out,0.6116771101951599,0.005700958797615963,0.3384615384615385
Out,0.6122539043426514,0.005702436495593572,0.3384615384615385
Out,0.6131719946861267,0.005703914959813326,0.3384615384615385
Out,0.6132289171218872,0.005705394190871369,0.3384615384615385
Out,0.6141611933708191,0.005706874189364461,0.3384615384615385
Out,0.6143084764480591,0.005708354955889984,0.3384615384615385
Out,0.6145265102386475,0.0057098364910459385,0.3384615384615385
Out,0.6150816679000854,0.005711318795430945,0.3384615384615385
Out,0.615105152130127,0.005712801869644248,0.3384615384615385
Out,0.6151441335678101,0.005714285714285714,0.3384615384615385
Out,0.6153021454811096,0.005715770329955833,0.3384615384615385
Out,0.6159785985946655,0.005717255717255718,0.3384615384615385
Out,0.6164059042930603,0.005718741876787107,0.3384615384615385
Out,0.6164859533309937,0.005720228809152366,0.3384615384615385
Out,0.6166003942489624,0.005721716514954486,0.3384615384615385
Out,0.6171191334724426,0.005723204994797087,0.3384615384615385
Out,0.6173349618911743,0.00546448087431694,0.3230769230769231
Out,0.6175744533538818,0.005465903175429464,0.3230769230769231
Out,0.6177926659584045,0.005467326217130955,0.3230769230769231
Out,0.617893636226654,0.00546875,0.3230769230769231
Out,0.6179890632629395,0.005470174524615785,0.3230769230769231
Out,0.6180312037467957,0.0054715997915581035,0.3230769230769231
Out,0.6185228228569031,0.00547302580140735,0.3230769230769231
Out,0.6185317039489746,0.005474452554744526,0.3230769230769231
Out,0.6186766028404236,0.005475880052151239,0.3230769230769231
Out,0.6186917424201965,0.005477308294209703,0.3230769230769231
Out,0.6191766858100891,0.0054787372815027395,0.3230769230769231
Out,0.6195141077041626,0.005480167014613779,0.3230769230769231
Out,0.6201188564300537,0.00548159749412686,0.3230769230769231
Out,0.6205917000770569,0.005483028720626632,0.3230769230769231
Out,0.6212209463119507,0.005484460694698354,0.3230769230769231
Out,0.6213657259941101,0.0054858934169279,0.3230769230769231
Out,0.6216281652450562,0.005487326887901751,0.3230769230769231
Out,0.6217516660690308,0.005488761108207005,0.3230769230769231
Out,0.6218811273574829,0.005490196078431373,0.3230769230769231
Out,0.6221945285797119,0.0054916317991631795,0.3230769230769231
Out,0.6222977042198181,0.005493068270991368,0.3230769230769231
Out,0.6224784255027771,0.005494505494505495,0.3230769230769231
Out,0.622744619846344,0.005495943470295734,0.3230769230769231
Out,0.6229898929595947,0.00549738219895288,0.3230769230769231
Out,0.6230112910270691,0.0054988216810683424,0.3230769230769231
Out,0.6232057809829712,0.005500261917234154,0.3230769230769231
Out,0.6233760714530945,0.005501702908042965,0.3230769230769231
Out,0.623611330986023,0.00550314465408805,0.3230769230769231
Out,0.6239170432090759,0.005504587155963303,0.3230769230769231
Out,0.624019980430603,0.00550603041426324,0.3230769230769231
Out,0.6240874528884888,0.0055074744295830055,0.3230769230769231
Out,0.6243242621421814,0.005508919202518363,0.3230769230769231
Out,0.6245689392089844,0.005510364733665705,0.3230769230769231
Out,0.6248690485954285,0.005511811023622047,0.3230769230769231
Out,0.6250156164169312,0.005513258072985036,0.3230769230769231
Out,0.6255130767822266,0.0055147058823529415,0.3230769230769231
Out,0.6255826950073242,0.005516154452324665,0.3230769230769231
Out,0.6269790530204773,0.005517603783499738,0.3230769230769231
Out,0.6272933483123779,0.005519053876478318,0.3230769230769231
Out,0.6278064846992493,0.005520504731861199,0.3230769230769231
Out,0.6280978322029114,0.005521956350249803,0.3230769230769231
Out,0.6284549832344055,0.005523408732246186,0.3230769230769231
Out,0.6284675002098083,0.0055248618784530384,0.3230769230769231
Out,0.6285594701766968,0.005526315789473684,0.3230769230769231
Out,0.6285993456840515,0.005527770465912082,0.3230769230769231
Out,0.6286830902099609,0.005529225908372828,0.3230769230769231
Out,0.629290759563446,0.005530682117461154,0.3230769230769231
Out,0.6300392746925354,0.0055321390937829295,0.3230769230769231
Out,0.6303876042366028,0.005533596837944664,0.3230769230769231
Out,0.6308426856994629,0.005535055350553505,0.3230769230769231
Out,0.6308532357215881,0.005536514632217242,0.3230769230769231
Out,0.6309335231781006,0.005537974683544304,0.3230769230769231
Out,0.6310242414474487,0.0055394355051437616,0.3230769230769231
Out,0.6313484907150269,0.00554089709762533,0.3230769230769231
Out,0.6319512724876404,0.0055423594615993665,0.3230769230769231
Out,0.6321307420730591,0.0055438225976768745,0.3230769230769231
Out,0.6321425437927246,0.005545286506469501,0.3230769230769231
Out,0.6323322057723999,0.005546751188589541,0.3230769230769231
Out,0.6325114369392395,0.005548216644649934,0.3230769230769231
Out,0.6328319311141968,0.005549682875264271,0.3230769230769231
Out,0.6334565877914429,0.0055511498810467885,0.3230769230769231
Out,0.6339208483695984,0.005552617662612375,0.3230769230769231
Out,0.634208619594574,0.005554086220576567,0.3230769230769231
Out,0.6343299746513367,0.005291005291005291,0.3076923076923077
Out,0.634919285774231,0.005292405398253507,0.3076923076923077
Out,0.6350353956222534,0.005293806246691371,0.3076923076923077
Out,0.6351943612098694,0.0052952078369075985,0.3076923076923077
Out,0.6351956725120544,0.005296610169491525,0.3076923076923077
Out,0.6359514594078064,0.005298013245033113,0.3076923076923077
Out,0.6362248063087463,0.005299417064122946,0.3076923076923077
Out,0.6362429261207581,0.005300821627352239,0.3076923076923077
Out,0.6365422010421753,0.005302226935312832,0.3076923076923077
Out,0.6365489959716797,0.005303632988597189,0.3076923076923077
Out,0.6367707848548889,0.005305039787798408,0.3076923076923077
Out,0.6368417739868164,0.005306447333510215,0.3076923076923077
Out,0.6369118094444275,0.005307855626326964,0.3076923076923077
Out,0.6370143294334412,0.005309264666843642,0.3076923076923077
Out,0.6370929479598999,0.0053106744556558685,0.3076923076923077
Out,0.637191891670227,0.005312084993359893,0.3076923076923077
Out,0.6372686624526978,0.005313496280552604,0.3076923076923077
Out,0.6376601457595825,0.005314908317831517,0.3076923076923077
Out,0.6384991407394409,0.00531632110579479,0.3076923076923077
Out,0.6390402913093567,0.0053177346450412125,0.3076923076923077
Out,0.6391083002090454,0.005319148936170213,0.3076923076923077
Out,0.6397322416305542,0.005320563979781857,0.3076923076923077
Out,0.6400542855262756,0.005321979776476849,0.3076923076923077
Out,0.6400687098503113,0.005323396326856534,0.3076923076923077
Out,0.6402037143707275,0.005324813631522897,0.3076923076923077
Out,0.6404997110366821,0.005326231691078562,0.3076923076923077
Out,0.6412412524223328,0.005327650506126798,0.3076923076923077
Out,0.6413654088973999,0.005329070077271516,0.3076923076923077
Out,0.6415267586708069,0.005330490405117271,0.3076923076923077
Out,0.6418101787567139,0.005331911490269262,0.3076923076923077
Out,0.6421010494232178,0.005333333333333333,0.3076923076923077
Out,0.6424269676208496,0.005334755934915978,0.3076923076923077
Out,0.6424540281295776,0.005336179295624333,0.3076923076923077
Out,0.6425890326499939,0.0053376034160661865,0.3076923076923077
Out,0.642913281917572,0.005339028296849973,0.3076923076923077
Out,0.6429330706596375,0.0053404539385847796,0.3076923076923077
Out,0.6435993313789368,0.005341880341880342,0.3076923076923077
Out,0.6437287330627441,0.0053433075073470475,0.3076923076923077
Out,0.6439096331596375,0.005344735435595938,0.3076923076923077
Out,0.643970787525177,0.005346164127238706,0.3076923076923077
Out,0.6441847681999207,0.0053475935828877,0.3076923076923077
Out,0.6451273560523987,0.005349023803155924,0.3076923076923077
Out,0.6452746391296387,0.005350454788657036,0.3076923076923077
Out,0.6458832025527954,0.005351886540005352,0.3076923076923077
Out,0.6459158658981323,0.0053533190578158455,0.3076923076923077
Out,0.6462510228157043,0.0050870147255689425,0.2923076923076923
Out,0.6465967893600464,0.005088377075522228,0.2923076923076923
Out,0.646645188331604,0.005089740155371015,0.2923076923076923
Out,0.6466636657714844,0.005091103965702036,0.2923076923076923
Out,0.6470159888267517,0.0050924685071026534,0.2923076923076923
Out,0.6470698714256287,0.005093833780160858,0.2923076923076923
Out,0.6470755338668823,0.005095199785465273,0.2923076923076923
Out,0.6470856070518494,0.00509656652360515,0.2923076923076923
Out,0.6477806568145752,0.005097933995170378,0.2923076923076923
Out,0.6479759812355042,0.005099302200751476,0.2923076923076923
Out,0.6479806303977966,0.005100671140939597,0.2923076923076923
Out,0.6481015086174011,0.00510204081632653,0.2923076923076923
Out,0.6483370661735535,0.0051034112275047,0.2923076923076923
Out,0.6485023498535156,0.005104782375067168,0.2923076923076923
Out,0.6486616730690002,0.005106154259607632,0.2923076923076923
Out,0.6488604545593262,0.00510752688172043,0.2923076923076923
Out,0.6494333744049072,0.005108900242000538,0.2923076923076923
Out,0.6495716571807861,0.005110274341043572,0.2923076923076923
Out,0.6506136655807495,0.005111649179445789,0.2923076923076923
Out,0.6507562398910522,0.00511302475780409,0.2923076923076923
Out,0.6511787176132202,0.0051144010767160165,0.2923076923076923
Out,0.6514345407485962,0.005115778136779752,0.2923076923076923
Out,0.6518839597702026,0.005117155938594129,0.2923076923076923
Out,0.6521238088607788,0.0051185344827586205,0.2923076923076923
Out,0.6522281169891357,0.005119913769873349,0.2923076923076923
Out,0.6523832082748413,0.005121293800539084,0.2923076923076923
Out,0.652762234210968,0.005122674575357239,0.2923076923076923
Out,0.6534073352813721,0.005124056094929882,0.2923076923076923
Out,0.6539236307144165,0.005125438359859725,0.2923076923076923
Out,0.6539685726165771,0.005126821370750135,0.2923076923076923
Out,0.6547296643257141,0.005128205128205128,0.2923076923076923
Out,0.6549002528190613,0.0051295896328293735,0.2923076923076923
Out,0.6550448536872864,0.005130974885228194,0.2923076923076923
Out,0.6551117897033691,0.005132360886007563,0.2923076923076923
Out,0.6552373766899109,0.005133747635774115,0.2923076923076923
Out,0.6555674076080322,0.005135135135135135,0.2923076923076923
Out,0.6559371948242188,0.005136523384698567,0.2923076923076923
Out,0.65615314245224,0.005137912385073012,0.2923076923076923
Out,0.6562523245811462,0.005139302136867731,0.2923076923076923
Out,0.6562734246253967,0.005140692640692641,0.2923076923076923
Out,0.6564984917640686,0.005142083897158322,0.2923076923076923
Out,0.6568915247917175,0.005143475906876015,0.2923076923076923
Out,0.6569454669952393,0.005144868670457623,0.2923076923076923
Out,0.6577513813972473,0.0051462621885157095,0.2923076923076923
Out,0.6581211090087891,0.005147656461663506,0.2923076923076923
Out,0.6582484841346741,0.005149051490514906,0.2923076923076923
Out,0.6584335565567017,0.005150447275684467,0.2923076923076923
Out,0.6586574912071228,0.005151843817787419,0.2923076923076923
Out,0.6589876413345337,0.005153241117439653,0.2923076923076923
Out,0.6590790152549744,0.005154639175257732,0.2923076923076923
Out,0.6591973900794983,0.005156037991858887,0.2923076923076923
Out,0.6597505211830139,0.00515743756786102,0.2923076923076923
Out,0.6599711775779724,0.005158837903882704,0.2923076923076923
Out,0.6600155234336853,0.005160239000543183,0.2923076923076923
Out,0.6604798436164856,0.005161640858462374,0.2923076923076923
Out,0.6606882810592651,0.005163043478260869,0.2923076923076923
Out,0.6609609127044678,0.0051644468605599346,0.2923076923076923
Out,0.6615177392959595,0.005165851005981512,0.2923076923076923
Out,0.6616408824920654,0.005167255915148218,0.2923076923076923
Out,0.6617330312728882,0.005168661588683352,0.2923076923076923
Out,0.6618636250495911,0.0051700680272108845,0.2923076923076923
Out,0.6625571846961975,0.005171475231355471,0.2923076923076923
Out,0.6627471446990967,0.0051728832017424444,0.2923076923076923
Out,0.6632554531097412,0.0051742919389978215,0.2923076923076923
Out,0.6632792949676514,0.005175701443748297,0.2923076923076923
Out,0.6632885336875916,0.0051771117166212535,0.2923076923076923
Out,0.6638445258140564,0.005178522758244753,0.2923076923076923
Out,0.6642203330993652,0.005179934569247546,0.2923076923076923
Out,0.6642575860023499,0.0051813471502590676,0.2923076923076923
Out,0.6645864844322205,0.005182760501909438,0.2923076923076923
Out,0.6646749973297119,0.005184174624829468,0.2923076923076923
Out,0.6650394797325134,0.005185589519650655,0.2923076923076923
Out,0.6658681035041809,0.005187005187005187,0.2923076923076923
Out,0.6659100651741028,0.005188421627525942,0.2923076923076923
Out,0.666097104549408,0.00518983884184649,0.2923076923076923
Out,0.666265606880188,0.005191256830601093,0.2923076923076923
Out,0.6667056679725647,0.005192675594424706,0.2923076923076923
Out,0.666736364364624,0.00519409513395298,0.2923076923076923
Out,0.6671072840690613,0.005195515449822259,0.2923076923076923
Out,0.6673383712768555,0.005196936542669584,0.2923076923076923
Out,0.6674336194992065,0.005198358413132695,0.2923076923076923
Out,0.6677652597427368,0.005199781061850027,0.2923076923076923
Out,0.6686542630195618,0.005201204489460717,0.2923076923076923
Out,0.668660581111908,0.0052026286966046,0.2923076923076923
Out,0.6687433123588562,0.005204053683922213,0.2923076923076923
Out,0.6689090728759766,0.0052054794520547945,0.2923076923076923
Out,0.6689952611923218,0.005206906001644286,0.2923076923076923
Out,0.6690109372138977,0.005208333333333333,0.2923076923076923
Out,0.6690768599510193,0.005209761447765287,0.2923076923076923
Out,0.6692184209823608,0.005211190345584202,0.2923076923076923
Out,0.6694732308387756,0.005212620027434842,0.2923076923076923
Out,0.6705823540687561,0.0052140504939626785,0.2923076923076923
Out,0.6708459854125977,0.00521548174581389,0.2923076923076923
Out,0.671019971370697,0.005216913783635365,0.2923076923076923
Out,0.6712818145751953,0.005218346608074705,0.2923076923076923
Out,0.6713412404060364,0.0052197802197802195,0.2923076923076923
Out,0.6715788841247559,0.005221214619400934,0.2923076923076923
Out,0.6722078919410706,0.005222649807586586,0.2923076923076923
Out,0.6728506684303284,0.005224085784987627,0.2923076923076923
Out,0.6728671193122864,0.005225522552255226,0.2923076923076923
Out,0.673056960105896,0.005226960110041265,0.2923076923076923
Out,0.6733748912811279,0.005228398458998349,0.2923076923076923
Out,0.6747028231620789,0.005229837599779796,0.2923076923076923
Out,0.6748327612876892,0.0052312775330396475,0.2923076923076923
Out,0.6751295328140259,0.005232718259432663,0.2923076923076923
Out,0.6752349138259888,0.005234159779614325,0.2923076923076923
Out,0.6755774021148682,0.005235602094240838,0.2923076923076923
Out,0.6757584810256958,0.005237045203969129,0.2923076923076923
Out,0.6769590973854065,0.005238489109456851,0.2923076923076923
Out,0.6771610379219055,0.005239933811362383,0.2923076923076923
Out,0.6773239374160767,0.005241379310344828,0.2923076923076923
Out,0.6776705980300903,0.0052428256070640175,0.2923076923076923
Out,0.6777109503746033,0.005244272702180514,0.2923076923076923
Out,0.6777220368385315,0.005245720596355604,0.2923076923076923
Out,0.6777427196502686,0.005247169290251312,0.2923076923076923
Out,0.6779708862304688,0.005248618784530387,0.2923076923076923
Out,0.6779851913452148,0.005250069079856314,0.2923076923076923
Out,0.6786009669303894,0.005251520176893312,0.2923076923076923
Out,0.6786542534828186,0.005252972076306331,0.2923076923076923
Out,0.6794654130935669,0.005254424778761062,0.2923076923076923
Out,0.6795671582221985,0.0052558782849239285,0.2923076923076923
Out,0.6797649264335632,0.005257332595462092,0.2923076923076923
Out,0.6800326108932495,0.005258787711043454,0.2923076923076923
Out,0.6802683472633362,0.005260243632336656,0.2923076923076923
Out,0.6808227896690369,0.005261700360011078,0.2923076923076923
Out,0.6812724471092224,0.005263157894736842,0.2923076923076923
Out,0.6817758083343506,0.005264616237184816,0.2923076923076923
Out,0.6827724575996399,0.005266075388026608,0.2923076923076923
Out,0.6831114888191223,0.005267535347934572,0.2923076923076923
Out,0.6839351654052734,0.005268996117581808,0.2923076923076923
Out,0.6840755343437195,0.005270457697642164,0.2923076923076923
Out,0.6842096447944641,0.005271920088790233,0.2923076923076923
Out,0.6845580339431763,0.00527338329170136,0.2923076923076923
Out,0.6846904754638672,0.005274847307051638,0.2923076923076923
Out,0.684718132019043,0.005276312135517912,0.2923076923076923
Out,0.6849423050880432,0.005277777777777778,0.2923076923076923
Out,0.6857655048370361,0.005279244234509586,0.2923076923076923
Out,0.6858142614364624,0.0052807115063924406,0.2923076923076923
Out,0.6864972114562988,0.0052821795941062,0.2923076923076923
Out,0.6867923140525818,0.0052836484983314795,0.2923076923076923
Out,0.6876019835472107,0.005285118219749653,0.2923076923076923
Out,0.6880348920822144,0.0052865887590428495,0.2923076923076923
Out,0.6881241202354431,0.0052880601168939605,0.2923076923076923
Out,0.6882076859474182,0.005289532293986637,0.2923076923076923
Out,0.6883751749992371,0.005291005291005291,0.2923076923076923
Out,0.6886971592903137,0.0052924791086350976,0.2923076923076923
Out,0.6894960403442383,0.005293953747561995,0.2923076923076923
Out,0.6897067427635193,0.005295429208472687,0.2923076923076923
Out,0.6898362636566162,0.005296905492054642,0.2923076923076923
Out,0.6902619004249573,0.005298382598996096,0.2923076923076923
Out,0.6902844309806824,0.005299860529986053,0.2923076923076923
Out,0.6903628706932068,0.005301339285714286,0.2923076923076923
Out,0.6905137896537781,0.005302818866871337,0.2923076923076923
Out,0.6905996799468994,0.00530429927414852,0.2923076923076923
Out,0.691069483757019,0.005305780508237923,0.2923076923076923
Out,0.6929940581321716,0.005307262569832402,0.2923076923076923
Out,0.69312584400177,0.005308745459625594,0.2923076923076923
Out,0.6940038204193115,0.005310229178311906,0.2923076923076923
Out,0.6940134167671204,0.005311713726586525,0.2923076923076923
Out,0.694091260433197,0.005313199105145414,0.2923076923076923
Out,0.6941186189651489,0.005314685314685315,0.2923076923076923
Out,0.6943912506103516,0.005316172355903749,0.2923076923076923
Out,0.6944906711578369,0.005317660229499021,0.2923076923076923
Out,0.6946079730987549,0.005319148936170213,0.2923076923076923
Out,0.6950868964195251,0.005320638476617194,0.2923076923076923
Out,0.6959569454193115,0.005322128851540616,0.2923076923076923
Out,0.6959802508354187,0.005323620061641917,0.2923076923076923
Out,0.6966213583946228,0.005325112107623318,0.2923076923076923
Out,0.696657657623291,0.005326604990187833,0.2923076923076923
Out,0.6967012286186218,0.00532809871003926,0.2923076923076923
Out,0.696781575679779,0.005329593267882188,0.2923076923076923
Out,0.6974700093269348,0.005331088664421998,0.2923076923076923
Out,0.6975332498550415,0.005332584900364861,0.2923076923076923
Out,0.6978738307952881,0.005334081976417743,0.2923076923076923
Out,0.6979511380195618,0.0053355798932884025,0.2923076923076923
Out,0.6981499195098877,0.0053370786516853935,0.2923076923076923
Out,0.6989848017692566,0.005338578252318067,0.2923076923076923
Out,0.6990529894828796,0.005340078695896571,0.2923076923076923
Out,0.6992454528808594,0.005341579983131853,0.2923076923076923
Out,0.6993692517280579,0.005343082114735658,0.2923076923076923
Out,0.699461042881012,0.005344585091420534,0.2923076923076923
Out,0.6998297572135925,0.005346088913899831,0.2923076923076923
Out,0.6999128460884094,0.0053475935828877,0.2923076923076923
Out,0.7001689076423645,0.005349099099099099,0.2923076923076923
Out,0.7010841369628906,0.005350605463249789,0.2923076923076923
Out,0.7011507749557495,0.005352112676056338,0.2923076923076923
Out,0.7012559771537781,0.005353620738236123,0.2923076923076923
Out,0.7013922929763794,0.005355129650507328,0.2923076923076923
Out,0.7015345096588135,0.0053566394135889485,0.2923076923076923
Out,0.701891303062439,0.00535815002820079,0.2923076923076923
Out,0.7021270990371704,0.005359661495063469,0.2923076923076923
Out,0.702358067035675,0.00536117381489842,0.2923076923076923
Out,0.7030308842658997,0.005362686988427886,0.2923076923076923
Out,0.7032004594802856,0.005364201016374929,0.2923076923076923
Out,0.7040389180183411,0.005365715899463428,0.2923076923076923
Out,0.7043328881263733,0.005367231638418079,0.2923076923076923
Out,0.7045268416404724,0.005368748233964397,0.2923076923076923
Out,0.705889105796814,0.005370265686828717,0.2923076923076923
Out,0.7067105174064636,0.0053717839977381965,0.2923076923076923
Out,0.7067536115646362,0.0053733031674208145,0.2923076923076923
Out,0.7071028351783752,0.005374823196605375,0.2923076923076923
Out,0.7075421214103699,0.005376344086021506,0.2923076923076923
Out,0.7087572813034058,0.00537786583639966,0.2923076923076923
Out,0.7091906666755676,0.005379388448471121,0.2923076923076923
Out,0.7093592882156372,0.0053809119229679975,0.2923076923076923
Out,0.7094916701316833,0.00538243626062323,0.2923076923076923
Out,0.7097968459129333,0.005383961462170587,0.2923076923076923
Out,0.7100353837013245,0.005385487528344671,0.2923076923076923
Out,0.7100887894630432,0.005387014459880919,0.2923076923076923
Out,0.7106027007102966,0.005388542257515599,0.2923076923076923
Out,0.7106640338897705,0.005390070921985815,0.2923076923076923
Out,0.7111186981201172,0.005391600454029512,0.2923076923076923
Out,0.7120962738990784,0.005393130854385467,0.2923076923076923
Out,0.7125421762466431,0.005394662123793299,0.2923076923076923
Out,0.7129338979721069,0.005396194262993468,0.2923076923076923
Out,0.7132793664932251,0.005397727272727273,0.2923076923076923
Out,0.7134073972702026,0.005399261153736857,0.2923076923076923
Out,0.7136186957359314,0.005400795906765207,0.2923076923076923
Out,0.7136973142623901,0.005402331532556156,0.2923076923076923
Out,0.7137202620506287,0.00540386803185438,0.2923076923076923
Out,0.7137487530708313,0.005405405405405406,0.2923076923076923
Out,0.7139566540718079,0.005406943653955606,0.2923076923076923
Out,0.7143036723136902,0.005408482778252206,0.2923076923076923
Out,0.7146671414375305,0.00541002277904328,0.2923076923076923
Out,0.7152389287948608,0.005411563657077755,0.2923076923076923
Out,0.715315043926239,0.005413105413105413,0.2923076923076923
Out,0.7160930633544922,0.005414648047876888,0.2923076923076923
Out,0.7162629961967468,0.005416191562143672,0.2923076923076923
Out,0.7164873480796814,0.005417735956658112,0.2923076923076923
Out,0.7164945006370544,0.005419281232173417,0.2923076923076923
Out,0.7167345881462097,0.005420827389443652,0.2923076923076923
Out,0.7168541550636292,0.005422374429223744,0.2923076923076923
Out,0.7169069647789001,0.005423922352269483,0.2923076923076923
Out,0.7175260782241821,0.005425471159337522,0.2923076923076923
Out,0.7176682949066162,0.005427020851185376,0.2923076923076923
Out,0.7181347608566284,0.0054285714285714284,0.2923076923076923
Out,0.7183737754821777,0.0054301228922549296,0.2923076923076923
Out,0.7184802889823914,0.005431675242995998,0.2923076923076923
Out,0.7190386652946472,0.005433228481555619,0.2923076923076923
Out,0.7192138433456421,0.005434782608695652,0.2923076923076923
Out,0.7199053764343262,0.0054363376251788265,0.2923076923076923
Out,0.7200812101364136,0.005437893531768746,0.2923076923076923
Out,0.7203323245048523,0.005439450329229888,0.2923076923076923
Out,0.7212688326835632,0.005441008018327606,0.2923076923076923
Out,0.7214580178260803,0.005442566599828129,0.2923076923076923
Out,0.7214640378952026,0.0054441260744985676,0.2923076923076923
Out,0.7215033769607544,0.005445686443106907,0.2923076923076923
Out,0.7216538786888123,0.005447247706422019,0.2923076923076923
Out,0.7217361330986023,0.0054488098652136505,0.2923076923076923
Out,0.721953809261322,0.005450372920252439,0.2923076923076923
Out,0.7220252752304077,0.0054519368723099,0.2923076923076923
Out,0.7221547961235046,0.0054535017221584384,0.2923076923076923
Out,0.7224954962730408,0.005455067470571347,0.2923076923076923
Out,0.7232174873352051,0.005456634118322803,0.2923076923076923
Out,0.7232746481895447,0.005458201666187877,0.2923076923076923
Out,0.7243887186050415,0.005459770114942529,0.2923076923076923
Out,0.7245546579360962,0.0054613394653636104,0.2923076923076923
Out,0.7252542972564697,0.005462909718228867,0.2923076923076923
Out,0.7254239320755005,0.00546448087431694,0.2923076923076923
Out,0.7259867191314697,0.005466052934407365,0.2923076923076923
Out,0.7269735932350159,0.005467625899280576,0.2923076923076923
Out,0.7277554869651794,0.005469199769717904,0.2923076923076923
Out,0.7282375693321228,0.005470774546501584,0.2923076923076923
Out,0.7282931208610535,0.005472350230414746,0.2923076923076923
Out,0.7283293008804321,0.005473926822241429,0.2923076923076923
Out,0.7285221815109253,0.00547550432276657,0.2923076923076923
Out,0.7286453247070312,0.005477082732776016,0.2923076923076923
Out,0.7286707162857056,0.005478662053056517,0.2923076923076923
Out,0.7291958332061768,0.0054802422843957315,0.2923076923076923
Out,0.7293989658355713,0.005481823427582228,0.2923076923076923
Out,0.7294556498527527,0.005483405483405483,0.2923076923076923
Out,0.7295226454734802,0.005484988452655889,0.2923076923076923
Out,0.7297919392585754,0.005486572336124747,0.2923076923076923
Out,0.7299976944923401,0.005488157134604275,0.2923076923076923
Out,0.7301431894302368,0.005489742848887605,0.2923076923076923
Out,0.7301596403121948,0.005491329479768786,0.2923076923076923
Out,0.7305367588996887,0.005492917028042787,0.2923076923076923
Out,0.7306355237960815,0.005494505494505495,0.2923076923076923
Out,0.7307813167572021,0.0054960948799537175,0.2923076923076923
Out,0.730953574180603,0.005497685185185185,0.2923076923076923
Out,0.7310347557067871,0.005499276410998553,0.2923076923076923
Out,0.7314324378967285,0.0055008685581933985,0.2923076923076923
Out,0.7321251630783081,0.005502461627570229,0.2923076923076923
Out,0.7321813702583313,0.005504055619930475,0.2923076923076923
Out,0.7323442697525024,0.0055056505360765,0.2923076923076923
Out,0.7324296236038208,0.0055072463768115944,0.2923076923076923
Out,0.7332955002784729,0.005508843142939983,0.2923076923076923
Out,0.7333109378814697,0.005510440835266821,0.2923076923076923
Out,0.733522355556488,0.005512039454598201,0.2923076923076923
Out,0.7336377501487732,0.005513639001741149,0.2923076923076923
Out,0.734143078327179,0.0055152394775036286,0.2923076923076923
Out,0.7342565655708313,0.005516840882694541,0.2923076923076923
Out,0.7342795133590698,0.00551844321812373,0.2923076923076923
Out,0.7346340417861938,0.0055200464846019755,0.2923076923076923
Out,0.7348664999008179,0.005521650682941005,0.2923076923076923
Out,0.7353857755661011,0.005523255813953488,0.2923076923076923
Out,0.7357383370399475,0.0055248618784530384,0.2923076923076923
Out,0.7360116243362427,0.005526468877254218,0.2923076923076923
Out,0.7360433340072632,0.005528076811172534,0.2923076923076923
Out,0.7366077303886414,0.005529685681024447,0.2923076923076923
Out,0.7366145849227905,0.005531295487627365,0.2923076923076923
Out,0.736727774143219,0.00553290623179965,0.2923076923076923
Out,0.7373070120811462,0.005534517914360618,0.2923076923076923
Out,0.7373085021972656,0.005536130536130536,0.2923076923076923
Out,0.7373596429824829,0.005537744097930632,0.2923076923076923
Out,0.7374529838562012,0.0055393586005830905,0.2923076923076923
Out,0.7376282811164856,0.005540974044911053,0.2923076923076923
Out,0.7381978631019592,0.005542590431738623,0.2923076923076923
Out,0.738265335559845,0.005544207761890867,0.2923076923076923
Out,0.7383278608322144,0.005545826036193812,0.2923076923076923
Out,0.738750159740448,0.005547445255474452,0.2923076923076923
Out,0.7392152547836304,0.005549065420560747,0.2923076923076923
Out,0.7392331957817078,0.005550686532281624,0.2923076923076923
Out,0.739683985710144,0.005552308591466978,0.2923076923076923
Out,0.7400350570678711,0.005553931598947676,0.2923076923076923
Out,0.7402702569961548,0.005555555555555556,0.2923076923076923
Out,0.7403033971786499,0.005557180462123428,0.2923076923076923
Out,0.740451991558075,0.005558806319485079,0.2923076923076923
Out,0.7406167984008789,0.00556043312847527,0.2923076923076923
Out,0.7406805157661438,0.0055620608899297425,0.2923076923076923
Out,0.7416622638702393,0.005563689604685213,0.2923076923076923
Out,0.7418628931045532,0.005565319273579379,0.2923076923076923
Out,0.7420272827148438,0.005566949897450923,0.2923076923076923
Out,0.7420317530632019,0.005568581477139508,0.2923076923076923
Out,0.7420620322227478,0.0055702140134857815,0.2923076923076923
Out,0.7422363758087158,0.005571847507331379,0.2923076923076923
Out,0.7423766255378723,0.005573481959518921,0.2923076923076923
Out,0.742377758026123,0.005575117370892019,0.2923076923076923
Out,0.7429863810539246,0.005576753742295274,0.2923076923076923
Out,0.7430649399757385,0.005578391074574281,0.2923076923076923
Out,0.7431566119194031,0.005580029368575624,0.2923076923076923
Out,0.7437576651573181,0.005581668625146886,0.2923076923076923
Out,0.744412362575531,0.005583308845136644,0.2923076923076923
Out,0.7452387809753418,0.005584950029394474,0.2923076923076923
Out,0.7454411387443542,0.00558659217877095,0.2923076923076923
Out,0.7457149028778076,0.005588235294117647,0.2923076923076923
Out,0.7458090782165527,0.005589879376287144,0.2923076923076923
Out,0.7461581826210022,0.005591524426133019,0.2923076923076923
Out,0.7465733289718628,0.005593170444509862,0.2923076923076923
Out,0.7467113733291626,0.0055948174322732625,0.2923076923076923
Out,0.7475211024284363,0.005596465390279823,0.2923076923076923
Out,0.7477588653564453,0.005598114319387153,0.2923076923076923
Out,0.7480907440185547,0.005599764220453876,0.2923076923076923
Out,0.7486161589622498,0.005601415094339622,0.2923076923076923
Out,0.748843789100647,0.005603066941905043,0.2923076923076923
Out,0.7488619089126587,0.005604719764011799,0.2923076923076923
Out,0.748975396156311,0.005606373561522573,0.2923076923076923
Out,0.750093936920166,0.005608028335301062,0.2923076923076923
Out,0.7507603764533997,0.005609684086211987,0.2923076923076923
Out,0.7509862780570984,0.005611340815121087,0.2923076923076923
Out,0.7509920001029968,0.005612998522895126,0.2923076923076923
Out,0.7510020732879639,0.0056146572104018916,0.2923076923076923
Out,0.7511823773384094,0.005616316878510198,0.2923076923076923
Out,0.7513293623924255,0.0056179775280898875,0.2923076923076923
Out,0.7521125674247742,0.005619639160011831,0.2923076923076923
Out,0.7525135278701782,0.005621301775147929,0.2923076923076923
Out,0.7528905272483826,0.0056229653743711154,0.2923076923076923
Out,0.7531450986862183,0.005624629958555358,0.2923076923076923
Out,0.7532352209091187,0.005626295528575659,0.2923076923076923
Out,0.7533992528915405,0.005627962085308057,0.2923076923076923
Out,0.7539200782775879,0.005629629629629629,0.2923076923076923
Out,0.754158079624176,0.005631298162418494,0.2923076923076923
Out,0.7547397017478943,0.0056329676845538095,0.2923076923076923
Out,0.7550806999206543,0.005634638196915777,0.2923076923076923
Out,0.7552365660667419,0.005636309700385643,0.2923076923076923
Out,0.7553199529647827,0.005637982195845697,0.2923076923076923
Out,0.7559311389923096,0.005639655684179281,0.2923076923076923
Out,0.7562000155448914,0.0056413301662707836,0.2923076923076923
Out,0.7574756741523743,0.005643005643005643,0.2923076923076923
Out,0.7584989666938782,0.00564468211527035,0.2923076923076923
Out,0.7585459351539612,0.005646359583952452,0.2923076923076923
Out,0.7585607171058655,0.005648038049940547,0.2923076923076923
Out,0.7588374018669128,0.005649717514124294,0.2923076923076923
Out,0.7589579820632935,0.005651397977394408,0.2923076923076923
Out,0.7592325210571289,0.005653079440642666,0.2923076923076923
Out,0.7594820857048035,0.005654761904761905,0.2923076923076923
Out,0.7605394721031189,0.0056564453706460256,0.2923076923076923
Out,0.7611252069473267,0.005658129839189994,0.2923076923076923
Out,0.7611709237098694,0.005659815311289842,0.2923076923076923
Out,0.7611958384513855,0.00566150178784267,0.2923076923076923
Out,0.7613139748573303,0.005663189269746647,0.2923076923076923
Out,0.7615389823913574,0.005664877757901014,0.2923076923076923
Out,0.7616008520126343,0.0056665672532060845,0.2923076923076923
Out,0.7619521617889404,0.0056682577565632455,0.2923076923076923
Out,0.7620477080345154,0.005669949268874963,0.2923076923076923
Out,0.7620692253112793,0.005671641791044776,0.2923076923076923
Out,0.762286901473999,0.005673335323977307,0.2923076923076923
Out,0.7625391483306885,0.005675029868578256,0.2923076923076923
Out,0.7629824876785278,0.005676725425754407,0.2923076923076923
Out,0.7630692720413208,0.005678421996413628,0.2923076923076923
Out,0.7634655833244324,0.005680119581464873,0.2923076923076923
Out,0.7641429305076599,0.005681818181818182,0.2923076923076923
Out,0.7656933665275574,0.005683517798384685,0.2923076923076923
Out,0.7658395767211914,0.005685218432076601,0.2923076923076923
Out,0.7662062644958496,0.005686920083807243,0.2923076923076923
Out,0.7672766447067261,0.005688622754491018,0.2923076923076923
Out,0.767338216304779,0.0056903264450434265,0.2923076923076923
Out,0.7684606909751892,0.005692031156381066,0.2923076923076923
Out,0.7686567306518555,0.005693736889421637,0.2923076923076923
Out,0.769158661365509,0.005695443645083933,0.2923076923076923
Out,0.7692641615867615,0.005697151424287856,0.2923076923076923
Out,0.7694151401519775,0.005698860227954409,0.2923076923076923
Out,0.7696463465690613,0.005700570057005701,0.2923076923076923
Out,0.7696710824966431,0.005702280912364946,0.2923076923076923
Out,0.7698529362678528,0.005703992794956469,0.2923076923076923
Out,0.769912600517273,0.005705705705705706,0.2923076923076923
Out,0.7700048089027405,0.005707419645539201,0.2923076923076923
Out,0.770086944103241,0.005709134615384615,0.2923076923076923
Out,0.7702677249908447,0.005710850616170725,0.2923076923076923
Out,0.7703350186347961,0.005712567648827421,0.2923076923076923
Out,0.7713735103607178,0.005714285714285714,0.2923076923076923
Out,0.7722735404968262,0.005716004813477738,0.2923076923076923
Out,0.772417426109314,0.005717724947336744,0.2923076923076923
Out,0.772659182548523,0.005719446116797111,0.2923076923076923
Out,0.7728895545005798,0.0057211683227943394,0.2923076923076923
Out,0.7729958295822144,0.00572289156626506,0.2923076923076923
Out,0.7731143832206726,0.005724615848147032,0.2923076923076923
Out,0.7731658220291138,0.005726341169379144,0.2923076923076923
Out,0.7735986113548279,0.005728067530901417,0.2923076923076923
Out,0.7736467123031616,0.005729794933655006,0.2923076923076923
Out,0.7744652032852173,0.005731523378582202,0.2923076923076923
Out,0.7744887471199036,0.005733252866626433,0.2923076923076923
Out,0.7745080590248108,0.005734983398732267,0.2923076923076923
Out,0.7755329012870789,0.005736714975845411,0.2923076923076923
Out,0.7755650281906128,0.005738447598912715,0.2923076923076923
Out,0.7755942940711975,0.005740181268882176,0.2923076923076923
Out,0.775813639163971,0.005741915986702931,0.2923076923076923
Out,0.7762520909309387,0.005743651753325272,0.2923076923076923
Out,0.7762654423713684,0.005745388569700635,0.2923076923076923
Out,0.7763000726699829,0.005747126436781609,0.2923076923076923
Out,0.7764016389846802,0.005748865355521936,0.2923076923076923
Out,0.7778711915016174,0.0057506053268765135,0.2923076923076923
Out,0.7781403064727783,0.005752346351801393,0.2923076923076923
Out,0.7782149314880371,0.005754088431253785,0.2923076923076923
Out,0.7782713174819946,0.005755831566192063,0.2923076923076923
Out,0.7791460752487183,0.005757575757575757,0.2923076923076923
Out,0.7792208790779114,0.005759321006365566,0.2923076923076923
Out,0.7793012857437134,0.005761067313523348,0.2923076923076923
Out,0.7804014086723328,0.005762814680012132,0.2923076923076923
Out,0.780673086643219,0.0057645631067961165,0.2923076923076923
Out,0.7807226777076721,0.005766312594840668,0.2923076923076923
Out,0.7809000611305237,0.005768063145112325,0.2923076923076923
Out,0.7811657190322876,0.005466140297600972,0.27692307692307694
Out,0.7821417450904846,0.0054678007290400975,0.27692307692307694
Out,0.7831785082817078,0.0054694621695533276,0.27692307692307694
Out,0.7834512591362,0.00547112462006079,0.27692307692307694
Out,0.7840220928192139,0.005472788081483734,0.27692307692307694
Out,0.7842134237289429,0.005474452554744526,0.27692307692307694
Out,0.784257173538208,0.005476118040766657,0.27692307692307694
Out,0.7853886485099792,0.005477784540474742,0.27692307692307694
Out,0.7858272194862366,0.005479452054794521,0.27692307692307694
Out,0.7863341569900513,0.0054811205846528625,0.27692307692307694
Out,0.7869933247566223,0.005482790130977765,0.27692307692307694
Out,0.7871323823928833,0.005484460694698354,0.27692307692307694
Out,0.7873967289924622,0.005486132276744895,0.27692307692307694
Out,0.7876764535903931,0.00548780487804878,0.27692307692307694
Out,0.7878445982933044,0.0054894784995425435,0.27692307692307694
Out,0.7879472374916077,0.005491153142159854,0.27692307692307694
Out,0.7880795001983643,0.00549282880683552,0.27692307692307694
Out,0.7881470918655396,0.005494505494505495,0.27692307692307694
Out,0.788178563117981,0.00549618320610687,0.27692307692307694
Out,0.7885023951530457,0.005497861942577886,0.27692307692307694
Out,0.7885100245475769,0.005499541704857928,0.27692307692307694
Out,0.7886751890182495,0.005501222493887531,0.27692307692307694
Out,0.789412260055542,0.005502904310608377,0.27692307692307694
Out,0.7896377444267273,0.005504587155963303,0.27692307692307694
Out,0.7898493409156799,0.005506271030896299,0.27692307692307694
Out,0.7901535034179688,0.0055079559363525096,0.27692307692307694
Out,0.7902764081954956,0.005509641873278237,0.27692307692307694
Out,0.7903444766998291,0.005511328842620943,0.27692307692307694
Out,0.7909331321716309,0.005513016845329249,0.27692307692307694
Out,0.7913649082183838,0.0055147058823529415,0.27692307692307694
Out,0.7913742065429688,0.0055163959546429666,0.27692307692307694
Out,0.7918282151222229,0.005518087063151441,0.27692307692307694
Out,0.7919402122497559,0.005519779208831647,0.27692307692307694
Out,0.7919445633888245,0.005521472392638037,0.27692307692307694
Out,0.7920910716056824,0.005523166615526235,0.27692307692307694
Out,0.792395293712616,0.0055248618784530384,0.27692307692307694
Out,0.7925305366516113,0.00552655818237642,0.27692307692307694
Out,0.7926086783409119,0.005528255528255528,0.27692307692307694
Out,0.7932361960411072,0.005529953917050691,0.27692307692307694
Out,0.793425977230072,0.005531653349723417,0.27692307692307694
Out,0.7934955358505249,0.005533353827236397,0.27692307692307694
Out,0.7936425805091858,0.005535055350553505,0.27692307692307694
Out,0.7942742109298706,0.005536757920639803,0.27692307692307694
Out,0.7946680784225464,0.005538461538461538,0.27692307692307694
Out,0.794750452041626,0.00554016620498615,0.27692307692307694
Out,0.7948317527770996,0.005541871921182266,0.27692307692307694
Out,0.7951849102973938,0.00554357868801971,0.27692307692307694
Out,0.7959281206130981,0.005545286506469501,0.27692307692307694
Out,0.7961087226867676,0.005238828967642527,0.26153846153846155
Out,0.796230137348175,0.0052404438964241675,0.26153846153846155
Out,0.7962479591369629,0.005242059821153253,0.26153846153846155
Out,0.796536386013031,0.005243676742751388,0.26153846153846155
Out,0.7968113422393799,0.005245294662141314,0.26153846153846155
Out,0.7971224188804626,0.005246913580246914,0.26153846153846155
Out,0.7973527312278748,0.005248533497993208,0.26153846153846155
Out,0.7975562214851379,0.005250154416306362,0.26153846153846155
Out,0.797825038433075,0.005251776336113685,0.26153846153846155
Out,0.7978951930999756,0.005253399258343634,0.26153846153846155
Out,0.798060953617096,0.005255023183925811,0.26153846153846155
Out,0.7984582185745239,0.005256648113790971,0.26153846153846155
Out,0.8000231981277466,0.005258274048871018,0.26153846153846155
Out,0.8011487722396851,0.00525990099009901,0.26153846153846155
Out,0.8017781376838684,0.005261528938409161,0.26153846153846155
Out,0.802070677280426,0.005263157894736842,0.26153846153846155
Out,0.8020807504653931,0.0052647878600185815,0.26153846153846155
Out,0.8021563291549683,0.005266418835192069,0.26153846153846155
Out,0.8024926781654358,0.005268050821196158,0.26153846153846155
Out,0.8027005791664124,0.0052696838189708614,0.26153846153846155
Out,0.80342036485672,0.005271317829457364,0.26153846153846155
Out,0.8035092949867249,0.005272952853598015,0.26153846153846155
Out,0.8036379814147949,0.005274588892336333,0.26153846153846155
Out,0.8044410943984985,0.005276225946617008,0.26153846153846155
Out,0.8044712543487549,0.005277864017385905,0.26153846153846155
Out,0.8051123023033142,0.005279503105590062,0.26153846153846155
Out,0.8051947951316833,0.005281143212177695,0.26153846153846155
Out,0.8055095672607422,0.0052827843380981974,0.26153846153846155
Out,0.8056080937385559,0.0052844264843021444,0.26153846153846155
Out,0.8060439229011536,0.005286069651741294,0.26153846153846155
Out,0.806291401386261,0.0052877138413685845,0.26153846153846155
Out,0.8066703081130981,0.005289359054138146,0.26153846153846155
Out,0.8070529699325562,0.005291005291005291,0.26153846153846155
Out,0.8072847723960876,0.005292652552926526,0.26153846153846155
Out,0.8074411153793335,0.005294300840859545,0.26153846153846155
Out,0.8074592351913452,0.00529595015576324,0.26153846153846155
Out,0.8074687719345093,0.005297600498597694,0.26153846153846155
Out,0.8075265884399414,0.00529925187032419,0.26153846153846155
Out,0.8075861930847168,0.005300904271905207,0.26153846153846155
Out,0.8077245950698853,0.005302557704304429,0.26153846153846155
Out,0.8080469369888306,0.005304212168486739,0.26153846153846155
Out,0.8081947565078735,0.005305867665418227,0.26153846153846155
Out,0.8084728121757507,0.005307524196066188,0.26153846153846155
Out,0.8086089491844177,0.005309181761399126,0.26153846153846155
Out,0.8088372945785522,0.005310840362386754,0.26153846153846155
Out,0.8091678023338318,0.0053125,0.26153846153846155
Out,0.8093656897544861,0.0053141606752110035,0.26153846153846155
Out,0.8093801140785217,0.005315822388993121,0.26153846153846155
Out,0.8096832036972046,0.005317485142320926,0.26153846153846155
Out,0.8101444840431213,0.005319148936170213,0.26153846153846155
Out,0.8107113838195801,0.005320813771517997,0.26153846153846155
Out,0.8107284903526306,0.005322479649342517,0.26153846153846155
Out,0.8107924461364746,0.005324146570623238,0.26153846153846155
Out,0.8128332495689392,0.005325814536340852,0.26153846153846155
Out,0.8131771683692932,0.00532748354747728,0.26153846153846155
Out,0.8138606548309326,0.005329153605015674,0.26153846153846155
Out,0.8141059279441833,0.00533082470994042,0.26153846153846155
Out,0.8141928315162659,0.00533249686323714,0.26153846153846155
Out,0.8144600987434387,0.005334170065892689,0.26153846153846155
Out,0.8152242302894592,0.0053358443188951665,0.26153846153846155
Out,0.815466046333313,0.005337519623233909,0.26153846153846155
Out,0.8155420422554016,0.005339195979899497,0.26153846153846155
Out,0.8157403469085693,0.0053408733898837575,0.26153846153846155
Out,0.815743625164032,0.005342551854179761,0.26153846153846155
Out,0.8161863088607788,0.00534423137378183,0.26153846153846155
Out,0.816535234451294,0.005345911949685534,0.26153846153846155
Out,0.8165802955627441,0.0053475935828877,0.26153846153846155
Out,0.8184609413146973,0.005349276274386407,0.26153846153846155
Out,0.8185199499130249,0.0053509600251809885,0.26153846153846155
Out,0.8185754418373108,0.0053526448362720405,0.26153846153846155
Out,0.8188907504081726,0.005354330708661417,0.26153846153846155
Out,0.8190364241600037,0.005356017643352237,0.26153846153846155
Out,0.8200201392173767,0.005357705641348881,0.26153846153846155
Out,0.8201684355735779,0.005359394703656999,0.26153846153846155
Out,0.821112871170044,0.005361084831283507,0.26153846153846155
Out,0.8213548064231873,0.005362776025236593,0.26153846153846155
Out,0.8225707411766052,0.005364468286525718,0.26153846153846155
Out,0.8225847482681274,0.005366161616161616,0.26153846153846155
Out,0.8226304054260254,0.0053678560151563,0.26153846153846155
Out,0.8227774500846863,0.005369551484523057,0.26153846153846155
Out,0.8232399225234985,0.005371248025276461,0.26153846153846155
Out,0.8232421875,0.005372945638432364,0.26153846153846155
Out,0.8233487010002136,0.005374644325007904,0.26153846153846155
Out,0.8237087726593018,0.005376344086021506,0.26153846153846155
Out,0.8250629305839539,0.005378044922492882,0.26153846153846155
Out,0.8260321617126465,0.005379746835443038,0.26153846153846155
Out,0.8265957832336426,0.0053814498258942705,0.26153846153846155
Out,0.8267547488212585,0.005383153894870171,0.26153846153846155
Out,0.8271968364715576,0.005384859043395629,0.26153846153846155
Out,0.8276819586753845,0.005386565272496832,0.26153846153846155
Out,0.8280187249183655,0.005388272583201268,0.26153846153846155
Out,0.828059196472168,0.00538998097653773,0.26153846153846155
Out,0.8283397555351257,0.005391690453536315,0.26153846153846155
Out,0.8284353017807007,0.005393401015228426,0.26153846153846155
Out,0.8286756873130798,0.005395112662646779,0.26153846153846155
Out,0.8289270997047424,0.005396825396825397,0.26153846153846155
Out,0.8290700912475586,0.005398539218799619,0.26153846153846155
Out,0.8290837407112122,0.0054002541296060995,0.26153846153846155
Out,0.8292301893234253,0.005401970130282809,0.26153846153846155
Out,0.8310801386833191,0.00540368722186904,0.26153846153846155
Out,0.8311663866043091,0.005405405405405406,0.26153846153846155
Out,0.8315991759300232,0.005407124681933842,0.26153846153846155
Out,0.83185875415802,0.005408845052497614,0.26153846153846155
Out,0.8324049711227417,0.0054105665181413114,0.26153846153846155
Out,0.8326882123947144,0.005412289079910856,0.26153846153846155
Out,0.8331427574157715,0.005414012738853503,0.26153846153846155
Out,0.8333892226219177,0.00541573749601784,0.26153846153846155
Out,0.8338747620582581,0.005417463352453792,0.26153846153846155
Out,0.8341724276542664,0.005419190309212623,0.26153846153846155
Out,0.8347692489624023,0.005420918367346939,0.26153846153846155
Out,0.8353525996208191,0.005422647527910686,0.26153846153846155
Out,0.8356173038482666,0.005424377791959157,0.26153846153846155
Out,0.8356799483299255,0.005426109160548994,0.26153846153846155
Out,0.836463987827301,0.005427841634738187,0.26153846153846155
Out,0.8372542262077332,0.005429575215586075,0.26153846153846155
Out,0.8372877240180969,0.005431309904153354,0.26153846153846155
Out,0.8377456068992615,0.005433045701502077,0.26153846153846155
Out,0.8381518125534058,0.005434782608695652,0.26153846153846155
Out,0.8384639024734497,0.005436520626798848,0.26153846153846155
Out,0.839002251625061,0.005438259756877799,0.26153846153846155
Out,0.8396145105361938,0.00544,0.26153846153846155
Out,0.8402309417724609,0.005441741357234315,0.26153846153846155
Out,0.8403418064117432,0.005443483829650976,0.26153846153846155
Out,0.8403711318969727,0.005445227418321589,0.26153846153846155
Out,0.8405801057815552,0.005446972124319128,0.26153846153846155
Out,0.8412022590637207,0.0054487179487179484,0.26153846153846155
Out,0.841646671295166,0.0054504648925937805,0.26153846153846155
Out,0.8419343829154968,0.005452212957023733,0.26153846153846155
Out,0.8430111408233643,0.005453962143086301,0.26153846153846155
Out,0.8433695435523987,0.0054557124518613605,0.26153846153846155
Out,0.8436368703842163,0.005457463884430177,0.26153846153846155
Out,0.8436542749404907,0.005459216441875401,0.26153846153846155
Out,0.8437348008155823,0.00546097012528108,0.26153846153846155
Out,0.8441965579986572,0.005462724935732648,0.26153846153846155
Out,0.8443906903266907,0.00546448087431694,0.26153846153846155
Out,0.8444069623947144,0.005466237942122186,0.26153846153846155
Out,0.8448959589004517,0.005467996140238018,0.26153846153846155
Out,0.8449826240539551,0.0054697554697554695,0.26153846153846155
Out,0.846216082572937,0.0054715159317669775,0.26153846153846155
Out,0.8465400338172913,0.005473277527366388,0.26153846153846155
Out,0.8465894460678101,0.005475040257648953,0.26153846153846155
Out,0.847220242023468,0.00547680412371134,0.26153846153846155
Out,0.8491864800453186,0.0054785691266516275,0.26153846153846155
Out,0.8493266105651855,0.00548033526756931,0.26153846153846155
Out,0.8495528101921082,0.005482102547565301,0.26153846153846155
Out,0.849908173084259,0.005483870967741935,0.26153846153846155
Out,0.8499786257743835,0.005485640529202969,0.26153846153846155
Out,0.8501807451248169,0.005487411233053583,0.26153846153846155
Out,0.8502487540245056,0.005489183080400388,0.26153846153846155
Out,0.8503903746604919,0.005490956072351421,0.26153846153846155
Out,0.8508439660072327,0.005492730210016155,0.26153846153846155
Out,0.8508701920509338,0.005494505494505495,0.26153846153846155
Out,0.8516056537628174,0.005496281926931782,0.26153846153846155
Out,0.8520507216453552,0.005498059508408797,0.26153846153846155
Out,0.852695643901825,0.005499838240051763,0.26153846153846155
Out,0.8539589643478394,0.005501618122977346,0.26153846153846155
Out,0.8540131449699402,0.005503399158303658,0.26153846153846155
Out,0.8540904521942139,0.005505181347150259,0.26153846153846155
Out,0.8545717597007751,0.00550696469063816,0.26153846153846155
Out,0.8549917936325073,0.005508749189889825,0.26153846153846155
Out,0.8562216758728027,0.005510534846029173,0.26153846153846155
Out,0.8573060631752014,0.005512321660181583,0.26153846153846155
Out,0.8577861785888672,0.005514109633473889,0.26153846153846155
Out,0.8578757047653198,0.0055158987670343934,0.26153846153846155
Out,0.8582980036735535,0.00551768906199286,0.26153846153846155
Out,0.858366847038269,0.00551948051948052,0.26153846153846155
Out,0.8585242629051208,0.005521273140630075,0.26153846153846155
Out,0.8587617874145508,0.005523066926575698,0.26153846153846155
Out,0.8587735295295715,0.0055248618784530384,0.26153846153846155
Out,0.8593513369560242,0.0055266579973992196,0.26153846153846155
Out,0.8593907952308655,0.0055284552845528455,0.26153846153846155
Out,0.8596329092979431,0.005530253741054001,0.26153846153846155
Out,0.8600876927375793,0.005532053368044257,0.26153846153846155
Out,0.8601071238517761,0.005533854166666667,0.26153846153846155
Out,0.8604153990745544,0.005535656138065777,0.26153846153846155
Out,0.8607252836227417,0.005537459283387622,0.26153846153846155
Out,0.8610431551933289,0.005539263603779733,0.26153846153846155
Out,0.8612024784088135,0.005541069100391135,0.26153846153846155
Out,0.8612846732139587,0.005542875774372351,0.26153846153846155
Out,0.8619512319564819,0.005544683626875407,0.26153846153846155
Out,0.8623570203781128,0.005546492659053833,0.26153846153846155
Out,0.8624078035354614,0.005548302872062663,0.26153846153846155
Out,0.8634962439537048,0.00555011426705844,0.26153846153846155
Out,0.8636640310287476,0.005551926845199217,0.26153846153846155
Out,0.8652612566947937,0.00555374060764456,0.26153846153846155
Out,0.8671333193778992,0.005555555555555556,0.26153846153846155
Out,0.8678213953971863,0.005557371690094802,0.26153846153846155
Out,0.867864727973938,0.005559189012426423,0.26153846153846155
Out,0.8681299090385437,0.005561007523716062,0.26153846153846155
Out,0.8694095611572266,0.00556282722513089,0.26153846153846155
Out,0.8696104288101196,0.005564648117839607,0.26153846153846155
Out,0.8696306347846985,0.005566470203012442,0.26153846153846155
Out,0.8698672652244568,0.0055682934818211596,0.26153846153846155
Out,0.8699519038200378,0.005570117955439056,0.26153846153846155
Out,0.8700562715530396,0.005571943625040971,0.26153846153846155
Out,0.8705281019210815,0.005573770491803279,0.26153846153846155
Out,0.8707846403121948,0.0055755985569039025,0.26153846153846155
Out,0.8708773851394653,0.00557742782152231,0.26153846153846155
Out,0.8709661960601807,0.005579258286839514,0.26153846153846155
Out,0.8717559576034546,0.005581089954038083,0.26153846153846155
Out,0.8720042109489441,0.005582922824302135,0.26153846153846155
Out,0.87221759557724,0.005584756898817346,0.26153846153846155
Out,0.8723013997077942,0.00558659217877095,0.26153846153846155
Out,0.8724285364151001,0.005588428665351742,0.26153846153846155
Out,0.872748851776123,0.005590266359750082,0.26153846153846155
Out,0.8731154203414917,0.005592105263157895,0.26153846153846155
Out,0.873136043548584,0.005593945376768674,0.26153846153846155
Out,0.8736670017242432,0.005595786701777485,0.26153846153846155
Out,0.8740643858909607,0.005597629239380968,0.26153846153846155
Out,0.8746849298477173,0.005599472990777339,0.26153846153846155
Out,0.8751214742660522,0.005601317957166392,0.26153846153846155
Out,0.8751342296600342,0.005603164139749505,0.26153846153846155
Out,0.8751938939094543,0.00560501153972964,0.26153846153846155
Out,0.875614583492279,0.005606860158311346,0.26153846153846155
Out,0.8762415647506714,0.005608709996700759,0.26153846153846155
Out,0.8768298625946045,0.005610561056105611,0.26153846153846155
Out,0.8770523071289062,0.005612413337735226,0.26153846153846155
Out,0.8771890997886658,0.005614266842800529,0.26153846153846155
Out,0.877945601940155,0.0056161215725140405,0.26153846153846155
Out,0.8780739903450012,0.0056179775280898875,0.26153846153846155
Out,0.8785850405693054,0.005289256198347108,0.24615384615384617
Out,0.8787155151367188,0.005291005291005291,0.24615384615384617
Out,0.8789177536964417,0.005292755540853457,0.24615384615384617
Out,0.8793788552284241,0.005294506949040371,0.24615384615384617
Out,0.879847526550293,0.005296259516716319,0.24615384615384617
Out,0.8801302313804626,0.005298013245033113,0.24615384615384617
Out,0.8803841471672058,0.005299768135144088,0.24615384615384617
Out,0.8806478977203369,0.005301524188204109,0.24615384615384617
Out,0.8807196021080017,0.005303281405369572,0.24615384615384617
Out,0.881069540977478,0.005305039787798408,0.24615384615384617
Out,0.8813490867614746,0.005306799336650083,0.24615384615384617
Out,0.8822838664054871,0.0053085600530856005,0.24615384615384617
Out,0.8832170963287354,0.005310321938267508,0.24615384615384617
Out,0.8834887146949768,0.005312084993359893,0.24615384615384617
Out,0.8836321830749512,0.005313849219528396,0.24615384615384617
Out,0.8838747143745422,0.0053156146179402,0.24615384615384617
Out,0.883877158164978,0.005317381189764041,0.24615384615384617
Out,0.884480893611908,0.005319148936170213,0.24615384615384617
Out,0.8845511078834534,0.005320917858330562,0.24615384615384617
Out,0.8846749067306519,0.0053226879574184965,0.24615384615384617
Out,0.8851683735847473,0.005324459234608985,0.24615384615384617
Out,0.8853654265403748,0.005326231691078562,0.24615384615384617
Out,0.8874508142471313,0.005328005328005328,0.24615384615384617
Out,0.8885525465011597,0.005329780146568954,0.24615384615384617
Out,0.8891682028770447,0.005331556147950683,0.24615384615384617
Out,0.8894703984260559,0.005333333333333333,0.24615384615384617
Out,0.889611542224884,0.0053351117039013,0.24615384615384617
Out,0.8896241784095764,0.00533689126084056,0.24615384615384617
Out,0.8904829621315002,0.005338672005338672,0.24615384615384617
Out,0.89103764295578,0.0053404539385847796,0.24615384615384617
Out,0.8911430239677429,0.005342237061769616,0.24615384615384617
Out,0.8918609619140625,0.005344021376085505,0.24615384615384617
Out,0.892345666885376,0.0053458068827263614,0.24615384615384617
Out,0.8941308856010437,0.0053475935828877,0.24615384615384617
Out,0.89475017786026,0.005349381477766633,0.24615384615384617
Out,0.8950348496437073,0.005351170568561873,0.24615384615384617
Out,0.8952234983444214,0.005352960856473737,0.24615384615384617
Out,0.895577073097229,0.00535475234270415,0.24615384615384617
Out,0.8960611820220947,0.005356545028456646,0.24615384615384617
Out,0.896593451499939,0.0053583389149363695,0.24615384615384617
Out,0.8977648019790649,0.005360134003350084,0.24615384615384617
Out,0.8979236483573914,0.005361930294906166,0.24615384615384617
Out,0.8981419801712036,0.0053637277908146165,0.24615384615384617
Out,0.898181676864624,0.0053655264922870555,0.24615384615384617
Out,0.8983299732208252,0.005367326400536733,0.24615384615384617
Out,0.8983858227729797,0.005369127516778523,0.24615384615384617
Out,0.8984189033508301,0.005370929842228936,0.24615384615384617
Out,0.8998993039131165,0.005372733378106112,0.24615384615384617
Out,0.9001838564872742,0.0053745381256298285,0.24615384615384617
Out,0.9006609320640564,0.005376344086021506,0.24615384615384617
Out,0.9007246494293213,0.005378151260504202,0.24615384615384617
Out,0.9008451104164124,0.005379959650302623,0.24615384615384617
Out,0.9018323421478271,0.0053817692566431215,0.24615384615384617
Out,0.9031552076339722,0.005383580080753701,0.24615384615384617
Out,0.9031816720962524,0.005385392123864019,0.24615384615384617
Out,0.9031829833984375,0.0053872053872053875,0.24615384615384617
Out,0.9032914638519287,0.005389019872010778,0.24615384615384617
Out,0.9038024544715881,0.005390835579514825,0.24615384615384617
Out,0.9040349125862122,0.005392652510953826,0.24615384615384617
Out,0.9042094349861145,0.005394470667565745,0.24615384615384617
Out,0.9042944312095642,0.005396290050590219,0.24615384615384617
Out,0.9045871496200562,0.005398110661268556,0.24615384615384617
Out,0.9046317934989929,0.005399932500843739,0.24615384615384617
Out,0.9049158096313477,0.0054017555705604325,0.24615384615384617
Out,0.9051092267036438,0.005403579871664978,0.24615384615384617
Out,0.9058545827865601,0.005405405405405406,0.24615384615384617
Out,0.9059552550315857,0.005407232173031429,0.24615384615384617
Out,0.9063384532928467,0.005409060175794456,0.24615384615384617
Out,0.9070907831192017,0.005410889414947582,0.24615384615384617
Out,0.9080408215522766,0.005412719891745603,0.24615384615384617
Out,0.9084435701370239,0.0054145516074450084,0.24615384615384617
Out,0.9090389609336853,0.005416384563303994,0.24615384615384617
Out,0.9097386002540588,0.005418218760582459,0.24615384615384617
Out,0.9100662469863892,0.005420054200542005,0.24615384615384617
Out,0.9102741479873657,0.005421890884445951,0.24615384615384617
Out,0.9105014801025391,0.005423728813559322,0.24615384615384617
Out,0.910709798336029,0.0054255679891488644,0.24615384615384617
Out,0.9110071659088135,0.005427408412483039,0.24615384615384617
Out,0.9113942384719849,0.005429250084832033,0.24615384615384617
Out,0.9116509556770325,0.005431093007467753,0.24615384615384617
Out,0.9118194580078125,0.005432937181663837,0.24615384615384617
Out,0.9124746322631836,0.005434782608695652,0.24615384615384617
Out,0.9132115840911865,0.0054366292898402994,0.24615384615384617
Out,0.9133605360984802,0.005438477226376614,0.24615384615384617
Out,0.9141436815261841,0.005440326419585175,0.24615384615384617
Out,0.9142239689826965,0.005442176870748299,0.24615384615384617
Out,0.9142471551895142,0.005444028581150051,0.24615384615384617
Out,0.9146425127983093,0.005445881552076242,0.24615384615384617
Out,0.9149668216705322,0.005447735784814436,0.24615384615384617
Out,0.9154390096664429,0.005449591280653951,0.24615384615384617
Out,0.915760338306427,0.00545144804088586,0.24615384615384617
Out,0.9162917733192444,0.0054533060668029995,0.24615384615384617
Out,0.9166324734687805,0.005455165359699966,0.24615384615384617
Out,0.9166970252990723,0.005457025920873124,0.24615384615384617
Out,0.9170485138893127,0.005458887751620608,0.24615384615384617
Out,0.9171807765960693,0.005460750853242321,0.24615384615384617
Out,0.9175959229469299,0.0054626152270399455,0.24615384615384617
Out,0.9176086187362671,0.00546448087431694,0.24615384615384617
Out,0.9178876280784607,0.005466347796378545,0.24615384615384617
Out,0.9181219935417175,0.005468215994531784,0.24615384615384617
Out,0.9182646870613098,0.00547008547008547,0.24615384615384617
Out,0.9183430671691895,0.005471956224350205,0.24615384615384617
Out,0.9194601774215698,0.005473828258638385,0.24615384615384617
Out,0.9202142357826233,0.0054757015742642025,0.24615384615384617
Out,0.920386552810669,0.005477576172543649,0.24615384615384617
Out,0.9210503101348877,0.005479452054794521,0.24615384615384617
Out,0.9214484095573425,0.005481329222336417,0.24615384615384617
Out,0.9218052625656128,0.0054832076764907475,0.24615384615384617
Out,0.9221031665802002,0.005485087418580734,0.24615384615384617
Out,0.9227041602134705,0.0054869684499314125,0.24615384615384617
Out,0.9242356419563293,0.005488850771869639,0.24615384615384617
Out,0.9247242212295532,0.00549073438572409,0.24615384615384617
Out,0.9257953763008118,0.0054926192928252664,0.24615384615384617
Out,0.9265733957290649,0.005494505494505495,0.24615384615384617
Out,0.9268073439598083,0.005496392992098935,0.24615384615384617
Out,0.9270849823951721,0.005154639175257732,0.23076923076923078
Out,0.9276036024093628,0.005156411137848058,0.23076923076923078
Out,0.9279958009719849,0.00515818431911967,0.23076923076923078
Out,0.9293199777603149,0.005159958720330237,0.23076923076923078
Out,0.9295855760574341,0.00516173434273916,0.23076923076923078
Out,0.9300387501716614,0.0051635111876075735,0.23076923076923078
Out,0.9309371709823608,0.005165289256198347,0.23076923076923078
Out,0.9313963651657104,0.005167068549776094,0.23076923076923078
Out,0.9321106672286987,0.005168849069607168,0.23076923076923078
Out,0.9332046508789062,0.005170630816959669,0.23076923076923078
Out,0.9338778257369995,0.005172413793103448,0.23076923076923078
Out,0.9342823624610901,0.005174197999310107,0.23076923076923078
Out,0.9343411326408386,0.005175983436853002,0.23076923076923078
Out,0.9349996447563171,0.0051777701070072485,0.23076923076923078
Out,0.9358865022659302,0.0051795580110497235,0.23076923076923078
Out,0.9367768168449402,0.0051813471502590676,0.23076923076923078
Out,0.9368442893028259,0.005183137525915688,0.23076923076923078
Out,0.9368632435798645,0.005184929139301763,0.23076923076923078
Out,0.9370947480201721,0.005186721991701245,0.23076923076923078
Out,0.9379902482032776,0.005188516084399862,0.23076923076923078
Out,0.9382127523422241,0.005190311418685121,0.23076923076923078
Out,0.938488245010376,0.005192107995846314,0.23076923076923078
Out,0.9392756223678589,0.005193905817174515,0.23076923076923078
Out,0.9393346905708313,0.005195704883962591,0.23076923076923078
Out,0.9400332570075989,0.005197505197505198,0.23076923076923078
Out,0.9406628608703613,0.005199306759098787,0.23076923076923078
Out,0.9419045448303223,0.005201109570041609,0.23076923076923078
Out,0.9426336884498596,0.005202913631633715,0.23076923076923078
Out,0.942854106426239,0.005204718945176961,0.23076923076923078
Out,0.9429553151130676,0.0052065255119750084,0.23076923076923078
Out,0.9437295198440552,0.005208333333333333,0.23076923076923078
Out,0.9441641569137573,0.005210142410559222,0.23076923076923078
Out,0.9459963440895081,0.005211952744961779,0.23076923076923078
Out,0.9469535946846008,0.005213764337851929,0.23076923076923078
Out,0.9478278756141663,0.00521557719054242,0.23076923076923078
Out,0.9480685591697693,0.0052173913043478265,0.23076923076923078
Out,0.9482092261314392,0.005219206680584551,0.23076923076923078
Out,0.9482963681221008,0.005221023320570832,0.23076923076923078
Out,0.9487344622612,0.005222841225626741,0.23076923076923078
Out,0.949126124382019,0.00522466039707419,0.23076923076923078
Out,0.9493371844291687,0.005226480836236934,0.23076923076923078
Out,0.9498302936553955,0.005228302544440571,0.23076923076923078
Out,0.9499185681343079,0.005230125523012552,0.23076923076923078
Out,0.9500934481620789,0.005231949773282177,0.23076923076923078
Out,0.9504862427711487,0.0052337752965806,0.23076923076923078
Out,0.9509815573692322,0.005235602094240838,0.23076923076923078
Out,0.9521692395210266,0.005237430167597765,0.23076923076923078
Out,0.952912449836731,0.005239259517988124,0.23076923076923078
Out,0.9535632133483887,0.005241090146750524,0.23076923076923078
Out,0.953697681427002,0.005242922055225445,0.23076923076923078
Out,0.9543288946151733,0.005244755244755245,0.23076923076923078
Out,0.9544272422790527,0.005246589716684155,0.23076923076923078
Out,0.9548293352127075,0.005248425472358292,0.23076923076923078
Out,0.9553136825561523,0.005250262513125656,0.23076923076923078
Out,0.9556660652160645,0.005252100840336135,0.23076923076923078
Out,0.9561673998832703,0.005253940455341506,0.23076923076923078
Out,0.9565302133560181,0.005255781359495445,0.23076923076923078
Out,0.9576466679573059,0.005257623554153523,0.23076923076923078
Out,0.9577697515487671,0.005259467040673212,0.23076923076923078
Out,0.9585198163986206,0.00526131182041389,0.23076923076923078
Out,0.9589214324951172,0.005263157894736842,0.23076923076923078
Out,0.9592077732086182,0.004914004914004914,0.2153846153846154
Out,0.9592373967170715,0.0049157303370786515,0.2153846153846154
Out,0.9598625898361206,0.004917456972251493,0.2153846153846154
Out,0.9599602818489075,0.004919184820801124,0.2153846153846154
Out,0.960015058517456,0.00492091388400703,0.2153846153846154
Out,0.9600537419319153,0.004922644163150493,0.2153846153846154
Out,0.9604597687721252,0.004924375659514597,0.2153846153846154
Out,0.9606496095657349,0.0049261083743842365,0.2153846153846154
Out,0.9607844948768616,0.004927842309046111,0.2153846153846154
Out,0.9631423950195312,0.004929577464788733,0.2153846153846154
Out,0.963898241519928,0.004931313842902431,0.2153846153846154
Out,0.9642533659934998,0.004933051444679351,0.2153846153846154
Out,0.9643320441246033,0.004934790271413465,0.2153846153846154
Out,0.9647113680839539,0.004936530324400564,0.2153846153846154
Out,0.9649690389633179,0.0049382716049382715,0.2153846153846154
Out,0.9657766819000244,0.004940014114326041,0.2153846153846154
Out,0.966709554195404,0.004941757853865161,0.2153846153846154
Out,0.9670225977897644,0.004590395480225989,0.2
Out,0.9673920273780823,0.0045920169551395265,0.2
Out,0.9677963852882385,0.004593639575971731,0.2
Out,0.9678269028663635,0.004595263343937788,0.2
Out,0.9684029221534729,0.004596888260254597,0.2
Out,0.968450665473938,0.004598514326140785,0.2
Out,0.9700393676757812,0.0046001415428167025,0.2
Out,0.9700677394866943,0.004601769911504424,0.2
Out,0.9701384902000427,0.004603399433427762,0.2
Out,0.9703080654144287,0.004605030109812256,0.2
Out,0.97041916847229,0.004606661941885188,0.2
Out,0.9709876775741577,0.004608294930875576,0.2
Out,0.971416175365448,0.004609929078014184,0.2
Out,0.9715039730072021,0.0046115643845335225,0.2
Out,0.9715549945831299,0.0046132008516678496,0.2
Out,0.9717839360237122,0.004614838480653177,0.2
Out,0.9723411798477173,0.004616477272727273,0.2
Out,0.9724617600440979,0.004618117229129663,0.2
Out,0.9730197191238403,0.004619758351101635,0.2
Out,0.9731143116950989,0.004621400639886242,0.2
Out,0.9733675122261047,0.004623044096728307,0.2
Out,0.9742807745933533,0.004624688722874422,0.2
Out,0.9743881225585938,0.004626334519572953,0.2
Out,0.9754939079284668,0.004627981488074048,0.2
Out,0.9760693311691284,0.004629629629629629,0.2
Out,0.9762648344039917,0.004631278945493409,0.2
Out,0.9763073921203613,0.004632929436920884,0.2
Out,0.9763128757476807,0.004634581105169341,0.2
Out,0.9763889312744141,0.0046362339514978606,0.2
Out,0.9767285585403442,0.00463788797716732,0.2
Out,0.9768771529197693,0.0046395431834403995,0.2
Out,0.9769317507743835,0.0046411995715815784,0.2
Out,0.9772759675979614,0.004642857142857143,0.2
Out,0.9784557223320007,0.004644515898535191,0.2
Out,0.9790605902671814,0.004646175839885632,0.2
Out,0.9791957139968872,0.004647836968180193,0.2
Out,0.9811555743217468,0.004649499284692418,0.2
Out,0.9821692705154419,0.004651162790697674,0.2
Out,0.9829708933830261,0.0046528274874731565,0.2
Out,0.9830722808837891,0.004654493376297888,0.2
Out,0.9832073450088501,0.004656160458452722,0.2
Out,0.9832873940467834,0.004657828735220351,0.2
Out,0.9834291934967041,0.004659498207885305,0.2
Out,0.9835029244422913,0.004661168877733955,0.2
Out,0.9836674928665161,0.004662840746054519,0.2
Out,0.9843235611915588,0.0046645138141370645,0.2
Out,0.9847216010093689,0.00466618808327351,0.2
Out,0.985931932926178,0.00466786355475763,0.2
Out,0.9860213994979858,0.004669540229885058,0.2
Out,0.9862275123596191,0.004671218109953288,0.2
Out,0.986458957195282,0.004672897196261682,0.2
Out,0.9873079657554626,0.004674577490111471,0.2
Out,0.987445592880249,0.004676258992805755,0.2
Out,0.9879695177078247,0.004677941705649514,0.2
Out,0.9880445003509521,0.004679625629949604,0.2
Out,0.9880969524383545,0.004681310767014764,0.2
Out,0.988183856010437,0.004682997118155619,0.2
Out,0.9886377453804016,0.0046846846846846845,0.2
Out,0.9906590580940247,0.004686373467916366,0.2
Out,0.9914452433586121,0.0046880634691669676,0.2
Out,0.9914950132369995,0.00468975468975469,0.2
Out,0.9919581413269043,0.004691447130999639,0.2
Out,0.9921575784683228,0.004693140794223827,0.2
Out,0.9926523566246033,0.004694835680751174,0.2
Out,0.992986798286438,0.004696531791907515,0.2
Out,0.9938445091247559,0.0046982291290206,0.2
Out,0.9941376447677612,0.004699927693420101,0.2
Out,0.9943159222602844,0.004701627486437613,0.2
Out,0.9947843551635742,0.004703328509406657,0.2
Out,0.9948183298110962,0.004705030763662686,0.2
Out,0.9949983358383179,0.004706734250543085,0.2
Out,0.9957460165023804,0.004708438971387179,0.2
Out,0.9958345890045166,0.004710144927536232,0.2
Out,0.9964187145233154,0.004711852120333454,0.2
Out,0.996782124042511,0.004713560551124003,0.2
Out,0.9980539679527283,0.004715270221254987,0.2
Out,0.9983300566673279,0.0047169811320754715,0.2
Out,0.9986681342124939,0.004718693284936479,0.2
Out,0.9990561008453369,0.004720406681190995,0.2
Out,0.9991022348403931,0.00472212132219397,0.2
Out,0.9991807341575623,0.004723837209302325,0.2
Out,0.9999511241912842,0.004725554343874954,0.2
Out,1.0008032321929932,0.0047272727272727275,0.2
Out,1.0015090703964233,0.004728992360858494,0.2
Out,1.0021594762802124,0.004730713245997089,0.2
Out,1.0024137496948242,0.004732435384055333,0.2
Out,1.002609133720398,0.0047341587764020395,0.2
Out,1.0033482313156128,0.004735883424408015,0.2
Out,1.003626823425293,0.0047376093294460644,0.2
Out,1.004143476486206,0.004739336492890996,0.2
Out,1.004671335220337,0.004741064916119621,0.2
Out,1.004862666130066,0.0047427946005107625,0.2
Out,1.0067702531814575,0.004744525547445255,0.2
Out,1.0073946714401245,0.004746257758305951,0.2
Out,1.0093169212341309,0.004747991234477721,0.2
Out,1.0093814134597778,0.0047497259773474606,0.2
Out,1.0096228122711182,0.004751461988304093,0.2
Out,1.0104835033416748,0.004753199268738574,0.2
Out,1.010603904724121,0.004754937820043892,0.2
Out,1.0108885765075684,0.004756677643615075,0.2
Out,1.0109789371490479,0.004758418740849195,0.2
Out,1.0112855434417725,0.004760161113145368,0.2
Out,1.0113980770111084,0.004761904761904762,0.2
Out,1.0127897262573242,0.004763649688530597,0.2
Out,1.0129013061523438,0.004765395894428153,0.2
Out,1.013083815574646,0.004767143381004767,0.2
Out,1.0135836601257324,0.004768892149669846,0.2
Out,1.0139192342758179,0.0047706422018348625,0.2
Out,1.0141335725784302,0.0047723935389133625,0.2
Out,1.014975666999817,0.004774146162320969,0.2
Out,1.0152868032455444,0.004775900073475386,0.2
Out,1.015445590019226,0.004777655273796398,0.2
Out,1.0169059038162231,0.004779411764705883,0.2
Out,1.01727294921875,0.004781169547627804,0.2
Out,1.0174018144607544,0.004782928623988227,0.2
Out,1.0175808668136597,0.004784688995215311,0.2
Out,1.0177631378173828,0.004786450662739323,0.2
Out,1.018012285232544,0.004788213627992633,0.2
Out,1.018433690071106,0.004789977892409728,0.2
Out,1.0185683965682983,0.004791743457427202,0.2
Out,1.0209344625473022,0.004793510324483776,0.2
Out,1.021401286125183,0.004795278495020288,0.2
Out,1.0215365886688232,0.004797047970479705,0.2
Out,1.0217777490615845,0.004798818752307124,0.2
Out,1.0221128463745117,0.0048005908419497785,0.2
Out,1.0221571922302246,0.004802364240857037,0.2
Out,1.0222889184951782,0.004804138950480414,0.2
Out,1.022870659828186,0.004805914972273568,0.2
Out,1.0239157676696777,0.004807692307692308,0.2
Out,1.0240448713302612,0.004809470958194599,0.2
Out,1.0242962837219238,0.0048112509252405625,0.2
Out,1.0247063636779785,0.004813032210292484,0.2
Out,1.025148630142212,0.004814814814814815,0.2
Out,1.0255106687545776,0.004816598740274175,0.2
Out,1.0255802869796753,0.004818383988139363,0.2
Out,1.0255831480026245,0.00482017055988135,0.2
Out,1.026297688484192,0.004821958456973294,0.2
Out,1.0263737440109253,0.004823747680890538,0.2
Out,1.026720643043518,0.004825538233110616,0.2
Out,1.0271239280700684,0.004827330115113257,0.2
Out,1.0271949768066406,0.0048291233283803865,0.2
Out,1.027241587638855,0.004830917874396135,0.2
Out,1.0277903079986572,0.0048327137546468404,0.2
Out,1.027927279472351,0.004834510970621049,0.2
Out,1.028184413909912,0.004836309523809524,0.2
Out,1.0284746885299683,0.004838109415705247,0.2
Out,1.029366374015808,0.004839910647803425,0.2
Out,1.0302408933639526,0.00484171322160149,0.2
Out,1.0315027236938477,0.004843517138599106,0.2
Out,1.032596468925476,0.004845322400298174,0.2
Out,1.033272624015808,0.004847129008202834,0.2
Out,1.0341365337371826,0.00484893696381947,0.2
Out,1.0357378721237183,0.004850746268656716,0.2
Out,1.036271095275879,0.0048525569242254575,0.2
Out,1.0365689992904663,0.0048543689320388345,0.2
Out,1.0370392799377441,0.004856182293612252,0.2
Out,1.0380555391311646,0.004857997010463378,0.2
Out,1.0386565923690796,0.00485981308411215,0.2
Out,1.0395103693008423,0.0048616305160807775,0.2
Out,1.0400354862213135,0.004863449307893753,0.2
Out,1.0403097867965698,0.0048652694610778445,0.2
Out,1.0403317213058472,0.004867090977162112,0.2
Out,1.0403425693511963,0.0048689138576779025,0.2
Out,1.0404130220413208,0.004870738104158861,0.2
Out,1.0405898094177246,0.004872563718140929,0.2
Out,1.0408817529678345,0.004874390701162355,0.2
Out,1.0414327383041382,0.004876219054763691,0.2
Out,1.0427656173706055,0.004878048780487805,0.2
Out,1.0429632663726807,0.00487987987987988,0.2
Out,1.0431482791900635,0.004506196019526849,0.18461538461538463
Out,1.0438392162322998,0.004507888805409466,0.18461538461538463
Out,1.0441380739212036,0.004509582863585118,0.18461538461538463
Out,1.0442866086959839,0.004511278195488722,0.18461538461538463
Out,1.0446125268936157,0.0045129748025573525,0.18461538461538463
Out,1.0446547269821167,0.004514672686230248,0.18461538461538463
Out,1.044771671295166,0.004516371847948814,0.18461538461538463
Out,1.0454899072647095,0.004518072289156626,0.18461538461538463
Out,1.0459169149398804,0.004519774011299435,0.18461538461538463
Out,1.0462114810943604,0.00452147701582517,0.18461538461538463
Out,1.046374797821045,0.004523181304183943,0.18461538461538463
Out,1.046431541442871,0.004524886877828055,0.18461538461538463
Out,1.0479767322540283,0.004526593738211996,0.18461538461538463
Out,1.0494078397750854,0.004528301886792453,0.18461538461538463
Out,1.0494451522827148,0.004530011325028313,0.18461538461538463
Out,1.049473762512207,0.004531722054380665,0.18461538461538463
Out,1.0496026277542114,0.004533434076312807,0.18461538461538463
Out,1.0500112771987915,0.0045351473922902496,0.18461538461538463
Out,1.0501595735549927,0.004536862003780718,0.18461538461538463
Out,1.0503193140029907,0.0045385779122541605,0.18461538461538463
Out,1.0507898330688477,0.004540295119182747,0.18461538461538463
Out,1.0521131753921509,0.004542013626040878,0.18461538461538463
Out,1.0527734756469727,0.004543733434305188,0.18461538461538463
Out,1.0529178380966187,0.004545454545454545,0.18461538461538463
Out,1.0530731678009033,0.004547176960970065,0.18461538461538463
Out,1.0541831254959106,0.004548900682335102,0.18461538461538463
Out,1.055027961730957,0.004550625711035267,0.18461538461538463
Out,1.0553677082061768,0.004552352048558422,0.18461538461538463
Out,1.0565903186798096,0.004554079696394687,0.18461538461538463
Out,1.0566112995147705,0.004555808656036446,0.18461538461538463
Out,1.0566624402999878,0.004557538928978352,0.18461538461538463
Out,1.0567054748535156,0.004559270516717325,0.18461538461538463
Out,1.0568209886550903,0.004561003420752566,0.18461538461538463
Out,1.0570647716522217,0.004182509505703422,0.16923076923076924
Out,1.057340145111084,0.003803727653100038,0.15384615384615385
Out,1.0575997829437256,0.00380517503805175,0.15384615384615385
Out,1.057832956314087,0.003806623524933384,0.15384615384615385
Out,1.0579694509506226,0.003808073115003808,0.15384615384615385
Out,1.058220386505127,0.0038095238095238095,0.15384615384615385
Out,1.0584303140640259,0.0038109756097560975,0.15384615384615385
Out,1.0585086345672607,0.003812428516965307,0.15384615384615385
Out,1.0591092109680176,0.0038138825324180014,0.15384615384615385
Out,1.0596611499786377,0.0038153376573826785,0.15384615384615385
Out,1.0602253675460815,0.003816793893129771,0.15384615384615385
Out,1.0606129169464111,0.0038182512409316535,0.15384615384615385
Out,1.060909390449524,0.0038197097020626434,0.15384615384615385
Out,1.0624891519546509,0.0038211692777990066,0.15384615384615385
Out,1.0626575946807861,0.00382262996941896,0.15384615384615385
Out,1.062989354133606,0.0038240917782026767,0.15384615384615385
Out,1.0634615421295166,0.0038255547054322878,0.15384615384615385
Out,1.0634769201278687,0.003827018752391887,0.15384615384615385
Out,1.064366102218628,0.0038284839203675345,0.15384615384615385
Out,1.064497709274292,0.0038299502106472617,0.15384615384615385
Out,1.0647245645523071,0.0038314176245210726,0.15384615384615385
Out,1.0650115013122559,0.0038328861632809506,0.15384615384615385
Out,1.0656609535217285,0.003834355828220859,0.15384615384615385
Out,1.065880298614502,0.0038358266206367474,0.15384615384615385
Out,1.066241979598999,0.003837298541826554,0.15384615384615385
Out,1.066742181777954,0.003838771593090211,0.15384615384615385
Out,1.0672956705093384,0.0038402457757296467,0.15384615384615385
Out,1.067317008972168,0.00384172109104879,0.15384615384615385
Out,1.067458152770996,0.003843197540353574,0.15384615384615385
Out,1.0678447484970093,0.0038446751249519417,0.15384615384615385
Out,1.0678547620773315,0.0038461538461538464,0.15384615384615385
Out,1.0678977966308594,0.003847633705271258,0.15384615384615385
Out,1.0679596662521362,0.003849114703618168,0.15384615384615385
Out,1.06880521774292,0.003850596842510589,0.15384615384615385
Out,1.0688621997833252,0.003852080123266564,0.15384615384615385
Out,1.0689783096313477,0.0038535645472061657,0.15384615384615385
Out,1.0697335004806519,0.0038550501156515036,0.15384615384615385
Out,1.0698049068450928,0.0038565368299267257,0.15384615384615385
Out,1.0710245370864868,0.0038580246913580245,0.15384615384615385
Out,1.0717862844467163,0.0038595137012736396,0.15384615384615385
Out,1.0720701217651367,0.003861003861003861,0.15384615384615385
Out,1.072164535522461,0.003862495171881035,0.15384615384615385
Out,1.0727962255477905,0.0038639876352395673,0.15384615384615385
Out,1.072896122932434,0.003865481252415926,0.15384615384615385
Out,1.0741381645202637,0.0038669760247486465,0.15384615384615385
Out,1.0741688013076782,0.0038684719535783366,0.15384615384615385
Out,1.0742276906967163,0.003869969040247678,0.15384615384615385
Out,1.0747073888778687,0.003484320557491289,0.13846153846153847
Out,1.0748229026794434,0.0034856700232378003,0.13846153846153847
Out,1.076339840888977,0.003487020534676482,0.13846153846153847
Out,1.0763840675354004,0.0034883720930232558,0.13846153846153847
Out,1.0765732526779175,0.0034897246994959287,0.13846153846153847
Out,1.0769468545913696,0.0034910783553141972,0.13846153846153847
Out,1.077131748199463,0.0034924330616996507,0.13846153846153847
Out,1.0781501531600952,0.0034937888198757765,0.13846153846153847
Out,1.078273892402649,0.003495145631067961,0.13846153846153847
Out,1.0784355401992798,0.0034965034965034965,0.13846153846153847
Out,1.0789662599563599,0.003497862417411582,0.13846153846153847
Out,1.0797134637832642,0.003499222395023328,0.13846153846153847
Out,1.0797706842422485,0.003500583430571762,0.13846153846153847
Out,1.0799014568328857,0.003501945525291829,0.13846153846153847
Out,1.0801838636398315,0.0035033086804203972,0.13846153846153847
Out,1.0804795026779175,0.0035046728971962616,0.13846153846153847
Out,1.080595850944519,0.003506038176860148,0.13846153846153847
Out,1.0806434154510498,0.0035074045206547155,0.13846153846153847
Out,1.0817575454711914,0.0035087719298245615,0.13846153846153847
Out,1.0818932056427002,0.0035101404056162248,0.13846153846153847
Out,1.0826765298843384,0.00351150994927819,0.13846153846153847
Out,1.0828856229782104,0.00351288056206089,0.13846153846153847
Out,1.083056926727295,0.003514252245216712,0.13846153846153847
Out,1.0832562446594238,0.003515625,0.13846153846153847
Out,1.0841388702392578,0.0035169988276670576,0.13846153846153847
Out,1.0849210023880005,0.003518373729476153,0.13846153846153847
Out,1.0850720405578613,0.0035197497066875244,0.13846153846153847
Out,1.0854977369308472,0.0035211267605633804,0.13846153846153847
Out,1.0855242013931274,0.0035225048923679062,0.13846153846153847
Out,1.0855876207351685,0.003523884103367267,0.13846153846153847
Out,1.0865718126296997,0.0035252643948296123,0.13846153846153847
Out,1.0869140625,0.0035266457680250786,0.13846153846153847
Out,1.0869600772857666,0.0035280282242257936,0.13846153846153847
Out,1.0871177911758423,0.0035294117647058825,0.13846153846153847
Out,1.0872498750686646,0.003530796390741467,0.13846153846153847
Out,1.087567687034607,0.003532182103610675,0.13846153846153847
Out,1.0875834226608276,0.0035335689045936395,0.13846153846153847
Out,1.0883375406265259,0.003534956794972506,0.13846153846153847
Out,1.0885756015777588,0.003536345776031434,0.13846153846153847
Out,1.0897581577301025,0.003537735849056604,0.13846153846153847
Out,1.0898303985595703,0.003539127015336217,0.13846153846153847
Out,1.0911872386932373,0.0035405192761605035,0.13846153846153847
Out,1.0920675992965698,0.0035419126328217238,0.13846153846153847
Out,1.0931330919265747,0.003543307086614173,0.13846153846153847
Out,1.093384027481079,0.0035447026388341868,0.13846153846153847
Out,1.0935896635055542,0.0035460992907801418,0.13846153846153847
Out,1.0939757823944092,0.0035474970437524636,0.13846153846153847
Out,1.095796823501587,0.003548895899053628,0.13846153846153847
Out,1.096683144569397,0.0035502958579881655,0.13846153846153847
Out,1.0970792770385742,0.003551696921862668,0.13846153846153847
Out,1.0976351499557495,0.0035530990919857876,0.13846153846153847
Out,1.0982718467712402,0.0035545023696682463,0.13846153846153847
Out,1.0986233949661255,0.0035559067562228367,0.13846153846153847
Out,1.098985195159912,0.0035573122529644267,0.13846153846153847
Out,1.099016547203064,0.0035587188612099642,0.13846153846153847
Out,1.0992707014083862,0.003560126582278481,0.13846153846153847
Out,1.0993698835372925,0.003561535417491096,0.13846153846153847
Out,1.0999070405960083,0.0035629453681710215,0.13846153846153847
Out,1.1012771129608154,0.0035643564356435645,0.13846153846153847
Out,1.101360559463501,0.0035657686212361333,0.13846153846153847
Out,1.1018484830856323,0.0035671819262782403,0.13846153846153847
Out,1.1021605730056763,0.0035685963521015066,0.13846153846153847
Out,1.102346420288086,0.0035700119000396666,0.13846153846153847
Out,1.10254967212677,0.0035714285714285713,0.13846153846153847
Out,1.1030454635620117,0.003572846367606193,0.13846153846153847
Out,1.1030664443969727,0.003574265289912629,0.13846153846153847
Out,1.1034338474273682,0.003575685339690107,0.13846153846153847
Out,1.1037249565124512,0.003577106518282989,0.13846153846153847
Out,1.1040042638778687,0.0035785288270377734,0.13846153846153847
Out,1.1042985916137695,0.003579952267303103,0.13846153846153847
Out,1.1047366857528687,0.003581376840429765,0.13846153846153847
Out,1.1050989627838135,0.0035828025477707007,0.13846153846153847
Out,1.1060075759887695,0.0035842293906810036,0.13846153846153847
Out,1.1060962677001953,0.0035856573705179283,0.13846153846153847
Out,1.106296420097351,0.0035870864886408927,0.13846153846153847
Out,1.1063508987426758,0.0035885167464114833,0.13846153846153847
Out,1.1064509153366089,0.0035899481451934583,0.13846153846153847
Out,1.106518268585205,0.003591380686352753,0.13846153846153847
Out,1.1065572500228882,0.003592814371257485,0.13846153846153847
Out,1.1067825555801392,0.003594249201277955,0.13846153846153847
Out,1.106863021850586,0.003595685177786656,0.13846153846153847
Out,1.1073704957962036,0.0035971223021582736,0.13846153846153847
Out,1.1074466705322266,0.003598560575769692,0.13846153846153847
Out,1.1079500913619995,0.0036,0.13846153846153847
Out,1.1085395812988281,0.003601440576230492,0.13846153846153847
Out,1.108587622642517,0.003602882305844676,0.13846153846153847
Out,1.108731985092163,0.003604325190228274,0.13846153846153847
Out,1.1090046167373657,0.003605769230769231,0.13846153846153847
Out,1.1092829704284668,0.0036072144288577155,0.13846153846153847
Out,1.1096380949020386,0.0036086607858861267,0.13846153846153847
Out,1.1104061603546143,0.0036101083032490976,0.13846153846153847
Out,1.1110754013061523,0.0036115569823434992,0.13846153846153847
Out,1.1110975742340088,0.0036130068245684463,0.13846153846153847
Out,1.1112487316131592,0.0036144578313253013,0.13846153846153847
Out,1.111602544784546,0.0036159100040176776,0.13846153846153847
Out,1.112052321434021,0.003617363344051447,0.13846153846153847
Out,1.1128337383270264,0.0036188178528347406,0.13846153846153847
Out,1.1136157512664795,0.0036202735317779565,0.13846153846153847
Out,1.1136283874511719,0.0036217303822937627,0.13846153846153847
Out,1.114227294921875,0.0036231884057971015,0.13846153846153847
Out,1.1143957376480103,0.003624647603705195,0.13846153846153847
Out,1.1149475574493408,0.0036261079774375505,0.13846153846153847
Out,1.114993929862976,0.0036275695284159614,0.13846153846153847
Out,1.1151692867279053,0.0036290322580645163,0.13846153846153847
Out,1.1163908243179321,0.003630496167809601,0.13846153846153847
Out,1.1173906326293945,0.0036319612590799033,0.13846153846153847
Out,1.118293046951294,0.0036334275333064193,0.13846153846153847
Out,1.1192790269851685,0.0036348949919224557,0.13846153846153847
Out,1.1193487644195557,0.0036363636363636364,0.13846153846153847
Out,1.11965012550354,0.003637833468067906,0.13846153846153847
Out,1.120182991027832,0.003639304488475536,0.13846153846153847
Out,1.1203011274337769,0.0036407766990291263,0.13846153846153847
Out,1.120753526687622,0.003642250101173614,0.13846153846153847
Out,1.1207776069641113,0.0036437246963562753,0.13846153846153847
Out,1.1214869022369385,0.0036452004860267314,0.13846153846153847
Out,1.12257981300354,0.003646677471636953,0.13846153846153847
Out,1.123034119606018,0.0036481556546412645,0.13846153846153847
Out,1.1235066652297974,0.0036496350364963502,0.13846153846153847
Out,1.1236090660095215,0.0036511156186612576,0.13846153846153847
Out,1.1241304874420166,0.0036525974025974025,0.13846153846153847
Out,1.1244853734970093,0.0036540803897685747,0.13846153846153847
Out,1.1253358125686646,0.0036555645816409425,0.13846153846153847
Out,1.1256011724472046,0.0036570499796830555,0.13846153846153847
Out,1.1256375312805176,0.003658536585365854,0.13846153846153847
Out,1.1257619857788086,0.0036600244001626678,0.13846153846153847
Out,1.1259374618530273,0.003661513425549227,0.13846153846153847
Out,1.1270123720169067,0.003663003663003663,0.13846153846153847
Out,1.1271140575408936,0.0036644951140065146,0.13846153846153847
Out,1.1282986402511597,0.0036659877800407333,0.13846153846153847
Out,1.1284834146499634,0.003667481662591687,0.13846153846153847
Out,1.1295244693756104,0.0036689767631471666,0.13846153846153847
Out,1.130023717880249,0.00367047308319739,0.13846153846153847
Out,1.1301099061965942,0.0036719706242350062,0.13846153846153847
Out,1.130159616470337,0.003673469387755102,0.13846153846153847
Out,1.131134033203125,0.0036749693752552064,0.13846153846153847
Out,1.131958246231079,0.003676470588235294,0.13846153846153847
Out,1.1320521831512451,0.0036779730281977932,0.13846153846153847
Out,1.1320676803588867,0.003679476696647588,0.13846153846153847
Out,1.1321486234664917,0.0036809815950920245,0.13846153846153847
Out,1.1327779293060303,0.0036824877250409165,0.13846153846153847
Out,1.1332234144210815,0.0036839950880065493,0.13846153846153847
Out,1.1342309713363647,0.0036855036855036856,0.13846153846153847
Out,1.1345839500427246,0.0036870135190495697,0.13846153846153847
Out,1.1347399950027466,0.0036885245901639345,0.13846153846153847
Out,1.1354029178619385,0.0036900369003690036,0.13846153846153847
Out,1.1355726718902588,0.0036915504511894994,0.13846153846153847
Out,1.1356449127197266,0.003282724661469019,0.12307692307692308
Out,1.1356981992721558,0.003284072249589491,0.12307692307692308
Out,1.1367802619934082,0.0032854209445585215,0.12307692307692308
Out,1.1368522644042969,0.003286770747740345,0.12307692307692308
Out,1.1370936632156372,0.0032881216605014385,0.12307692307692308
Out,1.137893795967102,0.003289473684210526,0.12307692307692308
Out,1.1379903554916382,0.003290826820238585,0.12307692307692308
Out,1.1385680437088013,0.0032921810699588477,0.12307692307692308
Out,1.1386005878448486,0.0032935364347468094,0.12307692307692308
Out,1.1390150785446167,0.0032948929159802307,0.12307692307692308
Out,1.139552354812622,0.003296250515039143,0.12307692307692308
Out,1.1395946741104126,0.0032976092333058533,0.12307692307692308
Out,1.140161156654358,0.0032989690721649486,0.12307692307692308
Out,1.1404221057891846,0.0033003300330033004,0.12307692307692308
Out,1.1405733823776245,0.0033016921172100704,0.12307692307692308
Out,1.1406246423721313,0.0033030553261767133,0.12307692307692308
Out,1.1415305137634277,0.003304419661296985,0.12307692307692308
Out,1.1417105197906494,0.003305785123966942,0.12307692307692308
Out,1.1418993473052979,0.0033071517155849523,0.12307692307692308
Out,1.141980767250061,0.0033085194375516956,0.12307692307692308
Out,1.142040729522705,0.0033098882912701694,0.12307692307692308
Out,1.142046332359314,0.0033112582781456954,0.12307692307692308
Out,1.14226496219635,0.0033126293995859213,0.12307692307692308
Out,1.1423145532608032,0.0033140016570008283,0.12307692307692308
Out,1.142496109008789,0.003315375051802735,0.12307692307692308
Out,1.143150806427002,0.003316749585406302,0.12307692307692308
Out,1.1432451009750366,0.0033181252592285357,0.12307692307692308
Out,1.1439040899276733,0.0033195020746887966,0.12307692307692308
Out,1.144563913345337,0.0033208800332088003,0.12307692307692308
Out,1.1451940536499023,0.0033222591362126247,0.12307692307692308
Out,1.145431399345398,0.0033236393851267137,0.12307692307692308
Out,1.145447015762329,0.0033250207813798837,0.12307692307692308
Out,1.1455100774765015,0.0033264033264033266,0.12307692307692308
Out,1.145580768585205,0.0033277870216306157,0.12307692307692308
Out,1.1459126472473145,0.0033291718684977114,0.12307692307692308
Out,1.145927906036377,0.0033305578684429643,0.12307692307692308
Out,1.1460638046264648,0.003331945022907122,0.12307692307692308
Out,1.1461341381072998,0.0033333333333333335,0.12307692307692308
Out,1.14749014377594,0.003334722801167153,0.12307692307692308
Out,1.1486350297927856,0.003336113427856547,0.12307692307692308
Out,1.148665428161621,0.003337505214851898,0.12307692307692308
Out,1.1493332386016846,0.002921535893155259,0.1076923076923077
Out,1.1499756574630737,0.0029227557411273487,0.1076923076923077
Out,1.1508358716964722,0.0029239766081871343,0.1076923076923077
Out,1.15114426612854,0.0029251984956122023,0.1076923076923077
Out,1.1517291069030762,0.002926421404682274,0.1076923076923077
Out,1.1517943143844604,0.0029276453366792136,0.1076923076923077
Out,1.1522661447525024,0.0029288702928870294,0.1076923076923077
Out,1.152417778968811,0.0029300962745918793,0.1076923076923077
Out,1.1524358987808228,0.002931323283082077,0.1076923076923077
Out,1.1531034708023071,0.002932551319648094,0.1076923076923077
Out,1.1535576581954956,0.002933780385582565,0.1076923076923077
Out,1.1535625457763672,0.0029350104821802936,0.1076923076923077
Out,1.1545618772506714,0.002936241610738255,0.1076923076923077
Out,1.154679536819458,0.0029374737725556023,0.1076923076923077
Out,1.1551003456115723,0.002938706968933669,0.1076923076923077
Out,1.1551560163497925,0.0029399412011759767,0.1076923076923077
Out,1.1553401947021484,0.0029411764705882353,0.1076923076923077
Out,1.155352234840393,0.0029424127784783522,0.1076923076923077
Out,1.156357765197754,0.002943650126156434,0.1076923076923077
Out,1.156360149383545,0.002944888514934792,0.1076923076923077
Out,1.156542181968689,0.002946127946127946,0.1076923076923077
Out,1.156660556793213,0.0029473684210526317,0.1076923076923077
Out,1.1569026708602905,0.0029486099410278013,0.1076923076923077
Out,1.1571285724639893,0.0029498525073746312,0.1076923076923077
Out,1.157771110534668,0.002951096121416526,0.1076923076923077
Out,1.1582999229431152,0.0029523407844791226,0.1076923076923077
Out,1.1586748361587524,0.002953586497890295,0.1076923076923077
Out,1.1607942581176758,0.0029548332629801602,0.1076923076923077
Out,1.161069393157959,0.0029560810810810812,0.1076923076923077
Out,1.161110758781433,0.002957329953527672,0.1076923076923077
Out,1.1613904237747192,0.0029585798816568047,0.1076923076923077
Out,1.1623576879501343,0.002959830866807611,0.1076923076923077
Out,1.163033127784729,0.002961082910321489,0.1076923076923077
Out,1.163342833518982,0.0029623360135421074,0.1076923076923077
Out,1.164446473121643,0.0029635901778154107,0.1076923076923077
Out,1.164466381072998,0.002964845404489623,0.1076923076923077
Out,1.1645861864089966,0.0029661016949152543,0.1076923076923077
Out,1.1653331518173218,0.002967359050445104,0.1076923076923077
Out,1.1654921770095825,0.0029686174724342664,0.1076923076923077
Out,1.166509747505188,0.002969876962240136,0.1076923076923077
Out,1.1669468879699707,0.0029711375212224107,0.1076923076923077
Out,1.1670751571655273,0.0029723991507431,0.1076923076923077
Out,1.1684017181396484,0.002973661852166525,0.1076923076923077
Out,1.1687877178192139,0.0029749256268593286,0.1076923076923077
Out,1.1698156595230103,0.002976190476190476,0.1076923076923077
Out,1.1700186729431152,0.0029774564015312634,0.1076923076923077
Out,1.1702556610107422,0.0029787234042553193,0.1076923076923077
Out,1.1707186698913574,0.002979991485738612,0.1076923076923077
Out,1.1716547012329102,0.002981260647359455,0.1076923076923077
Out,1.172560214996338,0.002982530890498509,0.1076923076923077
Out,1.1726551055908203,0.0029838022165387893,0.1076923076923077
Out,1.1729317903518677,0.0029850746268656717,0.1076923076923077
Out,1.173587441444397,0.0029863481228668944,0.1076923076923077
Out,1.1746817827224731,0.002987622705932565,0.1076923076923077
Out,1.174942135810852,0.0029888983774551663,0.1076923076923077
Out,1.1753556728363037,0.00299017513882956,0.1076923076923077
Out,1.1761753559112549,0.0029914529914529917,0.1076923076923077
Out,1.1771594285964966,0.002992731936725096,0.1076923076923077
Out,1.177196979522705,0.0029940119760479044,0.1076923076923077
Out,1.177321195602417,0.002995293110825845,0.1076923076923077
Out,1.1777949333190918,0.0029965753424657533,0.1076923076923077
Out,1.177897572517395,0.0029978586723768737,0.1076923076923077
Out,1.1783809661865234,0.0029991431019708655,0.1076923076923077
Out,1.1795450448989868,0.0030004286326618087,0.1076923076923077
Out,1.1796256303787231,0.003001715265866209,0.1076923076923077
Out,1.1796319484710693,0.003003003003003003,0.1076923076923077
Out,1.179711937904358,0.0030042918454935624,0.1076923076923077
Out,1.1800930500030518,0.0030055817947617003,0.1076923076923077
Out,1.1805436611175537,0.003006872852233677,0.1076923076923077
Out,1.1806387901306152,0.0030081650193382035,0.1076923076923077
Out,1.1816004514694214,0.0030094582975064487,0.1076923076923077
Out,1.1824536323547363,0.003010752688172043,0.1076923076923077
Out,1.182480812072754,0.0030120481927710845,0.1076923076923077
Out,1.183840274810791,0.003013344812742144,0.1076923076923077
Out,1.1843479871749878,0.0030146425495262705,0.1076923076923077
Out,1.1853679418563843,0.003015941404566997,0.1076923076923077
Out,1.185669183731079,0.003017241379310345,0.1076923076923077
Out,1.1857645511627197,0.00301854247520483,0.1076923076923077
Out,1.1859744787216187,0.0030198446937014668,0.1076923076923077
Out,1.186206579208374,0.0030211480362537764,0.1076923076923077
Out,1.1863795518875122,0.0030224525043177895,0.1076923076923077
Out,1.1867170333862305,0.003023758099352052,0.1076923076923077
Out,1.1883060932159424,0.003025064822817632,0.1076923076923077
Out,1.1886162757873535,0.0030263726761781237,0.1076923076923077
Out,1.1893119812011719,0.003027681660899654,0.1076923076923077
Out,1.1893187761306763,0.003028991778450887,0.1076923076923077
Out,1.1906706094741821,0.0030303030303030303,0.1076923076923077
Out,1.1907273530960083,0.0030316154179298397,0.1076923076923077
Out,1.1907470226287842,0.0030329289428076256,0.1076923076923077
Out,1.1914787292480469,0.003034243606415258,0.1076923076923077
Out,1.192262053489685,0.003035559410234172,0.1076923076923077
Out,1.1927082538604736,0.003036876355748373,0.1076923076923077
Out,1.1934964656829834,0.0030381944444444445,0.1076923076923077
Out,1.1936328411102295,0.00303951367781155,0.1076923076923077
Out,1.1949684619903564,0.0030408340573414424,0.1076923076923077
Out,1.195307731628418,0.003042155584528466,0.1076923076923077
Out,1.1956149339675903,0.003043478260869565,0.1076923076923077
Out,1.195794701576233,0.003044802087864289,0.1076923076923077
Out,1.197069525718689,0.0030461270670147957,0.1076923076923077
Out,1.1970715522766113,0.0030474531998258597,0.1076923076923077
Out,1.1977533102035522,0.003048780487804878,0.1076923076923077
Out,1.197880506515503,0.0030501089324618735,0.1076923076923077
Out,1.199844241142273,0.003051438535309503,0.1076923076923077
Out,1.1998878717422485,0.0030527692978630614,0.1076923076923077
Out,1.2004547119140625,0.0030541012216404886,0.1076923076923077
Out,1.2008379697799683,0.0030554343081623746,0.1076923076923077
Out,1.2009536027908325,0.003056768558951965,0.1076923076923077
Out,1.201352834701538,0.0030581039755351682,0.1076923076923077
Out,1.2028502225875854,0.0030594405594405595,0.1076923076923077
Out,1.2038400173187256,0.003060778312199388,0.1076923076923077
Out,1.2041022777557373,0.0030621172353455816,0.1076923076923077
Out,1.2047226428985596,0.003063457330415755,0.1076923076923077
Out,1.2055174112319946,0.003064798598949212,0.1076923076923077
Out,1.2059201002120972,0.0030661410424879547,0.1076923076923077
Out,1.206184983253479,0.003067484662576687,0.1076923076923077
Out,1.2064945697784424,0.003068829460762823,0.1076923076923077
Out,1.206669807434082,0.0030701754385964912,0.1076923076923077
Out,1.2068768739700317,0.00307152259763054,0.1076923076923077
Out,1.2069867849349976,0.0030728709394205445,0.1076923076923077
Out,1.2069913148880005,0.0030742204655248135,0.1076923076923077
Out,1.2071425914764404,0.0030755711775043936,0.1076923076923077
Out,1.207271695137024,0.003076923076923077,0.1076923076923077
Out,1.2077529430389404,0.0030782761653474055,0.1076923076923077
Out,1.2077820301055908,0.0030796304443466782,0.1076923076923077
Out,1.20795476436615,0.0030809859154929575,0.1076923076923077
Out,1.2083286046981812,0.0030823425803610744,0.1076923076923077
Out,1.2090463638305664,0.0030837004405286344,0.1076923076923077
Out,1.209168791770935,0.003085059497576025,0.1076923076923077
Out,1.209363341331482,0.0030864197530864196,0.1076923076923077
Out,1.209388017654419,0.0030877812086457872,0.1076923076923077
Out,1.2097573280334473,0.003089143865842895,0.1076923076923077
Out,1.2101365327835083,0.0030905077262693157,0.1076923076923077
Out,1.210721492767334,0.0030918727915194345,0.1076923076923077
Out,1.2108186483383179,0.0030932390631904553,0.1076923076923077
Out,1.2109923362731934,0.003094606542882405,0.1076923076923077
Out,1.2111108303070068,0.0030959752321981426,0.1076923076923077
Out,1.2112460136413574,0.003097345132743363,0.1076923076923077
Out,1.211397647857666,0.003098716246126605,0.1076923076923077
Out,1.2118779420852661,0.003100088573959256,0.1076923076923077
Out,1.212496280670166,0.0031014621178555605,0.1076923076923077
Out,1.212578535079956,0.0031028368794326243,0.1076923076923077
Out,1.2128043174743652,0.0031042128603104213,0.1076923076923077
Out,1.2129526138305664,0.003105590062111801,0.1076923076923077
Out,1.2132093906402588,0.0031069684864624943,0.1076923076923077
Out,1.2133357524871826,0.003108348134991119,0.1076923076923077
Out,1.2136257886886597,0.003109729009329187,0.1076923076923077
Out,1.2137967348098755,0.003111111111111111,0.1076923076923077
Out,1.2147098779678345,0.0031124944419742106,0.1076923076923077
Out,1.2149385213851929,0.003113879003558719,0.1076923076923077
Out,1.2173192501068115,0.003115264797507788,0.1076923076923077
Out,1.2178528308868408,0.003116651825467498,0.1076923076923077
Out,1.2180578708648682,0.0031180400890868597,0.1076923076923077
Out,1.2183383703231812,0.0031194295900178253,0.1076923076923077
Out,1.2185276746749878,0.003120820329915292,0.1076923076923077
Out,1.2191184759140015,0.0031222123104371097,0.1076923076923077
Out,1.2202552556991577,0.0031236055332440876,0.1076923076923077
Out,1.2203229665756226,0.003125,0.1076923076923077
Out,1.2213943004608154,0.0026797677534613666,0.09230769230769231
Out,1.2218108177185059,0.002680965147453083,0.09230769230769231
Out,1.2218879461288452,0.002682163611980331,0.09230769230769231
Out,1.2233799695968628,0.0026833631484794273,0.09230769230769231
Out,1.2237364053726196,0.0026845637583892616,0.09230769230769231
Out,1.2242205142974854,0.0026857654431512983,0.09230769230769231
Out,1.2245686054229736,0.0026869682042095834,0.09230769230769231
Out,1.2248659133911133,0.002688172043010753,0.09230769230769231
Out,1.2248717546463013,0.002689376961004034,0.09230769230769231
Out,1.225746989250183,0.0026905829596412557,0.09230769230769231
Out,1.2258508205413818,0.0026917900403768506,0.09230769230769231
Out,1.2259255647659302,0.0026929982046678637,0.09230769230769231
Out,1.226717472076416,0.002694207453973956,0.09230769230769231
Out,1.227081060409546,0.0026954177897574125,0.09230769230769231
Out,1.2271469831466675,0.002696629213483146,0.09230769230769231
Out,1.2275075912475586,0.002697841726618705,0.09230769230769231
Out,1.2275750637054443,0.002699055330634278,0.09230769230769231
Out,1.228424072265625,0.0027002700270027003,0.09230769230769231
Out,1.2288075685501099,0.0027014858171994596,0.09230769230769231
Out,1.2291961908340454,0.002702702702702703,0.09230769230769231
Out,1.2293452024459839,0.0027039206849932404,0.09230769230769231
Out,1.2294306755065918,0.002705139765554554,0.09230769230769231
Out,1.229825496673584,0.0027063599458728013,0.09230769230769231
Out,1.2299399375915527,0.002707581227436823,0.09230769230769231
Out,1.2302016019821167,0.002708803611738149,0.09230769230769231
Out,1.230433702468872,0.0027100271002710027,0.09230769230769231
Out,1.2306040525436401,0.0027112516945323093,0.09230769230769231
Out,1.2307974100112915,0.0027124773960217,0.09230769230769231
Out,1.2309410572052002,0.0027137042062415195,0.09230769230769231
Out,1.231723666191101,0.0027149321266968325,0.09230769230769231
Out,1.23195219039917,0.002716161158895428,0.09230769230769231
Out,1.2325860261917114,0.002717391304347826,0.09230769230769231
Out,1.2336336374282837,0.002718622564567286,0.09230769230769231
Out,1.2339355945587158,0.0027198549410698096,0.09230769230769231
Out,1.2350642681121826,0.0027210884353741495,0.09230769230769231
Out,1.236229419708252,0.0027223230490018148,0.09230769230769231
Out,1.236800193786621,0.0027235587834770767,0.09230769230769231
Out,1.2373751401901245,0.0027247956403269754,0.09230769230769231
Out,1.2375226020812988,0.0027260336210813267,0.09230769230769231
Out,1.2379131317138672,0.0027272727272727275,0.09230769230769231
Out,1.2385878562927246,0.002728512960436562,0.09230769230769231
Out,1.2389483451843262,0.00272975432211101,0.09230769230769231
Out,1.2390248775482178,0.0027309968138370506,0.09230769230769231
Out,1.2396957874298096,0.00273224043715847,0.09230769230769231
Out,1.2405294179916382,0.002733485193621868,0.09230769230769231
Out,1.2405707836151123,0.0027347310847766638,0.09230769230769231
Out,1.2408994436264038,0.0027359781121751026,0.09230769230769231
Out,1.2419867515563965,0.002737226277372263,0.09230769230769231
Out,1.242363452911377,0.0027384755819260614,0.09230769230769231
Out,1.2424399852752686,0.0027397260273972603,0.09230769230769231
Out,1.2424616813659668,0.002740977615349475,0.09230769230769231
Out,1.2431330680847168,0.002742230347349177,0.09230769230769231
Out,1.243133306503296,0.0027434842249657062,0.09230769230769231
Out,1.2435436248779297,0.0027447392497712718,0.09230769230769231
Out,1.2440458536148071,0.002745995423340961,0.09230769230769231
Out,1.2446378469467163,0.0027472527472527475,0.09230769230769231
Out,1.244801640510559,0.002748511223087494,0.09230769230769231
Out,1.2453877925872803,0.002749770852428964,0.09230769230769231
Out,1.2454886436462402,0.002751031636863824,0.09230769230769231
Out,1.2456375360488892,0.0027522935779816515,0.09230769230769231
Out,1.2465449571609497,0.0027535566773749425,0.09230769230769231
Out,1.2468265295028687,0.0027548209366391185,0.09230769230769231
Out,1.2469738721847534,0.0022967386311437757,0.07692307692307693
Out,1.2470405101776123,0.002297794117647059,0.07692307692307693
Out,1.2473214864730835,0.0022988505747126436,0.07692307692307693
Out,1.247373342514038,0.0022999080036798527,0.07692307692307693
Out,1.248011827468872,0.002300966405890474,0.07692307692307693
Out,1.2484679222106934,0.0023020257826887663,0.07692307692307693
Out,1.2486324310302734,0.0023030861354214646,0.07692307692307693
Out,1.2488549947738647,0.002304147465437788,0.07692307692307693
Out,1.249513864517212,0.002305209774089442,0.07692307692307693
Out,1.2496342658996582,0.0023062730627306273,0.07692307692307693
Out,1.2501400709152222,0.0023073373327180432,0.07692307692307693
Out,1.25039541721344,0.0023084025854108957,0.07692307692307693
Out,1.2507543563842773,0.0023094688221709007,0.07692307692307693
Out,1.2507890462875366,0.0023105360443622922,0.07692307692307693
Out,1.250872254371643,0.002311604253351826,0.07692307692307693
Out,1.2508809566497803,0.002312673450508788,0.07692307692307693
Out,1.250920295715332,0.0023137436372049976,0.07692307692307693
Out,1.2509386539459229,0.0023148148148148147,0.07692307692307693
Out,1.2509440183639526,0.002315886984715146,0.07692307692307693
Out,1.2510998249053955,0.0023169601482854493,0.07692307692307693
Out,1.2512822151184082,0.0023180343069077423,0.07692307692307693
Out,1.2515231370925903,0.002319109461966605,0.07692307692307693
Out,1.251886248588562,0.002320185614849188,0.07692307692307693
Out,1.2519291639328003,0.002321262766945218,0.07692307692307693
Out,1.2523562908172607,0.0023223409196470044,0.07692307692307693
Out,1.2523573637008667,0.0023234200743494425,0.07692307692307693
Out,1.2527079582214355,0.0023245002324500234,0.07692307692307693
Out,1.2528061866760254,0.002325581395348837,0.07692307692307693
Out,1.253572940826416,0.002326663564448581,0.07692307692307693
Out,1.2537486553192139,0.0023277467411545625,0.07692307692307693
Out,1.254193902015686,0.002328830926874709,0.07692307692307693
Out,1.254493236541748,0.002329916123019571,0.07692307692307693
Out,1.255086064338684,0.002331002331002331,0.07692307692307693
Out,1.2551944255828857,0.0023320895522388058,0.07692307692307693
Out,1.2553085088729858,0.0023331777881474567,0.07692307692307693
Out,1.2558449506759644,0.002334267040149393,0.07692307692307693
Out,1.2576100826263428,0.002335357309668379,0.07692307692307693
Out,1.257611632347107,0.002336448598130841,0.07692307692307693
Out,1.258074164390564,0.0023375409069658717,0.07692307692307693
Out,1.258589267730713,0.0023386342376052385,0.07692307692307693
Out,1.2587754726409912,0.002339728591483388,0.07692307692307693
Out,1.2593069076538086,0.0023408239700374533,0.07692307692307693
Out,1.2595196962356567,0.00234192037470726,0.07692307692307693
Out,1.2595336437225342,0.0023430178069353325,0.07692307692307693
Out,1.259787678718567,0.0023441162681669013,0.07692307692307693
Out,1.260035753250122,0.0023452157598499064,0.07692307692307693
Out,1.2602218389511108,0.002346316283435007,0.07692307692307693
Out,1.2603524923324585,0.002347417840375587,0.07692307692307693
Out,1.2605037689208984,0.0023485204321277596,0.07692307692307693
Out,1.2606000900268555,0.002349624060150376,0.07692307692307693
Out,1.260983943939209,0.0023507287259050304,0.07692307692307693
Out,1.2611031532287598,0.0023518344308560675,0.07692307692307693
Out,1.2614248991012573,0.002352941176470588,0.07692307692307693
Out,1.2618300914764404,0.0023540489642184556,0.07692307692307693
Out,1.2619000673294067,0.0023551577955723034,0.07692307692307693
Out,1.2619884014129639,0.00235626767200754,0.07692307692307693
Out,1.2620267868041992,0.0023573785950023575,0.07692307692307693
Out,1.2628957033157349,0.0023584905660377358,0.07692307692307693
Out,1.2648874521255493,0.0023596035865974517,0.07692307692307693
Out,1.2651159763336182,0.002360717658168083,0.07692307692307693
Out,1.2654780149459839,0.0023618327822390174,0.07692307692307693
Out,1.2660303115844727,0.0023629489603024575,0.07692307692307693
Out,1.2662127017974854,0.002364066193853428,0.07692307692307693
Out,1.2663551568984985,0.0023651844843897824,0.07692307692307693
Out,1.2666819095611572,0.00236630383341221,0.07692307692307693
Out,1.2668825387954712,0.0023674242424242425,0.07692307692307693
Out,1.2674708366394043,0.0023685457129322598,0.07692307692307693
Out,1.268880009651184,0.002369668246445498,0.07692307692307693
Out,1.2692571878433228,0.002370791844476055,0.07692307692307693
Out,1.2696468830108643,0.0023719165085388993,0.07692307692307693
Out,1.2696939706802368,0.0023730422401518746,0.07692307692307693
Out,1.2697654962539673,0.0023741690408357074,0.07692307692307693
Out,1.269984483718872,0.0023752969121140144,0.07692307692307693
Out,1.2699882984161377,0.002376425855513308,0.07692307692307693
Out,1.270092248916626,0.0023775558725630053,0.07692307692307693
Out,1.2702521085739136,0.002378686964795433,0.07692307692307693
Out,1.2706365585327148,0.002379819133745835,0.07692307692307693
Out,1.2709883451461792,0.002380952380952381,0.07692307692307693
Out,1.271520972251892,0.0023820867079561697,0.07692307692307693
Out,1.2724026441574097,0.0023832221163012394,0.07692307692307693
Out,1.2727710008621216,0.002384358607534573,0.07692307692307693
Out,1.272971749305725,0.002385496183206107,0.07692307692307693
Out,1.2735700607299805,0.002386634844868735,0.07692307692307693
Out,1.274184226989746,0.002387774594078319,0.07692307692307693
Out,1.2754892110824585,0.0023889154323936935,0.07692307692307693
Out,1.276263952255249,0.002390057361376673,0.07692307692307693
Out,1.2762798070907593,0.0023912003825920613,0.07692307692307693
Out,1.2763429880142212,0.0023923444976076554,0.07692307692307693
Out,1.2764999866485596,0.0023934897079942556,0.07692307692307693
Out,1.2773357629776,0.0023946360153256703,0.07692307692307693
Out,1.2775192260742188,0.0023957834211787254,0.07692307692307693
Out,1.2778403759002686,0.0023969319271332696,0.07692307692307693
Out,1.2779242992401123,0.002398081534772182,0.07692307692307693
Out,1.2779943943023682,0.0023992322456813818,0.07692307692307693
Out,1.2780295610427856,0.002400384061449832,0.07692307692307693
Out,1.2783589363098145,0.0024015369836695487,0.07692307692307693
Out,1.2786056995391846,0.002402691013935608,0.07692307692307693
Out,1.2786383628845215,0.002403846153846154,0.07692307692307693
Out,1.2790464162826538,0.002405002405002405,0.07692307692307693
Out,1.279219150543213,0.002406159769008662,0.07692307692307693
Out,1.2795929908752441,0.0019258545979778526,0.06153846153846154
Out,1.2796109914779663,0.0019267822736030828,0.06153846153846154
Out,1.2799487113952637,0.0019277108433734939,0.06153846153846154
Out,1.2803213596343994,0.0019286403085824494,0.06153846153846154
Out,1.2803707122802734,0.001929570670525808,0.06153846153846154
Out,1.281112551689148,0.0019305019305019305,0.06153846153846154
Out,1.2814912796020508,0.001931434089811685,0.06153846153846154
Out,1.2816040515899658,0.001932367149758454,0.06153846153846154
Out,1.281874179840088,0.0019333011116481392,0.06153846153846154
Out,1.2818915843963623,0.0019342359767891683,0.06153846153846154
Out,1.2824677228927612,0.0019351717464925011,0.06153846153846154
Out,1.2825727462768555,0.001936108422071636,0.06153846153846154
Out,1.282631754875183,0.001937046004842615,0.06153846153846154
Out,1.282676100730896,0.001937984496124031,0.06153846153846154
Out,1.2827895879745483,0.0019389238972370335,0.06153846153846154
Out,1.2829509973526,0.0019398642095053346,0.06153846153846154
Out,1.2830113172531128,0.0019408054342552159,0.06153846153846154
Out,1.2832155227661133,0.001941747572815534,0.06153846153846154
Out,1.2833033800125122,0.001942690626517727,0.06153846153846154
Out,1.283743977546692,0.001943634596695821,0.06153846153846154
Out,1.2837860584259033,0.0019445794846864365,0.06153846153846154
Out,1.2842745780944824,0.0019455252918287938,0.06153846153846154
Out,1.2847782373428345,0.0019464720194647203,0.06153846153846154
Out,1.2849072217941284,0.0019474196689386564,0.06153846153846154
Out,1.285183072090149,0.001948368241597662,0.06153846153846154
Out,1.2854925394058228,0.001949317738791423,0.06153846153846154
Out,1.2857606410980225,0.0019502681618722574,0.06153846153846154
Out,1.285822868347168,0.001951219512195122,0.06153846153846154
Out,1.2858790159225464,0.0019521717911176184,0.06153846153846154
Out,1.286331295967102,0.001953125,0.06153846153846154
Out,1.2863672971725464,0.0019540791402051783,0.06153846153846154
Out,1.2870943546295166,0.0019550342130987292,0.06153846153846154
Out,1.287157416343689,0.0019559902200488996,0.06153846153846154
Out,1.287521481513977,0.0019569471624266144,0.06153846153846154
Out,1.2881196737289429,0.0019579050416054823,0.06153846153846154
Out,1.2881689071655273,0.0019588638589618022,0.06153846153846154
Out,1.2885210514068604,0.0019598236158745713,0.06153846153846154
Out,1.28876531124115,0.00196078431372549,0.06153846153846154
Out,1.2897554636001587,0.00196174595389897,0.06153846153846154
Out,1.289869785308838,0.001962708537782139,0.06153846153846154
Out,1.2903891801834106,0.0019636720667648502,0.06153846153846154
Out,1.2907748222351074,0.0019646365422396855,0.06153846153846154
Out,1.2910141944885254,0.0019656019656019656,0.06153846153846154
Out,1.2910610437393188,0.0019665683382497543,0.06153846153846154
Out,1.2912676334381104,0.001967535661583866,0.06153846153846154
Out,1.2913367748260498,0.001968503937007874,0.06153846153846154
Out,1.291798710823059,0.0019694731659281144,0.06153846153846154
Out,1.2918319702148438,0.0019704433497536944,0.06153846153846154
Out,1.2919470071792603,0.001971414489896501,0.06153846153846154
Out,1.2919487953186035,0.0019723865877712033,0.06153846153846154
Out,1.2920069694519043,0.001973359644795264,0.06153846153846154
Out,1.2920639514923096,0.0019743336623889436,0.06153846153846154
Out,1.2927625179290771,0.0019753086419753087,0.06153846153846154
Out,1.292910099029541,0.001976284584980237,0.06153846153846154
Out,1.2931959629058838,0.001977261492832427,0.06153846153846154
Out,1.293339729309082,0.0019782393669634025,0.06153846153846154
Out,1.293348789215088,0.0019792182088075212,0.06153846153846154
Out,1.293552041053772,0.0019801980198019802,0.06153846153846154
Out,1.2935603857040405,0.001981178801386825,0.06153846153846154
Out,1.2939581871032715,0.0019821605550049554,0.06153846153846154
Out,1.2943696975708008,0.0019831432821021317,0.06153846153846154
Out,1.2945053577423096,0.001984126984126984,0.06153846153846154
Out,1.2946189641952515,0.0019851116625310174,0.06153846153846154
Out,1.2946381568908691,0.0019860973187686196,0.06153846153846154
Out,1.2947490215301514,0.001987083954297069,0.06153846153846154
Out,1.2947580814361572,0.0019880715705765406,0.06153846153846154
Out,1.295852780342102,0.001989060169070114,0.06153846153846154
Out,1.2959052324295044,0.001990049751243781,0.06153846153846154
Out,1.295915126800537,0.001991040318566451,0.06153846153846154
Out,1.296189308166504,0.00199203187250996,0.06153846153846154
Out,1.296305537223816,0.001993024414549078,0.06153846153846154
Out,1.296430230140686,0.0019940179461615153,0.06153846153846154
Out,1.2971104383468628,0.00199501246882793,0.06153846153846154
Out,1.2971210479736328,0.001996007984031936,0.06153846153846154
Out,1.2976304292678833,0.00199700449326011,0.06153846153846154
Out,1.297885775566101,0.001998001998001998,0.06153846153846154
Out,1.2979637384414673,0.001999000499750125,0.06153846153846154
Out,1.2979782819747925,0.002,0.06153846153846154
Out,1.298202633857727,0.002001000500250125,0.06153846153846154
Out,1.2982925176620483,0.002002002002002002,0.06153846153846154
Out,1.2983064651489258,0.00200300450676014,0.06153846153846154
Out,1.2988512516021729,0.002004008016032064,0.06153846153846154
Out,1.2991212606430054,0.0020050125313283208,0.06153846153846154
Out,1.2991434335708618,0.0020060180541624875,0.06153846153846154
Out,1.299344539642334,0.002007024586051179,0.06153846153846154
Out,1.2994084358215332,0.002008032128514056,0.06153846153846154
Out,1.2999920845031738,0.0020090406830738324,0.06153846153846154
Out,1.3008310794830322,0.0020100502512562816,0.06153846153846154
Out,1.3008759021759033,0.002011060834590246,0.06153846153846154
Out,1.300892949104309,0.002012072434607646,0.06153846153846154
Out,1.3015434741973877,0.0020130850528434826,0.06153846153846154
Out,1.3016760349273682,0.002014098690835851,0.06153846153846154
Out,1.30170738697052,0.0020151133501259445,0.06153846153846154
Out,1.3019137382507324,0.0020161290322580645,0.06153846153846154
Out,1.302225112915039,0.002017145738779627,0.06153846153846154
Out,1.3022563457489014,0.0020181634712411706,0.06153846153846154
Out,1.302394986152649,0.0020191822311963654,0.06153846153846154
Out,1.3031256198883057,0.00202020202020202,0.06153846153846154
Out,1.3038662672042847,0.00202122283981809,0.06153846153846154
Out,1.3041222095489502,0.0020222446916076846,0.06153846153846154
Out,1.3041462898254395,0.0020232675771370764,0.06153846153846154
Out,1.304466962814331,0.0020242914979757085,0.06153846153846154
Out,1.3044885396957397,0.0020253164556962027,0.06153846153846154
Out,1.3045607805252075,0.002026342451874367,0.06153846153846154
Out,1.3047006130218506,0.0020273694880892043,0.06153846153846154
Out,1.305580973625183,0.002028397565922921,0.06153846153846154
Out,1.3056225776672363,0.0020294266869609334,0.06153846153846154
Out,1.305654764175415,0.0020304568527918783,0.06153846153846154
Out,1.305746078491211,0.002031488065007618,0.06153846153846154
Out,1.3060660362243652,0.0020325203252032522,0.06153846153846154
Out,1.3061033487319946,0.0020335536349771225,0.06153846153846154
Out,1.3067315816879272,0.002034587995930824,0.06153846153846154
Out,1.3069202899932861,0.002035623409669211,0.06153846153846154
Out,1.3069382905960083,0.002036659877800407,0.06153846153846154
Out,1.3069751262664795,0.0020376974019358125,0.06153846153846154
Out,1.3071430921554565,0.0020387359836901123,0.06153846153846154
Out,1.3072293996810913,0.002039775624681285,0.06153846153846154
Out,1.3072487115859985,0.0020408163265306124,0.06153846153846154
Out,1.3074820041656494,0.002041858090862685,0.06153846153846154
Out,1.3076759576797485,0.0020429009193054137,0.06153846153846154
Out,1.3079677820205688,0.002043944813490036,0.06153846153846154
Out,1.3084362745285034,0.002044989775051125,0.06153846153846154
Out,1.3086109161376953,0.0020460358056265983,0.06153846153846154
Out,1.3090999126434326,0.0020470829068577278,0.06153846153846154
Out,1.3091034889221191,0.002048131080389145,0.06153846153846154
Out,1.3092069625854492,0.0020491803278688526,0.06153846153846154
Out,1.3099987506866455,0.0020502306509482316,0.06153846153846154
Out,1.3104039430618286,0.0020512820512820513,0.06153846153846154
Out,1.3104580640792847,0.002052334530528476,0.06153846153846154
Out,1.3110333681106567,0.002053388090349076,0.06153846153846154
Out,1.3122138977050781,0.002054442732408834,0.06153846153846154
Out,1.312448501586914,0.0020554984583761563,0.06153846153846154
Out,1.3125715255737305,0.002056555269922879,0.06153846153846154
Out,1.3127349615097046,0.00205761316872428,0.06153846153846154
Out,1.3128070831298828,0.002058672156459084,0.06153846153846154
Out,1.3128178119659424,0.0020597322348094747,0.06153846153846154
Out,1.3130271434783936,0.0020607934054611026,0.06153846153846154
Out,1.3130995035171509,0.002061855670103093,0.06153846153846154
Out,1.313166618347168,0.0020629190304280558,0.06153846153846154
Out,1.3142248392105103,0.0020639834881320948,0.06153846153846154
Out,1.314479947090149,0.002065049044914817,0.06153846153846154
Out,1.314932942390442,0.002066115702479339,0.06153846153846154
Out,1.3151229619979858,0.0020671834625322996,0.06153846153846154
Out,1.315273642539978,0.002068252326783868,0.06153846153846154
Out,1.3153140544891357,0.0020693222969477496,0.06153846153846154
Out,1.3154809474945068,0.002070393374741201,0.06153846153846154
Out,1.3159500360488892,0.0020714655618850335,0.06153846153846154
Out,1.3161206245422363,0.002072538860103627,0.06153846153846154
Out,1.3163177967071533,0.002073613271124935,0.06153846153846154
Out,1.3166788816452026,0.002074688796680498,0.06153846153846154
Out,1.3168119192123413,0.0020757654385054488,0.06153846153846154
Out,1.3168702125549316,0.0020768431983385254,0.06153846153846154
Out,1.3176578283309937,0.002077922077922078,0.06153846153846154
Out,1.3177118301391602,0.002079002079002079,0.06153846153846154
Out,1.3180500268936157,0.0020800832033281333,0.06153846153846154
Out,1.3191131353378296,0.002081165452653486,0.06153846153846154
Out,1.319420576095581,0.002082248828735034,0.06153846153846154
Out,1.3194236755371094,0.0020833333333333333,0.06153846153846154
Out,1.3196855783462524,0.0020844189682126106,0.06153846153846154
Out,1.319732904434204,0.0020855057351407717,0.06153846153846154
Out,1.3198504447937012,0.0020865936358894104,0.06153846153846154
Out,1.3203476667404175,0.0020876826722338203,0.06153846153846154
Out,1.3214362859725952,0.0020887728459530026,0.06153846153846154
Out,1.321585774421692,0.0020898641588296763,0.06153846153846154
Out,1.3217778205871582,0.0020909566126502874,0.06153846153846154
Out,1.3218600749969482,0.0020920502092050207,0.06153846153846154
Out,1.3218613862991333,0.0020931449502878076,0.06153846153846154
Out,1.3224860429763794,0.0020942408376963353,0.06153846153846154
Out,1.3227043151855469,0.0020953378732320588,0.06153846153846154
Out,1.3231825828552246,0.0020964360587002098,0.06153846153846154
Out,1.3232669830322266,0.002097535395909806,0.06153846153846154
Out,1.323587417602539,0.002098635886673662,0.06153846153846154
Out,1.3238013982772827,0.002099737532808399,0.06153846153846154
Out,1.323803186416626,0.0021008403361344537,0.06153846153846154
Out,1.3238033056259155,0.0021019442984760903,0.06153846153846154
Out,1.3240896463394165,0.002103049421661409,0.06153846153846154
Out,1.3241289854049683,0.0021041557075223566,0.06153846153846154
Out,1.3241832256317139,0.002105263157894737,0.06153846153846154
Out,1.3242976665496826,0.00210637177461822,0.06153846153846154
Out,1.3245230913162231,0.002107481559536354,0.06153846153846154
Out,1.3248533010482788,0.0021085925144965737,0.06153846153846154
Out,1.32489013671875,0.002109704641350211,0.06153846153846154
Out,1.3250333070755005,0.0021108179419525065,0.06153846153846154
Out,1.3254436254501343,0.0021119324181626186,0.06153846153846154
Out,1.3255692720413208,0.0021130480718436345,0.06153846153846154
Out,1.326033115386963,0.0021141649048625794,0.06153846153846154
Out,1.326416015625,0.0021152829190904283,0.06153846153846154
Out,1.3264938592910767,0.0021164021164021165,0.06153846153846154
Out,1.327576994895935,0.0021175224986765486,0.06153846153846154
Out,1.3276035785675049,0.00211864406779661,0.06153846153846154
Out,1.32760488986969,0.0021197668256491787,0.06153846153846154
Out,1.3276499509811401,0.0021208907741251328,0.06153846153846154
Out,1.3287914991378784,0.002122015915119363,0.06153846153846154
Out,1.3289294242858887,0.0021231422505307855,0.06153846153846154
Out,1.3292633295059204,0.002124269782262347,0.06153846153846154
Out,1.3293468952178955,0.0021253985122210413,0.06153846153846154
Out,1.3293612003326416,0.002126528442317916,0.06153846153846154
Out,1.3295681476593018,0.002127659574468085,0.06153846153846154
Out,1.32964026927948,0.0021287919105907396,0.06153846153846154
Out,1.3298428058624268,0.002129925452609159,0.06153846153846154
Out,1.3299601078033447,0.002131060202450719,0.06153846153846154
Out,1.3301128149032593,0.0021321961620469083,0.06153846153846154
Out,1.3303951025009155,0.0021333333333333334,0.06153846153846154
Out,1.330742597579956,0.0021344717182497333,0.06153846153846154
Out,1.331153154373169,0.002135611318739989,0.06153846153846154
Out,1.3312104940414429,0.002136752136752137,0.06153846153846154
Out,1.331333875656128,0.002137894174238375,0.06153846153846154
Out,1.3335899114608765,0.0021390374331550803,0.06153846153846154
Out,1.3337602615356445,0.002140181915462814,0.06153846153846154
Out,1.3345956802368164,0.0021413276231263384,0.06153846153846154
Out,1.33469820022583,0.0021424745581146223,0.06153846153846154
Out,1.3348232507705688,0.0021436227224008574,0.06153846153846154
Out,1.3349472284317017,0.0021447721179624667,0.06153846153846154
Out,1.336019515991211,0.002145922746781116,0.06153846153846154
Out,1.3360319137573242,0.0021470746108427268,0.06153846153846154
Out,1.336083173751831,0.0021482277121374865,0.06153846153846154
Out,1.33612060546875,0.0021493820526598604,0.06153846153846154
Out,1.336379051208496,0.002150537634408602,0.06153846153846154
Out,1.3369194269180298,0.002151694459386767,0.06153846153846154
Out,1.3370109796524048,0.002152852529601722,0.06153846153846154
Out,1.3372886180877686,0.002154011847065159,0.06153846153846154
Out,1.3376158475875854,0.0021551724137931034,0.06153846153846154
Out,1.3386895656585693,0.00215633423180593,0.06153846153846154
Out,1.339068055152893,0.002157497303128371,0.06153846153846154
Out,1.339371681213379,0.0021586616297895305,0.06153846153846154
Out,1.3394705057144165,0.0021598272138228943,0.06153846153846154
Out,1.3395733833312988,0.0021609940572663426,0.06153846153846154
Out,1.3397167921066284,0.002162162162162162,0.06153846153846154
Out,1.339773416519165,0.002163331530557058,0.06153846153846154
Out,1.3399553298950195,0.0021645021645021645,0.06153846153846154
Out,1.3402725458145142,0.002165674066053059,0.06153846153846154
Out,1.340355396270752,0.0021668472372697724,0.06153846153846154
Out,1.340599775314331,0.002168021680216802,0.06153846153846154
Out,1.3406318426132202,0.0021691973969631237,0.06153846153846154
Out,1.340825080871582,0.002170374389582203,0.06153846153846154
Out,1.3408442735671997,0.002171552660152009,0.06153846153846154
Out,1.34153413772583,0.0021727322107550242,0.06153846153846154
Out,1.342303991317749,0.002173913043478261,0.06153846153846154
Out,1.342650055885315,0.002175095160413268,0.06153846153846154
Out,1.3430821895599365,0.002176278563656148,0.06153846153846154
Out,1.3431782722473145,0.002177463255307567,0.06153846153846154
Out,1.343434453010559,0.002178649237472767,0.06153846153846154
Out,1.343725323677063,0.0021798365122615805,0.06153846153846154
Out,1.3438326120376587,0.0021810250817884407,0.06153846153846154
Out,1.3439209461212158,0.002182214948172395,0.06153846153846154
Out,1.3442943096160889,0.002183406113537118,0.06153846153846154
Out,1.3443881273269653,0.002184598580010923,0.06153846153846154
Out,1.3449965715408325,0.002185792349726776,0.06153846153846154
Out,1.345103144645691,0.002186987424822307,0.06153846153846154
Out,1.345229983329773,0.002188183807439825,0.06153846153846154
Out,1.345363736152649,0.0021893814997263274,0.06153846153846154
Out,1.3453646898269653,0.002190580503833516,0.06153846153846154
Out,1.3453940153121948,0.002191780821917808,0.06153846153846154
Out,1.345502257347107,0.0021929824561403508,0.06153846153846154
Out,1.3464980125427246,0.0021941854086670325,0.06153846153846154
Out,1.3465758562088013,0.0021953896816684962,0.06153846153846154
Out,1.3466417789459229,0.002196595277320154,0.06153846153846154
Out,1.3467652797698975,0.002197802197802198,0.06153846153846154
Out,1.3467727899551392,0.0021990104452996153,0.06153846153846154
Out,1.3469016551971436,0.0022002200220022,0.06153846153846154
Out,1.3469334840774536,0.002201430930104568,0.06153846153846154
Out,1.3478083610534668,0.0022026431718061676,0.06153846153846154
Out,1.3479878902435303,0.0022038567493112946,0.06153846153846154
Out,1.3482208251953125,0.002205071664829107,0.06153846153846154
Out,1.3483924865722656,0.002206287920573635,0.06153846153846154
Out,1.3484245538711548,0.002207505518763797,0.06153846153846154
Out,1.3487986326217651,0.0022087244616234127,0.06153846153846154
Out,1.3491166830062866,0.0022099447513812156,0.06153846153846154
Out,1.350640058517456,0.002211166390270868,0.06153846153846154
Out,1.3506711721420288,0.0022123893805309734,0.06153846153846154
Out,1.3508847951889038,0.002213613724405091,0.06153846153846154
Out,1.351110816001892,0.0022148394241417496,0.06153846153846154
Out,1.3520885705947876,0.00221606648199446,0.06153846153846154
Out,1.352392315864563,0.0022172949002217295,0.06153846153846154
Out,1.3524341583251953,0.0022185246810870773,0.06153846153846154
Out,1.3524460792541504,0.0022197558268590455,0.06153846153846154
Out,1.3524547815322876,0.002220988339811216,0.06153846153846154
Out,1.3525127172470093,0.0022222222222222222,0.06153846153846154
Out,1.3530023097991943,0.0022234574763757642,0.06153846153846154
Out,1.3535363674163818,0.002224694104560623,0.06153846153846154
Out,1.3535583019256592,0.0022259321090706734,0.06153846153846154
Out,1.353682041168213,0.0022271714922048997,0.06153846153846154
Out,1.3536961078643799,0.0022284122562674096,0.06153846153846154
Out,1.353725790977478,0.002229654403567447,0.06153846153846154
Out,1.3539445400238037,0.002230897936419409,0.06153846153846154
Out,1.3541065454483032,0.002232142857142857,0.06153846153846154
Out,1.3542394638061523,0.002233389168062535,0.06153846153846154
Out,1.3543545007705688,0.0022346368715083797,0.06153846153846154
Out,1.3547613620758057,0.0022358859698155395,0.06153846153846154
Out,1.3549015522003174,0.0022371364653243847,0.06153846153846154
Out,1.3550505638122559,0.002238388360380526,0.06153846153846154
Out,1.3552030324935913,0.0022396416573348264,0.06153846153846154
Out,1.3552186489105225,0.002240896358543417,0.06153846153846154
Out,1.3555352687835693,0.002242152466367713,0.06153846153846154
Out,1.3560987710952759,0.002243409983174425,0.06153846153846154
Out,1.3561264276504517,0.002244668911335578,0.06153846153846154
Out,1.3568696975708008,0.0022459292532285235,0.06153846153846154
Out,1.3570518493652344,0.0022471910112359553,0.06153846153846154
Out,1.3571908473968506,0.0022484541877459247,0.06153846153846154
Out,1.3572256565093994,0.001687289088863892,0.046153846153846156
Out,1.3574063777923584,0.0016882386043894203,0.046153846153846156
Out,1.3574903011322021,0.0016891891891891893,0.046153846153846156
Out,1.357979655265808,0.0016901408450704226,0.046153846153846156
Out,1.3583608865737915,0.0016910935738444193,0.046153846153846156
Out,1.3587242364883423,0.001692047377326565,0.046153846153846156
Out,1.3589270114898682,0.001693002257336343,0.046153846153846156
Out,1.3595725297927856,0.0016939582156973462,0.046153846153846156
Out,1.359777569770813,0.001694915254237288,0.046153846153846156
Out,1.3598383665084839,0.0016958733747880158,0.046153846153846156
Out,1.3598697185516357,0.0016968325791855204,0.046153846153846156
Out,1.360002040863037,0.001697792869269949,0.046153846153846156
Out,1.3602690696716309,0.0016987542468856172,0.046153846153846156
Out,1.3609172105789185,0.0016997167138810198,0.046153846153846156
Out,1.3609753847122192,0.0017006802721088435,0.046153846153846156
Out,1.3609963655471802,0.0017016449234259785,0.046153846153846156
Out,1.3616257905960083,0.00170261066969353,0.046153846153846156
Out,1.3621383905410767,0.0017035775127768314,0.046153846153846156
Out,1.363435983657837,0.0017045454545454545,0.046153846153846156
Out,1.3638137578964233,0.0017055144968732233,0.046153846153846156
Out,1.3640204668045044,0.0017064846416382253,0.046153846153846156
Out,1.3641364574432373,0.001707455890722823,0.046153846153846156
Out,1.3641988039016724,0.0017084282460136675,0.046153846153846156
Out,1.3642138242721558,0.0017094017094017094,0.046153846153846156
Out,1.3642377853393555,0.0017103762827822121,0.046153846153846156
Out,1.3643893003463745,0.0017113519680547634,0.046153846153846156
Out,1.3644603490829468,0.0017123287671232876,0.046153846153846156
Out,1.3645312786102295,0.0017133066818960593,0.046153846153846156
Out,1.3645708560943604,0.0017142857142857142,0.046153846153846156
Out,1.3646316528320312,0.0017152658662092624,0.046153846153846156
Out,1.364640235900879,0.0017162471395881006,0.046153846153846156
Out,1.3647602796554565,0.0017172295363480253,0.046153846153846156
Out,1.3648096323013306,0.001718213058419244,0.046153846153846156
Out,1.3648825883865356,0.0017191977077363897,0.046153846153846156
Out,1.3649152517318726,0.0017201834862385322,0.046153846153846156
Out,1.3649219274520874,0.0017211703958691911,0.046153846153846156
Out,1.3650213479995728,0.001722158438576349,0.046153846153846156
Out,1.3651355504989624,0.0017231476163124641,0.046153846153846156
Out,1.3652969598770142,0.0017241379310344827,0.046153846153846156
Out,1.3661166429519653,0.0017251293847038527,0.046153846153846156
Out,1.366827368736267,0.0017261219792865361,0.046153846153846156
Out,1.3669060468673706,0.0017271157167530224,0.046153846153846156
Out,1.3669371604919434,0.0017281105990783411,0.046153846153846156
Out,1.3671594858169556,0.001729106628242075,0.046153846153846156
Out,1.367668628692627,0.0017301038062283738,0.046153846153846156
Out,1.3678617477416992,0.0017311021350259665,0.046153846153846156
Out,1.3682516813278198,0.0017321016166281756,0.046153846153846156
Out,1.3685507774353027,0.0017331022530329288,0.046153846153846156
Out,1.3687233924865723,0.0017341040462427746,0.046153846153846156
Out,1.3689415454864502,0.001735106998264893,0.046153846153846156
Out,1.369675636291504,0.001736111111111111,0.046153846153846156
Out,1.369681477546692,0.0017371163867979154,0.046153846153846156
Out,1.3697154521942139,0.0017381228273464658,0.046153846153846156
Out,1.3701075315475464,0.0017391304347826088,0.046153846153846156
Out,1.3701945543289185,0.0017401392111368909,0.046153846153846156
Out,1.3703128099441528,0.0017411491584445734,0.046153846153846156
Out,1.370563268661499,0.0017421602787456446,0.046153846153846156
Out,1.3711738586425781,0.0017431725740848344,0.046153846153846156
Out,1.371260166168213,0.0017441860465116279,0.046153846153846156
Out,1.3716387748718262,0.0017452006980802793,0.046153846153846156
Out,1.371870517730713,0.0017462165308498253,0.046153846153846156
Out,1.3719098567962646,0.0017472335468841002,0.046153846153846156
Out,1.3725800514221191,0.0017482517482517483,0.046153846153846156
Out,1.3726752996444702,0.001749271137026239,0.046153846153846156
Out,1.3729690313339233,0.001750291715285881,0.046153846153846156
Out,1.3731215000152588,0.0017513134851138354,0.046153846153846156
Out,1.37323796749115,0.0017523364485981308,0.046153846153846156
Out,1.3732692003250122,0.0017533606078316774,0.046153846153846156
Out,1.3732894659042358,0.0017543859649122807,0.046153846153846156
Out,1.373683214187622,0.0017554125219426564,0.046153846153846156
Out,1.3738008737564087,0.001756440281030445,0.046153846153846156
Out,1.373830795288086,0.0017574692442882249,0.046153846153846156
Out,1.3741401433944702,0.0017584994138335288,0.046153846153846156
Out,1.3741430044174194,0.0017595307917888563,0.046153846153846156
Out,1.3745298385620117,0.0017605633802816902,0.046153846153846156
Out,1.374544382095337,0.0017615971814445098,0.046153846153846156
Out,1.3745453357696533,0.0017626321974148062,0.046153846153846156
Out,1.3745653629302979,0.001763668430335097,0.046153846153846156
Out,1.3746111392974854,0.0017647058823529412,0.046153846153846156
Out,1.3746390342712402,0.0017657445556209534,0.046153846153846156
Out,1.3746893405914307,0.0017667844522968198,0.046153846153846156
Out,1.3750510215759277,0.0017678255745433118,0.046153846153846156
Out,1.3751734495162964,0.001768867924528302,0.046153846153846156
Out,1.3754082918167114,0.0017699115044247787,0.046153846153846156
Out,1.3756524324417114,0.0017709563164108619,0.046153846153846156
Out,1.375730276107788,0.0017720023626698169,0.046153846153846156
Out,1.3757699728012085,0.0017730496453900709,0.046153846153846156
Out,1.376145601272583,0.0017740981667652277,0.046153846153846156
Out,1.3765251636505127,0.0017751479289940828,0.046153846153846156
Out,1.3769382238388062,0.0017761989342806395,0.046153846153846156
Out,1.3769969940185547,0.0017772511848341231,0.046153846153846156
Out,1.3770203590393066,0.0017783046828689982,0.046153846153846156
Out,1.3777165412902832,0.0017793594306049821,0.046153846153846156
Out,1.3779915571212769,0.0017804154302670622,0.046153846153846156
Out,1.3781801462173462,0.0017814726840855108,0.046153846153846156
Out,1.378431797027588,0.0017825311942959,0.046153846153846156
Out,1.3788514137268066,0.0017835909631391202,0.046153846153846156
Out,1.378944993019104,0.001784651992861392,0.046153846153846156
Out,1.3793907165527344,0.0017857142857142857,0.046153846153846156
Out,1.3794691562652588,0.001786777843954735,0.046153846153846156
Out,1.3798285722732544,0.0017878426698450535,0.046153846153846156
Out,1.379953145980835,0.0017889087656529517,0.046153846153846156
Out,1.3799813985824585,0.0017899761336515514,0.046153846153846156
Out,1.3799973726272583,0.001791044776119403,0.046153846153846156
Out,1.3801579475402832,0.0017921146953405018,0.046153846153846156
Out,1.3803094625473022,0.0017931858936043037,0.046153846153846156
Out,1.3805748224258423,0.0017942583732057417,0.046153846153846156
Out,1.3807028532028198,0.0017953321364452424,0.046153846153846156
Out,1.3809232711791992,0.0017964071856287425,0.046153846153846156
Out,1.381282925605774,0.0017974835230677051,0.046153846153846156
Out,1.3813791275024414,0.0017985611510791368,0.046153846153846156
Out,1.3817291259765625,0.001799640071985603,0.046153846153846156
Out,1.38239324092865,0.001800720288115246,0.046153846153846156
Out,1.3826003074645996,0.0018018018018018018,0.046153846153846156
Out,1.3826922178268433,0.0018028846153846155,0.046153846153846156
Out,1.3827826976776123,0.0018039687312086591,0.046153846153846156
Out,1.3828577995300293,0.0018050541516245488,0.046153846153846156
Out,1.383448839187622,0.001806140878988561,0.046153846153846156
Out,1.3835381269454956,0.0018072289156626507,0.046153846153846156
Out,1.3837931156158447,0.0018083182640144665,0.046153846153846156
Out,1.3839635848999023,0.0018094089264173703,0.046153846153846156
Out,1.3844599723815918,0.0018105009052504525,0.046153846153846156
Out,1.3846087455749512,0.0018115942028985507,0.046153846153846156
Out,1.3846864700317383,0.0018126888217522659,0.046153846153846156
Out,1.38472580909729,0.0018137847642079807,0.046153846153846156
Out,1.384745717048645,0.0018148820326678765,0.046153846153846156
Out,1.385447382926941,0.0018159806295399517,0.046153846153846156
Out,1.385656476020813,0.0018170805572380376,0.046153846153846156
Out,1.3857176303863525,0.0018181818181818182,0.046153846153846156
Out,1.3858643770217896,0.0018192844147968466,0.046153846153846156
Out,1.3858696222305298,0.0018203883495145632,0.046153846153846156
Out,1.385916829109192,0.0018214936247723133,0.046153846153846156
Out,1.3859684467315674,0.001215066828675577,0.03076923076923077
Out,1.3866934776306152,0.0012158054711246201,0.03076923076923077
Out,1.3871206045150757,0.0012165450121654502,0.03076923076923077
Out,1.3871887922286987,0.0012172854534388314,0.03076923076923077
Out,1.3873165845870972,0.001218026796589525,0.03076923076923077
Out,1.3874903917312622,0.001218769043266301,0.03076923076923077
Out,1.3874945640563965,0.0012195121951219512,0.03076923076923077
Out,1.3875499963760376,0.0012202562538133007,0.03076923076923077
Out,1.3876094818115234,0.001221001221001221,0.03076923076923077
Out,1.387980580329895,0.0012217470983506415,0.03076923076923077
Out,1.3881158828735352,0.0012224938875305623,0.03076923076923077
Out,1.388871192932129,0.0012232415902140672,0.03076923076923077
Out,1.3889130353927612,0.0012239902080783353,0.03076923076923077
Out,1.3889148235321045,0.001224739742804654,0.03076923076923077
Out,1.3889840841293335,0.0012254901960784314,0.03076923076923077
Out,1.3892872333526611,0.001226241569589209,0.03076923076923077
Out,1.3893837928771973,0.001226993865030675,0.03076923076923077
Out,1.389465093612671,0.0012277470841006752,0.03076923076923077
Out,1.3894767761230469,0.0012285012285012285,0.03076923076923077
Out,1.3895562887191772,0.001229256299938537,0.03076923076923077
Out,1.3897960186004639,0.0012300123001230013,0.03076923076923077
Out,1.3900961875915527,0.0012307692307692308,0.03076923076923077
Out,1.3902232646942139,0.0012315270935960591,0.03076923076923077
Out,1.3904681205749512,0.0012322858903265558,0.03076923076923077
Out,1.3906091451644897,0.0012330456226880395,0.03076923076923077
Out,1.3907445669174194,0.0012338062924120913,0.03076923076923077
Out,1.39090895652771,0.0012345679012345679,0.03076923076923077
Out,1.391239881515503,0.0012353304508956147,0.03076923076923077
Out,1.3915938138961792,0.0012360939431396785,0.03076923076923077
Out,1.3918341398239136,0.0012368583797155227,0.03076923076923077
Out,1.3918479681015015,0.0012376237623762376,0.03076923076923077
Out,1.3924291133880615,0.001238390092879257,0.03076923076923077
Out,1.39266836643219,0.0012391573729863693,0.03076923076923077
Out,1.3929539918899536,0.0012399256044637321,0.03076923076923077
Out,1.393015742301941,0.0012406947890818859,0.03076923076923077
Out,1.3930854797363281,0.0012414649286157666,0.03076923076923077
Out,1.3933168649673462,0.0012422360248447205,0.03076923076923077
Out,1.3938357830047607,0.001243008079552517,0.03076923076923077
Out,1.394365668296814,0.0012437810945273632,0.03076923076923077
Out,1.3945640325546265,0.0012445550715619166,0.03076923076923077
Out,1.3947206735610962,0.0012453300124533001,0.03076923076923077
Out,1.3948191404342651,0.0012461059190031153,0.03076923076923077
Out,1.3949321508407593,0.0012468827930174563,0.03076923076923077
Out,1.3951271772384644,0.0012476606363069245,0.03076923076923077
Out,1.3954038619995117,0.0012484394506866417,0.03076923076923077
Out,1.395771861076355,0.0006246096189881324,0.015384615384615385
Out,1.3957757949829102,0.000625,0.015384615384615385
Out,1.395912528038025,0.0006253908692933083,0.015384615384615385
Out,1.396337628364563,0.0006257822277847309,0.015384615384615385
Out,1.396352767944336,0.0006261740763932373,0.015384615384615385
Out,1.3964160680770874,0.0006265664160401002,0.015384615384615385
Out,1.3964546918869019,0.0006269592476489029,0.015384615384615385
Out,1.3964954614639282,0.0006273525721455458,0.015384615384615385
Out,1.3966704607009888,0.0006277463904582549,0.015384615384615385
Out,1.396863579750061,0.000628140703517588,0.015384615384615385
Out,1.39689302444458,0.0006285355122564425,0.015384615384615385
Out,1.3969457149505615,0.0006289308176100629,0.015384615384615385
Out,1.3971116542816162,0.0006293266205160479,0.015384615384615385
Out,1.39727783203125,0.0006297229219143577,0.015384615384615385
Out,1.3975794315338135,0.000630119722747322,0.015384615384615385
Out,1.3976678848266602,0.0006305170239596469,0.015384615384615385
Out,1.397936463356018,0.0006309148264984228,0.015384615384615385
Out,1.3980798721313477,0.0006313131313131314,0.015384615384615385
Out,1.3984639644622803,0.0006317119393556538,0.015384615384615385
Out,1.398605227470398,0.0006321112515802782,0.015384615384615385
Out,1.398772954940796,0.0006325110689437065,0.015384615384615385
Out,1.3989704847335815,0.0006329113924050633,0.015384615384615385
Out,1.3993018865585327,0.0006333122229259025,0.015384615384615385
Out,1.400127649307251,0.0006337135614702154,0.015384615384615385
Out,1.400337815284729,0.0006341154090044388,0.015384615384615385
Out,1.400528073310852,0.0006345177664974619,0.015384615384615385
Out,1.4006390571594238,0.0006349206349206349,0.015384615384615385
Out,1.4007642269134521,0.0006353240152477764,0.015384615384615385
Out,1.4007790088653564,0.0,0.0
Out,1.4008065462112427,0.0,0.0
Out,1.4008231163024902,0.0,0.0
Out,1.4010412693023682,0.0,0.0
Out,1.4010635614395142,0.0,0.0
Out,1.401122808456421,0.0,0.0
Out,1.401329755783081,0.0,0.0
Out,1.4015172719955444,0.0,0.0
Out,1.401997685432434,0.0,0.0
Out,1.4022811651229858,0.0,0.0
Out,1.4022903442382812,0.0,0.0
Out,1.4023709297180176,0.0,0.0
Out,1.402966022491455,0.0,0.0
Out,1.4029675722122192,0.0,0.0
Out,1.4029735326766968,0.0,0.0
Out,1.4030027389526367,0.0,0.0
Out,1.4030474424362183,0.0,0.0
Out,1.403124213218689,0.0,0.0
Out,1.4036908149719238,0.0,0.0
Out,1.4037965536117554,0.0,0.0
Out,1.403916358947754,0.0,0.0
Out,1.4042420387268066,0.0,0.0
Out,1.4043965339660645,0.0,0.0
Out,1.404603362083435,0.0,0.0
Out,1.4048638343811035,0.0,0.0
Out,1.4049992561340332,0.0,0.0
Out,1.405079960823059,0.0,0.0
Out,1.4051823616027832,0.0,0.0
Out,1.4052931070327759,0.0,0.0
Out,1.4053312540054321,0.0,0.0
Out,1.405456781387329,0.0,0.0
Out,1.4054635763168335,0.0,0.0
Out,1.405572772026062,0.0,0.0
Out,1.405888557434082,0.0,0.0
Out,1.4060834646224976,0.0,0.0
Out,1.4065523147583008,0.0,0.0
Out,1.4067137241363525,0.0,0.0
Out,1.4069032669067383,0.0,0.0
Out,1.4075706005096436,0.0,0.0
Out,1.4076216220855713,0.0,0.0
Out,1.4079444408416748,0.0,0.0
Out,1.4084268808364868,0.0,0.0
Out,1.4085055589675903,0.0,0.0
Out,1.408592939376831,0.0,0.0
Out,1.4086103439331055,0.0,0.0
Out,1.4086154699325562,0.0,0.0
Out,1.408643364906311,0.0,0.0
Out,1.4086557626724243,0.0,0.0
Out,1.4087634086608887,0.0,0.0
Out,1.4091012477874756,0.0,0.0
Out,1.4092319011688232,0.0,0.0
Out,1.4094070196151733,0.0,0.0
Out,1.4094300270080566,0.0,0.0
Out,1.4095990657806396,0.0,0.0
Out,1.4103039503097534,0.0,0.0
Out,1.410334825515747,0.0,0.0
Out,1.4106831550598145,0.0,0.0
Out,1.4108078479766846,0.0,0.0
Out,1.4110281467437744,0.0,0.0
Out,1.4110596179962158,0.0,0.0
Out,1.4111077785491943,0.0,0.0
Out,1.4112554788589478,0.0,0.0
Out,1.4116181135177612,0.0,0.0
Out,1.4116289615631104,0.0,0.0
Out,1.4116547107696533,0.0,0.0
Out,1.411746621131897,0.0,0.0
Out,1.411965250968933,0.0,0.0
Out,1.4122294187545776,0.0,0.0
Out,1.4124923944473267,0.0,0.0
Out,1.4125580787658691,0.0,0.0
Out,1.4126533269882202,0.0,0.0
Out,1.4130175113677979,0.0,0.0
Out,1.4131700992584229,0.0,0.0
Out,1.4134563207626343,0.0,0.0
Out,1.4134817123413086,0.0,0.0
Out,1.4136840105056763,0.0,0.0
Out,1.413748025894165,0.0,0.0
Out,1.4138885736465454,0.0,0.0
Out,1.4142957925796509,0.0,0.0
Out,1.4143266677856445,0.0,0.0
Out,1.4143670797348022,0.0,0.0
Out,1.4145454168319702,0.0,0.0
Out,1.4146690368652344,0.0,0.0
Out,1.4155198335647583,0.0,0.0
Out,1.4157304763793945,0.0,0.0
Out,1.4161869287490845,0.0,0.0
Out,1.416451096534729,0.0,0.0
Out,1.4166369438171387,0.0,0.0
Out,1.4166383743286133,0.0,0.0
Out,1.416962742805481,0.0,0.0
Out,1.4173016548156738,0.0,0.0
Out,1.417414903640747,0.0,0.0
Out,1.4176325798034668,0.0,0.0
Out,1.417840600013733,0.0,0.0
Out,1.417961835861206,0.0,0.0
Out,1.4189389944076538,0.0,0.0
Out,1.419100046157837,0.0,0.0
Out,1.4191237688064575,0.0,0.0
Out,1.4191440343856812,0.0,0.0
Out,1.4192386865615845,0.0,0.0
Out,1.419284462928772,0.0,0.0
Out,1.4193682670593262,0.0,0.0
Out,1.419499158859253,0.0,0.0
Out,1.4196337461471558,0.0,0.0
Out,1.4201974868774414,0.0,0.0
Out,1.4202793836593628,0.0,0.0
Out,1.4204813241958618,0.0,0.0
Out,1.4206318855285645,0.0,0.0
Out,1.4208966493606567,0.0,0.0
Out,1.4212117195129395,0.0,0.0
Out,1.4212912321090698,0.0,0.0
Out,1.4213447570800781,0.0,0.0
Out,1.4216163158416748,0.0,0.0
Out,1.4218426942825317,0.0,0.0
Out,1.4221622943878174,0.0,0.0
Out,1.4225753545761108,0.0,0.0
Out,1.422904133796692,0.0,0.0
Out,1.422934651374817,0.0,0.0
Out,1.4229716062545776,0.0,0.0
Out,1.422980785369873,0.0,0.0
Out,1.4230055809020996,0.0,0.0
Out,1.4231221675872803,0.0,0.0
Out,1.423305869102478,0.0,0.0
Out,1.4233872890472412,0.0,0.0
Out,1.4233894348144531,0.0,0.0
Out,1.4234024286270142,0.0,0.0
Out,1.4235836267471313,0.0,0.0
Out,1.4237574338912964,0.0,0.0
Out,1.4237717390060425,0.0,0.0
Out,1.4242793321609497,0.0,0.0
Out,1.4242924451828003,0.0,0.0
Out,1.4248913526535034,0.0,0.0
Out,1.425004243850708,0.0,0.0
Out,1.4250953197479248,0.0,0.0
Out,1.4251742362976074,0.0,0.0
Out,1.4254155158996582,0.0,0.0
Out,1.42546546459198,0.0,0.0
Out,1.425532341003418,0.0,0.0
Out,1.4255329370498657,0.0,0.0
Out,1.425718903541565,0.0,0.0
Out,1.4265207052230835,0.0,0.0
Out,1.4270002841949463,0.0,0.0
Out,1.4270665645599365,0.0,0.0
Out,1.4272027015686035,0.0,0.0
Out,1.427316665649414,0.0,0.0
Out,1.427463412284851,0.0,0.0
Out,1.4274775981903076,0.0,0.0
Out,1.427544355392456,0.0,0.0
Out,1.4275811910629272,0.0,0.0
Out,1.4277913570404053,0.0,0.0
Out,1.4279468059539795,0.0,0.0
Out,1.4279584884643555,0.0,0.0
Out,1.4282788038253784,0.0,0.0
Out,1.4285120964050293,0.0,0.0
Out,1.4287474155426025,0.0,0.0
Out,1.4287693500518799,0.0,0.0
Out,1.4288595914840698,0.0,0.0
Out,1.4291154146194458,0.0,0.0
Out,1.4293594360351562,0.0,0.0
Out,1.4293975830078125,0.0,0.0
Out,1.4294754266738892,0.0,0.0
Out,1.4295161962509155,0.0,0.0
Out,1.4295302629470825,0.0,0.0
Out,1.42966890335083,0.0,0.0
Out,1.4298675060272217,0.0,0.0
Out,1.4301999807357788,0.0,0.0
Out,1.4304496049880981,0.0,0.0
Out,1.430495023727417,0.0,0.0
Out,1.4309624433517456,0.0,0.0
Out,1.431124210357666,0.0,0.0
Out,1.4311312437057495,0.0,0.0
Out,1.4313186407089233,0.0,0.0
Out,1.431491732597351,0.0,0.0
Out,1.4315948486328125,0.0,0.0
Out,1.4316940307617188,0.0,0.0
Out,1.4319697618484497,0.0,0.0
Out,1.4320608377456665,0.0,0.0
Out,1.4320714473724365,0.0,0.0
Out,1.4321438074111938,0.0,0.0
Out,1.4321852922439575,0.0,0.0
Out,1.4321911334991455,0.0,0.0
Out,1.4322341680526733,0.0,0.0
Out,1.432389497756958,0.0,0.0
Out,1.4324250221252441,0.0,0.0
Out,1.4325478076934814,0.0,0.0
Out,1.4325536489486694,0.0,0.0
Out,1.4327815771102905,0.0,0.0
Out,1.43301260471344,0.0,0.0
Out,1.433036208152771,0.0,0.0
Out,1.4330843687057495,0.0,0.0
Out,1.4334282875061035,0.0,0.0
Out,1.4334793090820312,0.0,0.0
Out,1.4335869550704956,0.0,0.0
Out,1.4336799383163452,0.0,0.0
Out,1.4340888261795044,0.0,0.0
Out,1.4342817068099976,0.0,0.0
Out,1.4344483613967896,0.0,0.0
Out,1.4345030784606934,0.0,0.0
Out,1.4345674514770508,0.0,0.0
Out,1.4345942735671997,0.0,0.0
Out,1.4350128173828125,0.0,0.0
Out,1.4350186586380005,0.0,0.0
Out,1.4354265928268433,0.0,0.0
Out,1.4355374574661255,0.0,0.0
Out,1.4356255531311035,0.0,0.0
Out,1.4357309341430664,0.0,0.0
Out,1.435742735862732,0.0,0.0
Out,1.4357503652572632,0.0,0.0
Out,1.436140775680542,0.0,0.0
Out,1.436269998550415,0.0,0.0
Out,1.4363243579864502,0.0,0.0
Out,1.4372807741165161,0.0,0.0
Out,1.4374831914901733,0.0,0.0
Out,1.4376332759857178,0.0,0.0
Out,1.4378117322921753,0.0,0.0
Out,1.4379559755325317,0.0,0.0
Out,1.4380512237548828,0.0,0.0
Out,1.4383118152618408,0.0,0.0
Out,1.4383183717727661,0.0,0.0
Out,1.4384496212005615,0.0,0.0
Out,1.4392331838607788,0.0,0.0
Out,1.4392939805984497,0.0,0.0
Out,1.4394493103027344,0.0,0.0
Out,1.4394564628601074,0.0,0.0
Out,1.4396047592163086,0.0,0.0
Out,1.4396109580993652,0.0,0.0
Out,1.4397003650665283,0.0,0.0
Out,1.4399279356002808,0.0,0.0
Out,1.43996262550354,0.0,0.0
Out,1.4400017261505127,0.0,0.0
Out,1.4401462078094482,0.0,0.0
Out,1.4403289556503296,0.0,0.0
Out,1.440459966659546,0.0,0.0
Out,1.4405063390731812,0.0,0.0
Out,1.4408460855484009,0.0,0.0
Out,1.4411088228225708,0.0,0.0
Out,1.4415702819824219,0.0,0.0
Out,1.4415966272354126,0.0,0.0
Out,1.441892385482788,0.0,0.0
Out,1.441934585571289,0.0,0.0
Out,1.4419503211975098,0.0,0.0
Out,1.4420267343521118,0.0,0.0
Out,1.44227135181427,0.0,0.0
Out,1.4422968626022339,0.0,0.0
Out,1.4426496028900146,0.0,0.0
Out,1.4428303241729736,0.0,0.0
Out,1.4428435564041138,0.0,0.0
Out,1.4430429935455322,0.0,0.0
Out,1.4431030750274658,0.0,0.0
Out,1.4434372186660767,0.0,0.0
Out,1.4435245990753174,0.0,0.0
Out,1.443732738494873,0.0,0.0
Out,1.4438270330429077,0.0,0.0
Out,1.4439208507537842,0.0,0.0
Out,1.4441933631896973,0.0,0.0
Out,1.444198489189148,0.0,0.0
Out,1.4442358016967773,0.0,0.0
Out,1.4445370435714722,0.0,0.0
Out,1.4448732137680054,0.0,0.0
Out,1.445043683052063,0.0,0.0
Out,1.4450936317443848,0.0,0.0
Out,1.4451022148132324,0.0,0.0
Out,1.4452013969421387,0.0,0.0
Out,1.4452333450317383,0.0,0.0
Out,1.4455416202545166,0.0,0.0
Out,1.4456918239593506,0.0,0.0
Out,1.4458022117614746,0.0,0.0
Out,1.446039080619812,0.0,0.0
Out,1.4462828636169434,0.0,0.0
Out,1.4463335275650024,0.0,0.0
Out,1.4463495016098022,0.0,0.0
Out,1.4471166133880615,0.0,0.0
Out,1.4472562074661255,0.0,0.0
Out,1.4472862482070923,0.0,0.0
Out,1.4473345279693604,0.0,0.0
Out,1.447404146194458,0.0,0.0
Out,1.4474536180496216,0.0,0.0
Out,1.4477390050888062,0.0,0.0
Out,1.4481912851333618,0.0,0.0
Out,1.4482413530349731,0.0,0.0
Out,1.4482964277267456,0.0,0.0
Out,1.4484102725982666,0.0,0.0
Out,1.4484707117080688,0.0,0.0
Out,1.448504090309143,0.0,0.0
Out,1.4485158920288086,0.0,0.0
Out,1.4489707946777344,0.0,0.0
Out,1.44905424118042,0.0,0.0
Out,1.4496533870697021,0.0,0.0
Out,1.4500535726547241,0.0,0.0
Out,1.4500553607940674,0.0,0.0
Out,1.4504971504211426,0.0,0.0
Out,1.4505208730697632,0.0,0.0
Out,1.4507179260253906,0.0,0.0
Out,1.4507356882095337,0.0,0.0
Out,1.4508745670318604,0.0,0.0
Out,1.4511046409606934,0.0,0.0
Out,1.451173186302185,0.0,0.0
Out,1.4512847661972046,0.0,0.0
Out,1.451389193534851,0.0,0.0
Out,1.4514188766479492,0.0,0.0
Out,1.4518753290176392,0.0,0.0
Out,1.4519193172454834,0.0,0.0
Out,1.4520745277404785,0.0,0.0
Out,1.452327013015747,0.0,0.0
Out,1.4524201154708862,0.0,0.0
Out,1.4527499675750732,0.0,0.0
Out,1.4529895782470703,0.0,0.0
Out,1.4532374143600464,0.0,0.0
Out,1.4535601139068604,0.0,0.0
Out,1.4535622596740723,0.0,0.0
Out,1.4535648822784424,0.0,0.0
Out,1.453796148300171,0.0,0.0
Out,1.4539309740066528,0.0,0.0
Out,1.4541425704956055,0.0,0.0
Out,1.4543296098709106,0.0,0.0
Out,1.4545533657073975,0.0,0.0
Out,1.4550772905349731,0.0,0.0
Out,1.4551035165786743,0.0,0.0
Out,1.4552191495895386,0.0,0.0
Out,1.4557355642318726,0.0,0.0
Out,1.4563980102539062,0.0,0.0
Out,1.4564372301101685,0.0,0.0
Out,1.4564584493637085,0.0,0.0
Out,1.4564701318740845,0.0,0.0
Out,1.4567888975143433,0.0,0.0
Out,1.4568225145339966,0.0,0.0
Out,1.4568809270858765,0.0,0.0
Out,1.4574196338653564,0.0,0.0
Out,1.4582422971725464,0.0,0.0
Out,1.458276391029358,0.0,0.0
Out,1.4584554433822632,0.0,0.0
Out,1.4586124420166016,0.0,0.0
Out,1.4589483737945557,0.0,0.0
Out,1.4590730667114258,0.0,0.0
Out,1.4592307806015015,0.0,0.0
Out,1.4593144655227661,0.0,0.0
Out,1.459533452987671,0.0,0.0
Out,1.4595688581466675,0.0,0.0
Out,1.4598511457443237,0.0,0.0
Out,1.4598629474639893,0.0,0.0
Out,1.4598793983459473,0.0,0.0
Out,1.460106611251831,0.0,0.0
Out,1.460819125175476,0.0,0.0
Out,1.4608778953552246,0.0,0.0
Out,1.4609431028366089,0.0,0.0
Out,1.4610244035720825,0.0,0.0
Out,1.461165189743042,0.0,0.0
Out,1.4612267017364502,0.0,0.0
Out,1.4614137411117554,0.0,0.0
Out,1.4618104696273804,0.0,0.0
Out,1.4620002508163452,0.0,0.0
Out,1.462293267250061,0.0,0.0
Out,1.4623209238052368,0.0,0.0
Out,1.4624316692352295,0.0,0.0
Out,1.4627749919891357,0.0,0.0
Out,1.4629348516464233,0.0,0.0
Out,1.463545799255371,0.0,0.0
Out,1.4640250205993652,0.0,0.0
Out,1.4640305042266846,0.0,0.0
Out,1.464299201965332,0.0,0.0
Out,1.4643386602401733,0.0,0.0
Out,1.4643750190734863,0.0,0.0
Out,1.4644558429718018,0.0,0.0
Out,1.464568018913269,0.0,0.0
Out,1.4653695821762085,0.0,0.0
Out,1.4668946266174316,0.0,0.0
Out,1.4669427871704102,0.0,0.0
Out,1.467068076133728,0.0,0.0
Out,1.4672050476074219,0.0,0.0
Out,1.4672300815582275,0.0,0.0
Out,1.4676011800765991,0.0,0.0
Out,1.467660903930664,0.0,0.0
Out,1.46775221824646,0.0,0.0
Out,1.468055009841919,0.0,0.0
Out,1.4680935144424438,0.0,0.0
Out,1.4681966304779053,0.0,0.0
Out,1.4682183265686035,0.0,0.0
Out,1.4685860872268677,0.0,0.0
Out,1.4688081741333008,0.0,0.0
Out,1.4688787460327148,0.0,0.0
Out,1.4690272808074951,0.0,0.0
Out,1.4693620204925537,0.0,0.0
Out,1.4700607061386108,0.0,0.0
Out,1.4703229665756226,0.0,0.0
Out,1.4706072807312012,0.0,0.0
Out,1.470740556716919,0.0,0.0
Out,1.4710934162139893,0.0,0.0
Out,1.4711601734161377,0.0,0.0
Out,1.4712330102920532,0.0,0.0
Out,1.4713987112045288,0.0,0.0
Out,1.4714314937591553,0.0,0.0
Out,1.4718735218048096,0.0,0.0
Out,1.4719178676605225,0.0,0.0
Out,1.4722883701324463,0.0,0.0
Out,1.4723272323608398,0.0,0.0
Out,1.4725804328918457,0.0,0.0
Out,1.472904086112976,0.0,0.0
Out,1.4736623764038086,0.0,0.0
Out,1.4737962484359741,0.0,0.0
Out,1.474103569984436,0.0,0.0
Out,1.4742326736450195,0.0,0.0
Out,1.4743852615356445,0.0,0.0
Out,1.474654197692871,0.0,0.0
Out,1.4748210906982422,0.0,0.0
Out,1.4749363660812378,0.0,0.0
Out,1.475031852722168,0.0,0.0
Out,1.4750416278839111,0.0,0.0
Out,1.475115180015564,0.0,0.0
Out,1.47519850730896,0.0,0.0
Out,1.475348711013794,0.0,0.0
Out,1.4754197597503662,0.0,0.0
Out,1.4754739999771118,0.0,0.0
Out,1.4754786491394043,0.0,0.0
Out,1.4756449460983276,0.0,0.0
Out,1.4758341312408447,0.0,0.0
Out,1.4758408069610596,0.0,0.0
Out,1.4764186143875122,0.0,0.0
Out,1.4764254093170166,0.0,0.0
Out,1.4765145778656006,0.0,0.0
Out,1.477006435394287,0.0,0.0
Out,1.4770995378494263,0.0,0.0
Out,1.4780776500701904,0.0,0.0
Out,1.478518009185791,0.0,0.0
Out,1.4785189628601074,0.0,0.0
Out,1.478728175163269,0.0,0.0
Out,1.4787688255310059,0.0,0.0
Out,1.478960394859314,0.0,0.0
Out,1.4790630340576172,0.0,0.0
Out,1.4790818691253662,0.0,0.0
Out,1.4793524742126465,0.0,0.0
Out,1.479583740234375,0.0,0.0
Out,1.4796642065048218,0.0,0.0
Out,1.4796743392944336,0.0,0.0
Out,1.4798343181610107,0.0,0.0
Out,1.4803380966186523,0.0,0.0
Out,1.4804991483688354,0.0,0.0
Out,1.4807026386260986,0.0,0.0
Out,1.4808461666107178,0.0,0.0
Out,1.4814035892486572,0.0,0.0
Out,1.4817907810211182,0.0,0.0
Out,1.4819104671478271,0.0,0.0
Out,1.481941819190979,0.0,0.0
Out,1.4823822975158691,0.0,0.0
Out,1.4825172424316406,0.0,0.0
Out,1.4825400114059448,0.0,0.0
Out,1.4827208518981934,0.0,0.0
Out,1.4828567504882812,0.0,0.0
Out,1.4832139015197754,0.0,0.0
Out,1.4834054708480835,0.0,0.0
Out,1.4834197759628296,0.0,0.0
Out,1.483680248260498,0.0,0.0
Out,1.4837535619735718,0.0,0.0
Out,1.4840327501296997,0.0,0.0
Out,1.4842438697814941,0.0,0.0
Out,1.4844306707382202,0.0,0.0
Out,1.4846837520599365,0.0,0.0
Out,1.4850279092788696,0.0,0.0
Out,1.4850881099700928,0.0,0.0
Out,1.485430121421814,0.0,0.0
Out,1.485695242881775,0.0,0.0
Out,1.4859379529953003,0.0,0.0
Out,1.486036777496338,0.0,0.0
Out,1.4861690998077393,0.0,0.0
Out,1.4862878322601318,0.0,0.0
Out,1.4864381551742554,0.0,0.0
Out,1.4865076541900635,0.0,0.0
Out,1.4866210222244263,0.0,0.0
Out,1.4866973161697388,0.0,0.0
Out,1.4868528842926025,0.0,0.0
Out,1.4876350164413452,0.0,0.0
Out,1.487674355506897,0.0,0.0
Out,1.4877758026123047,0.0,0.0
Out,1.4877924919128418,0.0,0.0
Out,1.4879940748214722,0.0,0.0
Out,1.4881627559661865,0.0,0.0
Out,1.4882936477661133,0.0,0.0
Out,1.4884203672409058,0.0,0.0
Out,1.4885534048080444,0.0,0.0
Out,1.4888931512832642,0.0,0.0
Out,1.4889041185379028,0.0,0.0
Out,1.489004135131836,0.0,0.0
Out,1.4896280765533447,0.0,0.0
Out,1.4897044897079468,0.0,0.0
Out,1.4899842739105225,0.0,0.0
Out,1.4899942874908447,0.0,0.0
Out,1.4902386665344238,0.0,0.0
Out,1.4902712106704712,0.0,0.0
Out,1.4904247522354126,0.0,0.0
Out,1.4905579090118408,0.0,0.0
Out,1.4905742406845093,0.0,0.0
Out,1.4905797243118286,0.0,0.0
Out,1.4907339811325073,0.0,0.0
Out,1.4907479286193848,0.0,0.0
Out,1.4910045862197876,0.0,0.0
Out,1.4915235042572021,0.0,0.0
Out,1.491683840751648,0.0,0.0
Out,1.4919579029083252,0.0,0.0
Out,1.4919755458831787,0.0,0.0
Out,1.4920789003372192,0.0,0.0
Out,1.492207407951355,0.0,0.0
Out,1.4925155639648438,0.0,0.0
Out,1.492584228515625,0.0,0.0
Out,1.4926202297210693,0.0,0.0
Out,1.493097186088562,0.0,0.0
Out,1.4933485984802246,0.0,0.0
Out,1.4939076900482178,0.0,0.0
Out,1.4939169883728027,0.0,0.0
Out,1.4942028522491455,0.0,0.0
Out,1.4946048259735107,0.0,0.0
Out,1.4947096109390259,0.0,0.0
Out,1.4948842525482178,0.0,0.0
Out,1.4949009418487549,0.0,0.0
Out,1.4949339628219604,0.0,0.0
Out,1.4956384897232056,0.0,0.0
Out,1.4956914186477661,0.0,0.0
Out,1.4957362413406372,0.0,0.0
Out,1.495861530303955,0.0,0.0
Out,1.4960240125656128,0.0,0.0
Out,1.4962948560714722,0.0,0.0
Out,1.4965239763259888,0.0,0.0
Out,1.4967548847198486,0.0,0.0
Out,1.497233271598816,0.0,0.0
Out,1.497524380683899,0.0,0.0
Out,1.4977136850357056,0.0,0.0
Out,1.4978982210159302,0.0,0.0
Out,1.4979970455169678,0.0,0.0
Out,1.4981508255004883,0.0,0.0
Out,1.4983396530151367,0.0,0.0
Out,1.4985847473144531,0.0,0.0
Out,1.4987716674804688,0.0,0.0
Out,1.4988629817962646,0.0,0.0
Out,1.4993927478790283,0.0,0.0
Out,1.4994242191314697,0.0,0.0
Out,1.4994944334030151,0.0,0.0
Out,1.4995272159576416,0.0,0.0
Out,1.4996373653411865,0.0,0.0
Out,1.5000122785568237,0.0,0.0
Out,1.5007038116455078,0.0,0.0
Out,1.5007988214492798,0.0,0.0
Out,1.50089430809021,0.0,0.0
Out,1.501037836074829,0.0,0.0
Out,1.5011107921600342,0.0,0.0
Out,1.5012480020523071,0.0,0.0
Out,1.5015721321105957,0.0,0.0
Out,1.501999020576477,0.0,0.0
Out,1.502063512802124,0.0,0.0
Out,1.5021238327026367,0.0,0.0
Out,1.5023399591445923,0.0,0.0
Out,1.5023976564407349,0.0,0.0
Out,1.5024718046188354,0.0,0.0
Out,1.5025440454483032,0.0,0.0
Out,1.503205418586731,0.0,0.0
Out,1.503476619720459,0.0,0.0
Out,1.503506064414978,0.0,0.0
Out,1.5037835836410522,0.0,0.0
Out,1.5038121938705444,0.0,0.0
Out,1.5038509368896484,0.0,0.0
Out,1.5040138959884644,0.0,0.0
Out,1.504071593284607,0.0,0.0
Out,1.5041069984436035,0.0,0.0
Out,1.5044435262680054,0.0,0.0
Out,1.504620909690857,0.0,0.0
Out,1.5046374797821045,0.0,0.0
Out,1.5047011375427246,0.0,0.0
Out,1.504794955253601,0.0,0.0
Out,1.5051685571670532,0.0,0.0
Out,1.5052162408828735,0.0,0.0
Out,1.5054430961608887,0.0,0.0
Out,1.5055527687072754,0.0,0.0
Out,1.5060241222381592,0.0,0.0
Out,1.5062775611877441,0.0,0.0
Out,1.5063772201538086,0.0,0.0
Out,1.5065622329711914,0.0,0.0
Out,1.507088303565979,0.0,0.0
Out,1.5071086883544922,0.0,0.0
Out,1.5072039365768433,0.0,0.0
Out,1.5072163343429565,0.0,0.0
Out,1.5072312355041504,0.0,0.0
Out,1.5073997974395752,0.0,0.0
Out,1.507523536682129,0.0,0.0
Out,1.507581114768982,0.0,0.0
Out,1.5077062845230103,0.0,0.0
Out,1.5078316926956177,0.0,0.0
Out,1.5079188346862793,0.0,0.0
Out,1.5079729557037354,0.0,0.0
Out,1.5083070993423462,0.0,0.0
Out,1.5084786415100098,0.0,0.0
Out,1.508715271949768,0.0,0.0
Out,1.5087498426437378,0.0,0.0
Out,1.5087697505950928,0.0,0.0
Out,1.5087809562683105,0.0,0.0
Out,1.5089901685714722,0.0,0.0
Out,1.5094131231307983,0.0,0.0
Out,1.5106570720672607,0.0,0.0
Out,1.5106925964355469,0.0,0.0
Out,1.5108517408370972,0.0,0.0
Out,1.511123538017273,0.0,0.0
Out,1.5111240148544312,0.0,0.0
Out,1.5114279985427856,0.0,0.0
Out,1.5116841793060303,0.0,0.0
Out,1.5117393732070923,0.0,0.0
Out,1.5120080709457397,0.0,0.0
Out,1.5122748613357544,0.0,0.0
Out,1.5126473903656006,0.0,0.0
Out,1.5127149820327759,0.0,0.0
Out,1.5130270719528198,0.0,0.0
Out,1.5133683681488037,0.0,0.0
Out,1.5134207010269165,0.0,0.0
Out,1.5135505199432373,0.0,0.0
Out,1.5139505863189697,0.0,0.0
Out,1.5139614343643188,0.0,0.0
Out,1.514053225517273,0.0,0.0
Out,1.5141505002975464,0.0,0.0
Out,1.514235258102417,0.0,0.0
Out,1.5143983364105225,0.0,0.0
Out,1.5145844221115112,0.0,0.0
Out,1.5146182775497437,0.0,0.0
Out,1.5147119760513306,0.0,0.0
Out,1.5149530172348022,0.0,0.0
Out,1.5151242017745972,0.0,0.0
Out,1.5155713558197021,0.0,0.0
Out,1.5160554647445679,0.0,0.0
Out,1.5161736011505127,0.0,0.0
Out,1.5165413618087769,0.0,0.0
Out,1.5166923999786377,0.0,0.0
Out,1.516899824142456,0.0,0.0
Out,1.5170286893844604,0.0,0.0
Out,1.517054557800293,0.0,0.0
Out,1.5174416303634644,0.0,0.0
Out,1.5176408290863037,0.0,0.0
Out,1.517896294593811,0.0,0.0
Out,1.5179448127746582,0.0,0.0
Out,1.5182647705078125,0.0,0.0
Out,1.5185058116912842,0.0,0.0
Out,1.518627643585205,0.0,0.0
Out,1.5187309980392456,0.0,0.0
Out,1.5187957286834717,0.0,0.0
Out,1.5190871953964233,0.0,0.0
Out,1.5193041563034058,0.0,0.0
Out,1.519333004951477,0.0,0.0
Out,1.5196583271026611,0.0,0.0
Out,1.5198551416397095,0.0,0.0
Out,1.5203295946121216,0.0,0.0
Out,1.5206691026687622,0.0,0.0
Out,1.5207183361053467,0.0,0.0
Out,1.5209217071533203,0.0,0.0
Out,1.521116018295288,0.0,0.0
Out,1.521357536315918,0.0,0.0
Out,1.5213680267333984,0.0,0.0
Out,1.5216652154922485,0.0,0.0
Out,1.5216660499572754,0.0,0.0
Out,1.521688461303711,0.0,0.0
Out,1.5223968029022217,0.0,0.0
Out,1.5227301120758057,0.0,0.0
Out,1.5227818489074707,0.0,0.0
Out,1.5228345394134521,0.0,0.0
Out,1.5233041048049927,0.0,0.0
Out,1.5233979225158691,0.0,0.0
Out,1.5234572887420654,0.0,0.0
Out,1.5236279964447021,0.0,0.0
Out,1.5238746404647827,0.0,0.0
Out,1.5239078998565674,0.0,0.0
Out,1.524179220199585,0.0,0.0
Out,1.5242955684661865,0.0,0.0
Out,1.524338722229004,0.0,0.0
Out,1.5245064496994019,0.0,0.0
Out,1.5251485109329224,0.0,0.0
Out,1.525265097618103,0.0,0.0
Out,1.5257354974746704,0.0,0.0
Out,1.5259073972702026,0.0,0.0
Out,1.5259567499160767,0.0,0.0
Out,1.5261716842651367,0.0,0.0
Out,1.526198148727417,0.0,0.0
Out,1.5264110565185547,0.0,0.0
Out,1.527066707611084,0.0,0.0
Out,1.5272928476333618,0.0,0.0
Out,1.5273813009262085,0.0,0.0
Out,1.5273860692977905,0.0,0.0
Out,1.5274344682693481,0.0,0.0
Out,1.5274850130081177,0.0,0.0
Out,1.5280568599700928,0.0,0.0
Out,1.5280967950820923,0.0,0.0
Out,1.5284193754196167,0.0,0.0
Out,1.5285769701004028,0.0,0.0
Out,1.5285825729370117,0.0,0.0
Out,1.5285922288894653,0.0,0.0
Out,1.5288480520248413,0.0,0.0
Out,1.529106616973877,0.0,0.0
Out,1.5291556119918823,0.0,0.0
Out,1.5291779041290283,0.0,0.0
Out,1.5291783809661865,0.0,0.0
Out,1.529716968536377,0.0,0.0
Out,1.5298314094543457,0.0,0.0
Out,1.5300809144973755,0.0,0.0
Out,1.5302481651306152,0.0,0.0
Out,1.5304023027420044,0.0,0.0
Out,1.5307914018630981,0.0,0.0
Out,1.5308064222335815,0.0,0.0
Out,1.5314303636550903,0.0,0.0
Out,1.5315818786621094,0.0,0.0
Out,1.531697154045105,0.0,0.0
Out,1.5318663120269775,0.0,0.0
Out,1.532209038734436,0.0,0.0
Out,1.5323344469070435,0.0,0.0
Out,1.5324363708496094,0.0,0.0
Out,1.5325614213943481,0.0,0.0
Out,1.532639980316162,0.0,0.0
Out,1.532988429069519,0.0,0.0
Out,1.5331517457962036,0.0,0.0
Out,1.5334292650222778,0.0,0.0
Out,1.5335724353790283,0.0,0.0
Out,1.5337793827056885,0.0,0.0
Out,1.5338387489318848,0.0,0.0
Out,1.5339696407318115,0.0,0.0
Out,1.5340111255645752,0.0,0.0
Out,1.5343818664550781,0.0,0.0
Out,1.534417748451233,0.0,0.0
Out,1.5346958637237549,0.0,0.0
Out,1.5347025394439697,0.0,0.0
Out,1.5347787141799927,0.0,0.0
Out,1.5349671840667725,0.0,0.0
Out,1.5351665019989014,0.0,0.0
Out,1.5352299213409424,0.0,0.0
Out,1.535900354385376,0.0,0.0
Out,1.5359585285186768,0.0,0.0
Out,1.5359662771224976,0.0,0.0
Out,1.5359731912612915,0.0,0.0
Out,1.5359938144683838,0.0,0.0
Out,1.5361237525939941,0.0,0.0
Out,1.5366796255111694,0.0,0.0
Out,1.536852478981018,0.0,0.0
Out,1.5370240211486816,0.0,0.0
Out,1.5375090837478638,0.0,0.0
Out,1.537658452987671,0.0,0.0
Out,1.537854552268982,0.0,0.0
Out,1.5379152297973633,0.0,0.0
Out,1.5380042791366577,0.0,0.0
Out,1.53804349899292,0.0,0.0
Out,1.5381723642349243,0.0,0.0
Out,1.5381864309310913,0.0,0.0
Out,1.5384259223937988,0.0,0.0
Out,1.5384390354156494,0.0,0.0
Out,1.5386584997177124,0.0,0.0
Out,1.5392282009124756,0.0,0.0
Out,1.5392489433288574,0.0,0.0
Out,1.5392931699752808,0.0,0.0
Out,1.5393916368484497,0.0,0.0
Out,1.5396125316619873,0.0,0.0
Out,1.5399950742721558,0.0,0.0
Out,1.5403878688812256,0.0,0.0
Out,1.5404752492904663,0.0,0.0
Out,1.5408951044082642,0.0,0.0
Out,1.5412750244140625,0.0,0.0
Out,1.5414791107177734,0.0,0.0
Out,1.5415229797363281,0.0,0.0
Out,1.5418003797531128,0.0,0.0
Out,1.5421472787857056,0.0,0.0
Out,1.54267418384552,0.0,0.0
Out,1.5427719354629517,0.0,0.0
Out,1.5428622961044312,0.0,0.0
Out,1.5436153411865234,0.0,0.0
Out,1.5440093278884888,0.0,0.0
Out,1.5441943407058716,0.0,0.0
Out,1.5442339181900024,0.0,0.0
Out,1.5446056127548218,0.0,0.0
Out,1.5451215505599976,0.0,0.0
Out,1.5454699993133545,0.0,0.0
Out,1.5457243919372559,0.0,0.0
Out,1.545851469039917,0.0,0.0
Out,1.5461386442184448,0.0,0.0
Out,1.5466357469558716,0.0,0.0
Out,1.546718716621399,0.0,0.0
Out,1.547390341758728,0.0,0.0
Out,1.5478428602218628,0.0,0.0
Out,1.548214077949524,0.0,0.0
Out,1.548596978187561,0.0,0.0
Out,1.5486358404159546,0.0,0.0
Out,1.5487289428710938,0.0,0.0
Out,1.5488412380218506,0.0,0.0
Out,1.5491656064987183,0.0,0.0
Out,1.54947829246521,0.0,0.0
Out,1.5496487617492676,0.0,0.0
Out,1.5510157346725464,0.0,0.0
Out,1.5511844158172607,0.0,0.0
Out,1.5512516498565674,0.0,0.0
Out,1.551322340965271,0.0,0.0
Out,1.5514929294586182,0.0,0.0
Out,1.5515539646148682,0.0,0.0
Out,1.551621675491333,0.0,0.0
Out,1.5517088174819946,0.0,0.0
Out,1.5517948865890503,0.0,0.0
Out,1.5523359775543213,0.0,0.0
Out,1.552605152130127,0.0,0.0
Out,1.5530195236206055,0.0,0.0
Out,1.5531558990478516,0.0,0.0
Out,1.5536036491394043,0.0,0.0
Out,1.553618311882019,0.0,0.0
Out,1.5536768436431885,0.0,0.0
Out,1.5536823272705078,0.0,0.0
Out,1.5540430545806885,0.0,0.0
Out,1.554211139678955,0.0,0.0
Out,1.5549226999282837,0.0,0.0
Out,1.5550919771194458,0.0,0.0
Out,1.5551427602767944,0.0,0.0
Out,1.5552268028259277,0.0,0.0
Out,1.5553476810455322,0.0,0.0
Out,1.5554780960083008,0.0,0.0
Out,1.5555410385131836,0.0,0.0
Out,1.5555592775344849,0.0,0.0
Out,1.5556107759475708,0.0,0.0
Out,1.5556464195251465,0.0,0.0
Out,1.556329607963562,0.0,0.0
Out,1.5563509464263916,0.0,0.0
Out,1.55682373046875,0.0,0.0
Out,1.5570374727249146,0.0,0.0
Out,1.5570940971374512,0.0,0.0
Out,1.5575742721557617,0.0,0.0
Out,1.558184266090393,0.0,0.0
Out,1.5582616329193115,0.0,0.0
Out,1.558310866355896,0.0,0.0
Out,1.558347225189209,0.0,0.0
Out,1.5585904121398926,0.0,0.0
Out,1.558672308921814,0.0,0.0
Out,1.5587290525436401,0.0,0.0
Out,1.5587342977523804,0.0,0.0
Out,1.5588617324829102,0.0,0.0
Out,1.5589300394058228,0.0,0.0
Out,1.5590940713882446,0.0,0.0
Out,1.5594007968902588,0.0,0.0
Out,1.5594168901443481,0.0,0.0
Out,1.5595154762268066,0.0,0.0
Out,1.5601139068603516,0.0,0.0
Out,1.5602366924285889,0.0,0.0
Out,1.5602868795394897,0.0,0.0
Out,1.5610880851745605,0.0,0.0
Out,1.561294436454773,0.0,0.0
Out,1.5613209009170532,0.0,0.0
Out,1.5613665580749512,0.0,0.0
Out,1.5614426136016846,0.0,0.0
Out,1.5615357160568237,0.0,0.0
Out,1.5618096590042114,0.0,0.0
Out,1.5618404150009155,0.0,0.0
Out,1.5618568658828735,0.0,0.0
Out,1.5618635416030884,0.0,0.0
Out,1.5619227886199951,0.0,0.0
Out,1.5619828701019287,0.0,0.0
Out,1.5621776580810547,0.0,0.0
Out,1.5622328519821167,0.0,0.0
Out,1.5622800588607788,0.0,0.0
Out,1.562282919883728,0.0,0.0
Out,1.5625320672988892,0.0,0.0
Out,1.5625743865966797,0.0,0.0
Out,1.5626084804534912,0.0,0.0
Out,1.5631989240646362,0.0,0.0
Out,1.563704252243042,0.0,0.0
Out,1.5639643669128418,0.0,0.0
Out,1.5645172595977783,0.0,0.0
Out,1.5646167993545532,0.0,0.0
Out,1.5649337768554688,0.0,0.0
Out,1.5651100873947144,0.0,0.0
Out,1.565285325050354,0.0,0.0
Out,1.5653269290924072,0.0,0.0
Out,1.5654455423355103,0.0,0.0
Out,1.565508484840393,0.0,0.0
Out,1.5655547380447388,0.0,0.0
Out,1.5668654441833496,0.0,0.0
Out,1.567103385925293,0.0,0.0
Out,1.567258358001709,0.0,0.0
Out,1.5675098896026611,0.0,0.0
Out,1.5675157308578491,0.0,0.0
Out,1.5675736665725708,0.0,0.0
Out,1.5675795078277588,0.0,0.0
Out,1.5677783489227295,0.0,0.0
Out,1.5679699182510376,0.0,0.0
Out,1.5680344104766846,0.0,0.0
Out,1.5680471658706665,0.0,0.0
Out,1.568322777748108,0.0,0.0
Out,1.5690233707427979,0.0,0.0
Out,1.571107029914856,0.0,0.0
Out,1.5715255737304688,0.0,0.0
Out,1.5715302228927612,0.0,0.0
Out,1.5730645656585693,0.0,0.0
Out,1.5731481313705444,0.0,0.0
Out,1.5732555389404297,0.0,0.0
Out,1.5733574628829956,0.0,0.0
Out,1.5733997821807861,0.0,0.0
Out,1.5737254619598389,0.0,0.0
Out,1.574415922164917,0.0,0.0
Out,1.5744824409484863,0.0,0.0
Out,1.5746166706085205,0.0,0.0
Out,1.5750436782836914,0.0,0.0
Out,1.575515627861023,0.0,0.0
Out,1.5759918689727783,0.0,0.0
Out,1.5767306089401245,0.0,0.0
Out,1.577009677886963,0.0,0.0
Out,1.5774095058441162,0.0,0.0
Out,1.5782328844070435,0.0,0.0
Out,1.578587532043457,0.0,0.0
Out,1.5786997079849243,0.0,0.0
Out,1.5787100791931152,0.0,0.0
Out,1.5790647268295288,0.0,0.0
Out,1.5792428255081177,0.0,0.0
Out,1.5793297290802002,0.0,0.0
Out,1.5795626640319824,0.0,0.0
Out,1.5795762538909912,0.0,0.0
Out,1.5795965194702148,0.0,0.0
Out,1.5796959400177002,0.0,0.0
Out,1.5799461603164673,0.0,0.0
Out,1.579963207244873,0.0,0.0
Out,1.5804370641708374,0.0,0.0
Out,1.580661654472351,0.0,0.0
Out,1.5806992053985596,0.0,0.0
Out,1.5814056396484375,0.0,0.0
Out,1.5819555521011353,0.0,0.0
Out,1.5824052095413208,0.0,0.0
Out,1.5825145244598389,0.0,0.0
Out,1.58257257938385,0.0,0.0
Out,1.5830641984939575,0.0,0.0
Out,1.5831807851791382,0.0,0.0
Out,1.5833709239959717,0.0,0.0
Out,1.584388256072998,0.0,0.0
Out,1.5848171710968018,0.0,0.0
Out,1.5851842164993286,0.0,0.0
Out,1.5855497121810913,0.0,0.0
Out,1.5856438875198364,0.0,0.0
Out,1.5859357118606567,0.0,0.0
Out,1.58623206615448,0.0,0.0
Out,1.5865052938461304,0.0,0.0
Out,1.586595058441162,0.0,0.0
Out,1.5868074893951416,0.0,0.0
Out,1.586846947669983,0.0,0.0
Out,1.5869851112365723,0.0,0.0
Out,1.5870171785354614,0.0,0.0
Out,1.5871204137802124,0.0,0.0
Out,1.5873008966445923,0.0,0.0
Out,1.587403416633606,0.0,0.0
Out,1.5877325534820557,0.0,0.0
Out,1.5879911184310913,0.0,0.0
Out,1.5881317853927612,0.0,0.0
Out,1.5884023904800415,0.0,0.0
Out,1.58863365650177,0.0,0.0
Out,1.5887147188186646,0.0,0.0
Out,1.5890787839889526,0.0,0.0
Out,1.5891529321670532,0.0,0.0
Out,1.5897916555404663,0.0,0.0
Out,1.5898869037628174,0.0,0.0
Out,1.59023916721344,0.0,0.0
Out,1.590710997581482,0.0,0.0
Out,1.5917022228240967,0.0,0.0
Out,1.5918432474136353,0.0,0.0
Out,1.5928910970687866,0.0,0.0
Out,1.5937637090682983,0.0,0.0
Out,1.5943032503128052,0.0,0.0
Out,1.5945396423339844,0.0,0.0
Out,1.5947258472442627,0.0,0.0
Out,1.595045566558838,0.0,0.0
Out,1.5951769351959229,0.0,0.0
Out,1.5952049493789673,0.0,0.0
Out,1.5954501628875732,0.0,0.0
Out,1.5955172777175903,0.0,0.0
Out,1.5957696437835693,0.0,0.0
Out,1.595811128616333,0.0,0.0
Out,1.5958753824234009,0.0,0.0
Out,1.596044659614563,0.0,0.0
Out,1.596108078956604,0.0,0.0
Out,1.5962238311767578,0.0,0.0
Out,1.5963283777236938,0.0,0.0
Out,1.5968705415725708,0.0,0.0
Out,1.59698486328125,0.0,0.0
Out,1.5971287488937378,0.0,0.0
Out,1.5973905324935913,0.0,0.0
Out,1.5977575778961182,0.0,0.0
Out,1.5981439352035522,0.0,0.0
Out,1.5982019901275635,0.0,0.0
Out,1.5987133979797363,0.0,0.0
Out,1.5989220142364502,0.0,0.0
Out,1.598948359489441,0.0,0.0
Out,1.5990079641342163,0.0,0.0
Out,1.5992631912231445,0.0,0.0
Out,1.5993674993515015,0.0,0.0
Out,1.599807858467102,0.0,0.0
Out,1.6003299951553345,0.0,0.0
Out,1.6004362106323242,0.0,0.0
Out,1.600792646408081,0.0,0.0
Out,1.6010971069335938,0.0,0.0
Out,1.6011114120483398,0.0,0.0
Out,1.601162314414978,0.0,0.0
Out,1.6015609502792358,0.0,0.0
Out,1.6016405820846558,0.0,0.0
Out,1.6018575429916382,0.0,0.0
Out,1.6019198894500732,0.0,0.0
Out,1.6023179292678833,0.0,0.0
Out,1.6023601293563843,0.0,0.0
Out,1.6025394201278687,0.0,0.0
Out,1.6026428937911987,0.0,0.0
Out,1.6028869152069092,0.0,0.0
Out,1.6031928062438965,0.0,0.0
Out,1.6033313274383545,0.0,0.0
Out,1.6043466329574585,0.0,0.0
Out,1.6047745943069458,0.0,0.0
Out,1.6056212186813354,0.0,0.0
Out,1.6057440042495728,0.0,0.0
Out,1.6067701578140259,0.0,0.0
Out,1.6068353652954102,0.0,0.0
Out,1.6069997549057007,0.0,0.0
Out,1.607474684715271,0.0,0.0
Out,1.6077772378921509,0.0,0.0
Out,1.6083515882492065,0.0,0.0
Out,1.6086926460266113,0.0,0.0
Out,1.6087831258773804,0.0,0.0
Out,1.6088658571243286,0.0,0.0
Out,1.6091843843460083,0.0,0.0
Out,1.6093212366104126,0.0,0.0
Out,1.60932457447052,0.0,0.0
Out,1.6093615293502808,0.0,0.0
Out,1.6094504594802856,0.0,0.0
Out,1.6096572875976562,0.0,0.0
Out,1.6098731756210327,0.0,0.0
Out,1.6099672317504883,0.0,0.0
Out,1.6105469465255737,0.0,0.0
Out,1.6116456985473633,0.0,0.0
Out,1.6120188236236572,0.0,0.0
Out,1.612877368927002,0.0,0.0
Out,1.613837718963623,0.0,0.0
Out,1.6138429641723633,0.0,0.0
Out,1.6141815185546875,0.0,0.0
Out,1.6150857210159302,0.0,0.0
Out,1.6155025959014893,0.0,0.0
Out,1.6157094240188599,0.0,0.0
Out,1.6158974170684814,0.0,0.0
Out,1.6159063577651978,0.0,0.0
Out,1.6165043115615845,0.0,0.0
Out,1.6168954372406006,0.0,0.0
Out,1.6173431873321533,0.0,0.0
Out,1.6174837350845337,0.0,0.0
Out,1.6178650856018066,0.0,0.0
Out,1.6183574199676514,0.0,0.0
Out,1.6189254522323608,0.0,0.0
Out,1.6194374561309814,0.0,0.0
Out,1.6200017929077148,0.0,0.0
Out,1.620643973350525,0.0,0.0
Out,1.6206907033920288,0.0,0.0
Out,1.620705246925354,0.0,0.0
Out,1.6207704544067383,0.0,0.0
Out,1.620849370956421,0.0,0.0
Out,1.6208620071411133,0.0,0.0
Out,1.6209585666656494,0.0,0.0
Out,1.6211336851119995,0.0,0.0
Out,1.6214581727981567,0.0,0.0
Out,1.6216073036193848,0.0,0.0
Out,1.6219671964645386,0.0,0.0
Out,1.6221047639846802,0.0,0.0
Out,1.6221749782562256,0.0,0.0
Out,1.6221928596496582,0.0,0.0
Out,1.6225050687789917,0.0,0.0
Out,1.6227314472198486,0.0,0.0
Out,1.6228837966918945,0.0,0.0
Out,1.6230345964431763,0.0,0.0
Out,1.62307870388031,0.0,0.0
Out,1.6246718168258667,0.0,0.0
Out,1.6256444454193115,0.0,0.0
Out,1.6259734630584717,0.0,0.0
Out,1.6266626119613647,0.0,0.0
Out,1.6266684532165527,0.0,0.0
Out,1.626980185508728,0.0,0.0
Out,1.627581238746643,0.0,0.0
Out,1.6277137994766235,0.0,0.0
Out,1.6288551092147827,0.0,0.0
Out,1.629249095916748,0.0,0.0
Out,1.629451036453247,0.0,0.0
Out,1.6294543743133545,0.0,0.0
Out,1.629687786102295,0.0,0.0
Out,1.6299036741256714,0.0,0.0
Out,1.6300662755966187,0.0,0.0
Out,1.6301755905151367,0.0,0.0
Out,1.6304314136505127,0.0,0.0
Out,1.6306719779968262,0.0,0.0
Out,1.6309782266616821,0.0,0.0
Out,1.6309906244277954,0.0,0.0
Out,1.6311957836151123,0.0,0.0
Out,1.6313804388046265,0.0,0.0
Out,1.6316436529159546,0.0,0.0
Out,1.631731390953064,0.0,0.0
Out,1.6324656009674072,0.0,0.0
Out,1.6324979066848755,0.0,0.0
Out,1.633337140083313,0.0,0.0
Out,1.6334620714187622,0.0,0.0
Out,1.6342899799346924,0.0,0.0
Out,1.634885549545288,0.0,0.0
Out,1.6352660655975342,0.0,0.0
Out,1.6352806091308594,0.0,0.0
Out,1.6353939771652222,0.0,0.0
Out,1.6355953216552734,0.0,0.0
Out,1.6357481479644775,0.0,0.0
Out,1.636020302772522,0.0,0.0
Out,1.6363462209701538,0.0,0.0
Out,1.6376895904541016,0.0,0.0
Out,1.6377220153808594,0.0,0.0
Out,1.637890100479126,0.0,0.0
Out,1.63848876953125,0.0,0.0
Out,1.6386597156524658,0.0,0.0
Out,1.6388237476348877,0.0,0.0
Out,1.6390382051467896,0.0,0.0
Out,1.6396255493164062,0.0,0.0
Out,1.6403950452804565,0.0,0.0
Out,1.6409724950790405,0.0,0.0
Out,1.6410282850265503,0.0,0.0
Out,1.6415586471557617,0.0,0.0
Out,1.642680048942566,0.0,0.0
Out,1.6428579092025757,0.0,0.0
Out,1.643530011177063,0.0,0.0
Out,1.6435620784759521,0.0,0.0
Out,1.6442275047302246,0.0,0.0
Out,1.6445544958114624,0.0,0.0
Out,1.6445797681808472,0.0,0.0
Out,1.644802451133728,0.0,0.0
Out,1.6452884674072266,0.0,0.0
Out,1.6458274126052856,0.0,0.0
Out,1.6459367275238037,0.0,0.0
Out,1.646048903465271,0.0,0.0
Out,1.6460986137390137,0.0,0.0
Out,1.6462962627410889,0.0,0.0
Out,1.647369623184204,0.0,0.0
Out,1.6474236249923706,0.0,0.0
Out,1.6481703519821167,0.0,0.0
Out,1.6486350297927856,0.0,0.0
Out,1.649030089378357,0.0,0.0
Out,1.6494678258895874,0.0,0.0
Out,1.6496679782867432,0.0,0.0
Out,1.6497715711593628,0.0,0.0
Out,1.6506757736206055,0.0,0.0
Out,1.6507480144500732,0.0,0.0
Out,1.650797724723816,0.0,0.0
Out,1.6509473323822021,0.0,0.0
Out,1.6512924432754517,0.0,0.0
Out,1.6522667407989502,0.0,0.0
Out,1.6550647020339966,0.0,0.0
Out,1.6551413536071777,0.0,0.0
Out,1.656161904335022,0.0,0.0
Out,1.6567049026489258,0.0,0.0
Out,1.657339096069336,0.0,0.0
Out,1.6582751274108887,0.0,0.0
Out,1.6603678464889526,0.0,0.0
Out,1.6607590913772583,0.0,0.0
Out,1.6608186960220337,0.0,0.0
Out,1.661008358001709,0.0,0.0
Out,1.661131739616394,0.0,0.0
Out,1.6611793041229248,0.0,0.0
Out,1.6615122556686401,0.0,0.0
Out,1.662028431892395,0.0,0.0
Out,1.662726640701294,0.0,0.0
Out,1.6636019945144653,0.0,0.0
Out,1.663834810256958,0.0,0.0
Out,1.6644599437713623,0.0,0.0
Out,1.6647388935089111,0.0,0.0
Out,1.665013074874878,0.0,0.0
Out,1.6650571823120117,0.0,0.0
Out,1.6652837991714478,0.0,0.0
Out,1.6668365001678467,0.0,0.0
Out,1.6681759357452393,0.0,0.0
Out,1.6695407629013062,0.0,0.0
Out,1.6698791980743408,0.0,0.0
Out,1.6704490184783936,0.0,0.0
Out,1.670512318611145,0.0,0.0
Out,1.6712476015090942,0.0,0.0
Out,1.6716116666793823,0.0,0.0
Out,1.6723895072937012,0.0,0.0
Out,1.673149824142456,0.0,0.0
Out,1.673365592956543,0.0,0.0
Out,1.673876404762268,0.0,0.0
Out,1.6742241382598877,0.0,0.0
Out,1.6749671697616577,0.0,0.0
Out,1.674977421760559,0.0,0.0
Out,1.6755667924880981,0.0,0.0
Out,1.6771951913833618,0.0,0.0
Out,1.6787505149841309,0.0,0.0
Out,1.6792242527008057,0.0,0.0
Out,1.6800875663757324,0.0,0.0
Out,1.6811950206756592,0.0,0.0
Out,1.681742787361145,0.0,0.0
Out,1.6821027994155884,0.0,0.0
Out,1.682973861694336,0.0,0.0
Out,1.6830825805664062,0.0,0.0
Out,1.6832023859024048,0.0,0.0
Out,1.6834064722061157,0.0,0.0
Out,1.683894157409668,0.0,0.0
Out,1.6852425336837769,0.0,0.0
Out,1.6852843761444092,0.0,0.0
Out,1.6856237649917603,0.0,0.0
Out,1.6863504648208618,0.0,0.0
Out,1.68657648563385,0.0,0.0
Out,1.6874549388885498,0.0,0.0
Out,1.687530517578125,0.0,0.0
Out,1.6876375675201416,0.0,0.0
Out,1.6889173984527588,0.0,0.0
Out,1.6895002126693726,0.0,0.0
Out,1.689604640007019,0.0,0.0
Out,1.691068410873413,0.0,0.0
Out,1.6912044286727905,0.0,0.0
Out,1.6913903951644897,0.0,0.0
Out,1.6913912296295166,0.0,0.0
Out,1.6916403770446777,0.0,0.0
Out,1.693116545677185,0.0,0.0
Out,1.6935447454452515,0.0,0.0
Out,1.6938515901565552,0.0,0.0
Out,1.6944092512130737,0.0,0.0
Out,1.6946437358856201,0.0,0.0
Out,1.695019245147705,0.0,0.0
Out,1.6950393915176392,0.0,0.0
Out,1.6951323747634888,0.0,0.0
Out,1.6952589750289917,0.0,0.0
Out,1.6974093914031982,0.0,0.0
Out,1.6974718570709229,0.0,0.0
Out,1.6982160806655884,0.0,0.0
Out,1.6989840269088745,0.0,0.0
Out,1.7007272243499756,0.0,0.0
Out,1.701117753982544,0.0,0.0
Out,1.7020944356918335,0.0,0.0
Out,1.7029682397842407,0.0,0.0
Out,1.7041374444961548,0.0,0.0
Out,1.7051126956939697,0.0,0.0
Out,1.7051565647125244,0.0,0.0
Out,1.7058358192443848,0.0,0.0
Out,1.706117868423462,0.0,0.0
Out,1.706146001815796,0.0,0.0
Out,1.7065000534057617,0.0,0.0
Out,1.7074041366577148,0.0,0.0
Out,1.7075427770614624,0.0,0.0
Out,1.708284854888916,0.0,0.0
Out,1.70833420753479,0.0,0.0
Out,1.708714246749878,0.0,0.0
Out,1.708795428276062,0.0,0.0
Out,1.7088775634765625,0.0,0.0
Out,1.7105457782745361,0.0,0.0
Out,1.71123206615448,0.0,0.0
Out,1.7116562128067017,0.0,0.0
Out,1.7132608890533447,0.0,0.0
Out,1.7139692306518555,0.0,0.0
Out,1.7169036865234375,0.0,0.0
Out,1.7176086902618408,0.0,0.0
Out,1.7181082963943481,0.0,0.0
Out,1.718946933746338,0.0,0.0
Out,1.7190719842910767,0.0,0.0
Out,1.7196264266967773,0.0,0.0
Out,1.720395803451538,0.0,0.0
Out,1.7212268114089966,0.0,0.0
Out,1.7235685586929321,0.0,0.0
Out,1.7246510982513428,0.0,0.0
Out,1.7271822690963745,0.0,0.0
Out,1.7278122901916504,0.0,0.0
Out,1.7296274900436401,0.0,0.0
Out,1.7302286624908447,0.0,0.0
Out,1.730765461921692,0.0,0.0
Out,1.7309049367904663,0.0,0.0
Out,1.7312164306640625,0.0,0.0
Out,1.7315338850021362,0.0,0.0
Out,1.7318252325057983,0.0,0.0
Out,1.7327961921691895,0.0,0.0
Out,1.7331690788269043,0.0,0.0
Out,1.7337650060653687,0.0,0.0
Out,1.734575629234314,0.0,0.0
Out,1.7347711324691772,0.0,0.0
Out,1.7397096157073975,0.0,0.0
Out,1.7400563955307007,0.0,0.0
Out,1.7409292459487915,0.0,0.0
Out,1.7424631118774414,0.0,0.0
Out,1.743470549583435,0.0,0.0
Out,1.74373197555542,0.0,0.0
Out,1.7453216314315796,0.0,0.0
Out,1.7453871965408325,0.0,0.0
Out,1.7455943822860718,0.0,0.0
Out,1.745943307876587,0.0,0.0
Out,1.7466880083084106,0.0,0.0
Out,1.7484060525894165,0.0,0.0
Out,1.7501999139785767,0.0,0.0
Out,1.7517794370651245,0.0,0.0
Out,1.7522425651550293,0.0,0.0
Out,1.7531311511993408,0.0,0.0
Out,1.7535005807876587,0.0,0.0
Out,1.7553249597549438,0.0,0.0
Out,1.7553744316101074,0.0,0.0
Out,1.7555994987487793,0.0,0.0
Out,1.755657434463501,0.0,0.0
Out,1.7578566074371338,0.0,0.0
Out,1.7597181797027588,0.0,0.0
Out,1.7637823820114136,0.0,0.0
Out,1.763961911201477,0.0,0.0
Out,1.7646994590759277,0.0,0.0
Out,1.7647864818572998,0.0,0.0
Out,1.7658666372299194,0.0,0.0
Out,1.7689810991287231,0.0,0.0
Out,1.7697179317474365,0.0,0.0
Out,1.7702407836914062,0.0,0.0
Out,1.7704657316207886,0.0,0.0
Out,1.7707536220550537,0.0,0.0
Out,1.7735856771469116,0.0,0.0
Out,1.7737594842910767,0.0,0.0
Out,1.7761281728744507,0.0,0.0
Out,1.7771183252334595,0.0,0.0
Out,1.777886152267456,0.0,0.0
Out,1.7789608240127563,0.0,0.0
Out,1.7805535793304443,0.0,0.0
Out,1.7809888124465942,0.0,0.0
Out,1.7818230390548706,0.0,0.0
Out,1.7822637557983398,0.0,0.0
Out,1.7830106019973755,0.0,0.0
Out,1.783136248588562,0.0,0.0
Out,1.7846556901931763,0.0,0.0
Out,1.786402940750122,0.0,0.0
Out,1.788059949874878,0.0,0.0
Out,1.7881660461425781,0.0,0.0
Out,1.789191722869873,0.0,0.0
Out,1.7897394895553589,0.0,0.0
Out,1.7908211946487427,0.0,0.0
Out,1.791061282157898,0.0,0.0
Out,1.791574239730835,0.0,0.0
Out,1.7918821573257446,0.0,0.0
Out,1.7925697565078735,0.0,0.0
Out,1.795723795890808,0.0,0.0
Out,1.7963776588439941,0.0,0.0
Out,1.7969038486480713,0.0,0.0
Out,1.7970607280731201,0.0,0.0
Out,1.7977534532546997,0.0,0.0
Out,1.7988033294677734,0.0,0.0
Out,1.798858880996704,0.0,0.0
Out,1.8023765087127686,0.0,0.0
Out,1.8053491115570068,0.0,0.0
Out,1.8090059757232666,0.0,0.0
Out,1.8108806610107422,0.0,0.0
Out,1.8122072219848633,0.0,0.0
Out,1.8128554821014404,0.0,0.0
Out,1.8175538778305054,0.0,0.0
Out,1.8182445764541626,0.0,0.0
Out,1.821189522743225,0.0,0.0
Out,1.8213858604431152,0.0,0.0
Out,1.8214991092681885,0.0,0.0
Out,1.8220431804656982,0.0,0.0
Out,1.8234148025512695,0.0,0.0
Out,1.8246771097183228,0.0,0.0
Out,1.8259503841400146,0.0,0.0
Out,1.8274928331375122,0.0,0.0
Out,1.8362654447555542,0.0,0.0
Out,1.8385977745056152,0.0,0.0
Out,1.839072585105896,0.0,0.0
Out,1.8414599895477295,0.0,0.0
Out,1.8417202234268188,0.0,0.0
Out,1.8418711423873901,0.0,0.0
Out,1.84218168258667,0.0,0.0
Out,1.8489530086517334,0.0,0.0
Out,1.8529664278030396,0.0,0.0
Out,1.87213933467865,0.0,0.0
Out,1.8722760677337646,0.0,0.0
Out,1.8759400844573975,0.0,0.0
Out,1.8764934539794922,0.0,0.0
Out,1.8769654035568237,0.0,0.0
Out,1.8774486780166626,0.0,0.0
Out,1.8784749507904053,0.0,0.0
Out,1.8792740106582642,0.0,0.0
Out,1.8804001808166504,0.0,0.0
Out,1.881454348564148,0.0,0.0
Out,1.8835582733154297,0.0,0.0
Out,1.8846601247787476,0.0,0.0
Out,1.8884944915771484,0.0,0.0
Out,1.8898696899414062,0.0,0.0
Out,1.8903603553771973,0.0,0.0
Out,1.8908824920654297,0.0,0.0
Out,1.891750454902649,0.0,0.0
Out,1.8956388235092163,0.0,0.0
Out,1.8987534046173096,0.0,0.0
Out,1.904289722442627,0.0,0.0
Out,1.9051786661148071,0.0,0.0
Out,1.9063843488693237,0.0,0.0
Out,1.9077162742614746,0.0,0.0
Out,1.9081944227218628,0.0,0.0
Out,1.9096850156784058,0.0,0.0
Out,1.9101547002792358,0.0,0.0
Out,1.9109790325164795,0.0,0.0
Out,1.91290283203125,0.0,0.0
Out,1.915395975112915,0.0,0.0
Out,1.9154136180877686,0.0,0.0
Out,1.9156405925750732,0.0,0.0
Out,1.9183473587036133,0.0,0.0
Out,1.9218614101409912,0.0,0.0
Out,1.9230916500091553,0.0,0.0
Out,1.9236078262329102,0.0,0.0
Out,1.9269157648086548,0.0,0.0
Out,1.9272900819778442,0.0,0.0
Out,1.9273616075515747,0.0,0.0
Out,1.9275140762329102,0.0,0.0
Out,1.9292856454849243,0.0,0.0
Out,1.9362316131591797,0.0,0.0
Out,1.9371930360794067,0.0,0.0
Out,1.946431279182434,0.0,0.0
Out,1.9481596946716309,0.0,0.0
Out,1.949371099472046,0.0,0.0
Out,1.9508463144302368,0.0,0.0
Out,1.9516551494598389,0.0,0.0
Out,1.951977014541626,0.0,0.0
Out,1.955336332321167,0.0,0.0
Out,1.9561699628829956,0.0,0.0
Out,1.9563730955123901,0.0,0.0
Out,1.9565598964691162,0.0,0.0
Out,1.9572442770004272,0.0,0.0
Out,1.9585098028182983,0.0,0.0
Out,1.959144115447998,0.0,0.0
Out,1.959441065788269,0.0,0.0
Out,1.96034574508667,0.0,0.0
Out,1.9612077474594116,0.0,0.0
Out,1.9634270668029785,0.0,0.0
Out,1.9687844514846802,0.0,0.0
Out,1.9724866151809692,0.0,0.0
Out,1.9726581573486328,0.0,0.0
Out,1.9748191833496094,0.0,0.0
Out,1.980635404586792,0.0,0.0
Out,1.9812089204788208,0.0,0.0
Out,1.9845308065414429,0.0,0.0
Out,1.9926891326904297,0.0,0.0
Out,1.994795560836792,0.0,0.0
Out,1.9953378438949585,0.0,0.0
Out,1.9992306232452393,0.0,0.0
Out,2.0021228790283203,0.0,0.0
Out,2.011181354522705,0.0,0.0
Out,2.0133941173553467,0.0,0.0
Out,2.0134973526000977,0.0,0.0
Out,2.0156524181365967,0.0,0.0
Out,2.017449140548706,0.0,0.0
Out,2.0215542316436768,0.0,0.0
Out,2.022275686264038,0.0,0.0
Out,2.0223166942596436,0.0,0.0
Out,2.027350664138794,0.0,0.0
Out,2.02923583984375,0.0,0.0
Out,2.0404813289642334,0.0,0.0
Out,2.041306734085083,0.0,0.0
Out,2.048260450363159,0.0,0.0
Out,2.048527717590332,0.0,0.0
Out,2.053719997406006,0.0,0.0
Out,2.0635180473327637,0.0,0.0
Out,2.0636439323425293,0.0,0.0
Out,2.0644941329956055,0.0,0.0
Out,2.065605878829956,0.0,0.0
Out,2.0667476654052734,0.0,0.0
Out,2.0702784061431885,0.0,0.0
Out,2.077956438064575,0.0,0.0
Out,2.081479787826538,0.0,0.0
Out,2.0814974308013916,0.0,0.0
Out,2.084433078765869,0.0,0.0
Out,2.086226463317871,0.0,0.0
Out,2.0873641967773438,0.0,0.0
Out,2.089214324951172,0.0,0.0
Out,2.0907256603240967,0.0,0.0
Out,2.092240571975708,0.0,0.0
Out,2.0938234329223633,0.0,0.0
Out,2.094764471054077,0.0,0.0
Out,2.102869749069214,0.0,0.0
Out,2.1032025814056396,0.0,0.0
Out,2.1091864109039307,0.0,0.0
Out,2.1105589866638184,0.0,0.0
Out,2.1116299629211426,0.0,0.0
Out,2.114910364151001,0.0,0.0
Out,2.117948532104492,0.0,0.0
Out,2.1235649585723877,0.0,0.0
Out,2.1240506172180176,0.0,0.0
Out,2.1276233196258545,0.0,0.0
Out,2.1296396255493164,0.0,0.0
Out,2.134685754776001,0.0,0.0
Out,2.138044595718384,0.0,0.0
Out,2.139543056488037,0.0,0.0
Out,2.1405932903289795,0.0,0.0
Out,2.141312599182129,0.0,0.0
Out,2.1458072662353516,0.0,0.0
Out,2.1485207080841064,0.0,0.0
Out,2.1499574184417725,0.0,0.0
Out,2.1502435207366943,0.0,0.0
Out,2.152278184890747,0.0,0.0
Out,2.1531600952148438,0.0,0.0
Out,2.1676008701324463,0.0,0.0
Out,2.1728334426879883,0.0,0.0
Out,2.1754343509674072,0.0,0.0
Out,2.1767842769622803,0.0,0.0
Out,2.1851792335510254,0.0,0.0
Out,2.191711187362671,0.0,0.0
Out,2.201709270477295,0.0,0.0
Out,2.2085154056549072,0.0,0.0
Out,2.220792770385742,0.0,0.0
Out,2.223729133605957,0.0,0.0
Out,2.225229263305664,0.0,0.0
Out,2.226560592651367,0.0,0.0
Out,2.2323551177978516,0.0,0.0
Out,2.242940664291382,0.0,0.0
Out,2.2646255493164062,0.0,0.0
Out,2.2664449214935303,0.0,0.0
Out,2.266812324523926,0.0,0.0
Out,2.273037910461426,0.0,0.0
Out,2.27461314201355,0.0,0.0
Out,2.2754194736480713,0.0,0.0
Out,2.2810823917388916,0.0,0.0
Out,2.2825305461883545,0.0,0.0
Out,2.286367416381836,0.0,0.0
Out,2.2884442806243896,0.0,0.0
Out,2.289475917816162,0.0,0.0
Out,2.2920260429382324,0.0,0.0
Out,2.295738458633423,0.0,0.0
Out,2.298151731491089,0.0,0.0
Out,2.298325300216675,0.0,0.0
Out,2.299239158630371,0.0,0.0
Out,2.3004298210144043,0.0,0.0
Out,2.302360773086548,0.0,0.0
Out,2.303018093109131,0.0,0.0
Out,2.3031511306762695,0.0,0.0
Out,2.3075332641601562,0.0,0.0
Out,2.3127400875091553,0.0,0.0
Out,2.3127572536468506,0.0,0.0
Out,2.32267427444458,0.0,0.0
Out,2.329749345779419,0.0,0.0
Out,2.331380605697632,0.0,0.0
Out,2.333510160446167,0.0,0.0
Out,2.351210355758667,0.0,0.0
Out,2.3778817653656006,0.0,0.0
Out,2.38004207611084,0.0,0.0
Out,2.380446672439575,0.0,0.0
Out,2.3875393867492676,0.0,0.0
Out,2.3980889320373535,0.0,0.0
Out,2.4100897312164307,0.0,0.0
Out,2.4350924491882324,0.0,0.0
Out,2.4493470191955566,0.0,0.0
Out,2.465996742248535,0.0,0.0
Out,2.47714900970459,0.0,0.0
Out,2.4896605014801025,0.0,0.0
Out,2.495035409927368,0.0,0.0
Out,2.4975082874298096,0.0,0.0
Out,2.5358777046203613,0.0,0.0
Out,2.5393078327178955,0.0,0.0
Out,2.5438191890716553,0.0,0.0
Out,2.5604100227355957,0.0,0.0
Out,2.561786413192749,0.0,0.0
Out,2.5655906200408936,0.0,0.0
Out,2.5691542625427246,0.0,0.0
Out,2.5815110206604004,0.0,0.0
Out,2.5844953060150146,0.0,0.0
Out,2.587801218032837,0.0,0.0
Out,2.6187801361083984,0.0,0.0
Out,2.620347738265991,0.0,0.0
Out,2.630425453186035,0.0,0.0
Out,2.6339612007141113,0.0,0.0
Out,2.6436257362365723,0.0,0.0
Out,2.6450538635253906,0.0,0.0
Out,2.6763899326324463,0.0,0.0
Out,2.6814393997192383,0.0,0.0
Out,2.7011477947235107,0.0,0.0
Out,2.7327003479003906,0.0,0.0
Out,2.775627851486206,0.0,0.0
Out,2.7809104919433594,0.0,0.0
Out,2.8311760425567627,0.0,0.0
Out,2.898075580596924,0.0,0.0
Out,2.9116601943969727,0.0,0.0
Out,2.9504003524780273,0.0,0.0
Out,3.0384440422058105,0.0,0.0
Out,3.050231695175171,0.0,0.0
Out,3.0506432056427,0.0,0.0
Out,3.0577478408813477,0.0,0.0
Out,3.0677099227905273,0.0,0.0
Out,3.0708236694335938,0.0,0.0
Out,3.077082872390747,0.0,0.0
Out,3.131051540374756,0.0,0.0
Out,3.1554105281829834,0.0,0.0
Out,3.1674723625183105,0.0,0.0
Out,3.196056365966797,0.0,0.0
Out,3.2158560752868652,0.0,0.0
Out,3.2474119663238525,0.0,0.0
Out,3.6383228302001953,0.0,0.0
Out,4.9668965339660645,0.0,0.0
Out,9.913189888000488,0.0,0.0
Out,10.878421783447266,0.0,0.0
Out,,1.0,0.0
