series,ts,temp_injected,is_injected_anomaly,injection_type,sim_time_received
In,2018-07-28 07:06:00,31.0,False,nan,0.0
In,2018-07-28 07:06:00,31.0,False,nan,0.0
In,2018-07-28 07:07:00,31.0,False,nan,60.0
In,2018-07-28 07:07:00,31.0,False,nan,60.0
In,2018-07-28 07:07:00,31.0,False,nan,60.0
In,2018-07-28 07:07:00,31.0,False,nan,60.0
In,2018-07-28 07:07:00,31.0,False,nan,60.0
In,2018-07-28 07:07:00,31.0,False,nan,60.0
In,2018-07-28 07:07:00,31.0,False,nan,60.0
In,2018-07-28 07:07:00,31.0,False,nan,60.0
In,2018-07-28 07:07:00,31.0,False,nan,60.0
In,2018-07-28 07:07:00,31.0,False,nan,60.0
In,2018-07-28 07:07:00,31.0,False,nan,60.0
In,2018-07-28 07:07:00,31.0,False,nan,60.0
In,2018-07-28 07:07:00,31.0,False,nan,60.0
In,2018-07-28 07:07:00,31.0,False,nan,60.0
In,2018-07-28 07:07:00,31.0,False,nan,60.0
In,2018-07-28 07:07:00,31.0,False,nan,60.0
In,2018-07-28 07:07:00,31.0,False,nan,60.0
In,2018-07-28 07:07:00,31.0,False,nan,60.0
In,2018-07-28 07:07:00,31.0,False,nan,60.0
In,2018-07-28 07:08:00,31.0,False,nan,120.0
In,2018-07-28 07:08:00,31.0,False,nan,120.0
In,2018-07-28 07:08:00,31.0,False,nan,120.0
In,2018-07-28 07:08:00,31.0,False,nan,120.0
In,2018-07-28 07:10:00,31.0,False,nan,240.0
In,2018-07-28 07:22:00,31.0,False,nan,960.0
In,2018-07-28 07:22:00,31.0,False,nan,960.0
In,2018-07-28 07:22:00,31.0,False,nan,960.0
In,2018-07-28 07:22:00,31.0,False,nan,960.0
In,2018-07-28 07:22:00,31.0,False,nan,960.0
In,2018-07-28 07:22:00,31.0,False,nan,960.0
In,2018-07-28 07:23:00,31.0,False,nan,1020.0
In,2018-07-28 07:23:00,31.0,False,nan,1020.0
In,2018-07-28 07:23:00,31.0,False,nan,1020.0
In,2018-07-28 07:23:00,31.0,False,nan,1020.0
In,2018-07-28 07:23:00,31.0,False,nan,1020.0
In,2018-07-28 07:23:00,31.0,False,nan,1020.0
In,2018-07-28 07:23:00,31.0,False,nan,1020.0
In,2018-07-28 07:23:00,31.0,False,nan,1020.0
In,2018-07-28 07:23:00,31.0,False,nan,1020.0
In,2018-07-28 07:23:00,31.0,False,nan,1020.0
In,2018-07-28 07:24:00,31.0,False,nan,1080.0
In,2018-07-28 07:24:00,31.0,False,nan,1080.0
In,2018-07-29 04:26:00,33.0,False,nan,76800.0
In,2018-07-29 04:26:00,32.0,False,nan,76800.0
In,2018-07-29 04:28:00,33.0,False,nan,76920.0
In,2018-07-29 04:28:00,32.0,False,nan,76920.0
In,2018-07-29 04:28:00,33.0,False,nan,76920.0
In,2018-07-29 04:28:00,32.0,False,nan,76920.0
In,2018-07-31 16:23:00,30.0,False,nan,292620.0
In,2018-07-31 16:23:00,31.0,False,nan,292620.0
In,2018-07-31 16:27:00,31.0,False,nan,292860.0
In,2018-07-31 16:27:00,31.0,False,nan,292860.0
In,2018-07-31 16:28:00,31.0,False,nan,292920.0
In,2018-07-31 16:28:00,31.0,False,nan,292920.0
In,2018-07-31 16:28:00,31.0,False,nan,292920.0
In,2018-07-31 16:28:00,31.0,False,nan,292920.0
In,2018-07-31 16:28:00,31.0,False,nan,292920.0
In,2018-07-31 16:28:00,31.0,False,nan,292920.0
In,2018-07-31 16:28:00,31.0,False,nan,292920.0
In,2018-07-31 16:28:00,31.0,False,nan,292920.0
In,2018-07-31 16:28:00,31.0,False,nan,292920.0
In,2018-08-10 08:01:00,28.0,False,nan,1126500.0
In,2018-08-10 08:01:00,29.0,False,nan,1126500.0
In,2018-08-10 08:06:00,29.0,False,nan,1126800.0
In,2018-08-10 08:06:00,29.0,False,nan,1126800.0
In,2018-08-10 08:08:00,29.0,False,nan,1126920.0
In,2018-08-10 08:08:00,29.0,False,nan,1126920.0
In,2018-08-10 08:08:00,29.0,False,nan,1126920.0
In,2018-08-10 08:08:00,29.0,False,nan,1126920.0
In,2018-08-10 08:08:00,29.0,False,nan,1126920.0
In,2018-08-10 08:08:00,29.0,False,nan,1126920.0
In,2018-08-10 08:09:00,29.0,False,nan,1126980.0
In,2018-08-10 08:15:00,29.0,False,nan,1127340.0
In,2018-08-10 08:15:00,29.0,False,nan,1127340.0
In,2018-08-10 08:15:00,29.0,False,nan,1127340.0
In,2018-08-10 08:15:00,29.0,False,nan,1127340.0
In,2018-08-10 08:18:00,29.0,False,nan,1127520.0
In,2018-08-10 08:18:00,29.0,False,nan,1127520.0
In,2018-08-10 08:18:00,29.0,False,nan,1127520.0
In,2018-08-10 08:24:00,29.0,False,nan,1127880.0
In,2018-08-10 08:26:00,29.0,False,nan,1128000.0
In,2018-08-10 08:28:00,29.0,False,nan,1128120.0
In,2018-08-10 08:28:00,29.0,False,nan,1128120.0
In,2018-08-10 08:28:00,29.0,False,nan,1128120.0
In,2018-08-10 08:28:00,29.0,False,nan,1128120.0
In,2018-08-10 08:28:00,29.0,False,nan,1128120.0
In,2018-08-10 08:28:00,29.0,False,nan,1128120.0
In,2018-08-10 08:29:00,29.0,False,nan,1128180.0
In,2018-08-10 08:29:00,29.0,False,nan,1128180.0
In,2018-08-10 08:29:00,29.0,False,nan,1128180.0
In,2018-08-10 08:30:00,29.0,False,nan,1128240.0
In,2018-08-10 08:30:00,28.0,False,nan,1128240.0
In,2018-08-10 08:31:00,29.0,False,nan,1128300.0
In,2018-08-10 08:31:00,29.0,False,nan,1128300.0
In,2018-08-10 08:31:00,29.0,False,nan,1128300.0
In,2018-08-10 08:34:00,29.0,False,nan,1128480.0
In,2018-08-10 08:34:00,29.0,False,nan,1128480.0
In,2018-08-10 08:34:00,29.0,False,nan,1128480.0
In,2018-08-10 08:34:00,29.0,False,nan,1128480.0
In,2018-08-10 08:34:00,29.0,False,nan,1128480.0
In,2018-08-10 08:34:00,29.0,False,nan,1128480.0
In,2018-08-10 08:34:00,29.0,False,nan,1128480.0
In,2018-08-10 08:34:00,29.0,False,nan,1128480.0
In,2018-08-10 08:35:00,28.0,False,nan,1128540.0
In,2018-08-10 08:35:00,29.0,False,nan,1128540.0
In,2018-08-10 08:36:00,29.0,False,nan,1128600.0
In,2018-08-10 08:36:00,29.0,False,nan,1128600.0
In,2018-08-10 08:36:00,28.0,False,nan,1128600.0
In,2018-08-10 08:37:00,28.0,False,nan,1128660.0
In,2018-08-10 08:37:00,29.0,False,nan,1128660.0
In,2018-08-10 08:37:00,28.0,False,nan,1128660.0
In,2018-08-10 08:37:00,29.0,False,nan,1128660.0
In,2018-08-10 08:38:00,29.0,False,nan,1128720.0
In,2018-08-10 08:38:00,29.0,False,nan,1128720.0
In,2018-08-10 08:38:00,28.0,False,nan,1128720.0
In,2018-08-10 08:38:00,28.0,False,nan,1128720.0
In,2018-08-10 08:39:00,29.0,False,nan,1128780.0
In,2018-08-10 08:39:00,29.0,False,nan,1128780.0
In,2018-08-10 08:39:00,29.0,False,nan,1128780.0
In,2018-08-10 08:39:00,28.0,False,nan,1128780.0
In,2018-08-10 08:39:00,28.0,False,nan,1128780.0
In,2018-08-10 08:40:00,28.0,False,nan,1128840.0
In,2018-08-10 08:40:00,29.0,False,nan,1128840.0
In,2018-08-10 08:40:00,28.0,False,nan,1128840.0
In,2018-08-10 08:40:00,29.0,False,nan,1128840.0
In,2018-08-10 08:40:00,28.0,False,nan,1128840.0
In,2018-08-10 08:40:00,29.0,False,nan,1128840.0
In,2018-08-10 08:41:00,29.0,False,nan,1128900.0
In,2018-08-10 08:41:00,28.0,False,nan,1128900.0
In,2018-08-10 08:41:00,29.0,False,nan,1128900.0
In,2018-08-10 08:41:00,29.0,False,nan,1128900.0
In,2018-08-10 08:41:00,29.0,False,nan,1128900.0
In,2018-08-10 08:41:00,29.0,False,nan,1128900.0
In,2018-08-10 08:41:00,28.0,False,nan,1128900.0
In,2018-08-10 08:41:00,28.0,False,nan,1128900.0
In,2018-08-10 08:41:00,29.0,False,nan,1128900.0
In,2018-08-10 08:41:00,29.0,False,nan,1128900.0
In,2018-08-10 08:41:00,29.0,False,nan,1128900.0
In,2018-08-10 08:42:00,28.0,False,nan,1128960.0
In,2018-08-10 08:42:00,28.0,False,nan,1128960.0
In,2018-08-10 08:42:00,28.0,False,nan,1128960.0
In,2018-08-10 08:42:00,29.0,False,nan,1128960.0
In,2018-08-10 08:42:00,28.0,False,nan,1128960.0
In,2018-08-10 08:42:00,29.0,False,nan,1128960.0
In,2018-08-10 08:42:00,29.0,False,nan,1128960.0
In,2018-08-10 08:42:00,29.0,False,nan,1128960.0
In,2018-08-10 08:42:00,29.0,False,nan,1128960.0
In,2018-08-10 08:42:00,28.0,False,nan,1128960.0
In,2018-08-10 08:42:00,29.0,False,nan,1128960.0
In,2018-08-10 08:42:00,29.0,False,nan,1128960.0
In,2018-08-10 08:42:00,29.0,False,nan,1128960.0
In,2018-08-10 08:42:00,29.0,False,nan,1128960.0
In,2018-08-10 08:43:00,29.0,False,nan,1129020.0
In,2018-08-10 08:43:00,29.0,False,nan,1129020.0
In,2018-08-10 08:43:00,28.0,False,nan,1129020.0
In,2018-08-10 08:43:00,28.0,False,nan,1129020.0
In,2018-08-10 08:43:00,28.0,False,nan,1129020.0
In,2018-08-10 08:43:00,29.0,False,nan,1129020.0
In,2018-08-10 08:43:00,28.0,False,nan,1129020.0
In,2018-08-10 08:43:00,28.0,False,nan,1129020.0
In,2018-08-10 08:43:00,29.0,False,nan,1129020.0
In,2018-08-10 08:43:00,29.0,False,nan,1129020.0
In,2018-08-10 08:44:00,29.0,False,nan,1129080.0
In,2018-08-10 08:44:00,29.0,False,nan,1129080.0
In,2018-08-10 08:44:00,28.0,False,nan,1129080.0
In,2018-08-10 08:44:00,29.0,False,nan,1129080.0
In,2018-08-10 08:44:00,28.0,False,nan,1129080.0
In,2018-08-10 08:44:00,28.0,False,nan,1129080.0
In,2018-08-10 08:44:00,29.0,False,nan,1129080.0
In,2018-08-10 08:44:00,28.0,False,nan,1129080.0
In,2018-08-10 08:44:00,29.0,False,nan,1129080.0
In,2018-08-10 08:44:00,28.0,False,nan,1129080.0
In,2018-08-10 08:44:00,29.0,False,nan,1129080.0
In,2018-08-10 08:44:00,28.0,False,nan,1129080.0
In,2018-08-10 08:45:00,29.0,False,nan,1129140.0
In,2018-08-10 08:45:00,28.0,False,nan,1129140.0
In,2018-08-10 08:45:00,29.0,False,nan,1129140.0
In,2018-08-10 08:45:00,29.0,False,nan,1129140.0
In,2018-08-10 08:45:00,29.0,False,nan,1129140.0
In,2018-08-10 08:45:00,28.0,False,nan,1129140.0
In,2018-08-10 08:45:00,28.0,False,nan,1129140.0
In,2018-08-10 08:45:00,29.0,False,nan,1129140.0
In,2018-08-10 08:45:00,29.0,False,nan,1129140.0
In,2018-08-10 08:45:00,29.0,False,nan,1129140.0
In,2018-08-10 08:45:00,28.0,False,nan,1129140.0
In,2018-08-10 08:45:00,29.0,False,nan,1129140.0
In,2018-08-10 08:45:00,28.0,False,nan,1129140.0
In,2018-08-10 08:45:00,28.0,False,nan,1129140.0
In,2018-08-10 08:45:00,29.0,False,nan,1129140.0
In,2018-08-10 08:45:00,28.0,False,nan,1129140.0
In,2018-08-10 08:46:00,29.0,False,nan,1129200.0
In,2018-08-10 08:46:00,28.0,False,nan,1129200.0
In,2018-08-10 08:46:00,29.0,False,nan,1129200.0
In,2018-08-10 08:46:00,28.0,False,nan,1129200.0
In,2018-08-10 08:46:00,29.0,False,nan,1129200.0
In,2018-08-10 08:46:00,28.0,False,nan,1129200.0
In,2018-08-10 08:46:00,28.0,False,nan,1129200.0
In,2018-08-10 08:46:00,29.0,False,nan,1129200.0
In,2018-08-10 08:46:00,28.0,False,nan,1129200.0
In,2018-08-10 08:46:00,29.0,False,nan,1129200.0
In,2018-08-10 08:46:00,29.0,False,nan,1129200.0
In,2018-08-10 08:46:00,28.0,False,nan,1129200.0
In,2018-08-10 08:46:00,29.0,False,nan,1129200.0
In,2018-08-10 08:46:00,28.0,False,nan,1129200.0
In,2018-08-10 08:47:00,29.0,False,nan,1129260.0
In,2018-08-10 08:47:00,29.0,False,nan,1129260.0
In,2018-08-10 08:47:00,28.0,False,nan,1129260.0
In,2018-08-10 08:47:00,29.0,False,nan,1129260.0
In,2018-08-10 08:47:00,29.0,False,nan,1129260.0
In,2018-08-10 08:47:00,28.0,False,nan,1129260.0
In,2018-08-10 08:47:00,29.0,False,nan,1129260.0
In,2018-08-10 08:47:00,28.0,False,nan,1129260.0
In,2018-08-10 08:47:00,28.0,False,nan,1129260.0
In,2018-08-10 08:47:00,28.0,False,nan,1129260.0
In,2018-08-10 08:47:00,28.0,False,nan,1129260.0
In,2018-08-10 08:47:00,29.0,False,nan,1129260.0
In,2018-08-10 08:47:00,28.0,False,nan,1129260.0
In,2018-08-10 08:47:00,28.0,False,nan,1129260.0
In,2018-08-10 08:48:00,28.0,False,nan,1129320.0
In,2018-08-10 08:48:00,28.0,False,nan,1129320.0
In,2018-08-10 08:48:00,28.0,False,nan,1129320.0
In,2018-08-10 08:48:00,29.0,False,nan,1129320.0
In,2018-08-10 08:48:00,28.0,False,nan,1129320.0
In,2018-08-10 08:48:00,29.0,False,nan,1129320.0
In,2018-08-10 08:48:00,29.0,False,nan,1129320.0
In,2018-08-10 08:48:00,28.0,False,nan,1129320.0
In,2018-08-10 08:48:00,29.0,False,nan,1129320.0
In,2018-08-10 08:48:00,28.0,False,nan,1129320.0
In,2018-08-10 08:49:00,29.0,False,nan,1129380.0
In,2018-08-10 08:49:00,29.0,False,nan,1129380.0
In,2018-08-10 08:49:00,29.0,False,nan,1129380.0
In,2018-08-10 08:49:00,28.0,False,nan,1129380.0
In,2018-08-10 08:49:00,28.0,False,nan,1129380.0
In,2018-08-10 08:49:00,29.0,False,nan,1129380.0
In,2018-08-10 08:49:00,29.0,False,nan,1129380.0
In,2018-08-10 08:49:00,28.0,False,nan,1129380.0
In,2018-08-10 08:49:00,28.0,False,nan,1129380.0
In,2018-08-10 08:49:00,28.0,False,nan,1129380.0
In,2018-08-10 08:50:00,28.0,False,nan,1129440.0
In,2018-08-10 08:50:00,29.0,False,nan,1129440.0
In,2018-08-10 08:50:00,28.0,False,nan,1129440.0
In,2018-08-10 08:50:00,29.0,False,nan,1129440.0
In,2018-08-10 08:50:00,29.0,False,nan,1129440.0
In,2018-08-10 08:50:00,28.0,False,nan,1129440.0
In,2018-08-10 08:50:00,29.0,False,nan,1129440.0
In,2018-08-10 08:50:00,28.0,False,nan,1129440.0
In,2018-08-10 08:50:00,28.0,False,nan,1129440.0
In,2018-08-10 08:50:00,28.0,False,nan,1129440.0
In,2018-08-10 08:51:00,29.0,False,nan,1129500.0
In,2018-08-10 08:51:00,28.0,False,nan,1129500.0
In,2018-08-10 08:51:00,28.0,False,nan,1129500.0
In,2018-08-10 08:51:00,29.0,False,nan,1129500.0
In,2018-08-10 08:51:00,28.0,False,nan,1129500.0
In,2018-08-10 08:51:00,29.0,False,nan,1129500.0
In,2018-08-10 08:51:00,29.0,False,nan,1129500.0
In,2018-08-10 08:51:00,28.0,False,nan,1129500.0
In,2018-08-10 08:51:00,29.0,False,nan,1129500.0
In,2018-08-10 08:51:00,28.0,False,nan,1129500.0
In,2018-08-10 08:51:00,29.0,False,nan,1129500.0
In,2018-08-10 08:51:00,28.0,False,nan,1129500.0
In,2018-08-10 08:52:00,29.0,False,nan,1129560.0
In,2018-08-10 08:52:00,28.0,False,nan,1129560.0
In,2018-08-10 08:52:00,29.0,False,nan,1129560.0
In,2018-08-10 08:52:00,28.0,False,nan,1129560.0
In,2018-08-10 08:52:00,28.0,False,nan,1129560.0
In,2018-08-10 08:53:00,29.0,False,nan,1129620.0
In,2018-08-10 08:53:00,28.0,False,nan,1129620.0
In,2018-08-10 08:53:00,29.0,False,nan,1129620.0
In,2018-08-10 08:53:00,28.0,False,nan,1129620.0
In,2018-08-10 08:53:00,29.0,False,nan,1129620.0
In,2018-08-10 08:53:00,28.0,False,nan,1129620.0
In,2018-08-10 08:54:00,29.0,False,nan,1129680.0
In,2018-08-10 08:54:00,28.0,False,nan,1129680.0
In,2018-08-10 08:54:00,28.0,False,nan,1129680.0
In,2018-08-10 08:54:00,29.0,False,nan,1129680.0
In,2018-08-10 08:54:00,28.0,False,nan,1129680.0
In,2018-08-10 08:54:00,29.0,False,nan,1129680.0
In,2018-08-10 08:54:00,29.0,False,nan,1129680.0
In,2018-08-10 08:55:00,28.0,False,nan,1129740.0
In,2018-08-10 08:55:00,29.0,False,nan,1129740.0
In,2018-08-10 08:55:00,28.0,False,nan,1129740.0
In,2018-08-10 08:55:00,28.0,False,nan,1129740.0
In,2018-08-10 08:55:00,28.0,False,nan,1129740.0
In,2018-08-10 08:55:00,29.0,False,nan,1129740.0
In,2018-08-10 08:55:00,28.0,False,nan,1129740.0
In,2018-08-10 08:56:00,28.0,False,nan,1129800.0
In,2018-08-10 08:56:00,28.0,False,nan,1129800.0
In,2018-08-10 08:56:00,28.0,False,nan,1129800.0
In,2018-08-10 08:56:00,28.0,False,nan,1129800.0
In,2018-08-10 08:56:00,29.0,False,nan,1129800.0
In,2018-08-10 08:56:00,28.0,False,nan,1129800.0
In,2018-08-10 08:56:00,29.0,False,nan,1129800.0
In,2018-08-10 08:56:00,28.0,False,nan,1129800.0
In,2018-08-10 08:56:00,28.0,False,nan,1129800.0
In,2018-08-10 08:56:00,29.0,False,nan,1129800.0
In,2018-08-10 08:56:00,29.0,False,nan,1129800.0
In,2018-08-10 08:56:00,28.0,False,nan,1129800.0
In,2018-08-10 08:56:00,28.0,False,nan,1129800.0
In,2018-08-10 08:56:00,28.0,False,nan,1129800.0
In,2018-08-10 08:56:00,29.0,False,nan,1129800.0
In,2018-08-10 08:57:00,29.0,False,nan,1129860.0
In,2018-08-10 08:57:00,28.0,False,nan,1129860.0
In,2018-08-10 08:57:00,28.0,False,nan,1129860.0
In,2018-08-10 08:57:00,29.0,False,nan,1129860.0
In,2018-08-10 08:57:00,28.0,False,nan,1129860.0
In,2018-08-10 08:57:00,28.0,False,nan,1129860.0
In,2018-08-10 08:57:00,28.0,False,nan,1129860.0
In,2018-08-10 08:57:00,28.0,False,nan,1129860.0
In,2018-08-10 08:58:00,28.0,False,nan,1129920.0
In,2018-08-10 08:58:00,28.0,False,nan,1129920.0
In,2018-08-10 08:58:00,28.0,False,nan,1129920.0
In,2018-08-10 08:58:00,29.0,False,nan,1129920.0
In,2018-08-10 08:58:00,28.0,False,nan,1129920.0
In,2018-08-10 08:58:00,29.0,False,nan,1129920.0
In,2018-08-10 08:58:00,28.0,False,nan,1129920.0
In,2018-08-10 08:58:00,28.0,False,nan,1129920.0
In,2018-08-10 08:59:00,28.0,False,nan,1129980.0
In,2018-08-10 08:59:00,28.0,False,nan,1129980.0
In,2018-08-10 08:59:00,28.0,False,nan,1129980.0
In,2018-08-10 08:59:00,29.0,False,nan,1129980.0
In,2018-08-10 08:59:00,28.0,False,nan,1129980.0
In,2018-08-10 08:59:00,28.0,False,nan,1129980.0
In,2018-08-10 08:59:00,28.0,False,nan,1129980.0
In,2018-08-10 08:59:00,28.0,False,nan,1129980.0
In,2018-08-10 08:59:00,28.0,False,nan,1129980.0
In,2018-08-10 08:59:00,28.0,False,nan,1129980.0
In,2018-08-10 09:00:00,28.0,False,nan,1130040.0
In,2018-08-10 09:00:00,29.0,False,nan,1130040.0
In,2018-08-10 09:00:00,28.0,False,nan,1130040.0
In,2018-08-10 09:00:00,28.0,False,nan,1130040.0
In,2018-08-10 09:00:00,28.0,False,nan,1130040.0
In,2018-08-10 09:00:00,29.0,False,nan,1130040.0
In,2018-08-10 09:01:00,28.0,False,nan,1130100.0
In,2018-08-10 09:01:00,29.0,False,nan,1130100.0
In,2018-08-10 09:01:00,28.0,False,nan,1130100.0
In,2018-08-10 09:01:00,28.0,False,nan,1130100.0
In,2018-08-10 09:01:00,29.0,False,nan,1130100.0
In,2018-08-10 09:01:00,28.0,False,nan,1130100.0
In,2018-08-10 09:01:00,28.0,False,nan,1130100.0
In,2018-08-10 09:01:00,29.0,False,nan,1130100.0
In,2018-08-10 09:01:00,28.0,False,nan,1130100.0
In,2018-08-10 09:01:00,28.0,False,nan,1130100.0
In,2018-08-10 09:02:00,28.0,False,nan,1130160.0
In,2018-08-10 09:02:00,29.0,False,nan,1130160.0
In,2018-08-10 09:02:00,28.0,False,nan,1130160.0
In,2018-08-10 09:02:00,29.0,False,nan,1130160.0
In,2018-08-10 09:02:00,28.0,False,nan,1130160.0
In,2018-08-10 09:02:00,29.0,False,nan,1130160.0
In,2018-08-10 09:02:00,28.0,False,nan,1130160.0
In,2018-08-10 09:02:00,28.0,False,nan,1130160.0
In,2018-08-10 09:02:00,29.0,False,nan,1130160.0
In,2018-08-10 09:03:00,28.0,False,nan,1130220.0
In,2018-08-10 09:03:00,29.0,False,nan,1130220.0
In,2018-08-10 09:04:00,29.0,False,nan,1130280.0
In,2018-08-10 09:04:00,28.0,False,nan,1130280.0
In,2018-08-10 09:04:00,29.0,False,nan,1130280.0
In,2018-08-10 09:04:00,28.0,False,nan,1130280.0
In,2018-08-10 09:05:00,28.0,False,nan,1130340.0
In,2018-08-10 09:05:00,28.0,False,nan,1130340.0
In,2018-08-10 09:05:00,29.0,False,nan,1130340.0
In,2018-08-10 09:06:00,29.0,False,nan,1130400.0
In,2018-08-10 09:06:00,29.0,False,nan,1130400.0
In,2018-08-10 09:06:00,29.0,False,nan,1130400.0
In,2018-08-10 09:06:00,28.0,False,nan,1130400.0
In,2018-08-10 09:06:00,28.0,False,nan,1130400.0
In,2018-08-10 09:06:00,28.0,False,nan,1130400.0
In,2018-08-10 09:07:00,28.0,False,nan,1130460.0
In,2018-08-10 09:07:00,28.0,False,nan,1130460.0
In,2018-08-10 09:07:00,29.0,False,nan,1130460.0
In,2018-08-10 09:08:00,28.0,False,nan,1130520.0
In,2018-08-10 09:08:00,28.0,False,nan,1130520.0
In,2018-08-10 09:08:00,29.0,False,nan,1130520.0
In,2018-08-10 09:08:00,29.0,False,nan,1130520.0
In,2018-08-10 09:08:00,28.0,False,nan,1130520.0
In,2018-08-10 09:08:00,28.0,False,nan,1130520.0
In,2018-08-10 09:08:00,29.0,False,nan,1130520.0
In,2018-08-10 09:09:00,28.0,False,nan,1130580.0
In,2018-08-10 09:09:00,29.0,False,nan,1130580.0
In,2018-08-10 09:09:00,29.0,False,nan,1130580.0
In,2018-08-10 09:09:00,28.0,False,nan,1130580.0
In,2018-08-10 09:10:00,29.0,False,nan,1130640.0
In,2018-08-10 09:10:00,28.0,False,nan,1130640.0
In,2018-08-10 09:11:00,28.0,False,nan,1130700.0
In,2018-08-10 09:11:00,29.0,False,nan,1130700.0
In,2018-08-10 09:11:00,28.0,False,nan,1130700.0
In,2018-08-10 09:11:00,29.0,False,nan,1130700.0
In,2018-08-10 09:13:00,29.0,False,nan,1130820.0
In,2018-08-10 09:13:00,29.0,False,nan,1130820.0
In,2018-08-10 09:13:00,28.0,False,nan,1130820.0
In,2018-08-10 09:13:00,28.0,False,nan,1130820.0
In,2018-08-10 09:14:00,28.0,False,nan,1130880.0
In,2018-08-10 09:14:00,28.0,False,nan,1130880.0
In,2018-08-10 09:14:00,29.0,False,nan,1130880.0
In,2018-08-10 09:14:00,29.0,False,nan,1130880.0
In,2018-08-10 09:15:00,29.0,False,nan,1130940.0
In,2018-08-10 09:15:00,28.0,False,nan,1130940.0
In,2018-08-10 09:16:00,29.0,False,nan,1131000.0
In,2018-08-10 09:16:00,28.0,False,nan,1131000.0
In,2018-08-10 09:16:00,28.0,False,nan,1131000.0
In,2018-08-10 09:16:00,29.0,False,nan,1131000.0
In,2018-08-10 09:16:00,29.0,False,nan,1131000.0
In,2018-08-10 09:19:00,28.0,False,nan,1131180.0
In,2018-08-10 09:19:00,29.0,False,nan,1131180.0
In,2018-08-10 09:19:00,28.0,False,nan,1131180.0
In,2018-08-10 09:19:00,28.0,False,nan,1131180.0
In,2018-08-10 09:19:00,28.0,False,nan,1131180.0
In,2018-08-10 09:19:00,28.0,False,nan,1131180.0
In,2018-08-10 09:19:00,28.0,False,nan,1131180.0
In,2018-08-10 09:19:00,28.0,False,nan,1131180.0
In,2018-08-10 09:19:00,28.0,False,nan,1131180.0
In,2018-08-10 09:19:00,28.0,False,nan,1131180.0
In,2018-08-10 09:19:00,28.0,False,nan,1131180.0
In,2018-08-10 09:20:00,28.0,False,nan,1131240.0
In,2018-08-10 09:20:00,28.0,False,nan,1131240.0
In,2018-08-10 09:20:00,28.0,False,nan,1131240.0
In,2018-08-10 09:21:00,28.0,False,nan,1131300.0
In,2018-08-10 09:21:00,28.0,False,nan,1131300.0
In,2018-08-10 09:21:00,28.0,False,nan,1131300.0
In,2018-08-10 09:21:00,28.0,False,nan,1131300.0
In,2018-08-10 09:21:00,28.0,False,nan,1131300.0
In,2018-08-10 09:21:00,28.0,False,nan,1131300.0
In,2018-08-10 09:21:00,28.0,False,nan,1131300.0
In,2018-08-10 09:21:00,28.0,False,nan,1131300.0
In,2018-08-10 09:22:00,28.0,False,nan,1131360.0
In,2018-08-10 09:22:00,28.0,False,nan,1131360.0
In,2018-08-10 09:22:00,28.0,False,nan,1131360.0
In,2018-08-10 09:22:00,28.0,False,nan,1131360.0
In,2018-08-10 09:22:00,28.0,False,nan,1131360.0
In,2018-08-10 09:23:00,28.0,False,nan,1131420.0
In,2018-08-10 09:23:00,29.0,False,nan,1131420.0
In,2018-08-10 09:27:00,28.0,False,nan,1131660.0
In,2018-08-10 09:27:00,28.0,False,nan,1131660.0
In,2018-08-10 09:31:00,29.0,False,nan,1131900.0
In,2018-08-10 09:31:00,28.0,False,nan,1131900.0
In,2018-08-10 09:32:00,28.0,False,nan,1131960.0
In,2018-08-10 09:32:00,28.0,False,nan,1131960.0
In,2018-08-10 09:33:00,28.0,False,nan,1132020.0
In,2018-08-10 09:34:00,28.0,False,nan,1132080.0
In,2018-08-10 09:34:00,29.0,False,nan,1132080.0
In,2018-08-10 09:34:00,28.0,False,nan,1132080.0
In,2018-08-10 09:34:00,29.0,False,nan,1132080.0
In,2018-08-10 09:35:00,28.0,False,nan,1132140.0
In,2018-08-10 09:35:00,28.0,False,nan,1132140.0
In,2018-08-10 09:35:00,28.0,False,nan,1132140.0
In,2018-08-10 09:35:00,28.0,False,nan,1132140.0
In,2018-08-10 09:36:00,28.0,False,nan,1132200.0
In,2018-08-10 09:36:00,28.0,False,nan,1132200.0
In,2018-08-10 09:36:00,28.0,False,nan,1132200.0
In,2018-08-10 09:38:00,28.0,False,nan,1132320.0
In,2018-08-10 09:38:00,28.0,False,nan,1132320.0
In,2018-08-10 09:38:00,28.0,False,nan,1132320.0
In,2018-08-10 09:38:00,28.0,False,nan,1132320.0
In,2018-08-10 09:38:00,28.0,False,nan,1132320.0
In,2018-08-10 09:41:00,28.0,False,nan,1132500.0
In,2018-08-10 09:41:00,28.0,False,nan,1132500.0
In,2018-08-10 09:41:00,28.0,False,nan,1132500.0
In,2018-08-10 09:41:00,28.0,False,nan,1132500.0
In,2018-08-10 09:41:00,28.0,False,nan,1132500.0
In,2018-08-10 09:43:00,28.0,False,nan,1132620.0
In,2018-08-10 09:43:00,28.0,False,nan,1132620.0
In,2018-08-10 09:43:00,28.0,False,nan,1132620.0
In,2018-08-10 09:43:00,28.0,False,nan,1132620.0
In,2018-08-10 09:43:00,28.0,False,nan,1132620.0
In,2018-08-10 09:43:00,28.0,False,nan,1132620.0
In,2018-08-10 09:44:00,28.0,False,nan,1132680.0
In,2018-08-10 09:46:00,29.0,False,nan,1132800.0
In,2018-08-10 09:46:00,28.0,False,nan,1132800.0
In,2018-08-10 09:46:00,28.0,False,nan,1132800.0
In,2018-08-10 09:46:00,28.0,False,nan,1132800.0
In,2018-08-10 09:46:00,27.0,False,nan,1132800.0
In,2018-08-10 09:46:00,28.0,False,nan,1132800.0
In,2018-08-10 09:47:00,28.0,False,nan,1132860.0
In,2018-08-10 09:48:00,28.0,False,nan,1132920.0
In,2018-08-10 09:48:00,28.0,False,nan,1132920.0
In,2018-08-10 09:48:00,29.0,False,nan,1132920.0
In,2018-08-10 09:48:00,28.0,False,nan,1132920.0
In,2018-08-10 09:49:00,28.0,False,nan,1132980.0
In,2018-08-10 09:49:00,29.0,False,nan,1132980.0
In,2018-08-10 09:49:00,28.0,False,nan,1132980.0
In,2018-08-10 09:49:00,29.0,False,nan,1132980.0
In,2018-08-10 09:49:00,29.0,False,nan,1132980.0
In,2018-08-10 09:49:00,28.0,False,nan,1132980.0
In,2018-08-10 09:49:00,28.0,False,nan,1132980.0
In,2018-08-10 09:49:00,28.0,False,nan,1132980.0
In,2018-08-10 09:49:00,28.0,False,nan,1132980.0
In,2018-08-10 09:50:00,29.0,False,nan,1133040.0
In,2018-08-10 09:50:00,28.0,False,nan,1133040.0
In,2018-08-10 09:50:00,28.0,False,nan,1133040.0
In,2018-08-10 09:50:00,29.0,False,nan,1133040.0
In,2018-08-10 09:50:00,28.0,False,nan,1133040.0
In,2018-08-10 09:50:00,29.0,False,nan,1133040.0
In,2018-08-10 09:50:00,28.0,False,nan,1133040.0
In,2018-08-10 09:50:00,29.0,False,nan,1133040.0
In,2018-08-10 09:51:00,28.0,False,nan,1133100.0
In,2018-08-10 09:51:00,28.0,False,nan,1133100.0
In,2018-08-10 09:51:00,28.0,False,nan,1133100.0
In,2018-08-10 09:51:00,29.0,False,nan,1133100.0
In,2018-08-10 09:51:00,29.0,False,nan,1133100.0
In,2018-08-10 09:52:00,28.0,False,nan,1133160.0
In,2018-08-10 09:52:00,28.0,False,nan,1133160.0
In,2018-08-10 09:52:00,29.0,False,nan,1133160.0
In,2018-08-10 09:52:00,28.0,False,nan,1133160.0
In,2018-08-10 09:52:00,28.0,False,nan,1133160.0
In,2018-08-10 09:52:00,29.0,False,nan,1133160.0
In,2018-08-10 09:52:00,28.0,False,nan,1133160.0
In,2018-08-10 09:52:00,29.0,False,nan,1133160.0
In,2018-08-10 09:52:00,29.0,False,nan,1133160.0
In,2018-08-10 09:53:00,29.0,False,nan,1133220.0
In,2018-08-10 09:53:00,28.0,False,nan,1133220.0
In,2018-08-10 09:53:00,29.0,False,nan,1133220.0
In,2018-08-10 09:53:00,28.0,False,nan,1133220.0
In,2018-08-10 09:53:00,29.0,False,nan,1133220.0
In,2018-08-10 09:53:00,29.0,False,nan,1133220.0
In,2018-08-10 09:53:00,28.0,False,nan,1133220.0
In,2018-08-10 09:53:00,29.0,False,nan,1133220.0
In,2018-08-10 09:53:00,29.0,False,nan,1133220.0
In,2018-08-10 09:53:00,28.0,False,nan,1133220.0
In,2018-08-10 09:53:00,28.0,False,nan,1133220.0
In,2018-08-10 09:53:00,28.0,False,nan,1133220.0
In,2018-08-10 09:54:00,28.0,False,nan,1133280.0
In,2018-08-10 09:54:00,28.0,False,nan,1133280.0
In,2018-08-10 09:54:00,29.0,False,nan,1133280.0
In,2018-08-10 09:54:00,29.0,False,nan,1133280.0
In,2018-08-10 09:54:00,29.0,False,nan,1133280.0
In,2018-08-10 09:54:00,29.0,False,nan,1133280.0
In,2018-08-10 09:54:00,28.0,False,nan,1133280.0
In,2018-08-10 09:54:00,28.0,False,nan,1133280.0
In,2018-08-10 09:54:00,29.0,False,nan,1133280.0
In,2018-08-10 09:54:00,29.0,False,nan,1133280.0
In,2018-08-10 09:54:00,28.0,False,nan,1133280.0
In,2018-08-10 09:54:00,29.0,False,nan,1133280.0
In,2018-08-10 09:54:00,28.0,False,nan,1133280.0
In,2018-08-10 09:55:00,28.0,False,nan,1133340.0
In,2018-08-10 09:55:00,29.0,False,nan,1133340.0
In,2018-08-10 09:55:00,28.0,False,nan,1133340.0
In,2018-08-10 09:55:00,28.0,False,nan,1133340.0
In,2018-08-10 09:55:00,29.0,False,nan,1133340.0
In,2018-08-10 09:55:00,28.0,False,nan,1133340.0
In,2018-08-10 09:55:00,29.0,False,nan,1133340.0
In,2018-08-10 09:55:00,29.0,False,nan,1133340.0
In,2018-08-10 09:56:00,29.0,False,nan,1133400.0
In,2018-08-10 09:56:00,29.0,False,nan,1133400.0
In,2018-08-10 09:56:00,28.0,False,nan,1133400.0
In,2018-08-10 09:56:00,29.0,False,nan,1133400.0
In,2018-08-10 09:56:00,28.0,False,nan,1133400.0
In,2018-08-10 09:56:00,28.0,False,nan,1133400.0
In,2018-08-10 09:56:00,29.0,False,nan,1133400.0
In,2018-08-10 09:56:00,28.0,False,nan,1133400.0
In,2018-08-10 09:56:00,28.0,False,nan,1133400.0
In,2018-08-10 09:56:00,28.0,False,nan,1133400.0
In,2018-08-10 09:56:00,29.0,False,nan,1133400.0
In,2018-08-10 09:56:00,29.0,False,nan,1133400.0
In,2018-08-10 09:57:00,29.0,False,nan,1133460.0
In,2018-08-10 09:57:00,28.0,False,nan,1133460.0
In,2018-08-10 09:57:00,28.0,False,nan,1133460.0
In,2018-08-10 09:57:00,29.0,False,nan,1133460.0
In,2018-08-10 09:57:00,28.0,False,nan,1133460.0
In,2018-08-10 09:57:00,29.0,False,nan,1133460.0
In,2018-08-10 16:38:00,30.0,False,nan,1157520.0
In,2018-08-10 16:38:00,29.0,False,nan,1157520.0
In,2018-08-10 16:38:00,30.0,False,nan,1157520.0
In,2018-08-10 16:38:00,29.0,False,nan,1157520.0
In,2018-08-10 16:38:00,30.0,False,nan,1157520.0
In,2018-08-10 16:40:00,30.0,False,nan,1157640.0
In,2018-08-10 16:40:00,29.0,False,nan,1157640.0
In,2018-08-10 16:40:00,30.0,False,nan,1157640.0
In,2018-08-10 16:40:00,29.0,False,nan,1157640.0
In,2018-08-10 16:40:00,30.0,False,nan,1157640.0
In,2018-08-10 16:40:00,29.0,False,nan,1157640.0
In,2018-08-10 16:40:00,30.0,False,nan,1157640.0
In,2018-08-10 16:40:00,29.0,False,nan,1157640.0
In,2018-08-10 16:40:00,29.0,False,nan,1157640.0
In,2018-08-10 16:40:00,30.0,False,nan,1157640.0
In,2018-08-10 16:40:00,29.0,False,nan,1157640.0
In,2018-08-10 16:40:00,30.0,False,nan,1157640.0
In,2018-08-10 16:41:00,29.0,False,nan,1157700.0
In,2018-08-10 16:41:00,30.0,False,nan,1157700.0
In,2018-08-10 16:41:00,30.0,False,nan,1157700.0
In,2018-08-10 16:41:00,29.0,False,nan,1157700.0
In,2018-08-10 16:41:00,29.0,False,nan,1157700.0
In,2018-08-10 16:42:00,30.0,False,nan,1157760.0
In,2018-08-10 16:42:00,29.0,False,nan,1157760.0
In,2018-08-10 16:42:00,30.0,False,nan,1157760.0
In,2018-08-10 16:42:00,29.0,False,nan,1157760.0
In,2018-08-10 16:42:00,30.0,False,nan,1157760.0
In,2018-08-10 16:42:00,29.0,False,nan,1157760.0
In,2018-08-10 16:43:00,29.0,False,nan,1157820.0
In,2018-08-10 16:43:00,29.0,False,nan,1157820.0
In,2018-08-10 16:43:00,30.0,False,nan,1157820.0
In,2018-08-10 16:43:00,29.0,False,nan,1157820.0
In,2018-08-10 16:43:00,30.0,False,nan,1157820.0
In,2018-08-10 16:43:00,30.0,False,nan,1157820.0
In,2018-08-10 16:43:00,30.0,False,nan,1157820.0
In,2018-08-10 16:43:00,29.0,False,nan,1157820.0
In,2018-08-10 16:43:00,29.0,False,nan,1157820.0
In,2018-08-10 16:43:00,30.0,False,nan,1157820.0
In,2018-08-10 16:44:00,30.0,False,nan,1157880.0
In,2018-08-10 16:44:00,29.0,False,nan,1157880.0
In,2018-08-10 16:44:00,30.0,False,nan,1157880.0
In,2018-08-10 16:44:00,29.0,False,nan,1157880.0
In,2018-08-10 16:44:00,30.0,False,nan,1157880.0
In,2018-08-10 16:44:00,30.0,False,nan,1157880.0
In,2018-08-10 16:44:00,29.0,False,nan,1157880.0
In,2018-08-10 16:44:00,29.0,False,nan,1157880.0
In,2018-08-10 16:44:00,29.0,False,nan,1157880.0
In,2018-08-10 16:45:00,30.0,False,nan,1157940.0
In,2018-08-10 16:45:00,29.0,False,nan,1157940.0
In,2018-08-10 16:46:00,30.0,False,nan,1158000.0
In,2018-08-10 16:46:00,30.0,False,nan,1158000.0
In,2018-08-10 16:46:00,30.0,False,nan,1158000.0
In,2018-08-10 16:46:00,29.0,False,nan,1158000.0
In,2018-08-10 16:46:00,29.0,False,nan,1158000.0
In,2018-08-10 16:46:00,30.0,False,nan,1158000.0
In,2018-08-10 16:46:00,30.0,False,nan,1158000.0
In,2018-08-10 16:46:00,30.0,False,nan,1158000.0
In,2018-08-10 16:46:00,30.0,False,nan,1158000.0
In,2018-08-10 16:47:00,29.0,False,nan,1158060.0
In,2018-08-10 16:47:00,30.0,False,nan,1158060.0
In,2018-08-10 16:47:00,29.0,False,nan,1158060.0
In,2018-08-10 16:47:00,30.0,False,nan,1158060.0
In,2018-08-10 16:47:00,30.0,False,nan,1158060.0
In,2018-08-10 16:47:00,30.0,False,nan,1158060.0
In,2018-08-10 16:47:00,30.0,False,nan,1158060.0
In,2018-08-10 16:47:00,30.0,False,nan,1158060.0
In,2018-08-10 16:47:00,29.0,False,nan,1158060.0
In,2018-08-10 16:47:00,29.0,False,nan,1158060.0
In,2018-08-10 16:47:00,30.0,False,nan,1158060.0
In,2018-08-10 16:47:00,30.0,False,nan,1158060.0
In,2018-08-10 16:47:00,30.0,False,nan,1158060.0
In,2018-08-10 16:47:00,30.0,False,nan,1158060.0
In,2018-08-10 16:47:00,30.0,False,nan,1158060.0
In,2018-08-10 16:48:00,30.0,False,nan,1158120.0
In,2018-08-10 16:48:00,30.0,False,nan,1158120.0
In,2018-08-10 16:48:00,30.0,False,nan,1158120.0
In,2018-08-10 16:48:00,30.0,False,nan,1158120.0
In,2018-08-10 16:48:00,30.0,False,nan,1158120.0
In,2018-08-11 14:17:00,32.0,False,nan,1235460.0
In,2018-08-11 14:17:00,33.0,False,nan,1235460.0
In,2018-08-11 14:18:00,33.0,False,nan,1235520.0
In,2018-08-11 14:18:00,33.0,False,nan,1235520.0
In,2018-08-11 14:18:00,33.0,False,nan,1235520.0
In,2018-08-11 14:18:00,33.0,False,nan,1235520.0
In,2018-08-11 14:18:00,33.0,False,nan,1235520.0
In,2018-08-11 14:18:00,33.0,False,nan,1235520.0
In,2018-08-11 14:19:00,33.0,False,nan,1235580.0
In,2018-08-11 14:19:00,33.0,False,nan,1235580.0
In,2018-08-11 14:19:00,33.0,False,nan,1235580.0
In,2018-08-11 14:19:00,33.0,False,nan,1235580.0
In,2018-08-11 14:19:00,33.0,False,nan,1235580.0
In,2018-08-11 14:19:00,32.0,False,nan,1235580.0
In,2018-08-11 14:19:00,33.0,False,nan,1235580.0
In,2018-08-11 14:19:00,33.0,False,nan,1235580.0
In,2018-08-11 14:19:00,33.0,False,nan,1235580.0
In,2018-08-11 14:20:00,33.0,False,nan,1235640.0
In,2018-08-11 14:20:00,33.0,False,nan,1235640.0
In,2018-08-11 14:20:00,33.0,False,nan,1235640.0
In,2018-08-11 14:20:00,33.0,False,nan,1235640.0
In,2018-08-11 14:20:00,33.0,False,nan,1235640.0
In,2018-08-11 14:20:00,33.0,False,nan,1235640.0
In,2018-08-11 14:20:00,33.0,False,nan,1235640.0
In,2018-08-11 14:20:00,33.0,False,nan,1235640.0
In,2018-08-11 14:20:00,33.0,False,nan,1235640.0
In,2018-08-11 14:20:00,33.0,False,nan,1235640.0
In,2018-08-11 14:21:00,33.0,False,nan,1235700.0
In,2018-08-11 14:21:00,33.0,False,nan,1235700.0
In,2018-08-11 14:21:00,33.0,False,nan,1235700.0
In,2018-08-11 14:21:00,33.0,False,nan,1235700.0
In,2018-08-11 14:21:00,33.0,False,nan,1235700.0
In,2018-08-11 14:21:00,33.0,False,nan,1235700.0
In,2018-08-11 14:21:00,33.0,False,nan,1235700.0
In,2018-08-11 14:21:00,33.0,False,nan,1235700.0
In,2018-08-11 14:21:00,33.0,False,nan,1235700.0
In,2018-08-11 14:21:00,33.0,False,nan,1235700.0
In,2018-08-11 14:21:00,33.0,False,nan,1235700.0
In,2018-08-11 14:22:00,33.0,False,nan,1235760.0
In,2018-08-11 14:22:00,32.0,False,nan,1235760.0
In,2018-08-11 14:22:00,33.0,False,nan,1235760.0
In,2018-08-11 14:22:00,33.0,False,nan,1235760.0
In,2018-08-11 14:22:00,33.0,False,nan,1235760.0
In,2018-08-11 14:22:00,33.0,False,nan,1235760.0
In,2018-08-11 14:22:00,33.0,False,nan,1235760.0
In,2018-08-11 14:22:00,32.0,False,nan,1235760.0
In,2018-08-11 14:23:00,33.0,False,nan,1235820.0
In,2018-08-11 14:23:00,33.0,False,nan,1235820.0
In,2018-08-11 14:23:00,33.0,False,nan,1235820.0
In,2018-08-11 14:23:00,33.0,False,nan,1235820.0
In,2018-08-11 14:23:00,33.0,False,nan,1235820.0
In,2018-08-11 14:23:00,33.0,False,nan,1235820.0
In,2018-08-11 14:23:00,33.0,False,nan,1235820.0
In,2018-08-11 14:23:00,33.0,False,nan,1235820.0
In,2018-08-11 14:23:00,33.0,False,nan,1235820.0
In,2018-08-11 14:23:00,33.0,False,nan,1235820.0
In,2018-08-11 14:23:00,33.0,False,nan,1235820.0
In,2018-08-11 14:23:00,32.0,False,nan,1235820.0
In,2018-08-11 14:23:00,33.0,False,nan,1235820.0
In,2018-08-11 14:23:00,33.0,False,nan,1235820.0
In,2018-08-11 14:23:00,33.0,False,nan,1235820.0
In,2018-08-11 14:23:00,33.0,False,nan,1235820.0
In,2018-08-11 14:24:00,33.0,False,nan,1235880.0
In,2018-08-11 14:24:00,33.0,False,nan,1235880.0
In,2018-08-11 14:24:00,33.0,False,nan,1235880.0
In,2018-08-11 14:24:00,33.0,False,nan,1235880.0
In,2018-08-11 14:24:00,33.0,False,nan,1235880.0
In,2018-08-11 14:24:00,33.0,False,nan,1235880.0
In,2018-08-11 14:24:00,33.0,False,nan,1235880.0
In,2018-08-11 14:24:00,33.0,False,nan,1235880.0
In,2018-08-11 14:25:00,33.0,False,nan,1235940.0
In,2018-08-11 14:25:00,33.0,False,nan,1235940.0
In,2018-08-11 14:25:00,33.0,False,nan,1235940.0
In,2018-08-11 14:25:00,33.0,False,nan,1235940.0
In,2018-08-11 14:25:00,33.0,False,nan,1235940.0
In,2018-08-11 14:25:00,33.0,False,nan,1235940.0
In,2018-08-11 14:25:00,33.0,False,nan,1235940.0
In,2018-08-11 14:25:00,33.0,False,nan,1235940.0
In,2018-08-11 14:25:00,33.0,False,nan,1235940.0
In,2018-08-11 14:25:00,33.0,False,nan,1235940.0
In,2018-08-11 14:26:00,33.0,False,nan,1236000.0
In,2018-08-11 14:26:00,33.0,False,nan,1236000.0
In,2018-08-11 14:26:00,33.0,False,nan,1236000.0
In,2018-08-11 14:26:00,33.0,False,nan,1236000.0
In,2018-08-11 14:26:00,33.0,False,nan,1236000.0
In,2018-08-11 14:26:00,33.0,False,nan,1236000.0
In,2018-08-11 14:26:00,33.0,False,nan,1236000.0
In,2018-08-11 14:26:00,33.0,False,nan,1236000.0
In,2018-08-11 14:26:00,33.0,False,nan,1236000.0
In,2018-08-11 14:27:00,33.0,False,nan,1236060.0
In,2018-08-11 14:27:00,33.0,False,nan,1236060.0
In,2018-08-11 14:27:00,33.0,False,nan,1236060.0
In,2018-08-11 14:27:00,33.0,False,nan,1236060.0
In,2018-08-11 14:28:00,33.0,False,nan,1236120.0
In,2018-08-11 14:28:00,33.0,False,nan,1236120.0
In,2018-08-11 14:30:00,33.0,False,nan,1236240.0
In,2018-08-11 14:30:00,32.0,False,nan,1236240.0
In,2018-08-11 14:31:00,33.0,False,nan,1236300.0
In,2018-08-11 14:31:00,33.0,False,nan,1236300.0
In,2018-08-11 14:35:00,33.0,False,nan,1236540.0
In,2018-08-11 14:35:00,32.0,False,nan,1236540.0
In,2018-08-11 14:35:00,33.0,False,nan,1236540.0
In,2018-08-11 14:35:00,33.0,False,nan,1236540.0
In,2018-08-11 14:35:00,32.0,False,nan,1236540.0
In,2018-08-11 14:35:00,33.0,False,nan,1236540.0
In,2018-08-11 14:38:00,33.0,False,nan,1236720.0
In,2018-08-11 14:38:00,32.0,False,nan,1236720.0
In,2018-08-11 14:38:00,33.0,False,nan,1236720.0
In,2018-08-11 14:38:00,32.0,False,nan,1236720.0
In,2018-08-11 14:39:00,33.0,False,nan,1236780.0
In,2018-08-11 14:39:00,33.0,False,nan,1236780.0
In,2018-08-11 14:40:00,33.0,False,nan,1236840.0
In,2018-08-11 14:40:00,33.0,False,nan,1236840.0
In,2018-08-11 14:40:00,33.0,False,nan,1236840.0
In,2018-08-11 14:40:00,33.0,False,nan,1236840.0
In,2018-08-11 14:40:00,33.0,False,nan,1236840.0
In,2018-08-11 14:40:00,33.0,False,nan,1236840.0
In,2018-08-11 14:40:00,33.0,False,nan,1236840.0
In,2018-08-11 14:40:00,33.0,False,nan,1236840.0
In,2018-08-11 14:40:00,33.0,False,nan,1236840.0
In,2018-08-11 14:40:00,33.0,False,nan,1236840.0
In,2018-08-11 14:41:00,33.0,False,nan,1236900.0
In,2018-08-11 14:41:00,33.0,False,nan,1236900.0
In,2018-08-11 14:41:00,33.0,False,nan,1236900.0
In,2018-08-11 14:41:00,32.0,False,nan,1236900.0
In,2018-08-11 14:42:00,33.0,False,nan,1236960.0
In,2018-08-11 14:42:00,32.0,False,nan,1236960.0
In,2018-08-11 14:43:00,33.0,False,nan,1237020.0
In,2018-08-11 14:43:00,32.0,False,nan,1237020.0
In,2018-08-16 06:48:00,30.0,False,nan,1640520.0
In,2018-08-16 06:48:00,30.0,False,nan,1640520.0
In,2018-08-16 06:48:00,30.0,False,nan,1640520.0
In,2018-08-16 06:48:00,30.0,False,nan,1640520.0
In,2018-08-16 06:49:00,30.0,False,nan,1640580.0
In,2018-08-16 06:49:00,30.0,False,nan,1640580.0
In,2018-08-16 06:49:00,30.0,False,nan,1640580.0
In,2018-08-16 06:49:00,30.0,False,nan,1640580.0
In,2018-08-16 06:49:00,30.0,False,nan,1640580.0
In,2018-08-16 06:49:00,30.0,False,nan,1640580.0
In,2018-08-16 06:50:00,30.0,False,nan,1640640.0
In,2018-08-16 06:50:00,30.0,False,nan,1640640.0
In,2018-08-16 06:50:00,30.0,False,nan,1640640.0
In,2018-08-16 06:50:00,30.0,False,nan,1640640.0
In,2018-08-16 06:50:00,30.0,False,nan,1640640.0
In,2018-08-16 06:50:00,30.0,False,nan,1640640.0
In,2018-08-16 06:50:00,30.0,False,nan,1640640.0
In,2018-08-16 06:50:00,30.0,False,nan,1640640.0
In,2018-08-16 06:50:00,30.0,False,nan,1640640.0
In,2018-08-16 06:50:00,30.0,False,nan,1640640.0
In,2018-08-16 06:50:00,30.0,False,nan,1640640.0
In,2018-08-16 06:51:00,30.0,False,nan,1640700.0
In,2018-08-16 06:51:00,30.0,False,nan,1640700.0
In,2018-08-16 06:51:00,30.0,False,nan,1640700.0
In,2018-08-16 06:51:00,30.0,False,nan,1640700.0
In,2018-08-16 06:51:00,30.0,False,nan,1640700.0
In,2018-08-16 06:51:00,30.0,False,nan,1640700.0
In,2018-08-16 06:51:00,30.0,False,nan,1640700.0
In,2018-08-16 06:51:00,30.0,False,nan,1640700.0
In,2018-08-16 06:54:00,31.0,False,nan,1640880.0
In,2018-08-16 06:54:00,30.0,False,nan,1640880.0
In,2018-08-16 06:55:00,30.0,False,nan,1640940.0
In,2018-08-16 06:55:00,30.0,False,nan,1640940.0
In,2018-08-16 06:56:00,30.0,False,nan,1641000.0
In,2018-08-16 06:56:00,30.0,False,nan,1641000.0
In,2018-08-16 06:56:00,30.0,False,nan,1641000.0
In,2018-08-16 06:56:00,30.0,False,nan,1641000.0
In,2018-08-16 06:56:00,30.0,False,nan,1641000.0
In,2018-08-16 06:56:00,30.0,False,nan,1641000.0
In,2018-08-16 06:56:00,30.0,False,nan,1641000.0
In,2018-08-16 06:56:00,30.0,False,nan,1641000.0
In,2018-08-16 06:56:00,30.0,False,nan,1641000.0
In,2018-08-16 06:57:00,30.0,False,nan,1641060.0
In,2018-08-16 06:57:00,30.0,False,nan,1641060.0
In,2018-08-16 06:59:00,30.0,False,nan,1641180.0
In,2018-08-16 06:59:00,31.0,False,nan,1641180.0
In,2018-08-16 07:03:00,31.0,False,nan,1641420.0
In,2018-08-16 07:03:00,30.0,False,nan,1641420.0
In,2018-08-16 07:05:00,30.0,False,nan,1641540.0
In,2018-08-16 07:05:00,31.0,False,nan,1641540.0
In,2018-08-16 07:06:00,31.0,False,nan,1641600.0
In,2018-08-16 07:06:00,30.0,False,nan,1641600.0
In,2018-08-16 07:06:00,31.0,False,nan,1641600.0
In,2018-08-16 07:06:00,31.0,False,nan,1641600.0
In,2018-08-16 07:06:00,30.0,False,nan,1641600.0
In,2018-08-16 07:07:00,31.0,False,nan,1641660.0
In,2018-08-16 07:07:00,30.0,False,nan,1641660.0
In,2018-08-16 07:07:00,30.0,False,nan,1641660.0
In,2018-08-16 07:08:00,30.0,False,nan,1641720.0
In,2018-08-16 07:08:00,30.0,False,nan,1641720.0
In,2018-08-16 07:08:00,31.0,False,nan,1641720.0
In,2018-08-16 07:09:00,30.0,False,nan,1641780.0
In,2018-08-16 07:09:00,30.0,False,nan,1641780.0
In,2018-08-16 07:09:00,31.0,False,nan,1641780.0
In,2018-08-16 07:09:00,31.0,False,nan,1641780.0
In,2018-08-16 07:09:00,30.0,False,nan,1641780.0
In,2018-08-16 07:10:00,31.0,False,nan,1641840.0
In,2018-08-16 07:10:00,30.0,False,nan,1641840.0
In,2018-08-16 07:10:00,30.0,False,nan,1641840.0
In,2018-08-16 07:10:00,31.0,False,nan,1641840.0
In,2018-08-16 07:10:00,30.0,False,nan,1641840.0
In,2018-08-16 07:10:00,30.0,False,nan,1641840.0
In,2018-08-16 07:10:00,30.0,False,nan,1641840.0
In,2018-08-16 07:10:00,30.0,False,nan,1641840.0
In,2018-08-16 07:10:00,31.0,False,nan,1641840.0
In,2018-08-16 07:10:00,30.0,False,nan,1641840.0
In,2018-08-16 07:10:00,30.0,False,nan,1641840.0
In,2018-08-16 07:11:00,31.0,False,nan,1641900.0
In,2018-08-16 07:11:00,31.0,False,nan,1641900.0
In,2018-08-16 07:11:00,30.0,False,nan,1641900.0
In,2018-08-16 07:11:00,31.0,False,nan,1641900.0
In,2018-08-16 07:11:00,30.0,False,nan,1641900.0
In,2018-08-16 07:11:00,30.0,False,nan,1641900.0
In,2018-08-16 07:11:00,30.0,False,nan,1641900.0
In,2018-08-16 07:11:00,31.0,False,nan,1641900.0
In,2018-08-16 07:11:00,31.0,False,nan,1641900.0
In,2018-08-16 07:11:00,30.0,False,nan,1641900.0
In,2018-08-16 07:11:00,31.0,False,nan,1641900.0
In,2018-08-16 07:11:00,30.0,False,nan,1641900.0
In,2018-08-16 07:11:00,31.0,False,nan,1641900.0
In,2018-08-16 07:11:00,30.0,False,nan,1641900.0
In,2018-08-16 07:12:00,30.0,False,nan,1641960.0
In,2018-08-16 07:12:00,31.0,False,nan,1641960.0
In,2018-08-16 07:12:00,30.0,False,nan,1641960.0
In,2018-08-16 07:12:00,31.0,False,nan,1641960.0
In,2018-08-16 07:12:00,31.0,False,nan,1641960.0
In,2018-08-16 07:12:00,30.0,False,nan,1641960.0
In,2018-08-16 07:12:00,30.0,False,nan,1641960.0
In,2018-08-16 07:12:00,30.0,False,nan,1641960.0
In,2018-08-16 07:12:00,31.0,False,nan,1641960.0
In,2018-08-16 07:12:00,30.0,False,nan,1641960.0
In,2018-08-16 07:12:00,31.0,False,nan,1641960.0
In,2018-08-16 07:12:00,31.0,False,nan,1641960.0
In,2018-08-16 07:12:00,31.0,False,nan,1641960.0
In,2018-08-16 07:12:00,31.0,False,nan,1641960.0
In,2018-08-16 07:12:00,30.0,False,nan,1641960.0
In,2018-08-16 07:13:00,31.0,False,nan,1642020.0
In,2018-08-16 07:13:00,30.0,False,nan,1642020.0
In,2018-08-16 07:13:00,30.0,False,nan,1642020.0
In,2018-08-16 07:13:00,31.0,False,nan,1642020.0
In,2018-08-16 07:13:00,30.0,False,nan,1642020.0
In,2018-08-16 07:13:00,31.0,False,nan,1642020.0
In,2018-08-16 07:13:00,31.0,False,nan,1642020.0
In,2018-08-16 07:13:00,30.0,False,nan,1642020.0
In,2018-08-16 07:13:00,31.0,False,nan,1642020.0
In,2018-08-16 07:13:00,30.0,False,nan,1642020.0
In,2018-08-16 07:13:00,31.0,False,nan,1642020.0
In,2018-08-16 07:14:00,30.0,False,nan,1642080.0
In,2018-08-16 07:14:00,30.0,False,nan,1642080.0
In,2018-08-16 07:14:00,31.0,False,nan,1642080.0
In,2018-08-16 07:14:00,30.0,False,nan,1642080.0
In,2018-08-16 07:14:00,31.0,False,nan,1642080.0
In,2018-08-16 07:14:00,31.0,False,nan,1642080.0
In,2018-08-16 07:14:00,31.0,False,nan,1642080.0
In,2018-08-16 07:14:00,31.0,False,nan,1642080.0
In,2018-08-16 07:14:00,30.0,False,nan,1642080.0
In,2018-08-16 07:14:00,30.0,False,nan,1642080.0
In,2018-08-16 07:15:00,31.0,False,nan,1642140.0
In,2018-08-16 07:15:00,31.0,False,nan,1642140.0
In,2018-08-16 07:15:00,30.0,False,nan,1642140.0
In,2018-08-16 07:15:00,31.0,False,nan,1642140.0
In,2018-08-16 07:15:00,30.0,False,nan,1642140.0
In,2018-08-16 07:15:00,31.0,False,nan,1642140.0
In,2018-08-16 07:15:00,30.0,False,nan,1642140.0
In,2018-08-16 07:15:00,31.0,False,nan,1642140.0
In,2018-08-16 07:15:00,30.0,False,nan,1642140.0
In,2018-08-16 07:15:00,37.54289492067548,True,step,1642140.0
In,2018-08-16 07:15:00,36.54289492067548,True,step,1642140.0
In,2018-08-16 07:16:00,37.54289492067548,True,step,1642200.0
In,2018-08-16 07:16:00,36.54289492067548,True,step,1642200.0
In,2018-08-16 07:16:00,36.54289492067548,True,step,1642200.0
In,2018-08-16 07:16:00,36.54289492067548,True,step,1642200.0
In,2018-08-16 07:16:00,36.54289492067548,True,step,1642200.0
In,2018-08-16 07:16:00,37.54289492067548,True,step,1642200.0
In,2018-08-16 07:16:00,36.54289492067548,True,step,1642200.0
In,2018-08-16 07:16:00,37.54289492067548,True,step,1642200.0
In,2018-08-16 07:16:00,36.54289492067548,True,step,1642200.0
In,2018-08-16 07:16:00,37.54289492067548,True,step,1642200.0
In,2018-08-16 07:17:00,36.54289492067548,True,step,1642260.0
In,2018-08-16 07:17:00,37.54289492067548,True,step,1642260.0
In,2018-08-16 07:17:00,36.54289492067548,True,step,1642260.0
In,2018-08-16 07:17:00,37.54289492067548,True,step,1642260.0
In,2018-08-16 07:17:00,36.54289492067548,True,step,1642260.0
In,2018-08-16 07:17:00,30.0,False,nan,1642260.0
In,2018-08-16 07:17:00,31.0,False,nan,1642260.0
In,2018-08-16 07:17:00,30.0,False,nan,1642260.0
In,2018-08-16 07:17:00,31.0,False,nan,1642260.0
In,2018-08-16 07:17:00,31.0,False,nan,1642260.0
In,2018-08-16 07:18:00,31.0,False,nan,1642320.0
In,2018-08-16 07:18:00,30.0,False,nan,1642320.0
In,2018-08-16 07:18:00,30.0,False,nan,1642320.0
In,2018-08-16 07:18:00,30.0,False,nan,1642320.0
In,2018-08-16 07:18:00,31.0,False,nan,1642320.0
In,2018-08-16 07:19:00,30.0,False,nan,1642380.0
In,2018-08-16 07:19:00,30.0,False,nan,1642380.0
In,2018-08-16 07:19:00,31.0,False,nan,1642380.0
In,2018-08-16 07:19:00,30.0,False,nan,1642380.0
In,2018-08-16 07:19:00,31.0,False,nan,1642380.0
In,2018-08-16 07:19:00,30.0,False,nan,1642380.0
In,2018-08-16 07:19:00,31.0,False,nan,1642380.0
In,2018-08-16 07:19:00,31.0,False,nan,1642380.0
In,2018-08-16 07:20:00,31.0,False,nan,1642440.0
In,2018-08-16 07:20:00,30.0,False,nan,1642440.0
In,2018-08-16 07:20:00,31.0,False,nan,1642440.0
In,2018-08-16 07:20:00,30.0,False,nan,1642440.0
In,2018-08-16 07:20:00,30.0,False,nan,1642440.0
In,2018-08-16 07:21:00,31.0,False,nan,1642500.0
In,2018-08-16 07:21:00,30.0,False,nan,1642500.0
In,2018-08-16 07:21:00,30.0,False,nan,1642500.0
In,2018-08-16 07:21:00,31.0,False,nan,1642500.0
In,2018-08-16 07:22:00,31.0,False,nan,1642560.0
In,2018-08-16 07:22:00,31.0,False,nan,1642560.0
In,2018-08-16 07:22:00,30.0,False,nan,1642560.0
In,2018-08-16 07:22:00,30.0,False,nan,1642560.0
In,2018-08-16 07:28:00,31.0,False,nan,1642920.0
In,2018-08-16 07:29:00,31.0,False,nan,1642980.0
In,2018-08-16 07:29:00,31.0,False,nan,1642980.0
In,2018-08-16 07:29:00,31.0,False,nan,1642980.0
In,2018-08-16 07:29:00,31.0,False,nan,1642980.0
In,2018-08-16 07:29:00,31.0,False,nan,1642980.0
In,2018-08-16 07:29:00,31.0,False,nan,1642980.0
In,2018-08-16 07:29:00,31.0,False,nan,1642980.0
In,2018-08-16 07:30:00,31.0,False,nan,1643040.0
In,2018-08-16 07:30:00,31.0,False,nan,1643040.0
In,2018-08-16 07:30:00,31.0,False,nan,1643040.0
In,2018-08-16 07:30:00,30.0,False,nan,1643040.0
In,2018-08-16 07:33:00,32.0,False,nan,1643220.0
In,2018-08-16 07:33:00,31.0,False,nan,1643220.0
In,2018-08-16 07:35:00,31.0,False,nan,1643340.0
In,2018-08-16 07:35:00,30.0,False,nan,1643340.0
In,2018-08-16 07:39:00,31.0,False,nan,1643580.0
In,2018-08-16 07:39:00,31.0,False,nan,1643580.0
In,2018-08-16 07:39:00,31.0,False,nan,1643580.0
In,2018-08-16 07:39:00,31.0,False,nan,1643580.0
In,2018-08-16 07:40:00,31.0,False,nan,1643640.0
In,2018-08-16 07:40:00,31.0,False,nan,1643640.0
In,2018-08-16 07:40:00,31.0,False,nan,1643640.0
In,2018-08-16 07:40:00,31.0,False,nan,1643640.0
In,2018-08-16 07:40:00,31.0,False,nan,1643640.0
In,2018-08-16 07:40:00,31.0,False,nan,1643640.0
In,2018-08-16 07:40:00,31.0,False,nan,1643640.0
In,2018-08-16 07:40:00,31.0,False,nan,1643640.0
In,2018-08-16 07:40:00,31.0,False,nan,1643640.0
In,2018-08-16 07:41:00,31.0,False,nan,1643700.0
In,2018-08-16 07:41:00,31.0,False,nan,1643700.0
In,2018-08-16 07:41:00,31.0,False,nan,1643700.0
In,2018-08-16 07:41:00,31.0,False,nan,1643700.0
In,2018-08-16 07:41:00,31.0,False,nan,1643700.0
In,2018-08-16 07:43:00,31.0,False,nan,1643820.0
In,2018-08-16 07:43:00,30.0,False,nan,1643820.0
In,2018-08-18 13:43:00,33.0,False,nan,1838220.0
In,2018-08-18 13:44:00,32.0,False,nan,1838280.0
In,2018-08-18 13:54:00,32.0,False,nan,1838880.0
In,2018-08-18 13:54:00,33.0,False,nan,1838880.0
In,2018-08-18 13:58:00,33.0,False,nan,1839120.0
In,2018-08-18 13:58:00,32.0,False,nan,1839120.0
In,2018-08-18 13:58:00,32.0,False,nan,1839120.0
In,2018-08-18 13:58:00,33.0,False,nan,1839120.0
In,2018-08-18 14:02:00,32.0,False,nan,1839360.0
In,2018-08-18 14:02:00,33.0,False,nan,1839360.0
In,2018-08-18 14:24:00,33.0,False,nan,1840680.0
In,2018-08-18 14:24:00,32.0,False,nan,1840680.0
In,2018-08-18 14:49:00,32.0,False,nan,1842180.0
In,2018-08-18 14:49:00,33.0,False,nan,1842180.0
In,2018-08-19 21:21:00,33.0,False,nan,1952100.0
In,2018-08-19 21:21:00,32.0,False,nan,1952100.0
In,2018-08-19 21:45:00,32.0,False,nan,1953540.0
In,2018-08-19 21:45:00,31.0,False,nan,1953540.0
In,2018-08-19 21:47:00,32.0,False,nan,1953660.0
In,2018-08-19 21:47:00,33.0,False,nan,1953660.0
In,2018-08-19 22:10:00,32.0,False,nan,1955040.0
In,2018-08-19 22:10:00,33.0,False,nan,1955040.0
In,2018-08-19 22:28:00,32.0,False,nan,1956120.0
In,2018-08-19 22:28:00,33.0,False,nan,1956120.0
In,2018-08-19 22:29:00,33.0,False,nan,1956180.0
In,2018-08-19 22:29:00,32.0,False,nan,1956180.0
In,2018-08-25 09:15:00,31.0,False,nan,2426940.0
In,2018-08-25 09:15:00,31.0,False,nan,2426940.0
In,2018-08-25 09:15:00,31.0,False,nan,2426940.0
In,2018-08-25 09:15:00,31.0,False,nan,2426940.0
In,2018-08-25 09:15:00,31.0,False,nan,2426940.0
In,2018-08-25 09:15:00,31.0,False,nan,2426940.0
In,2018-08-25 09:17:00,31.0,False,nan,2427060.0
In,2018-08-25 09:17:00,31.0,False,nan,2427060.0
In,2018-08-25 09:33:00,31.0,False,nan,2428020.0
In,2018-08-25 09:33:00,31.0,False,nan,2428020.0
In,2018-08-25 09:33:00,31.0,False,nan,2428020.0
In,2018-08-25 09:33:00,31.0,False,nan,2428020.0
In,2018-08-25 09:34:00,31.0,False,nan,2428080.0
In,2018-08-25 09:34:00,31.0,False,nan,2428080.0
In,2018-08-25 09:35:00,31.0,False,nan,2428140.0
In,2018-08-25 09:35:00,31.0,False,nan,2428140.0
In,2018-08-25 09:35:00,31.0,False,nan,2428140.0
In,2018-08-25 09:35:00,31.0,False,nan,2428140.0
In,2018-08-25 09:36:00,31.0,False,nan,2428200.0
In,2018-08-25 09:36:00,31.0,False,nan,2428200.0
In,2018-08-25 09:36:00,31.0,False,nan,2428200.0
In,2018-08-25 09:36:00,31.0,False,nan,2428200.0
In,2018-08-25 09:36:00,31.0,False,nan,2428200.0
In,2018-08-25 09:36:00,31.0,False,nan,2428200.0
In,2018-08-25 09:36:00,31.0,False,nan,2428200.0
In,2018-08-25 09:36:00,31.0,False,nan,2428200.0
In,2018-08-25 09:37:00,31.0,False,nan,2428260.0
In,2018-08-25 09:37:00,31.0,False,nan,2428260.0
In,2018-08-25 09:37:00,31.0,False,nan,2428260.0
In,2018-08-25 09:37:00,31.0,False,nan,2428260.0
In,2018-08-25 09:37:00,31.0,False,nan,2428260.0
In,2018-08-25 09:37:00,31.0,False,nan,2428260.0
In,2018-08-25 09:38:00,31.0,False,nan,2428320.0
In,2018-08-25 09:38:00,31.0,False,nan,2428320.0
In,2018-08-25 09:38:00,31.0,False,nan,2428320.0
In,2018-08-25 09:38:00,31.0,False,nan,2428320.0
In,2018-08-25 09:38:00,31.0,False,nan,2428320.0
In,2018-08-25 09:38:00,31.0,False,nan,2428320.0
In,2018-08-25 09:38:00,31.0,False,nan,2428320.0
In,2018-08-25 09:38:00,31.0,False,nan,2428320.0
In,2018-08-25 09:39:00,31.0,False,nan,2428380.0
In,2018-08-25 09:39:00,31.0,False,nan,2428380.0
In,2018-08-25 09:39:00,31.0,False,nan,2428380.0
In,2018-08-25 09:39:00,31.0,False,nan,2428380.0
In,2018-08-25 09:40:00,31.0,False,nan,2428440.0
In,2018-08-25 09:40:00,31.0,False,nan,2428440.0
In,2018-08-25 09:40:00,31.0,False,nan,2428440.0
In,2018-08-25 09:40:00,31.0,False,nan,2428440.0
In,2018-08-25 09:41:00,31.0,False,nan,2428500.0
In,2018-08-25 09:41:00,31.0,False,nan,2428500.0
In,2018-08-25 09:41:00,31.0,False,nan,2428500.0
In,2018-08-25 09:41:00,31.0,False,nan,2428500.0
In,2018-08-25 09:41:00,31.0,False,nan,2428500.0
In,2018-08-25 09:41:00,31.0,False,nan,2428500.0
In,2018-08-25 09:41:00,31.0,False,nan,2428500.0
In,2018-08-25 09:41:00,31.0,False,nan,2428500.0
In,2018-08-25 09:41:00,31.0,False,nan,2428500.0
In,2018-08-25 09:42:00,31.0,False,nan,2428560.0
In,2018-08-25 09:42:00,31.0,False,nan,2428560.0
In,2018-08-25 09:57:00,31.0,False,nan,2429460.0
In,2018-08-25 09:57:00,32.0,False,nan,2429460.0
In,2018-08-25 09:58:00,32.0,False,nan,2429520.0
In,2018-08-25 09:58:00,31.0,False,nan,2429520.0
In,2018-08-25 10:00:00,31.0,False,nan,2429640.0
In,2018-08-25 10:00:00,32.0,False,nan,2429640.0
In,2018-08-25 10:01:00,32.0,False,nan,2429700.0
In,2018-08-25 10:01:00,31.0,False,nan,2429700.0
In,2018-08-25 10:02:00,31.0,False,nan,2429760.0
In,2018-08-25 10:06:00,31.0,False,nan,2430000.0
In,2018-08-25 10:06:00,31.0,False,nan,2430000.0
In,2018-08-25 10:06:00,32.0,False,nan,2430000.0
In,2018-08-25 10:06:00,32.0,False,nan,2430000.0
In,2018-08-25 10:07:00,32.0,False,nan,2430060.0
In,2018-08-25 10:07:00,31.0,False,nan,2430060.0
In,2018-08-25 10:08:00,32.0,False,nan,2430120.0
In,2018-08-25 10:08:00,32.0,False,nan,2430120.0
In,2018-08-25 10:08:00,31.0,False,nan,2430120.0
In,2018-08-25 10:08:00,31.0,False,nan,2430120.0
In,2018-08-25 10:10:00,32.0,False,nan,2430240.0
In,2018-08-25 10:10:00,31.0,False,nan,2430240.0
In,2018-08-25 10:11:00,31.0,False,nan,2430300.0
In,2018-08-25 10:11:00,32.0,False,nan,2430300.0
In,2018-08-25 10:11:00,32.0,False,nan,2430300.0
In,2018-08-25 10:11:00,31.0,False,nan,2430300.0
In,2018-08-25 10:12:00,32.0,False,nan,2430360.0
In,2018-08-25 10:12:00,31.0,False,nan,2430360.0
In,2018-08-25 10:12:00,32.0,False,nan,2430360.0
In,2018-08-25 10:12:00,31.0,False,nan,2430360.0
In,2018-08-25 10:13:00,32.0,False,nan,2430420.0
In,2018-08-25 10:13:00,31.0,False,nan,2430420.0
In,2018-08-25 10:14:00,31.0,False,nan,2430480.0
In,2018-08-25 10:14:00,32.0,False,nan,2430480.0
In,2018-08-25 10:14:00,31.0,False,nan,2430480.0
In,2018-08-25 10:14:00,32.0,False,nan,2430480.0
In,2018-08-25 10:14:00,32.0,False,nan,2430480.0
In,2018-08-25 10:15:00,31.0,False,nan,2430540.0
In,2018-08-25 10:15:00,32.0,False,nan,2430540.0
In,2018-08-25 10:15:00,31.0,False,nan,2430540.0
In,2018-08-25 10:15:00,31.0,False,nan,2430540.0
In,2018-08-25 10:15:00,31.0,False,nan,2430540.0
In,2018-08-25 10:15:00,32.0,False,nan,2430540.0
In,2018-08-25 10:15:00,32.0,False,nan,2430540.0
In,2018-08-25 10:16:00,32.0,False,nan,2430600.0
In,2018-08-25 10:16:00,31.0,False,nan,2430600.0
In,2018-08-25 10:16:00,32.0,False,nan,2430600.0
In,2018-08-25 10:16:00,31.0,False,nan,2430600.0
In,2018-08-25 10:17:00,32.0,False,nan,2430660.0
In,2018-08-25 10:17:00,31.0,False,nan,2430660.0
In,2018-08-25 10:17:00,31.0,False,nan,2430660.0
In,2018-08-25 10:17:00,32.0,False,nan,2430660.0
In,2018-08-25 10:18:00,31.0,False,nan,2430720.0
In,2018-08-25 10:18:00,31.0,False,nan,2430720.0
In,2018-08-25 10:18:00,31.0,False,nan,2430720.0
In,2018-08-25 10:18:00,32.0,False,nan,2430720.0
In,2018-08-25 10:18:00,31.0,False,nan,2430720.0
In,2018-08-25 10:18:00,31.0,False,nan,2430720.0
In,2018-08-25 10:18:00,31.0,False,nan,2430720.0
In,2018-08-25 10:18:00,32.0,False,nan,2430720.0
In,2018-08-25 10:18:00,32.0,False,nan,2430720.0
In,2018-08-25 10:18:00,31.0,False,nan,2430720.0
In,2018-08-25 10:18:00,31.0,False,nan,2430720.0
In,2018-08-25 10:18:00,31.0,False,nan,2430720.0
In,2018-08-25 10:18:00,31.0,False,nan,2430720.0
In,2018-08-25 10:19:00,31.0,False,nan,2430780.0
In,2018-08-25 10:19:00,31.0,False,nan,2430780.0
In,2018-08-25 10:19:00,32.0,False,nan,2430780.0
In,2018-08-25 10:19:00,31.0,False,nan,2430780.0
In,2018-08-25 10:19:00,31.0,False,nan,2430780.0
In,2018-08-25 10:19:00,31.0,False,nan,2430780.0
In,2018-08-25 10:19:00,31.0,False,nan,2430780.0
In,2018-08-25 10:19:00,32.0,False,nan,2430780.0
In,2018-08-25 10:19:00,31.0,False,nan,2430780.0
In,2018-08-25 10:19:00,31.0,False,nan,2430780.0
In,2018-08-26 14:20:00,32.0,False,nan,2531640.0
In,2018-08-26 14:20:00,31.0,False,nan,2531640.0
In,2018-08-26 14:21:00,31.0,False,nan,2531700.0
In,2018-08-26 14:21:00,31.0,False,nan,2531700.0
In,2018-08-26 14:21:00,32.0,False,nan,2531700.0
In,2018-08-26 14:21:00,32.0,False,nan,2531700.0
In,2018-08-26 14:22:00,31.0,False,nan,2531760.0
In,2018-08-26 14:22:00,32.0,False,nan,2531760.0
In,2018-08-26 14:22:00,31.0,False,nan,2531760.0
In,2018-08-26 14:22:00,32.0,False,nan,2531760.0
In,2018-08-26 14:23:00,32.0,False,nan,2531820.0
In,2018-08-26 14:23:00,32.0,False,nan,2531820.0
In,2018-08-26 14:23:00,31.0,False,nan,2531820.0
In,2018-08-26 14:23:00,31.0,False,nan,2531820.0
In,2018-08-26 14:24:00,32.0,False,nan,2531880.0
In,2018-08-26 14:24:00,31.0,False,nan,2531880.0
In,2018-08-26 14:24:00,32.0,False,nan,2531880.0
In,2018-08-26 14:24:00,31.0,False,nan,2531880.0
In,2018-08-26 14:24:00,32.0,False,nan,2531880.0
In,2018-08-26 14:24:00,31.0,False,nan,2531880.0
In,2018-08-26 14:24:00,31.0,False,nan,2531880.0
In,2018-08-26 14:24:00,31.0,False,nan,2531880.0
In,2018-08-26 14:24:00,32.0,False,nan,2531880.0
In,2018-08-26 14:24:00,32.0,False,nan,2531880.0
In,2018-08-26 14:25:00,31.0,False,nan,2531940.0
In,2018-08-30 13:59:00,30.0,False,nan,2875980.0
In,2018-08-30 13:59:00,30.0,False,nan,2875980.0
In,2018-08-30 13:59:00,30.0,False,nan,2875980.0
In,2018-08-30 13:59:00,30.0,False,nan,2875980.0
In,2018-08-30 14:00:00,30.0,False,nan,2876040.0
In,2018-08-30 14:00:00,30.0,False,nan,2876040.0
In,2018-08-30 14:00:00,30.0,False,nan,2876040.0
In,2018-08-30 14:00:00,30.0,False,nan,2876040.0
In,2018-08-30 14:00:00,30.0,False,nan,2876040.0
In,2018-08-30 14:00:00,30.0,False,nan,2876040.0
In,2018-08-30 14:00:00,30.0,False,nan,2876040.0
In,2018-08-30 14:00:00,30.0,False,nan,2876040.0
In,2018-08-30 14:00:00,30.0,False,nan,2876040.0
In,2018-08-30 14:00:00,30.0,False,nan,2876040.0
In,2018-08-30 14:00:00,30.0,False,nan,2876040.0
In,2018-08-30 14:00:00,30.0,False,nan,2876040.0
In,2018-08-30 14:01:00,30.0,False,nan,2876100.0
In,2018-08-30 14:01:00,30.0,False,nan,2876100.0
In,2018-08-30 14:01:00,30.0,False,nan,2876100.0
In,2018-08-30 14:01:00,30.0,False,nan,2876100.0
In,2018-08-30 14:01:00,30.0,False,nan,2876100.0
In,2018-08-30 14:01:00,30.0,False,nan,2876100.0
In,2018-08-30 14:01:00,30.0,False,nan,2876100.0
In,2018-08-30 14:01:00,30.0,False,nan,2876100.0
In,2018-08-30 14:01:00,30.0,False,nan,2876100.0
In,2018-08-30 14:02:00,30.0,False,nan,2876160.0
In,2018-08-30 14:02:00,30.0,False,nan,2876160.0
In,2018-08-30 14:02:00,30.0,False,nan,2876160.0
In,2018-08-30 14:02:00,30.0,False,nan,2876160.0
In,2018-08-30 14:02:00,30.0,False,nan,2876160.0
In,2018-08-30 14:02:00,30.0,False,nan,2876160.0
In,2018-08-30 14:02:00,30.0,False,nan,2876160.0
In,2018-08-30 14:02:00,30.0,False,nan,2876160.0
In,2018-08-30 14:02:00,30.0,False,nan,2876160.0
In,2018-08-30 14:02:00,30.0,False,nan,2876160.0
In,2018-08-30 14:02:00,30.0,False,nan,2876160.0
In,2018-08-30 14:02:00,30.0,False,nan,2876160.0
In,2018-08-30 14:02:00,30.0,False,nan,2876160.0
In,2018-08-30 14:02:00,30.0,False,nan,2876160.0
In,2018-08-30 14:02:00,30.0,False,nan,2876160.0
In,2018-08-30 14:02:00,30.0,False,nan,2876160.0
In,2018-08-30 14:02:00,30.0,False,nan,2876160.0
In,2018-08-30 14:02:00,30.0,False,nan,2876160.0
In,2018-08-30 14:02:00,30.0,False,nan,2876160.0
In,2018-08-30 14:02:00,30.0,False,nan,2876160.0
In,2018-08-30 14:03:00,30.0,False,nan,2876220.0
In,2018-08-30 14:03:00,30.0,False,nan,2876220.0
In,2018-08-30 14:03:00,30.0,False,nan,2876220.0
In,2018-09-03 09:20:00,32.0,False,nan,3204840.0
In,2018-09-03 09:20:00,32.0,False,nan,3204840.0
In,2018-09-03 09:20:00,32.0,False,nan,3204840.0
In,2018-09-03 09:20:00,32.0,False,nan,3204840.0
In,2018-09-03 09:20:00,32.0,False,nan,3204840.0
In,2018-09-03 09:21:00,32.0,False,nan,3204900.0
In,2018-09-03 09:21:00,32.0,False,nan,3204900.0
In,2018-09-03 09:21:00,32.0,False,nan,3204900.0
In,2018-09-03 09:21:00,32.0,False,nan,3204900.0
In,2018-09-03 09:21:00,32.0,False,nan,3204900.0
In,2018-09-03 09:21:00,32.0,False,nan,3204900.0
In,2018-09-03 09:21:00,32.0,False,nan,3204900.0
In,2018-09-03 09:21:00,32.0,False,nan,3204900.0
In,2018-09-03 09:21:00,32.0,False,nan,3204900.0
In,2018-09-03 09:21:00,32.0,False,nan,3204900.0
In,2018-09-03 09:21:00,32.0,False,nan,3204900.0
In,2018-09-03 09:22:00,32.0,False,nan,3204960.0
In,2018-09-03 09:22:00,32.0,False,nan,3204960.0
In,2018-09-03 09:22:00,32.0,False,nan,3204960.0
In,2018-09-03 09:22:00,32.0,False,nan,3204960.0
In,2018-09-03 09:22:00,32.0,False,nan,3204960.0
In,2018-09-03 09:22:00,32.0,False,nan,3204960.0
In,2018-09-03 09:22:00,32.0,False,nan,3204960.0
In,2018-09-03 09:22:00,32.0,False,nan,3204960.0
In,2018-09-03 09:22:00,32.0,False,nan,3204960.0
In,2018-09-03 09:22:00,32.0,False,nan,3204960.0
In,2018-09-03 09:22:00,32.0,False,nan,3204960.0
In,2018-09-03 09:22:00,32.0,False,nan,3204960.0
In,2018-09-03 09:22:00,32.0,False,nan,3204960.0
In,2018-09-03 09:23:00,32.0,False,nan,3205020.0
In,2018-09-03 09:23:00,32.0,False,nan,3205020.0
In,2018-09-03 09:23:00,32.0,False,nan,3205020.0
In,2018-09-03 09:23:00,32.0,False,nan,3205020.0
In,2018-09-03 09:23:00,32.0,False,nan,3205020.0
In,2018-09-03 09:23:00,32.0,False,nan,3205020.0
In,2018-09-03 09:23:00,32.0,False,nan,3205020.0
In,2018-09-03 09:23:00,32.0,False,nan,3205020.0
In,2018-09-03 09:23:00,32.0,False,nan,3205020.0
In,2018-09-03 09:23:00,32.0,False,nan,3205020.0
In,2018-09-03 09:23:00,32.0,False,nan,3205020.0
In,2018-09-03 09:23:00,32.0,False,nan,3205020.0
In,2018-09-03 09:23:00,32.0,False,nan,3205020.0
In,2018-09-03 09:23:00,32.0,False,nan,3205020.0
In,2018-09-03 09:24:00,32.0,False,nan,3205080.0
In,2018-09-03 09:24:00,32.0,False,nan,3205080.0
In,2018-09-03 09:24:00,32.0,False,nan,3205080.0
In,2018-09-03 09:24:00,32.0,False,nan,3205080.0
In,2018-09-03 09:24:00,32.0,False,nan,3205080.0
In,2018-09-03 09:24:00,32.0,False,nan,3205080.0
In,2018-09-03 09:24:00,32.0,False,nan,3205080.0
In,2018-09-03 09:24:00,32.0,False,nan,3205080.0
In,2018-09-03 09:24:00,32.0,False,nan,3205080.0
In,2018-09-03 09:24:00,32.0,False,nan,3205080.0
In,2018-09-03 09:24:00,32.0,False,nan,3205080.0
In,2018-09-03 09:24:00,32.0,False,nan,3205080.0
In,2018-09-03 09:24:00,32.0,False,nan,3205080.0
In,2018-09-03 09:24:00,32.0,False,nan,3205080.0
In,2018-09-03 09:24:00,32.0,False,nan,3205080.0
In,2018-09-03 09:24:00,32.0,False,nan,3205080.0
In,2018-09-03 09:24:00,32.0,False,nan,3205080.0
In,2018-09-03 09:25:00,32.0,False,nan,3205140.0
In,2018-09-03 09:25:00,32.0,False,nan,3205140.0
In,2018-09-03 09:25:00,32.0,False,nan,3205140.0
In,2018-09-03 09:25:00,33.0,False,nan,3205140.0
In,2018-09-03 09:25:00,32.0,False,nan,3205140.0
In,2018-09-03 09:25:00,32.0,False,nan,3205140.0
In,2018-09-03 09:25:00,32.0,False,nan,3205140.0
In,2018-09-03 09:25:00,32.0,False,nan,3205140.0
In,2018-09-03 09:25:00,32.0,False,nan,3205140.0
In,2018-09-03 09:25:00,32.0,False,nan,3205140.0
In,2018-09-03 09:25:00,32.0,False,nan,3205140.0
In,2018-09-03 09:25:00,32.0,False,nan,3205140.0
In,2018-09-03 09:25:00,32.0,False,nan,3205140.0
In,2018-09-03 09:26:00,32.0,False,nan,3205200.0
In,2018-09-03 09:26:00,32.0,False,nan,3205200.0
In,2018-09-03 09:26:00,32.0,False,nan,3205200.0
In,2018-09-03 09:26:00,32.0,False,nan,3205200.0
In,2018-09-03 09:26:00,32.0,False,nan,3205200.0
In,2018-09-03 09:26:00,32.0,False,nan,3205200.0
In,2018-09-03 09:26:00,32.0,False,nan,3205200.0
In,2018-09-03 09:26:00,32.0,False,nan,3205200.0
In,2018-09-03 09:26:00,32.0,False,nan,3205200.0
In,2018-09-03 09:27:00,32.0,False,nan,3205260.0
In,2018-09-03 09:27:00,32.0,False,nan,3205260.0
In,2018-09-03 09:27:00,32.0,False,nan,3205260.0
In,2018-09-03 09:27:00,32.0,False,nan,3205260.0
In,2018-09-03 09:27:00,32.0,False,nan,3205260.0
In,2018-09-03 09:27:00,32.0,False,nan,3205260.0
In,2018-09-03 09:27:00,32.0,False,nan,3205260.0
In,2018-09-03 09:27:00,32.0,False,nan,3205260.0
In,2018-09-03 09:27:00,32.0,False,nan,3205260.0
In,2018-09-03 09:27:00,32.0,False,nan,3205260.0
In,2018-09-03 09:28:00,32.0,False,nan,3205320.0
In,2018-09-03 09:28:00,32.0,False,nan,3205320.0
In,2018-09-03 09:28:00,32.0,False,nan,3205320.0
In,2018-09-03 09:28:00,32.0,False,nan,3205320.0
In,2018-09-03 09:28:00,32.0,False,nan,3205320.0
In,2018-09-03 09:28:00,32.0,False,nan,3205320.0
In,2018-09-03 09:28:00,32.0,False,nan,3205320.0
In,2018-09-03 09:28:00,32.0,False,nan,3205320.0
In,2018-09-03 09:28:00,32.0,False,nan,3205320.0
In,2018-09-03 09:28:00,32.0,False,nan,3205320.0
In,2018-09-03 09:28:00,32.0,False,nan,3205320.0
In,2018-09-03 09:28:00,32.0,False,nan,3205320.0
In,2018-09-03 09:28:00,32.0,False,nan,3205320.0
In,2018-09-03 09:28:00,32.0,False,nan,3205320.0
In,2018-09-03 09:29:00,32.0,False,nan,3205380.0
In,2018-09-03 09:29:00,32.0,False,nan,3205380.0
In,2018-09-03 09:29:00,32.0,False,nan,3205380.0
In,2018-09-03 09:29:00,32.0,False,nan,3205380.0
In,2018-09-03 09:29:00,32.0,False,nan,3205380.0
In,2018-09-03 09:29:00,32.0,False,nan,3205380.0
In,2018-09-03 09:29:00,32.0,False,nan,3205380.0
In,2018-09-03 09:29:00,32.0,False,nan,3205380.0
In,2018-09-03 09:29:00,32.0,False,nan,3205380.0
In,2018-09-03 09:29:00,32.0,False,nan,3205380.0
In,2018-09-03 09:31:00,32.0,False,nan,3205500.0
In,2018-09-03 09:31:00,32.0,False,nan,3205500.0
In,2018-09-03 09:31:00,32.0,False,nan,3205500.0
In,2018-09-03 09:31:00,32.0,False,nan,3205500.0
In,2018-09-03 10:04:00,33.0,False,nan,3207480.0
In,2018-09-03 10:04:00,32.0,False,nan,3207480.0
In,2018-09-03 10:27:00,32.0,False,nan,3208860.0
In,2018-09-03 10:27:00,31.0,False,nan,3208860.0
In,2018-09-03 11:13:00,33.0,False,nan,3211620.0
In,2018-09-03 11:13:00,32.0,False,nan,3211620.0
In,2018-09-03 11:27:00,32.0,False,nan,3212460.0
In,2018-09-03 11:27:00,33.0,False,nan,3212460.0
In,2018-09-03 11:34:00,31.0,False,nan,3212880.0
In,2018-09-03 11:34:00,32.0,False,nan,3212880.0
In,2018-09-03 12:17:00,32.0,False,nan,3215460.0
In,2018-09-03 12:17:00,32.0,False,nan,3215460.0
In,2018-09-03 12:18:00,32.0,False,nan,3215520.0
In,2018-09-03 12:18:00,32.0,False,nan,3215520.0
In,2018-09-03 12:18:00,32.0,False,nan,3215520.0
In,2018-09-03 12:18:00,32.0,False,nan,3215520.0
In,2018-09-03 12:18:00,32.0,False,nan,3215520.0
In,2018-09-03 12:18:00,32.0,False,nan,3215520.0
In,2018-09-03 12:18:00,32.0,False,nan,3215520.0
In,2018-09-03 12:18:00,32.0,False,nan,3215520.0
In,2018-09-03 12:20:00,32.0,False,nan,3215640.0
In,2018-09-03 12:20:00,32.0,False,nan,3215640.0
In,2018-09-03 12:23:00,32.0,False,nan,3215820.0
In,2018-09-03 12:23:00,32.0,False,nan,3215820.0
In,2018-09-03 12:28:00,32.0,False,nan,3216120.0
In,2018-09-03 12:28:00,32.0,False,nan,3216120.0
In,2018-09-03 12:28:00,32.0,False,nan,3216120.0
In,2018-09-03 12:28:00,32.0,False,nan,3216120.0
In,2018-09-03 12:29:00,32.0,False,nan,3216180.0
In,2018-09-03 12:29:00,32.0,False,nan,3216180.0
In,2018-09-03 12:29:00,32.0,False,nan,3216180.0
In,2018-09-03 12:29:00,32.0,False,nan,3216180.0
In,2018-09-03 12:29:00,32.0,False,nan,3216180.0
In,2018-09-03 12:31:00,32.0,False,nan,3216300.0
In,2018-09-03 12:31:00,32.0,False,nan,3216300.0
In,2018-09-03 12:31:00,32.0,False,nan,3216300.0
In,2018-09-03 12:31:00,32.0,False,nan,3216300.0
In,2018-09-03 12:31:00,32.0,False,nan,3216300.0
In,2018-09-03 12:31:00,32.0,False,nan,3216300.0
In,2018-09-03 12:31:00,32.0,False,nan,3216300.0
In,2018-09-03 12:31:00,32.0,False,nan,3216300.0
In,2018-09-03 12:32:00,32.0,False,nan,3216360.0
In,2018-09-03 12:32:00,32.0,False,nan,3216360.0
In,2018-09-03 12:33:00,32.0,False,nan,3216420.0
In,2018-09-03 12:33:00,32.0,False,nan,3216420.0
In,2018-09-03 12:33:00,32.0,False,nan,3216420.0
In,2018-09-03 12:33:00,32.0,False,nan,3216420.0
In,2018-09-03 12:33:00,32.0,False,nan,3216420.0
In,2018-09-03 12:33:00,32.0,False,nan,3216420.0
In,2018-09-03 13:53:00,32.0,False,nan,3221220.0
In,2018-09-03 13:53:00,32.0,False,nan,3221220.0
In,2018-09-03 13:56:00,32.0,False,nan,3221400.0
In,2018-09-03 13:56:00,33.0,False,nan,3221400.0
In,2018-09-03 13:56:00,32.0,False,nan,3221400.0
In,2018-09-03 13:56:00,32.0,False,nan,3221400.0
In,2018-09-03 13:57:00,32.0,False,nan,3221460.0
In,2018-09-03 13:57:00,32.0,False,nan,3221460.0
In,2018-09-03 13:58:00,32.0,False,nan,3221520.0
In,2018-09-03 13:58:00,32.0,False,nan,3221520.0
In,2018-09-03 14:00:00,32.0,False,nan,3221640.0
In,2018-09-03 14:00:00,32.0,False,nan,3221640.0
In,2018-09-03 14:01:00,32.0,False,nan,3221700.0
In,2018-09-03 14:01:00,32.0,False,nan,3221700.0
In,2018-09-03 14:01:00,32.0,False,nan,3221700.0
In,2018-09-03 14:01:00,32.0,False,nan,3221700.0
In,2018-09-03 14:01:00,32.0,False,nan,3221700.0
In,2018-09-03 14:01:00,32.0,False,nan,3221700.0
In,2018-09-03 14:01:00,32.0,False,nan,3221700.0
In,2018-09-03 14:02:00,32.0,False,nan,3221760.0
In,2018-09-03 14:02:00,32.0,False,nan,3221760.0
In,2018-09-03 14:02:00,32.0,False,nan,3221760.0
In,2018-09-03 14:02:00,32.0,False,nan,3221760.0
In,2018-09-03 14:02:00,32.0,False,nan,3221760.0
In,2018-09-03 14:02:00,32.0,False,nan,3221760.0
In,2018-09-03 14:02:00,32.0,False,nan,3221760.0
In,2018-09-03 14:02:00,32.0,False,nan,3221760.0
In,2018-09-03 14:03:00,32.0,False,nan,3221820.0
In,2018-09-03 14:03:00,32.0,False,nan,3221820.0
In,2018-09-03 14:03:00,32.0,False,nan,3221820.0
In,2018-09-03 14:03:00,32.0,False,nan,3221820.0
In,2018-09-03 14:03:00,32.0,False,nan,3221820.0
In,2018-09-03 14:03:00,32.0,False,nan,3221820.0
In,2018-09-03 14:03:00,32.0,False,nan,3221820.0
In,2018-09-03 14:03:00,32.0,False,nan,3221820.0
In,2018-09-03 14:03:00,32.0,False,nan,3221820.0
In,2018-09-03 14:03:00,32.0,False,nan,3221820.0
In,2018-09-03 14:04:00,32.0,False,nan,3221880.0
In,2018-09-03 14:04:00,32.0,False,nan,3221880.0
In,2018-09-03 14:04:00,32.0,False,nan,3221880.0
In,2018-09-03 14:04:00,32.0,False,nan,3221880.0
In,2018-09-03 14:04:00,32.0,False,nan,3221880.0
In,2018-09-03 14:05:00,32.0,False,nan,3221940.0
In,2018-09-03 14:05:00,32.0,False,nan,3221940.0
In,2018-09-03 14:05:00,32.0,False,nan,3221940.0
In,2018-09-03 14:05:00,32.0,False,nan,3221940.0
In,2018-09-03 14:05:00,32.0,False,nan,3221940.0
In,2018-09-03 14:05:00,32.0,False,nan,3221940.0
In,2018-09-03 14:05:00,32.0,False,nan,3221940.0
In,2018-09-03 14:05:00,32.0,False,nan,3221940.0
In,2018-09-03 14:05:00,32.0,False,nan,3221940.0
In,2018-09-03 14:05:00,32.0,False,nan,3221940.0
In,2018-09-03 14:07:00,32.0,False,nan,3222060.0
In,2018-09-03 14:07:00,32.0,False,nan,3222060.0
In,2018-09-03 14:07:00,32.0,False,nan,3222060.0
In,2018-09-03 14:08:00,32.0,False,nan,3222120.0
In,2018-09-03 14:08:00,32.0,False,nan,3222120.0
In,2018-09-03 14:08:00,32.0,False,nan,3222120.0
In,2018-09-03 14:08:00,32.0,False,nan,3222120.0
In,2018-09-03 14:08:00,32.0,False,nan,3222120.0
In,2018-09-03 14:08:00,32.0,False,nan,3222120.0
In,2018-09-03 14:08:00,32.0,False,nan,3222120.0
In,2018-09-03 14:08:00,32.0,False,nan,3222120.0
In,2018-09-03 14:08:00,32.0,False,nan,3222120.0
In,2018-09-03 14:08:00,32.0,False,nan,3222120.0
In,2018-09-03 14:08:00,32.0,False,nan,3222120.0
In,2018-09-03 14:08:00,32.0,False,nan,3222120.0
In,2018-09-03 14:09:00,32.0,False,nan,3222180.0
In,2018-09-03 14:09:00,32.0,False,nan,3222180.0
In,2018-09-03 14:09:00,32.0,False,nan,3222180.0
In,2018-09-03 14:09:00,32.0,False,nan,3222180.0
In,2018-09-03 14:09:00,32.0,False,nan,3222180.0
In,2018-09-03 14:09:00,32.0,False,nan,3222180.0
In,2018-09-03 14:09:00,32.0,False,nan,3222180.0
In,2018-09-03 14:09:00,32.0,False,nan,3222180.0
In,2018-09-03 14:09:00,32.0,False,nan,3222180.0
In,2018-09-03 14:10:00,32.0,False,nan,3222240.0
In,2018-09-03 14:10:00,32.0,False,nan,3222240.0
In,2018-09-03 14:10:00,32.0,False,nan,3222240.0
In,2018-09-03 14:10:00,32.0,False,nan,3222240.0
In,2018-09-03 14:10:00,32.0,False,nan,3222240.0
In,2018-09-03 14:10:00,32.0,False,nan,3222240.0
In,2018-09-03 14:10:00,32.0,False,nan,3222240.0
In,2018-09-03 14:11:00,32.0,False,nan,3222300.0
In,2018-09-03 14:11:00,32.0,False,nan,3222300.0
In,2018-09-03 14:11:00,32.0,False,nan,3222300.0
In,2018-09-03 14:11:00,32.0,False,nan,3222300.0
In,2018-09-03 14:11:00,32.0,False,nan,3222300.0
In,2018-09-03 14:11:00,32.0,False,nan,3222300.0
In,2018-09-03 14:11:00,32.0,False,nan,3222300.0
In,2018-09-03 14:11:00,32.0,False,nan,3222300.0
In,2018-09-03 14:11:00,32.0,False,nan,3222300.0
In,2018-09-03 14:11:00,32.0,False,nan,3222300.0
In,2018-09-03 14:11:00,32.0,False,nan,3222300.0
In,2018-09-03 14:11:00,32.0,False,nan,3222300.0
In,2018-09-03 14:11:00,32.0,False,nan,3222300.0
In,2018-09-03 14:12:00,32.0,False,nan,3222360.0
In,2018-09-03 14:12:00,32.0,False,nan,3222360.0
In,2018-09-03 14:12:00,32.0,False,nan,3222360.0
In,2018-09-03 14:12:00,32.0,False,nan,3222360.0
In,2018-09-03 14:12:00,32.0,False,nan,3222360.0
In,2018-09-03 14:12:00,32.0,False,nan,3222360.0
In,2018-09-03 14:12:00,32.0,False,nan,3222360.0
In,2018-09-03 14:12:00,32.0,False,nan,3222360.0
In,2018-09-03 14:13:00,32.0,False,nan,3222420.0
In,2018-09-03 14:13:00,32.0,False,nan,3222420.0
In,2018-09-03 14:13:00,32.0,False,nan,3222420.0
In,2018-09-03 14:13:00,32.0,False,nan,3222420.0
In,2018-09-03 14:13:00,32.0,False,nan,3222420.0
In,2018-09-03 14:13:00,32.0,False,nan,3222420.0
In,2018-09-03 14:13:00,32.0,False,nan,3222420.0
In,2018-09-03 14:13:00,32.0,False,nan,3222420.0
In,2018-09-03 14:13:00,32.0,False,nan,3222420.0
In,2018-09-03 14:13:00,32.0,False,nan,3222420.0
In,2018-09-03 14:13:00,32.0,False,nan,3222420.0
In,2018-09-03 14:13:00,32.0,False,nan,3222420.0
In,2018-09-03 14:14:00,32.0,False,nan,3222480.0
In,2018-09-03 14:14:00,32.0,False,nan,3222480.0
In,2018-09-03 14:14:00,32.0,False,nan,3222480.0
In,2018-09-03 14:14:00,32.0,False,nan,3222480.0
In,2018-09-03 14:14:00,32.0,False,nan,3222480.0
In,2018-09-03 14:14:00,32.0,False,nan,3222480.0
In,2018-09-03 14:14:00,32.0,False,nan,3222480.0
In,2018-09-03 14:14:00,32.0,False,nan,3222480.0
In,2018-09-03 14:15:00,32.0,False,nan,3222540.0
In,2018-09-03 14:15:00,32.0,False,nan,3222540.0
In,2018-09-03 14:15:00,32.0,False,nan,3222540.0
In,2018-09-03 14:15:00,32.0,False,nan,3222540.0
In,2018-09-03 14:15:00,32.0,False,nan,3222540.0
In,2018-09-03 14:15:00,32.0,False,nan,3222540.0
In,2018-09-03 14:15:00,32.0,False,nan,3222540.0
In,2018-09-03 14:16:00,32.0,False,nan,3222600.0
In,2018-09-03 14:16:00,32.0,False,nan,3222600.0
In,2018-09-03 14:16:00,32.0,False,nan,3222600.0
In,2018-09-03 14:16:00,32.0,False,nan,3222600.0
In,2018-09-03 14:16:00,32.0,False,nan,3222600.0
In,2018-09-03 14:16:00,32.0,False,nan,3222600.0
In,2018-09-03 14:17:00,32.0,False,nan,3222660.0
In,2018-09-03 14:17:00,32.0,False,nan,3222660.0
In,2018-09-03 14:17:00,32.0,False,nan,3222660.0
In,2018-09-03 14:17:00,32.0,False,nan,3222660.0
In,2018-09-03 14:17:00,32.0,False,nan,3222660.0
In,2018-09-03 14:17:00,32.0,False,nan,3222660.0
In,2018-09-03 14:17:00,32.0,False,nan,3222660.0
In,2018-09-03 14:17:00,32.0,False,nan,3222660.0
In,2018-09-03 14:17:00,32.0,False,nan,3222660.0
In,2018-09-03 14:17:00,32.0,False,nan,3222660.0
In,2018-09-03 14:18:00,32.0,False,nan,3222720.0
In,2018-09-03 14:18:00,32.0,False,nan,3222720.0
In,2018-09-03 14:18:00,32.0,False,nan,3222720.0
In,2018-09-03 14:18:00,32.0,False,nan,3222720.0
In,2018-09-03 14:18:00,32.0,False,nan,3222720.0
In,2018-09-03 14:18:00,32.0,False,nan,3222720.0
In,2018-09-03 14:18:00,32.0,False,nan,3222720.0
In,2018-09-03 14:18:00,32.0,False,nan,3222720.0
In,2018-09-03 14:18:00,32.0,False,nan,3222720.0
In,2018-09-03 14:18:00,32.0,False,nan,3222720.0
In,2018-09-03 14:18:00,32.0,False,nan,3222720.0
In,2018-09-03 14:18:00,32.0,False,nan,3222720.0
In,2018-09-03 14:19:00,32.0,False,nan,3222780.0
In,2018-09-03 14:19:00,32.0,False,nan,3222780.0
In,2018-09-03 14:19:00,32.0,False,nan,3222780.0
In,2018-09-03 14:19:00,32.0,False,nan,3222780.0
In,2018-09-03 14:19:00,32.0,False,nan,3222780.0
In,2018-09-03 14:19:00,32.0,False,nan,3222780.0
In,2018-09-03 14:19:00,32.0,False,nan,3222780.0
In,2018-09-03 14:19:00,32.0,False,nan,3222780.0
In,2018-09-03 14:19:00,32.0,False,nan,3222780.0
In,2018-09-03 14:20:00,32.0,False,nan,3222840.0
In,2018-09-03 14:20:00,32.0,False,nan,3222840.0
In,2018-09-03 14:20:00,32.0,False,nan,3222840.0
In,2018-09-03 14:20:00,32.0,False,nan,3222840.0
In,2018-09-03 14:20:00,32.0,False,nan,3222840.0
In,2018-09-03 14:20:00,32.0,False,nan,3222840.0
In,2018-09-03 14:20:00,32.0,False,nan,3222840.0
In,2018-09-03 14:21:00,32.0,False,nan,3222900.0
In,2018-09-03 14:21:00,32.0,False,nan,3222900.0
In,2018-09-03 14:21:00,32.0,False,nan,3222900.0
In,2018-09-03 14:21:00,32.0,False,nan,3222900.0
In,2018-09-03 14:21:00,32.0,False,nan,3222900.0
In,2018-09-03 14:21:00,32.0,False,nan,3222900.0
In,2018-09-03 14:22:00,32.0,False,nan,3222960.0
In,2018-09-03 14:22:00,32.0,False,nan,3222960.0
In,2018-09-03 14:22:00,32.0,False,nan,3222960.0
In,2018-09-03 14:22:00,32.0,False,nan,3222960.0
In,2018-09-03 14:22:00,32.0,False,nan,3222960.0
In,2018-09-03 14:22:00,32.0,False,nan,3222960.0
In,2018-09-03 14:22:00,32.0,False,nan,3222960.0
In,2018-09-03 14:23:00,32.0,False,nan,3223020.0
In,2018-09-03 14:23:00,32.0,False,nan,3223020.0
In,2018-09-03 14:23:00,32.0,False,nan,3223020.0
In,2018-09-03 14:23:00,32.0,False,nan,3223020.0
In,2018-09-03 14:23:00,32.0,False,nan,3223020.0
In,2018-09-03 14:23:00,32.0,False,nan,3223020.0
In,2018-09-03 14:23:00,32.0,False,nan,3223020.0
In,2018-09-03 14:23:00,32.0,False,nan,3223020.0
In,2018-09-03 14:23:00,32.0,False,nan,3223020.0
In,2018-09-03 14:23:00,32.0,False,nan,3223020.0
In,2018-09-03 14:23:00,32.0,False,nan,3223020.0
In,2018-09-03 14:24:00,32.0,False,nan,3223080.0
In,2018-09-03 14:24:00,32.0,False,nan,3223080.0
In,2018-09-03 14:24:00,32.0,False,nan,3223080.0
In,2018-09-03 14:24:00,32.0,False,nan,3223080.0
In,2018-09-03 14:24:00,32.0,False,nan,3223080.0
In,2018-09-03 14:24:00,32.0,False,nan,3223080.0
In,2018-09-03 14:26:00,32.0,False,nan,3223200.0
In,2018-09-03 14:26:00,32.0,False,nan,3223200.0
In,2018-09-03 14:27:00,32.0,False,nan,3223260.0
In,2018-09-03 14:27:00,32.0,False,nan,3223260.0
In,2018-09-03 14:28:00,32.0,False,nan,3223320.0
In,2018-09-03 14:28:00,32.0,False,nan,3223320.0
In,2018-09-03 14:28:00,32.0,False,nan,3223320.0
In,2018-09-03 14:28:00,32.0,False,nan,3223320.0
In,2018-09-03 14:29:00,32.0,False,nan,3223380.0
In,2018-09-03 14:29:00,32.0,False,nan,3223380.0
In,2018-09-03 14:29:00,32.0,False,nan,3223380.0
In,2018-09-03 14:29:00,32.0,False,nan,3223380.0
In,2018-09-03 14:29:00,32.0,False,nan,3223380.0
In,2018-09-03 14:29:00,32.0,False,nan,3223380.0
In,2018-09-03 14:29:00,32.0,False,nan,3223380.0
In,2018-09-03 14:29:00,32.0,False,nan,3223380.0
In,2018-09-03 14:30:00,32.0,False,nan,3223440.0
In,2018-09-03 14:30:00,32.0,False,nan,3223440.0
In,2018-09-03 14:30:00,32.0,False,nan,3223440.0
In,2018-09-03 15:04:00,32.0,False,nan,3225480.0
In,2018-09-03 15:04:00,32.0,False,nan,3225480.0
In,2018-09-03 15:04:00,32.0,False,nan,3225480.0
In,2018-09-03 15:04:00,32.0,False,nan,3225480.0
In,2018-09-03 15:05:00,32.0,False,nan,3225540.0
In,2018-09-03 15:05:00,32.0,False,nan,3225540.0
In,2018-09-03 15:05:00,32.0,False,nan,3225540.0
In,2018-09-03 15:05:00,32.0,False,nan,3225540.0
In,2018-09-03 15:05:00,32.0,False,nan,3225540.0
In,2018-09-03 15:05:00,32.0,False,nan,3225540.0
In,2018-09-03 15:05:00,32.0,False,nan,3225540.0
In,2018-09-03 15:05:00,32.0,False,nan,3225540.0
In,2018-09-03 15:05:00,32.0,False,nan,3225540.0
In,2018-09-03 15:05:00,32.0,False,nan,3225540.0
In,2018-09-03 15:05:00,32.0,False,nan,3225540.0
In,2018-09-03 15:05:00,32.0,False,nan,3225540.0
In,2018-09-03 15:05:00,32.0,False,nan,3225540.0
In,2018-09-03 15:05:00,32.0,False,nan,3225540.0
In,2018-09-03 15:06:00,32.0,False,nan,3225600.0
In,2018-09-03 15:06:00,32.0,False,nan,3225600.0
In,2018-09-03 15:06:00,32.0,False,nan,3225600.0
In,2018-09-03 15:06:00,32.0,False,nan,3225600.0
In,2018-09-03 15:06:00,32.0,False,nan,3225600.0
In,2018-09-03 15:06:00,32.0,False,nan,3225600.0
In,2018-09-03 15:07:00,32.0,False,nan,3225660.0
In,2018-09-03 15:07:00,32.0,False,nan,3225660.0
In,2018-09-03 15:07:00,32.0,False,nan,3225660.0
In,2018-09-03 15:07:00,32.0,False,nan,3225660.0
In,2018-09-03 15:08:00,32.0,False,nan,3225720.0
In,2018-09-03 15:08:00,32.0,False,nan,3225720.0
In,2018-09-03 15:08:00,32.0,False,nan,3225720.0
In,2018-09-03 15:08:00,32.0,False,nan,3225720.0
In,2018-09-03 15:08:00,32.0,False,nan,3225720.0
In,2018-09-03 15:08:00,32.0,False,nan,3225720.0
In,2018-09-03 15:08:00,32.0,False,nan,3225720.0
In,2018-09-03 15:08:00,32.0,False,nan,3225720.0
In,2018-09-03 15:08:00,32.0,False,nan,3225720.0
In,2018-09-03 15:09:00,32.0,False,nan,3225780.0
In,2018-09-03 15:09:00,32.0,False,nan,3225780.0
In,2018-09-03 15:09:00,32.0,False,nan,3225780.0
In,2018-09-03 15:09:00,32.0,False,nan,3225780.0
In,2018-09-03 15:09:00,32.0,False,nan,3225780.0
In,2018-09-03 15:09:00,32.0,False,nan,3225780.0
In,2018-09-03 15:09:00,32.0,False,nan,3225780.0
In,2018-09-03 15:09:00,32.0,False,nan,3225780.0
In,2018-09-03 15:09:00,32.0,False,nan,3225780.0
In,2018-09-03 15:09:00,32.0,False,nan,3225780.0
In,2018-09-03 15:09:00,32.0,False,nan,3225780.0
In,2018-09-03 15:10:00,32.0,False,nan,3225840.0
In,2018-09-03 15:10:00,32.0,False,nan,3225840.0
In,2018-09-03 15:10:00,32.0,False,nan,3225840.0
In,2018-09-03 15:10:00,32.0,False,nan,3225840.0
In,2018-09-03 15:10:00,32.0,False,nan,3225840.0
In,2018-09-03 15:10:00,32.0,False,nan,3225840.0
In,2018-09-03 15:10:00,32.0,False,nan,3225840.0
In,2018-09-03 15:10:00,32.0,False,nan,3225840.0
In,2018-09-03 15:10:00,32.0,False,nan,3225840.0
In,2018-09-03 15:10:00,32.0,False,nan,3225840.0
In,2018-09-03 15:10:00,32.0,False,nan,3225840.0
In,2018-09-03 15:10:00,32.0,False,nan,3225840.0
In,2018-09-03 15:10:00,32.0,False,nan,3225840.0
In,2018-09-03 15:10:00,32.0,False,nan,3225840.0
In,2018-09-03 15:10:00,32.0,False,nan,3225840.0
In,2018-09-03 15:10:00,32.0,False,nan,3225840.0
In,2018-09-03 15:11:00,32.0,False,nan,3225900.0
In,2018-09-03 15:11:00,32.0,False,nan,3225900.0
In,2018-09-03 15:11:00,32.0,False,nan,3225900.0
In,2018-09-03 15:11:00,32.0,False,nan,3225900.0
In,2018-09-03 15:11:00,32.0,False,nan,3225900.0
In,2018-09-03 15:11:00,32.0,False,nan,3225900.0
In,2018-09-03 15:11:00,32.0,False,nan,3225900.0
In,2018-09-03 15:11:00,32.0,False,nan,3225900.0
In,2018-09-03 15:11:00,32.0,False,nan,3225900.0
In,2018-09-03 15:11:00,32.0,False,nan,3225900.0
In,2018-09-03 15:11:00,32.0,False,nan,3225900.0
In,2018-09-03 15:11:00,32.0,False,nan,3225900.0
In,2018-09-03 15:11:00,32.0,False,nan,3225900.0
In,2018-09-03 15:11:00,32.0,False,nan,3225900.0
In,2018-09-03 15:11:00,32.0,False,nan,3225900.0
In,2018-09-03 15:11:00,32.0,False,nan,3225900.0
In,2018-09-03 15:11:00,32.0,False,nan,3225900.0
In,2018-09-03 15:12:00,32.0,False,nan,3225960.0
In,2018-09-03 15:12:00,32.0,False,nan,3225960.0
In,2018-09-03 15:12:00,32.0,False,nan,3225960.0
In,2018-09-03 15:12:00,32.0,False,nan,3225960.0
In,2018-09-03 15:12:00,32.0,False,nan,3225960.0
In,2018-09-03 15:12:00,32.0,False,nan,3225960.0
In,2018-09-03 15:12:00,32.0,False,nan,3225960.0
In,2018-09-03 15:12:00,32.0,False,nan,3225960.0
In,2018-09-03 15:12:00,32.0,False,nan,3225960.0
In,2018-09-03 15:12:00,32.0,False,nan,3225960.0
In,2018-09-03 15:12:00,32.0,False,nan,3225960.0
In,2018-09-03 15:12:00,32.0,False,nan,3225960.0
In,2018-09-03 15:12:00,32.0,False,nan,3225960.0
In,2018-09-03 15:12:00,32.0,False,nan,3225960.0
In,2018-09-03 15:12:00,32.0,False,nan,3225960.0
In,2018-09-03 15:13:00,32.0,False,nan,3226020.0
In,2018-09-03 15:13:00,32.0,False,nan,3226020.0
In,2018-09-03 15:13:00,32.0,False,nan,3226020.0
In,2018-09-03 15:13:00,32.0,False,nan,3226020.0
In,2018-09-03 15:13:00,32.0,False,nan,3226020.0
In,2018-09-03 15:13:00,32.0,False,nan,3226020.0
In,2018-09-03 15:14:00,32.0,False,nan,3226080.0
In,2018-09-03 15:14:00,32.0,False,nan,3226080.0
In,2018-09-03 15:14:00,32.0,False,nan,3226080.0
In,2018-09-03 15:14:00,32.0,False,nan,3226080.0
In,2018-09-03 15:14:00,32.0,False,nan,3226080.0
In,2018-09-03 15:14:00,32.0,False,nan,3226080.0
In,2018-09-03 15:14:00,32.0,False,nan,3226080.0
In,2018-09-03 15:14:00,32.0,False,nan,3226080.0
In,2018-09-03 15:14:00,32.0,False,nan,3226080.0
In,2018-09-03 15:14:00,32.0,False,nan,3226080.0
In,2018-09-03 15:14:00,32.0,False,nan,3226080.0
In,2018-09-03 15:14:00,32.0,False,nan,3226080.0
In,2018-09-03 15:14:00,32.0,False,nan,3226080.0
In,2018-09-03 15:14:00,32.0,False,nan,3226080.0
In,2018-09-03 15:15:00,32.0,False,nan,3226140.0
In,2018-09-03 15:15:00,32.0,False,nan,3226140.0
In,2018-09-03 15:15:00,32.0,False,nan,3226140.0
In,2018-09-03 15:15:00,32.0,False,nan,3226140.0
In,2018-09-03 15:15:00,32.0,False,nan,3226140.0
In,2018-09-03 15:15:00,32.0,False,nan,3226140.0
In,2018-09-03 15:15:00,32.0,False,nan,3226140.0
In,2018-09-03 15:15:00,32.0,False,nan,3226140.0
In,2018-09-03 15:15:00,32.0,False,nan,3226140.0
In,2018-09-03 15:15:00,32.0,False,nan,3226140.0
In,2018-09-03 15:15:00,32.0,False,nan,3226140.0
In,2018-09-03 15:15:00,32.0,False,nan,3226140.0
In,2018-09-03 15:15:00,32.0,False,nan,3226140.0
In,2018-09-03 15:15:00,32.0,False,nan,3226140.0
In,2018-09-03 15:15:00,32.0,False,nan,3226140.0
In,2018-09-03 15:16:00,32.0,False,nan,3226200.0
In,2018-09-03 15:16:00,32.0,False,nan,3226200.0
In,2018-09-03 15:16:00,32.0,False,nan,3226200.0
In,2018-09-03 15:16:00,32.0,False,nan,3226200.0
In,2018-09-03 15:16:00,32.0,False,nan,3226200.0
In,2018-09-03 15:16:00,32.0,False,nan,3226200.0
In,2018-09-03 15:16:00,32.0,False,nan,3226200.0
In,2018-09-03 15:16:00,32.0,False,nan,3226200.0
In,2018-09-03 15:16:00,32.0,False,nan,3226200.0
In,2018-09-03 15:16:00,32.0,False,nan,3226200.0
In,2018-09-03 15:16:00,32.0,False,nan,3226200.0
In,2018-09-03 15:17:00,32.0,False,nan,3226260.0
In,2018-09-03 15:17:00,32.0,False,nan,3226260.0
In,2018-09-03 15:17:00,32.0,False,nan,3226260.0
In,2018-09-03 15:17:00,32.0,False,nan,3226260.0
In,2018-09-03 15:17:00,32.0,False,nan,3226260.0
In,2018-09-03 15:17:00,32.0,False,nan,3226260.0
In,2018-09-03 15:17:00,32.0,False,nan,3226260.0
In,2018-09-03 15:18:00,32.0,False,nan,3226320.0
In,2018-09-03 15:18:00,32.0,False,nan,3226320.0
In,2018-09-03 15:18:00,32.0,False,nan,3226320.0
In,2018-09-03 15:18:00,32.0,False,nan,3226320.0
In,2018-09-03 15:19:00,32.0,False,nan,3226380.0
In,2018-09-03 15:19:00,32.0,False,nan,3226380.0
In,2018-09-03 15:19:00,32.0,False,nan,3226380.0
In,2018-09-03 15:19:00,32.0,False,nan,3226380.0
In,2018-09-03 15:19:00,32.0,False,nan,3226380.0
In,2018-09-03 15:19:00,32.0,False,nan,3226380.0
In,2018-09-03 15:58:00,33.0,False,nan,3228720.0
In,2018-09-03 15:58:00,32.0,False,nan,3228720.0
In,2018-09-03 16:15:00,32.0,False,nan,3229740.0
In,2018-09-03 16:15:00,32.0,False,nan,3229740.0
In,2018-09-03 16:17:00,32.0,False,nan,3229860.0
In,2018-09-03 16:17:00,33.0,False,nan,3229860.0
In,2018-09-03 16:17:00,32.0,False,nan,3229860.0
In,2018-09-03 16:17:00,31.0,False,nan,3229860.0
In,2018-09-03 16:17:00,32.0,False,nan,3229860.0
In,2018-09-03 16:17:00,32.0,False,nan,3229860.0
In,2018-09-03 16:17:00,32.0,False,nan,3229860.0
In,2018-09-03 16:18:00,32.0,False,nan,3229920.0
In,2018-09-03 16:19:00,32.0,False,nan,3229980.0
In,2018-09-03 16:19:00,32.0,False,nan,3229980.0
In,2018-09-03 16:19:00,32.0,False,nan,3229980.0
In,2018-09-03 16:19:00,32.0,False,nan,3229980.0
In,2018-09-03 16:20:00,32.0,False,nan,3230040.0
In,2018-09-03 16:20:00,32.0,False,nan,3230040.0
In,2018-09-03 16:20:00,32.0,False,nan,3230040.0
In,2018-09-03 16:20:00,32.0,False,nan,3230040.0
In,2018-09-03 16:20:00,32.0,False,nan,3230040.0
In,2018-09-03 16:20:00,32.0,False,nan,3230040.0
In,2018-09-03 16:21:00,32.0,False,nan,3230100.0
In,2018-09-03 16:21:00,32.0,False,nan,3230100.0
In,2018-09-03 16:21:00,32.0,False,nan,3230100.0
In,2018-09-03 16:21:00,32.0,False,nan,3230100.0
In,2018-09-03 16:22:00,32.0,False,nan,3230160.0
In,2018-09-03 16:22:00,32.0,False,nan,3230160.0
In,2018-09-03 16:22:00,32.0,False,nan,3230160.0
In,2018-09-03 16:22:00,32.0,False,nan,3230160.0
In,2018-09-03 16:22:00,32.0,False,nan,3230160.0
In,2018-09-03 16:22:00,32.0,False,nan,3230160.0
In,2018-09-03 16:22:00,32.0,False,nan,3230160.0
In,2018-09-03 16:22:00,32.0,False,nan,3230160.0
In,2018-09-03 16:23:00,32.0,False,nan,3230220.0
In,2018-09-03 16:23:00,32.0,False,nan,3230220.0
In,2018-09-03 16:23:00,32.0,False,nan,3230220.0
In,2018-09-03 16:23:00,32.0,False,nan,3230220.0
In,2018-09-03 16:23:00,32.0,False,nan,3230220.0
In,2018-09-03 16:23:00,32.0,False,nan,3230220.0
In,2018-09-03 16:23:00,32.0,False,nan,3230220.0
In,2018-09-03 16:23:00,32.0,False,nan,3230220.0
In,2018-09-03 16:23:00,32.0,False,nan,3230220.0
In,2018-09-03 16:24:00,32.0,False,nan,3230280.0
In,2018-09-03 16:24:00,32.0,False,nan,3230280.0
In,2018-09-03 16:24:00,32.0,False,nan,3230280.0
In,2018-09-03 16:24:00,32.0,False,nan,3230280.0
In,2018-09-03 16:24:00,32.0,False,nan,3230280.0
In,2018-09-03 16:24:00,32.0,False,nan,3230280.0
In,2018-09-03 16:24:00,32.0,False,nan,3230280.0
In,2018-09-03 16:24:00,32.0,False,nan,3230280.0
In,2018-09-03 16:24:00,32.0,False,nan,3230280.0
In,2018-09-03 16:24:00,32.0,False,nan,3230280.0
In,2018-09-03 16:24:00,32.0,False,nan,3230280.0
In,2018-09-03 16:24:00,32.0,False,nan,3230280.0
In,2018-09-03 16:24:00,32.0,False,nan,3230280.0
In,2018-09-03 16:24:00,32.0,False,nan,3230280.0
In,2018-09-03 16:25:00,32.0,False,nan,3230340.0
In,2018-09-03 16:25:00,32.0,False,nan,3230340.0
In,2018-09-03 16:25:00,32.0,False,nan,3230340.0
In,2018-09-03 16:25:00,32.0,False,nan,3230340.0
In,2018-09-03 16:25:00,32.0,False,nan,3230340.0
In,2018-09-03 16:25:00,32.0,False,nan,3230340.0
In,2018-09-03 16:25:00,32.0,False,nan,3230340.0
In,2018-09-03 16:25:00,32.0,False,nan,3230340.0
In,2018-09-03 16:25:00,32.0,False,nan,3230340.0
In,2018-09-03 16:26:00,32.0,False,nan,3230400.0
In,2018-09-03 16:26:00,32.0,False,nan,3230400.0
In,2018-09-03 16:26:00,32.0,False,nan,3230400.0
In,2018-09-03 16:26:00,32.0,False,nan,3230400.0
In,2018-09-03 16:26:00,32.0,False,nan,3230400.0
In,2018-09-03 16:26:00,32.0,False,nan,3230400.0
In,2018-09-03 16:27:00,32.0,False,nan,3230460.0
In,2018-09-03 16:27:00,32.0,False,nan,3230460.0
In,2018-09-03 16:27:00,32.0,False,nan,3230460.0
In,2018-09-03 16:27:00,32.0,False,nan,3230460.0
In,2018-09-03 16:27:00,32.0,False,nan,3230460.0
In,2018-09-03 16:27:00,32.0,False,nan,3230460.0
In,2018-09-03 16:27:00,32.0,False,nan,3230460.0
In,2018-09-03 16:27:00,32.0,False,nan,3230460.0
In,2018-09-03 16:27:00,32.0,False,nan,3230460.0
In,2018-09-03 16:28:00,32.0,False,nan,3230520.0
In,2018-09-03 16:28:00,32.0,False,nan,3230520.0
In,2018-09-03 16:28:00,32.0,False,nan,3230520.0
In,2018-09-03 16:28:00,32.0,False,nan,3230520.0
In,2018-09-03 16:29:00,32.0,False,nan,3230580.0
In,2018-09-03 16:29:00,32.0,False,nan,3230580.0
In,2018-09-03 16:30:00,32.0,False,nan,3230640.0
In,2018-09-03 16:30:00,32.0,False,nan,3230640.0
In,2018-09-03 16:31:00,32.0,False,nan,3230700.0
In,2018-09-03 16:31:00,32.0,False,nan,3230700.0
In,2018-09-03 16:36:00,32.0,False,nan,3231000.0
In,2018-09-03 16:36:00,32.0,False,nan,3231000.0
In,2018-09-03 16:41:00,33.0,False,nan,3231300.0
In,2018-09-03 16:41:00,33.0,False,nan,3231300.0
In,2018-09-03 16:41:00,32.0,False,nan,3231300.0
In,2018-09-03 16:41:00,32.0,False,nan,3231300.0
In,2018-09-03 16:42:00,32.0,False,nan,3231360.0
In,2018-09-03 16:42:00,32.0,False,nan,3231360.0
In,2018-09-03 16:42:00,32.0,False,nan,3231360.0
In,2018-09-03 16:42:00,32.0,False,nan,3231360.0
In,2018-09-03 16:44:00,32.0,False,nan,3231480.0
In,2018-09-03 16:44:00,33.0,False,nan,3231480.0
In,2018-09-03 16:44:00,32.0,False,nan,3231480.0
In,2018-09-03 16:44:00,33.0,False,nan,3231480.0
In,2018-09-03 17:04:00,33.0,False,nan,3232680.0
In,2018-09-03 17:04:00,32.0,False,nan,3232680.0
In,2018-09-03 17:06:00,33.0,False,nan,3232800.0
In,2018-09-03 17:07:00,32.0,False,nan,3232860.0
In,2018-09-03 17:25:00,33.0,False,nan,3233940.0
In,2018-09-03 17:25:00,32.0,False,nan,3233940.0
In,2018-09-03 17:26:00,33.0,False,nan,3234000.0
In,2018-09-03 17:26:00,32.0,False,nan,3234000.0
In,2018-09-03 17:37:00,33.0,False,nan,3234660.0
In,2018-09-03 17:37:00,32.0,False,nan,3234660.0
In,2018-09-03 17:39:00,32.0,False,nan,3234780.0
In,2018-09-03 17:39:00,33.0,False,nan,3234780.0
In,2018-09-03 17:44:00,32.0,False,nan,3235080.0
In,2018-09-03 17:44:00,33.0,False,nan,3235080.0
In,2018-09-03 17:46:00,32.0,False,nan,3235200.0
In,2018-09-03 17:46:00,32.0,False,nan,3235200.0
In,2018-09-03 17:46:00,32.0,False,nan,3235200.0
In,2018-09-03 17:46:00,32.0,False,nan,3235200.0
In,2018-09-03 17:47:00,32.0,False,nan,3235260.0
In,2018-09-03 17:47:00,32.0,False,nan,3235260.0
In,2018-09-03 17:47:00,32.0,False,nan,3235260.0
In,2018-09-03 17:47:00,32.0,False,nan,3235260.0
In,2018-09-03 17:47:00,32.0,False,nan,3235260.0
In,2018-09-03 17:47:00,32.0,False,nan,3235260.0
In,2018-09-03 17:47:00,32.0,False,nan,3235260.0
In,2018-09-03 17:47:00,32.0,False,nan,3235260.0
In,2018-09-03 17:47:00,32.0,False,nan,3235260.0
In,2018-09-03 17:47:00,32.0,False,nan,3235260.0
In,2018-09-03 17:47:00,32.0,False,nan,3235260.0
In,2018-09-03 17:47:00,32.0,False,nan,3235260.0
In,2018-09-03 17:48:00,32.0,False,nan,3235320.0
In,2018-09-03 17:48:00,32.0,False,nan,3235320.0
In,2018-09-03 17:48:00,32.0,False,nan,3235320.0
In,2018-09-03 17:48:00,32.0,False,nan,3235320.0
In,2018-09-03 17:48:00,32.0,False,nan,3235320.0
In,2018-09-03 17:48:00,32.0,False,nan,3235320.0
In,2018-09-03 17:48:00,32.0,False,nan,3235320.0
In,2018-09-03 17:49:00,32.0,False,nan,3235380.0
In,2018-09-03 17:49:00,32.0,False,nan,3235380.0
In,2018-09-03 17:49:00,32.0,False,nan,3235380.0
In,2018-09-03 17:50:00,32.0,False,nan,3235440.0
In,2018-09-03 18:26:00,33.0,False,nan,3237600.0
In,2018-09-03 18:26:00,32.0,False,nan,3237600.0
In,2018-09-03 18:36:00,32.0,False,nan,3238200.0
In,2018-09-03 18:36:00,32.0,False,nan,3238200.0
In,2018-09-03 18:39:00,32.0,False,nan,3238380.0
In,2018-09-03 18:39:00,32.0,False,nan,3238380.0
In,2018-09-03 19:39:00,33.0,False,nan,3241980.0
In,2018-09-03 19:39:00,32.0,False,nan,3241980.0
In,2018-09-03 19:43:00,33.0,False,nan,3242220.0
In,2018-09-03 19:43:00,32.0,False,nan,3242220.0
In,2018-09-03 19:51:00,32.0,False,nan,3242700.0
In,2018-09-03 19:51:00,32.0,False,nan,3242700.0
In,2018-09-03 19:52:00,32.0,False,nan,3242760.0
In,2018-09-03 19:52:00,32.0,False,nan,3242760.0
In,2018-09-03 19:52:00,32.0,False,nan,3242760.0
In,2018-09-03 19:53:00,32.0,False,nan,3242820.0
In,2018-09-03 19:53:00,32.0,False,nan,3242820.0
In,2018-09-03 19:53:00,32.0,False,nan,3242820.0
In,2018-09-03 19:53:00,32.0,False,nan,3242820.0
In,2018-09-03 19:53:00,32.0,False,nan,3242820.0
In,2018-09-03 19:53:00,32.0,False,nan,3242820.0
In,2018-09-03 19:53:00,32.0,False,nan,3242820.0
In,2018-09-03 19:53:00,32.0,False,nan,3242820.0
In,2018-09-03 19:53:00,32.0,False,nan,3242820.0
In,2018-09-03 19:54:00,32.0,False,nan,3242880.0
In,2018-09-03 19:54:00,32.0,False,nan,3242880.0
In,2018-09-03 19:54:00,32.0,False,nan,3242880.0
In,2018-09-03 19:54:00,32.0,False,nan,3242880.0
In,2018-09-03 19:54:00,32.0,False,nan,3242880.0
In,2018-09-03 19:55:00,32.0,False,nan,3242940.0
In,2018-09-03 19:55:00,32.0,False,nan,3242940.0
In,2018-09-03 19:55:00,32.0,False,nan,3242940.0
In,2018-09-03 19:55:00,32.0,False,nan,3242940.0
In,2018-09-03 19:55:00,32.0,False,nan,3242940.0
In,2018-09-03 19:55:00,32.0,False,nan,3242940.0
In,2018-09-03 19:56:00,32.0,False,nan,3243000.0
In,2018-09-03 19:56:00,32.0,False,nan,3243000.0
In,2018-09-03 19:57:00,32.0,False,nan,3243060.0
In,2018-09-03 19:57:00,32.0,False,nan,3243060.0
In,2018-09-03 19:57:00,32.0,False,nan,3243060.0
In,2018-09-03 19:57:00,32.0,False,nan,3243060.0
In,2018-09-03 19:57:00,32.0,False,nan,3243060.0
In,2018-09-03 19:57:00,32.0,False,nan,3243060.0
In,2018-09-03 19:57:00,32.0,False,nan,3243060.0
In,2018-09-03 19:58:00,32.0,False,nan,3243120.0
In,2018-09-03 19:58:00,32.0,False,nan,3243120.0
In,2018-09-03 19:58:00,32.0,False,nan,3243120.0
In,2018-09-03 19:58:00,32.0,False,nan,3243120.0
In,2018-09-03 19:58:00,32.0,False,nan,3243120.0
In,2018-09-03 19:58:00,32.0,False,nan,3243120.0
In,2018-09-03 19:58:00,32.0,False,nan,3243120.0
In,2018-09-03 19:58:00,32.0,False,nan,3243120.0
In,2018-09-03 19:58:00,32.0,False,nan,3243120.0
In,2018-09-03 19:58:00,32.0,False,nan,3243120.0
In,2018-09-03 19:58:00,32.0,False,nan,3243120.0
In,2018-09-03 19:58:00,32.0,False,nan,3243120.0
In,2018-09-03 19:58:00,32.0,False,nan,3243120.0
In,2018-09-03 19:58:00,32.0,False,nan,3243120.0
In,2018-09-03 19:58:00,32.0,False,nan,3243120.0
In,2018-09-03 19:58:00,32.0,False,nan,3243120.0
In,2018-09-03 19:58:00,32.0,False,nan,3243120.0
In,2018-09-03 19:58:00,32.0,False,nan,3243120.0
In,2018-09-03 19:59:00,32.0,False,nan,3243180.0
In,2018-09-03 19:59:00,32.0,False,nan,3243180.0
In,2018-09-03 19:59:00,32.0,False,nan,3243180.0
In,2018-09-03 19:59:00,32.0,False,nan,3243180.0
In,2018-09-03 19:59:00,32.0,False,nan,3243180.0
In,2018-09-03 19:59:00,32.0,False,nan,3243180.0
In,2018-09-03 19:59:00,32.0,False,nan,3243180.0
In,2018-09-03 19:59:00,32.0,False,nan,3243180.0
In,2018-09-03 19:59:00,32.0,False,nan,3243180.0
In,2018-09-03 19:59:00,32.0,False,nan,3243180.0
In,2018-09-03 19:59:00,32.0,False,nan,3243180.0
In,2018-09-03 19:59:00,32.0,False,nan,3243180.0
In,2018-09-03 19:59:00,32.0,False,nan,3243180.0
In,2018-09-03 19:59:00,32.0,False,nan,3243180.0
In,2018-09-03 19:59:00,32.0,False,nan,3243180.0
In,2018-09-03 19:59:00,32.0,False,nan,3243180.0
In,2018-09-03 19:59:00,32.0,False,nan,3243180.0
In,2018-09-03 20:00:00,32.0,False,nan,3243240.0
In,2018-09-03 20:00:00,32.0,False,nan,3243240.0
In,2018-09-03 20:00:00,32.0,False,nan,3243240.0
In,2018-09-03 20:00:00,32.0,False,nan,3243240.0
In,2018-09-03 20:00:00,32.0,False,nan,3243240.0
In,2018-09-03 20:00:00,32.0,False,nan,3243240.0
In,2018-09-03 20:00:00,32.0,False,nan,3243240.0
In,2018-09-03 20:00:00,32.0,False,nan,3243240.0
In,2018-09-03 20:00:00,32.0,False,nan,3243240.0
In,2018-09-03 20:00:00,32.0,False,nan,3243240.0
In,2018-09-03 20:01:00,32.0,False,nan,3243300.0
In,2018-09-03 20:01:00,32.0,False,nan,3243300.0
In,2018-09-03 20:01:00,32.0,False,nan,3243300.0
In,2018-09-03 20:01:00,32.0,False,nan,3243300.0
In,2018-09-03 20:01:00,32.0,False,nan,3243300.0
In,2018-09-03 20:01:00,32.0,False,nan,3243300.0
In,2018-09-03 20:01:00,32.0,False,nan,3243300.0
In,2018-09-03 20:01:00,32.0,False,nan,3243300.0
In,2018-09-03 20:01:00,32.0,False,nan,3243300.0
In,2018-09-03 20:01:00,32.0,False,nan,3243300.0
In,2018-09-03 20:02:00,32.0,False,nan,3243360.0
In,2018-09-03 20:02:00,32.0,False,nan,3243360.0
In,2018-09-03 20:02:00,32.0,False,nan,3243360.0
In,2018-09-03 20:02:00,32.0,False,nan,3243360.0
In,2018-09-03 20:02:00,32.0,False,nan,3243360.0
In,2018-09-03 20:02:00,32.0,False,nan,3243360.0
In,2018-09-03 20:02:00,32.0,False,nan,3243360.0
In,2018-09-03 20:02:00,32.0,False,nan,3243360.0
In,2018-09-03 20:02:00,32.0,False,nan,3243360.0
In,2018-09-03 20:02:00,32.0,False,nan,3243360.0
In,2018-09-03 20:02:00,32.0,False,nan,3243360.0
In,2018-09-03 20:03:00,32.0,False,nan,3243420.0
In,2018-09-03 20:03:00,32.0,False,nan,3243420.0
In,2018-09-03 20:03:00,32.0,False,nan,3243420.0
In,2018-09-03 20:03:00,32.0,False,nan,3243420.0
In,2018-09-03 20:03:00,32.0,False,nan,3243420.0
In,2018-09-03 20:03:00,32.0,False,nan,3243420.0
In,2018-09-03 20:03:00,32.0,False,nan,3243420.0
In,2018-09-03 20:03:00,32.0,False,nan,3243420.0
In,2018-09-03 20:03:00,32.0,False,nan,3243420.0
In,2018-09-03 20:03:00,32.0,False,nan,3243420.0
In,2018-09-03 20:03:00,32.0,False,nan,3243420.0
In,2018-09-03 20:03:00,32.0,False,nan,3243420.0
In,2018-09-03 20:04:00,32.0,False,nan,3243480.0
In,2018-09-03 20:04:00,32.0,False,nan,3243480.0
In,2018-09-03 20:04:00,32.0,False,nan,3243480.0
In,2018-09-03 20:04:00,32.0,False,nan,3243480.0
In,2018-09-03 20:04:00,32.0,False,nan,3243480.0
In,2018-09-03 20:04:00,32.0,False,nan,3243480.0
In,2018-09-03 20:04:00,32.0,False,nan,3243480.0
In,2018-09-03 20:04:00,32.0,False,nan,3243480.0
In,2018-09-03 20:04:00,32.0,False,nan,3243480.0
In,2018-09-03 20:05:00,32.0,False,nan,3243540.0
In,2018-09-03 20:05:00,32.0,False,nan,3243540.0
In,2018-09-03 20:05:00,32.0,False,nan,3243540.0
In,2018-09-03 20:05:00,32.0,False,nan,3243540.0
In,2018-09-03 20:05:00,32.0,False,nan,3243540.0
In,2018-09-03 20:05:00,32.0,False,nan,3243540.0
In,2018-09-03 20:05:00,32.0,False,nan,3243540.0
In,2018-09-03 20:06:00,32.0,False,nan,3243600.0
In,2018-09-03 20:06:00,32.0,False,nan,3243600.0
In,2018-09-03 20:06:00,32.0,False,nan,3243600.0
In,2018-09-03 20:06:00,32.0,False,nan,3243600.0
In,2018-09-03 20:06:00,32.0,False,nan,3243600.0
In,2018-09-03 20:06:00,32.0,False,nan,3243600.0
In,2018-09-03 20:06:00,32.0,False,nan,3243600.0
In,2018-09-03 20:06:00,32.0,False,nan,3243600.0
In,2018-09-03 20:06:00,32.0,False,nan,3243600.0
In,2018-09-03 20:06:00,32.0,False,nan,3243600.0
In,2018-09-03 20:06:00,32.0,False,nan,3243600.0
In,2018-09-03 20:06:00,32.0,False,nan,3243600.0
In,2018-09-03 20:06:00,32.0,False,nan,3243600.0
In,2018-09-03 20:07:00,32.0,False,nan,3243660.0
In,2018-09-03 20:07:00,32.0,False,nan,3243660.0
In,2018-09-03 20:07:00,32.0,False,nan,3243660.0
In,2018-09-03 20:07:00,32.0,False,nan,3243660.0
In,2018-09-03 20:07:00,32.0,False,nan,3243660.0
In,2018-09-03 20:07:00,32.0,False,nan,3243660.0
In,2018-09-03 20:07:00,32.0,False,nan,3243660.0
In,2018-09-03 20:07:00,32.0,False,nan,3243660.0
In,2018-09-03 20:07:00,32.0,False,nan,3243660.0
In,2018-09-03 20:07:00,32.0,False,nan,3243660.0
In,2018-09-03 20:08:00,32.0,False,nan,3243720.0
In,2018-09-03 20:08:00,32.0,False,nan,3243720.0
In,2018-09-03 20:08:00,32.0,False,nan,3243720.0
In,2018-09-03 20:08:00,32.0,False,nan,3243720.0
In,2018-09-03 20:08:00,32.0,False,nan,3243720.0
In,2018-09-03 20:08:00,32.0,False,nan,3243720.0
In,2018-09-03 20:08:00,32.0,False,nan,3243720.0
In,2018-09-03 20:08:00,32.0,False,nan,3243720.0
In,2018-09-03 20:08:00,32.0,False,nan,3243720.0
In,2018-09-03 20:09:00,32.0,False,nan,3243780.0
In,2018-09-03 20:09:00,32.0,False,nan,3243780.0
In,2018-09-03 20:09:00,32.0,False,nan,3243780.0
In,2018-09-03 20:09:00,32.0,False,nan,3243780.0
In,2018-09-03 20:09:00,32.0,False,nan,3243780.0
In,2018-09-03 20:09:00,32.0,False,nan,3243780.0
In,2018-09-03 20:09:00,32.0,False,nan,3243780.0
In,2018-09-03 20:09:00,32.0,False,nan,3243780.0
In,2018-09-03 20:10:00,32.0,False,nan,3243840.0
In,2018-09-03 20:10:00,32.0,False,nan,3243840.0
In,2018-09-03 20:10:00,32.0,False,nan,3243840.0
In,2018-09-03 20:10:00,32.0,False,nan,3243840.0
In,2018-09-03 20:10:00,32.0,False,nan,3243840.0
In,2018-09-03 20:10:00,32.0,False,nan,3243840.0
In,2018-09-03 20:10:00,32.0,False,nan,3243840.0
In,2018-09-03 20:10:00,32.0,False,nan,3243840.0
In,2018-09-03 20:10:00,32.0,False,nan,3243840.0
In,2018-09-03 20:10:00,32.0,False,nan,3243840.0
In,2018-09-03 20:11:00,32.0,False,nan,3243900.0
In,2018-09-03 20:11:00,32.0,False,nan,3243900.0
In,2018-09-03 20:11:00,32.0,False,nan,3243900.0
In,2018-09-03 20:11:00,32.0,False,nan,3243900.0
In,2018-09-03 20:11:00,32.0,False,nan,3243900.0
In,2018-09-03 20:11:00,32.0,False,nan,3243900.0
In,2018-09-03 20:11:00,32.0,False,nan,3243900.0
In,2018-09-03 20:11:00,32.0,False,nan,3243900.0
In,2018-09-03 20:11:00,32.0,False,nan,3243900.0
In,2018-09-03 20:12:00,32.0,False,nan,3243960.0
In,2018-09-03 20:12:00,32.0,False,nan,3243960.0
In,2018-09-03 20:12:00,32.0,False,nan,3243960.0
In,2018-09-03 20:12:00,32.0,False,nan,3243960.0
In,2018-09-03 20:12:00,32.0,False,nan,3243960.0
In,2018-09-03 20:12:00,32.0,False,nan,3243960.0
In,2018-09-03 20:12:00,32.0,False,nan,3243960.0
In,2018-09-03 20:13:00,32.0,False,nan,3244020.0
In,2018-09-03 20:13:00,32.0,False,nan,3244020.0
In,2018-09-03 20:13:00,32.0,False,nan,3244020.0
In,2018-09-03 20:13:00,32.0,False,nan,3244020.0
In,2018-09-03 20:13:00,32.0,False,nan,3244020.0
In,2018-09-03 20:13:00,32.0,False,nan,3244020.0
In,2018-09-03 20:13:00,32.0,False,nan,3244020.0
In,2018-09-03 20:13:00,32.0,False,nan,3244020.0
In,2018-09-03 20:13:00,32.0,False,nan,3244020.0
In,2018-09-03 20:13:00,32.0,False,nan,3244020.0
In,2018-09-03 20:13:00,32.0,False,nan,3244020.0
In,2018-09-03 20:14:00,32.0,False,nan,3244080.0
In,2018-09-03 20:14:00,32.0,False,nan,3244080.0
In,2018-09-03 20:14:00,32.0,False,nan,3244080.0
In,2018-09-03 20:14:00,32.0,False,nan,3244080.0
In,2018-09-03 20:14:00,32.0,False,nan,3244080.0
In,2018-09-03 20:14:00,32.0,False,nan,3244080.0
In,2018-09-03 20:14:00,32.0,False,nan,3244080.0
In,2018-09-03 20:14:00,32.0,False,nan,3244080.0
In,2018-09-03 20:14:00,32.0,False,nan,3244080.0
In,2018-09-03 20:14:00,32.0,False,nan,3244080.0
In,2018-09-03 20:14:00,32.0,False,nan,3244080.0
In,2018-09-03 20:15:00,32.0,False,nan,3244140.0
In,2018-09-03 20:15:00,32.0,False,nan,3244140.0
In,2018-09-03 20:15:00,32.0,False,nan,3244140.0
In,2018-09-03 20:15:00,32.0,False,nan,3244140.0
In,2018-09-03 20:15:00,32.0,False,nan,3244140.0
In,2018-09-03 20:15:00,32.0,False,nan,3244140.0
In,2018-09-03 20:15:00,32.0,False,nan,3244140.0
In,2018-09-03 20:15:00,32.0,False,nan,3244140.0
In,2018-09-03 20:15:00,32.0,False,nan,3244140.0
In,2018-09-03 20:15:00,32.0,False,nan,3244140.0
In,2018-09-03 20:15:00,32.0,False,nan,3244140.0
In,2018-09-03 20:15:00,32.0,False,nan,3244140.0
In,2018-09-03 20:15:00,32.0,False,nan,3244140.0
In,2018-09-03 20:15:00,32.0,False,nan,3244140.0
In,2018-09-03 20:16:00,32.0,False,nan,3244200.0
In,2018-09-03 20:16:00,32.0,False,nan,3244200.0
In,2018-09-03 20:16:00,32.0,False,nan,3244200.0
In,2018-09-03 20:16:00,32.0,False,nan,3244200.0
In,2018-09-03 20:16:00,32.0,False,nan,3244200.0
In,2018-09-03 20:16:00,32.0,False,nan,3244200.0
In,2018-09-03 20:16:00,32.0,False,nan,3244200.0
In,2018-09-03 20:16:00,32.0,False,nan,3244200.0
In,2018-09-03 20:16:00,32.0,False,nan,3244200.0
In,2018-09-03 20:16:00,32.0,False,nan,3244200.0
In,2018-09-03 20:16:00,32.0,False,nan,3244200.0
In,2018-09-03 20:16:00,32.0,False,nan,3244200.0
In,2018-09-03 20:16:00,32.0,False,nan,3244200.0
In,2018-09-03 20:16:00,32.0,False,nan,3244200.0
In,2018-09-03 20:17:00,32.0,False,nan,3244260.0
In,2018-09-03 20:17:00,32.0,False,nan,3244260.0
In,2018-09-03 20:17:00,32.0,False,nan,3244260.0
In,2018-09-03 20:17:00,32.0,False,nan,3244260.0
In,2018-09-03 20:17:00,32.0,False,nan,3244260.0
In,2018-09-03 20:17:00,32.0,False,nan,3244260.0
In,2018-09-03 20:17:00,32.0,False,nan,3244260.0
In,2018-09-03 20:17:00,32.0,False,nan,3244260.0
In,2018-09-03 20:17:00,32.0,False,nan,3244260.0
In,2018-09-03 20:17:00,32.0,False,nan,3244260.0
In,2018-09-03 20:17:00,32.0,False,nan,3244260.0
In,2018-09-03 20:17:00,32.0,False,nan,3244260.0
In,2018-09-03 20:17:00,32.0,False,nan,3244260.0
In,2018-09-03 20:18:00,32.0,False,nan,3244320.0
In,2018-09-03 20:18:00,32.0,False,nan,3244320.0
In,2018-09-03 20:18:00,32.0,False,nan,3244320.0
In,2018-09-03 20:18:00,32.0,False,nan,3244320.0
In,2018-09-03 20:18:00,32.0,False,nan,3244320.0
In,2018-09-03 20:18:00,32.0,False,nan,3244320.0
In,2018-09-03 20:18:00,32.0,False,nan,3244320.0
In,2018-09-03 20:18:00,32.0,False,nan,3244320.0
In,2018-09-03 20:18:00,32.0,False,nan,3244320.0
In,2018-09-03 20:18:00,32.0,False,nan,3244320.0
In,2018-09-03 20:18:00,32.0,False,nan,3244320.0
In,2018-09-03 20:18:00,32.0,False,nan,3244320.0
In,2018-09-03 20:18:00,32.0,False,nan,3244320.0
In,2018-09-03 20:18:00,32.0,False,nan,3244320.0
In,2018-09-03 20:18:00,32.0,False,nan,3244320.0
In,2018-09-03 20:19:00,32.0,False,nan,3244380.0
In,2018-09-03 20:19:00,32.0,False,nan,3244380.0
In,2018-09-03 20:19:00,32.0,False,nan,3244380.0
In,2018-09-03 20:19:00,32.0,False,nan,3244380.0
In,2018-09-03 20:19:00,32.0,False,nan,3244380.0
In,2018-09-03 20:19:00,32.0,False,nan,3244380.0
In,2018-09-03 20:19:00,32.0,False,nan,3244380.0
In,2018-09-03 20:19:00,32.0,False,nan,3244380.0
In,2018-09-03 20:19:00,32.0,False,nan,3244380.0
In,2018-09-03 20:19:00,32.0,False,nan,3244380.0
In,2018-09-03 20:19:00,32.0,False,nan,3244380.0
In,2018-09-03 20:19:00,32.0,False,nan,3244380.0
In,2018-09-03 20:19:00,32.0,False,nan,3244380.0
In,2018-09-03 20:20:00,32.0,False,nan,3244440.0
In,2018-09-03 20:20:00,32.0,False,nan,3244440.0
In,2018-09-03 20:20:00,32.0,False,nan,3244440.0
In,2018-09-03 20:20:00,32.0,False,nan,3244440.0
In,2018-09-03 20:20:00,32.0,False,nan,3244440.0
In,2018-09-03 20:20:00,32.0,False,nan,3244440.0
In,2018-09-03 20:20:00,32.0,False,nan,3244440.0
In,2018-09-03 20:20:00,32.0,False,nan,3244440.0
In,2018-09-03 20:20:00,32.0,False,nan,3244440.0
In,2018-09-03 20:20:00,32.0,False,nan,3244440.0
In,2018-09-03 20:20:00,32.0,False,nan,3244440.0
In,2018-09-03 20:20:00,32.0,False,nan,3244440.0
In,2018-09-03 20:20:00,32.0,False,nan,3244440.0
In,2018-09-03 20:20:00,32.0,False,nan,3244440.0
In,2018-09-03 20:20:00,32.0,False,nan,3244440.0
In,2018-09-03 20:20:00,32.0,False,nan,3244440.0
In,2018-09-03 20:21:00,32.0,False,nan,3244500.0
In,2018-09-03 20:21:00,32.0,False,nan,3244500.0
In,2018-09-03 20:21:00,32.0,False,nan,3244500.0
In,2018-09-03 20:21:00,32.0,False,nan,3244500.0
In,2018-09-03 20:21:00,32.0,False,nan,3244500.0
In,2018-09-03 20:21:00,32.0,False,nan,3244500.0
In,2018-09-03 20:21:00,32.0,False,nan,3244500.0
In,2018-09-03 20:21:00,32.0,False,nan,3244500.0
In,2018-09-03 20:21:00,32.0,False,nan,3244500.0
In,2018-09-03 20:21:00,32.0,False,nan,3244500.0
In,2018-09-03 20:21:00,32.0,False,nan,3244500.0
In,2018-09-03 20:22:00,32.0,False,nan,3244560.0
In,2018-09-03 20:22:00,32.0,False,nan,3244560.0
In,2018-09-03 20:22:00,32.0,False,nan,3244560.0
In,2018-09-03 20:22:00,32.0,False,nan,3244560.0
In,2018-09-03 20:22:00,32.0,False,nan,3244560.0
In,2018-09-03 20:22:00,32.0,False,nan,3244560.0
In,2018-09-03 20:22:00,32.0,False,nan,3244560.0
In,2018-09-03 20:23:00,32.0,False,nan,3244620.0
In,2018-09-03 20:23:00,32.0,False,nan,3244620.0
In,2018-09-03 20:23:00,32.0,False,nan,3244620.0
In,2018-09-03 20:23:00,32.0,False,nan,3244620.0
In,2018-09-03 20:23:00,32.0,False,nan,3244620.0
In,2018-09-03 20:23:00,32.0,False,nan,3244620.0
In,2018-09-03 20:29:00,31.0,False,nan,3244980.0
In,2018-09-03 20:29:00,32.0,False,nan,3244980.0
In,2018-09-03 20:57:00,32.0,False,nan,3246660.0
In,2018-09-03 20:57:00,33.0,False,nan,3246660.0
In,2018-09-04 01:40:00,32.0,False,nan,3263640.0
In,2018-09-04 01:40:00,32.0,False,nan,3263640.0
In,2018-09-04 01:42:00,32.0,False,nan,3263760.0
In,2018-09-04 01:42:00,32.0,False,nan,3263760.0
In,2018-09-04 01:48:00,32.0,False,nan,3264120.0
In,2018-09-04 01:48:00,32.0,False,nan,3264120.0
In,2018-09-04 01:50:00,32.0,False,nan,3264240.0
In,2018-09-04 01:50:00,32.0,False,nan,3264240.0
In,2018-09-04 01:52:00,32.0,False,nan,3264360.0
In,2018-09-04 01:52:00,32.0,False,nan,3264360.0
In,2018-09-04 01:53:00,32.0,False,nan,3264420.0
In,2018-09-04 01:53:00,32.0,False,nan,3264420.0
In,2018-09-04 01:53:00,32.0,False,nan,3264420.0
In,2018-09-04 01:53:00,32.0,False,nan,3264420.0
In,2018-09-04 01:53:00,32.0,False,nan,3264420.0
In,2018-09-04 01:54:00,32.0,False,nan,3264480.0
In,2018-09-04 01:54:00,32.0,False,nan,3264480.0
In,2018-09-04 01:54:00,32.0,False,nan,3264480.0
In,2018-09-04 01:54:00,32.0,False,nan,3264480.0
In,2018-09-04 01:54:00,32.0,False,nan,3264480.0
In,2018-09-04 01:54:00,32.0,False,nan,3264480.0
In,2018-09-04 01:54:00,32.0,False,nan,3264480.0
In,2018-09-04 01:54:00,32.0,False,nan,3264480.0
In,2018-09-04 01:54:00,32.0,False,nan,3264480.0
In,2018-09-04 01:54:00,32.0,False,nan,3264480.0
In,2018-09-04 01:55:00,32.0,False,nan,3264540.0
In,2018-09-04 01:55:00,32.0,False,nan,3264540.0
In,2018-09-04 01:55:00,32.0,False,nan,3264540.0
In,2018-09-04 01:55:00,32.0,False,nan,3264540.0
In,2018-09-04 01:55:00,32.0,False,nan,3264540.0
In,2018-09-04 01:55:00,32.0,False,nan,3264540.0
In,2018-09-04 01:55:00,32.0,False,nan,3264540.0
In,2018-09-04 01:55:00,32.0,False,nan,3264540.0
In,2018-09-04 01:55:00,32.0,False,nan,3264540.0
In,2018-09-04 01:55:00,32.0,False,nan,3264540.0
In,2018-09-04 01:56:00,32.0,False,nan,3264600.0
In,2018-09-04 01:56:00,32.0,False,nan,3264600.0
In,2018-09-04 01:56:00,32.0,False,nan,3264600.0
In,2018-09-04 01:56:00,32.0,False,nan,3264600.0
In,2018-09-04 01:56:00,32.0,False,nan,3264600.0
In,2018-09-04 01:56:00,32.0,False,nan,3264600.0
In,2018-09-04 01:56:00,32.0,False,nan,3264600.0
In,2018-09-04 01:56:00,32.0,False,nan,3264600.0
In,2018-09-04 01:57:00,32.0,False,nan,3264660.0
In,2018-09-04 01:57:00,32.0,False,nan,3264660.0
In,2018-09-04 01:57:00,32.0,False,nan,3264660.0
In,2018-09-04 01:57:00,32.0,False,nan,3264660.0
In,2018-09-04 01:57:00,32.0,False,nan,3264660.0
In,2018-09-04 01:57:00,32.0,False,nan,3264660.0
In,2018-09-04 01:57:00,32.0,False,nan,3264660.0
In,2018-09-04 01:57:00,32.0,False,nan,3264660.0
In,2018-09-04 01:57:00,32.0,False,nan,3264660.0
In,2018-09-04 01:57:00,32.0,False,nan,3264660.0
In,2018-09-04 01:58:00,32.0,False,nan,3264720.0
In,2018-09-04 01:58:00,32.0,False,nan,3264720.0
In,2018-09-04 01:58:00,32.0,False,nan,3264720.0
In,2018-09-04 01:58:00,32.0,False,nan,3264720.0
In,2018-09-04 01:58:00,32.0,False,nan,3264720.0
In,2018-09-04 01:59:00,32.0,False,nan,3264780.0
In,2018-09-04 01:59:00,32.0,False,nan,3264780.0
In,2018-09-04 02:00:00,32.0,False,nan,3264840.0
In,2018-09-04 02:00:00,32.0,False,nan,3264840.0
In,2018-09-04 02:01:00,32.0,False,nan,3264900.0
In,2018-09-04 02:01:00,32.0,False,nan,3264900.0
In,2018-09-04 02:01:00,32.0,False,nan,3264900.0
In,2018-09-04 02:01:00,32.0,False,nan,3264900.0
In,2018-09-04 02:01:00,32.0,False,nan,3264900.0
In,2018-09-04 02:01:00,32.0,False,nan,3264900.0
In,2018-09-04 02:01:00,32.0,False,nan,3264900.0
In,2018-09-04 02:01:00,32.0,False,nan,3264900.0
In,2018-09-04 02:01:00,32.0,False,nan,3264900.0
In,2018-09-04 02:01:00,32.0,False,nan,3264900.0
In,2018-09-04 02:02:00,32.0,False,nan,3264960.0
In,2018-09-04 02:02:00,32.0,False,nan,3264960.0
In,2018-09-04 02:02:00,32.0,False,nan,3264960.0
In,2018-09-04 02:02:00,32.0,False,nan,3264960.0
In,2018-09-04 02:02:00,32.0,False,nan,3264960.0
In,2018-09-04 02:02:00,32.0,False,nan,3264960.0
In,2018-09-04 02:02:00,32.0,False,nan,3264960.0
In,2018-09-04 02:02:00,32.0,False,nan,3264960.0
In,2018-09-04 02:02:00,32.0,False,nan,3264960.0
In,2018-09-04 02:02:00,32.0,False,nan,3264960.0
In,2018-09-04 02:02:00,32.0,False,nan,3264960.0
In,2018-09-04 02:03:00,32.0,False,nan,3265020.0
In,2018-09-04 02:03:00,32.0,False,nan,3265020.0
In,2018-09-04 02:03:00,32.0,False,nan,3265020.0
In,2018-09-04 02:03:00,32.0,False,nan,3265020.0
In,2018-09-04 02:03:00,32.0,False,nan,3265020.0
In,2018-09-04 02:03:00,32.0,False,nan,3265020.0
In,2018-09-04 02:03:00,32.0,False,nan,3265020.0
In,2018-09-04 02:03:00,32.0,False,nan,3265020.0
In,2018-09-04 02:04:00,32.0,False,nan,3265080.0
In,2018-09-04 02:04:00,32.0,False,nan,3265080.0
In,2018-09-04 02:04:00,32.0,False,nan,3265080.0
In,2018-09-04 02:04:00,32.0,False,nan,3265080.0
In,2018-09-04 02:04:00,32.0,False,nan,3265080.0
In,2018-09-04 02:04:00,32.0,False,nan,3265080.0
In,2018-09-04 02:04:00,32.0,False,nan,3265080.0
In,2018-09-04 02:05:00,32.0,False,nan,3265140.0
In,2018-09-04 02:05:00,32.0,False,nan,3265140.0
In,2018-09-04 02:05:00,32.0,False,nan,3265140.0
In,2018-09-04 02:05:00,32.0,False,nan,3265140.0
In,2018-09-04 02:05:00,32.0,False,nan,3265140.0
In,2018-09-04 02:05:00,32.0,False,nan,3265140.0
In,2018-09-04 02:05:00,32.0,False,nan,3265140.0
In,2018-09-04 02:05:00,32.0,False,nan,3265140.0
In,2018-09-04 02:05:00,32.0,False,nan,3265140.0
In,2018-09-04 02:06:00,32.0,False,nan,3265200.0
In,2018-09-04 02:06:00,32.0,False,nan,3265200.0
In,2018-09-04 02:06:00,32.0,False,nan,3265200.0
In,2018-09-04 02:06:00,32.0,False,nan,3265200.0
In,2018-09-04 02:06:00,32.0,False,nan,3265200.0
In,2018-09-04 02:06:00,32.0,False,nan,3265200.0
In,2018-09-04 02:06:00,32.0,False,nan,3265200.0
In,2018-09-04 02:06:00,32.0,False,nan,3265200.0
In,2018-09-04 02:07:00,32.0,False,nan,3265260.0
In,2018-09-04 02:07:00,32.0,False,nan,3265260.0
In,2018-09-04 02:07:00,32.0,False,nan,3265260.0
In,2018-09-04 02:07:00,32.0,False,nan,3265260.0
In,2018-09-04 02:07:00,32.0,False,nan,3265260.0
In,2018-09-04 02:07:00,32.0,False,nan,3265260.0
In,2018-09-04 02:07:00,32.0,False,nan,3265260.0
In,2018-09-04 02:07:00,32.0,False,nan,3265260.0
In,2018-09-04 02:07:00,32.0,False,nan,3265260.0
In,2018-09-04 02:07:00,32.0,False,nan,3265260.0
In,2018-09-04 02:07:00,32.0,False,nan,3265260.0
In,2018-09-04 02:08:00,32.0,False,nan,3265320.0
In,2018-09-04 02:08:00,32.0,False,nan,3265320.0
In,2018-09-04 02:08:00,32.0,False,nan,3265320.0
In,2018-09-04 02:08:00,32.0,False,nan,3265320.0
In,2018-09-04 02:08:00,32.0,False,nan,3265320.0
In,2018-09-04 02:08:00,32.0,False,nan,3265320.0
In,2018-09-04 02:08:00,32.0,False,nan,3265320.0
In,2018-09-04 02:08:00,32.0,False,nan,3265320.0
In,2018-09-04 02:08:00,32.0,False,nan,3265320.0
In,2018-09-04 02:08:00,32.0,False,nan,3265320.0
In,2018-09-04 02:09:00,32.0,False,nan,3265380.0
In,2018-09-04 02:09:00,32.0,False,nan,3265380.0
In,2018-09-04 02:09:00,32.0,False,nan,3265380.0
In,2018-09-04 02:09:00,32.0,False,nan,3265380.0
In,2018-09-04 02:09:00,32.0,False,nan,3265380.0
In,2018-09-04 02:09:00,32.0,False,nan,3265380.0
In,2018-09-04 02:09:00,32.0,False,nan,3265380.0
In,2018-09-04 02:09:00,32.0,False,nan,3265380.0
In,2018-09-04 02:09:00,32.0,False,nan,3265380.0
In,2018-09-04 02:09:00,32.0,False,nan,3265380.0
In,2018-09-04 02:09:00,32.0,False,nan,3265380.0
In,2018-09-04 02:09:00,32.0,False,nan,3265380.0
In,2018-09-04 02:10:00,32.0,False,nan,3265440.0
In,2018-09-04 02:10:00,32.0,False,nan,3265440.0
In,2018-09-04 02:10:00,32.0,False,nan,3265440.0
In,2018-09-04 02:10:00,32.0,False,nan,3265440.0
In,2018-09-04 02:11:00,32.0,False,nan,3265500.0
In,2018-09-04 02:11:00,32.0,False,nan,3265500.0
In,2018-09-04 02:11:00,32.0,False,nan,3265500.0
In,2018-09-04 02:11:00,32.0,False,nan,3265500.0
In,2018-09-04 02:11:00,32.0,False,nan,3265500.0
In,2018-09-04 02:11:00,32.0,False,nan,3265500.0
In,2018-09-04 02:11:00,32.0,False,nan,3265500.0
In,2018-09-04 02:12:00,32.0,False,nan,3265560.0
In,2018-09-04 02:12:00,32.0,False,nan,3265560.0
In,2018-09-04 02:12:00,32.0,False,nan,3265560.0
In,2018-09-04 02:12:00,32.0,False,nan,3265560.0
In,2018-09-04 02:24:00,32.0,False,nan,3266280.0
In,2018-09-04 02:24:00,31.0,False,nan,3266280.0
In,2018-09-04 02:31:00,32.0,False,nan,3266700.0
In,2018-09-04 02:35:00,32.0,False,nan,3266940.0
In,2018-09-04 02:36:00,32.0,False,nan,3267000.0
In,2018-09-04 02:36:00,32.0,False,nan,3267000.0
In,2018-09-04 02:36:00,32.0,False,nan,3267000.0
In,2018-09-04 02:36:00,32.0,False,nan,3267000.0
In,2018-09-04 02:36:00,32.0,False,nan,3267000.0
In,2018-09-04 02:40:00,32.0,False,nan,3267240.0
In,2018-09-04 02:40:00,32.0,False,nan,3267240.0
In,2018-09-04 02:40:00,32.0,False,nan,3267240.0
In,2018-09-04 02:40:00,32.0,False,nan,3267240.0
In,2018-09-04 02:40:00,32.0,False,nan,3267240.0
In,2018-09-04 02:40:00,32.0,False,nan,3267240.0
In,2018-09-04 02:40:00,32.0,False,nan,3267240.0
In,2018-09-04 02:40:00,32.0,False,nan,3267240.0
In,2018-09-04 02:40:00,32.0,False,nan,3267240.0
In,2018-09-04 02:40:00,32.0,False,nan,3267240.0
In,2018-09-04 02:40:00,32.0,False,nan,3267240.0
In,2018-09-04 02:40:00,32.0,False,nan,3267240.0
In,2018-09-04 02:43:00,32.0,False,nan,3267420.0
In,2018-09-04 02:43:00,31.0,False,nan,3267420.0
In,2018-09-04 02:45:00,32.0,False,nan,3267540.0
In,2018-09-04 02:46:00,31.0,False,nan,3267600.0
In,2018-09-04 02:46:00,32.0,False,nan,3267600.0
In,2018-09-04 02:46:00,32.0,False,nan,3267600.0
In,2018-09-04 02:47:00,32.0,False,nan,3267660.0
In,2018-09-04 02:47:00,31.0,False,nan,3267660.0
In,2018-09-04 02:47:00,31.0,False,nan,3267660.0
In,2018-09-04 02:47:00,32.0,False,nan,3267660.0
In,2018-09-04 02:47:00,31.0,False,nan,3267660.0
In,2018-09-04 02:47:00,32.0,False,nan,3267660.0
In,2018-09-04 02:48:00,32.0,False,nan,3267720.0
In,2018-09-04 02:48:00,31.0,False,nan,3267720.0
In,2018-09-04 02:48:00,32.0,False,nan,3267720.0
In,2018-09-04 02:48:00,32.0,False,nan,3267720.0
In,2018-09-04 02:48:00,32.0,False,nan,3267720.0
In,2018-09-04 02:49:00,32.0,False,nan,3267780.0
In,2018-09-04 02:49:00,32.0,False,nan,3267780.0
In,2018-09-04 02:49:00,31.0,False,nan,3267780.0
In,2018-09-04 02:49:00,31.0,False,nan,3267780.0
In,2018-09-04 02:49:00,32.0,False,nan,3267780.0
In,2018-09-04 02:49:00,31.0,False,nan,3267780.0
In,2018-09-04 02:49:00,32.0,False,nan,3267780.0
In,2018-09-04 02:49:00,32.0,False,nan,3267780.0
In,2018-09-04 02:49:00,31.0,False,nan,3267780.0
In,2018-09-04 02:49:00,32.0,False,nan,3267780.0
In,2018-09-04 02:49:00,31.0,False,nan,3267780.0
In,2018-09-04 02:49:00,32.0,False,nan,3267780.0
In,2018-09-04 02:49:00,31.0,False,nan,3267780.0
In,2018-09-04 02:49:00,32.0,False,nan,3267780.0
In,2018-09-04 02:50:00,32.0,False,nan,3267840.0
In,2018-09-04 02:50:00,31.0,False,nan,3267840.0
In,2018-09-04 02:50:00,31.0,False,nan,3267840.0
In,2018-09-04 02:50:00,31.0,False,nan,3267840.0
In,2018-09-04 02:50:00,32.0,False,nan,3267840.0
In,2018-09-04 02:50:00,31.0,False,nan,3267840.0
In,2018-09-04 02:50:00,31.0,False,nan,3267840.0
In,2018-09-04 02:50:00,32.0,False,nan,3267840.0
In,2018-09-04 02:50:00,31.0,False,nan,3267840.0
In,2018-09-04 02:50:00,32.0,False,nan,3267840.0
In,2018-09-04 02:50:00,31.0,False,nan,3267840.0
In,2018-09-04 02:50:00,32.0,False,nan,3267840.0
In,2018-09-04 02:50:00,32.0,False,nan,3267840.0
In,2018-09-04 02:50:00,31.0,False,nan,3267840.0
In,2018-09-04 02:50:00,32.0,False,nan,3267840.0
In,2018-09-04 02:50:00,31.0,False,nan,3267840.0
In,2018-09-04 02:50:00,32.0,False,nan,3267840.0
In,2018-09-04 02:51:00,31.0,False,nan,3267900.0
In,2018-09-04 02:51:00,31.0,False,nan,3267900.0
In,2018-09-04 02:51:00,31.0,False,nan,3267900.0
In,2018-09-04 02:51:00,32.0,False,nan,3267900.0
In,2018-09-04 02:51:00,32.0,False,nan,3267900.0
In,2018-09-04 02:51:00,31.0,False,nan,3267900.0
In,2018-09-04 02:51:00,31.0,False,nan,3267900.0
In,2018-09-04 02:51:00,31.0,False,nan,3267900.0
In,2018-09-04 02:51:00,31.0,False,nan,3267900.0
In,2018-09-04 02:51:00,32.0,False,nan,3267900.0
In,2018-09-04 02:51:00,32.0,False,nan,3267900.0
In,2018-09-04 02:51:00,31.0,False,nan,3267900.0
In,2018-09-04 02:52:00,31.0,False,nan,3267960.0
In,2018-09-04 02:52:00,31.0,False,nan,3267960.0
In,2018-09-04 02:52:00,31.0,False,nan,3267960.0
In,2018-09-04 02:52:00,31.0,False,nan,3267960.0
In,2018-09-04 02:53:00,31.0,False,nan,3268020.0
In,2018-09-04 02:53:00,31.0,False,nan,3268020.0
In,2018-09-04 02:53:00,31.0,False,nan,3268020.0
In,2018-09-04 02:53:00,31.0,False,nan,3268020.0
In,2018-09-04 02:53:00,31.0,False,nan,3268020.0
In,2018-09-04 02:54:00,31.0,False,nan,3268080.0
In,2018-09-04 02:54:00,31.0,False,nan,3268080.0
In,2018-09-04 02:54:00,31.0,False,nan,3268080.0
In,2018-09-04 02:54:00,31.0,False,nan,3268080.0
In,2018-09-04 02:55:00,31.0,False,nan,3268140.0
In,2018-09-04 02:55:00,31.0,False,nan,3268140.0
In,2018-09-04 02:55:00,31.0,False,nan,3268140.0
In,2018-09-04 02:56:00,31.0,False,nan,3268200.0
In,2018-09-04 02:56:00,31.0,False,nan,3268200.0
In,2018-09-04 02:57:00,31.0,False,nan,3268260.0
In,2018-09-04 02:57:00,31.0,False,nan,3268260.0
In,2018-09-04 02:57:00,31.0,False,nan,3268260.0
In,2018-09-04 02:57:00,31.0,False,nan,3268260.0
In,2018-09-04 02:57:00,31.0,False,nan,3268260.0
In,2018-09-04 02:57:00,31.0,False,nan,3268260.0
In,2018-09-04 02:58:00,31.0,False,nan,3268320.0
In,2018-09-04 02:58:00,31.0,False,nan,3268320.0
In,2018-09-04 02:58:00,31.0,False,nan,3268320.0
In,2018-09-04 02:58:00,31.0,False,nan,3268320.0
In,2018-09-04 02:58:00,31.0,False,nan,3268320.0
In,2018-09-04 02:58:00,31.0,False,nan,3268320.0
In,2018-09-04 02:59:00,31.0,False,nan,3268380.0
In,2018-09-04 02:59:00,31.0,False,nan,3268380.0
In,2018-09-04 03:00:00,31.0,False,nan,3268440.0
In,2018-09-04 03:00:00,31.0,False,nan,3268440.0
In,2018-09-04 03:01:00,31.0,False,nan,3268500.0
In,2018-09-04 03:01:00,31.0,False,nan,3268500.0
In,2018-09-04 03:01:00,31.0,False,nan,3268500.0
In,2018-09-04 03:02:00,31.0,False,nan,3268560.0
In,2018-09-04 03:02:00,31.0,False,nan,3268560.0
In,2018-09-04 03:02:00,31.0,False,nan,3268560.0
In,2018-09-04 03:02:00,31.0,False,nan,3268560.0
In,2018-09-04 03:02:00,30.0,False,nan,3268560.0
In,2018-09-04 03:03:00,31.0,False,nan,3268620.0
In,2018-09-04 03:03:00,30.0,False,nan,3268620.0
In,2018-09-04 03:03:00,31.0,False,nan,3268620.0
In,2018-09-04 03:03:00,31.0,False,nan,3268620.0
In,2018-09-04 03:03:00,30.0,False,nan,3268620.0
In,2018-09-04 03:03:00,30.0,False,nan,3268620.0
In,2018-09-04 03:03:00,31.0,False,nan,3268620.0
In,2018-09-04 03:04:00,31.0,False,nan,3268680.0
In,2018-09-04 03:04:00,31.0,False,nan,3268680.0
In,2018-09-04 03:04:00,30.0,False,nan,3268680.0
In,2018-09-04 03:04:00,31.0,False,nan,3268680.0
In,2018-09-04 03:04:00,31.0,False,nan,3268680.0
In,2018-09-04 03:04:00,30.0,False,nan,3268680.0
In,2018-09-04 03:04:00,31.0,False,nan,3268680.0
In,2018-09-04 03:04:00,30.0,False,nan,3268680.0
In,2018-09-04 03:04:00,30.0,False,nan,3268680.0
In,2018-09-04 03:04:00,31.0,False,nan,3268680.0
In,2018-09-04 03:04:00,30.0,False,nan,3268680.0
In,2018-09-04 03:04:00,31.0,False,nan,3268680.0
In,2018-09-04 03:04:00,30.0,False,nan,3268680.0
In,2018-09-04 03:05:00,31.0,False,nan,3268740.0
In,2018-09-04 03:05:00,30.0,False,nan,3268740.0
In,2018-09-04 03:05:00,31.0,False,nan,3268740.0
In,2018-09-04 03:05:00,30.0,False,nan,3268740.0
In,2018-09-04 03:05:00,30.0,False,nan,3268740.0
In,2018-09-04 03:05:00,31.0,False,nan,3268740.0
In,2018-09-04 03:05:00,30.0,False,nan,3268740.0
In,2018-09-04 03:05:00,31.0,False,nan,3268740.0
In,2018-09-04 03:05:00,30.0,False,nan,3268740.0
In,2018-09-04 03:06:00,30.0,False,nan,3268800.0
In,2018-09-04 03:06:00,31.0,False,nan,3268800.0
In,2018-09-04 03:06:00,30.0,False,nan,3268800.0
In,2018-09-04 03:06:00,30.0,False,nan,3268800.0
In,2018-09-04 03:06:00,31.0,False,nan,3268800.0
In,2018-09-04 03:07:00,31.0,False,nan,3268860.0
In,2018-09-04 03:07:00,31.0,False,nan,3268860.0
In,2018-09-04 03:07:00,30.0,False,nan,3268860.0
In,2018-09-04 03:07:00,30.0,False,nan,3268860.0
In,2018-09-04 03:07:00,30.0,False,nan,3268860.0
In,2018-09-04 03:08:00,30.0,False,nan,3268920.0
In,2018-09-04 03:08:00,30.0,False,nan,3268920.0
In,2018-09-04 03:08:00,30.0,False,nan,3268920.0
In,2018-09-04 03:08:00,30.0,False,nan,3268920.0
In,2018-09-04 03:08:00,30.0,False,nan,3268920.0
In,2018-09-04 03:09:00,30.0,False,nan,3268980.0
In,2018-09-04 03:09:00,30.0,False,nan,3268980.0
In,2018-09-04 03:09:00,30.0,False,nan,3268980.0
In,2018-09-04 03:09:00,30.0,False,nan,3268980.0
In,2018-09-04 03:09:00,30.0,False,nan,3268980.0
In,2018-09-04 03:10:00,30.0,False,nan,3269040.0
In,2018-09-04 03:11:00,30.0,False,nan,3269100.0
In,2018-09-04 03:11:00,30.0,False,nan,3269100.0
In,2018-09-04 03:11:00,30.0,False,nan,3269100.0
In,2018-09-04 03:12:00,30.0,False,nan,3269160.0
In,2018-09-04 03:12:00,30.0,False,nan,3269160.0
In,2018-09-04 03:12:00,30.0,False,nan,3269160.0
In,2018-09-04 03:13:00,30.0,False,nan,3269220.0
In,2018-09-04 03:13:00,30.0,False,nan,3269220.0
In,2018-09-04 03:14:00,30.0,False,nan,3269280.0
In,2018-09-04 03:14:00,30.0,False,nan,3269280.0
In,2018-09-04 03:15:00,30.0,False,nan,3269340.0
In,2018-09-04 03:15:00,30.0,False,nan,3269340.0
In,2018-09-04 03:16:00,30.0,False,nan,3269400.0
In,2018-09-04 03:16:00,30.0,False,nan,3269400.0
In,2018-09-04 03:16:00,30.0,False,nan,3269400.0
In,2018-09-04 03:16:00,30.0,False,nan,3269400.0
In,2018-09-04 03:16:00,30.0,False,nan,3269400.0
In,2018-09-04 03:16:00,29.0,False,nan,3269400.0
In,2018-09-04 03:16:00,30.0,False,nan,3269400.0
In,2018-09-04 03:17:00,30.0,False,nan,3269460.0
In,2018-09-04 03:17:00,30.0,False,nan,3269460.0
In,2018-09-04 03:17:00,30.0,False,nan,3269460.0
In,2018-09-04 03:17:00,30.0,False,nan,3269460.0
In,2018-09-04 03:18:00,30.0,False,nan,3269520.0
In,2018-09-04 03:18:00,30.0,False,nan,3269520.0
In,2018-09-04 03:18:00,30.0,False,nan,3269520.0
In,2018-09-04 03:18:00,30.0,False,nan,3269520.0
In,2018-09-04 03:18:00,30.0,False,nan,3269520.0
In,2018-09-04 03:18:00,29.0,False,nan,3269520.0
In,2018-09-04 03:18:00,30.0,False,nan,3269520.0
In,2018-09-04 03:19:00,30.0,False,nan,3269580.0
In,2018-09-04 03:19:00,30.0,False,nan,3269580.0
In,2018-09-04 03:19:00,30.0,False,nan,3269580.0
In,2018-09-04 03:19:00,29.0,False,nan,3269580.0
In,2018-09-04 03:20:00,30.0,False,nan,3269640.0
In,2018-09-04 03:20:00,30.0,False,nan,3269640.0
In,2018-09-04 03:20:00,30.0,False,nan,3269640.0
In,2018-09-04 03:20:00,30.0,False,nan,3269640.0
In,2018-09-04 03:21:00,30.0,False,nan,3269700.0
In,2018-09-04 03:21:00,30.0,False,nan,3269700.0
In,2018-09-04 03:21:00,30.0,False,nan,3269700.0
In,2018-09-04 03:21:00,30.0,False,nan,3269700.0
In,2018-09-04 03:21:00,30.0,False,nan,3269700.0
In,2018-09-04 03:21:00,29.0,False,nan,3269700.0
In,2018-09-04 03:21:00,29.0,False,nan,3269700.0
In,2018-09-04 03:21:00,30.0,False,nan,3269700.0
In,2018-09-04 03:21:00,29.0,False,nan,3269700.0
In,2018-09-04 03:21:00,29.0,False,nan,3269700.0
In,2018-09-04 03:21:00,30.0,False,nan,3269700.0
In,2018-09-04 03:21:00,30.0,False,nan,3269700.0
In,2018-09-04 03:22:00,30.0,False,nan,3269760.0
In,2018-09-04 03:22:00,30.0,False,nan,3269760.0
In,2018-09-04 03:22:00,30.0,False,nan,3269760.0
In,2018-09-04 03:22:00,29.0,False,nan,3269760.0
In,2018-09-04 03:22:00,29.0,False,nan,3269760.0
In,2018-09-04 03:22:00,30.0,False,nan,3269760.0
In,2018-09-04 03:22:00,29.0,False,nan,3269760.0
In,2018-09-04 03:22:00,30.0,False,nan,3269760.0
In,2018-09-04 03:22:00,29.0,False,nan,3269760.0
In,2018-09-04 03:22:00,30.0,False,nan,3269760.0
In,2018-09-04 03:22:00,30.0,False,nan,3269760.0
In,2018-09-04 03:22:00,29.0,False,nan,3269760.0
In,2018-09-04 03:22:00,29.0,False,nan,3269760.0
In,2018-09-04 03:22:00,29.0,False,nan,3269760.0
In,2018-09-04 03:23:00,30.0,False,nan,3269820.0
In,2018-09-04 03:23:00,29.0,False,nan,3269820.0
In,2018-09-04 03:23:00,30.0,False,nan,3269820.0
In,2018-09-04 03:23:00,29.0,False,nan,3269820.0
In,2018-09-04 03:23:00,30.0,False,nan,3269820.0
In,2018-09-04 03:23:00,30.0,False,nan,3269820.0
In,2018-09-04 03:23:00,30.0,False,nan,3269820.0
In,2018-09-04 03:23:00,29.0,False,nan,3269820.0
In,2018-09-04 03:23:00,30.0,False,nan,3269820.0
In,2018-09-04 03:23:00,29.0,False,nan,3269820.0
In,2018-09-04 03:23:00,30.0,False,nan,3269820.0
In,2018-09-04 03:23:00,29.0,False,nan,3269820.0
In,2018-09-04 03:24:00,30.0,False,nan,3269880.0
In,2018-09-04 03:24:00,30.0,False,nan,3269880.0
In,2018-09-04 03:24:00,29.0,False,nan,3269880.0
In,2018-09-04 03:24:00,29.0,False,nan,3269880.0
In,2018-09-04 03:24:00,29.0,False,nan,3269880.0
In,2018-09-04 03:24:00,30.0,False,nan,3269880.0
In,2018-09-04 03:24:00,30.0,False,nan,3269880.0
In,2018-09-04 03:24:00,29.0,False,nan,3269880.0
In,2018-09-04 03:24:00,29.0,False,nan,3269880.0
In,2018-09-04 03:24:00,30.0,False,nan,3269880.0
In,2018-09-04 03:24:00,30.0,False,nan,3269880.0
In,2018-09-04 03:24:00,30.0,False,nan,3269880.0
In,2018-09-04 03:25:00,29.0,False,nan,3269940.0
In,2018-09-04 03:25:00,29.0,False,nan,3269940.0
In,2018-09-04 03:25:00,29.0,False,nan,3269940.0
In,2018-09-04 03:25:00,30.0,False,nan,3269940.0
In,2018-09-04 03:25:00,29.0,False,nan,3269940.0
In,2018-09-04 03:25:00,30.0,False,nan,3269940.0
In,2018-09-04 03:25:00,30.0,False,nan,3269940.0
In,2018-09-04 03:25:00,29.0,False,nan,3269940.0
In,2018-09-04 03:25:00,29.0,False,nan,3269940.0
In,2018-09-04 03:25:00,30.0,False,nan,3269940.0
In,2018-09-04 03:25:00,29.0,False,nan,3269940.0
In,2018-09-04 03:25:00,30.0,False,nan,3269940.0
In,2018-09-04 03:25:00,29.0,False,nan,3269940.0
In,2018-09-04 03:25:00,30.0,False,nan,3269940.0
In,2018-09-04 03:26:00,30.0,False,nan,3270000.0
In,2018-09-04 03:26:00,29.0,False,nan,3270000.0
In,2018-09-04 03:26:00,30.0,False,nan,3270000.0
In,2018-09-04 03:26:00,29.0,False,nan,3270000.0
In,2018-09-04 03:26:00,30.0,False,nan,3270000.0
In,2018-09-04 03:26:00,29.0,False,nan,3270000.0
In,2018-09-04 03:26:00,30.0,False,nan,3270000.0
In,2018-09-04 03:26:00,30.0,False,nan,3270000.0
In,2018-09-04 03:26:00,29.0,False,nan,3270000.0
In,2018-09-04 03:26:00,29.0,False,nan,3270000.0
In,2018-09-04 03:27:00,30.0,False,nan,3270060.0
In,2018-09-04 03:27:00,29.0,False,nan,3270060.0
In,2018-09-04 03:27:00,29.0,False,nan,3270060.0
In,2018-09-04 03:27:00,29.0,False,nan,3270060.0
In,2018-09-04 03:27:00,29.0,False,nan,3270060.0
In,2018-09-04 03:27:00,29.0,False,nan,3270060.0
In,2018-09-04 03:27:00,30.0,False,nan,3270060.0
In,2018-09-04 03:27:00,29.0,False,nan,3270060.0
In,2018-09-04 03:27:00,29.0,False,nan,3270060.0
In,2018-09-04 03:27:00,29.0,False,nan,3270060.0
In,2018-09-04 03:27:00,30.0,False,nan,3270060.0
In,2018-09-04 03:27:00,30.0,False,nan,3270060.0
In,2018-09-04 03:28:00,29.0,False,nan,3270120.0
In,2018-09-04 03:28:00,29.0,False,nan,3270120.0
In,2018-09-04 03:28:00,30.0,False,nan,3270120.0
In,2018-09-04 03:28:00,30.0,False,nan,3270120.0
In,2018-09-04 03:28:00,29.0,False,nan,3270120.0
In,2018-09-04 03:28:00,30.0,False,nan,3270120.0
In,2018-09-04 03:29:00,29.0,False,nan,3270180.0
In,2018-09-04 03:29:00,30.0,False,nan,3270180.0
In,2018-09-04 03:29:00,29.0,False,nan,3270180.0
In,2018-09-04 03:29:00,30.0,False,nan,3270180.0
In,2018-09-04 03:30:00,29.0,False,nan,3270240.0
In,2018-09-04 03:30:00,30.0,False,nan,3270240.0
In,2018-09-04 03:31:00,29.0,False,nan,3270300.0
In,2018-09-04 03:31:00,29.0,False,nan,3270300.0
In,2018-09-04 03:33:00,29.0,False,nan,3270420.0
In,2018-09-04 03:33:00,29.0,False,nan,3270420.0
In,2018-09-04 03:33:00,29.0,False,nan,3270420.0
In,2018-09-04 03:33:00,29.0,False,nan,3270420.0
In,2018-09-04 03:34:00,29.0,False,nan,3270480.0
In,2018-09-04 03:34:00,29.0,False,nan,3270480.0
In,2018-09-04 03:34:00,29.0,False,nan,3270480.0
In,2018-09-04 03:34:00,29.0,False,nan,3270480.0
In,2018-09-04 03:34:00,29.0,False,nan,3270480.0
In,2018-09-04 03:34:00,29.0,False,nan,3270480.0
In,2018-09-04 03:34:00,29.0,False,nan,3270480.0
In,2018-09-04 03:34:00,29.0,False,nan,3270480.0
In,2018-09-04 03:34:00,29.0,False,nan,3270480.0
In,2018-09-04 03:34:00,29.0,False,nan,3270480.0
In,2018-09-04 03:34:00,29.0,False,nan,3270480.0
In,2018-09-04 03:34:00,29.0,False,nan,3270480.0
In,2018-09-04 03:35:00,29.0,False,nan,3270540.0
In,2018-09-04 03:37:00,29.0,False,nan,3270660.0
In,2018-09-04 03:37:00,29.0,False,nan,3270660.0
In,2018-09-04 03:37:00,29.0,False,nan,3270660.0
In,2018-09-04 03:37:00,29.0,False,nan,3270660.0
In,2018-09-04 03:38:00,29.0,False,nan,3270720.0
In,2018-09-04 03:41:00,29.0,False,nan,3270900.0
In,2018-09-04 03:41:00,29.0,False,nan,3270900.0
In,2018-09-04 03:42:00,29.0,False,nan,3270960.0
In,2018-09-04 03:43:00,29.0,False,nan,3271020.0
In,2018-09-04 03:45:00,29.0,False,nan,3271140.0
In,2018-09-04 03:48:00,29.0,False,nan,3271320.0
In,2018-09-04 03:48:00,29.0,False,nan,3271320.0
In,2018-09-04 03:48:00,29.0,False,nan,3271320.0
In,2018-09-04 03:48:00,29.0,False,nan,3271320.0
In,2018-09-04 03:48:00,29.0,False,nan,3271320.0
In,2018-09-04 03:50:00,29.0,False,nan,3271440.0
In,2018-09-04 03:51:00,29.0,False,nan,3271500.0
In,2018-09-04 03:51:00,29.0,False,nan,3271500.0
In,2018-09-04 03:51:00,29.0,False,nan,3271500.0
In,2018-09-04 03:53:00,29.0,False,nan,3271620.0
In,2018-09-04 03:53:00,29.0,False,nan,3271620.0
In,2018-09-04 03:53:00,29.0,False,nan,3271620.0
In,2018-09-04 03:53:00,29.0,False,nan,3271620.0
In,2018-09-04 03:54:00,29.0,False,nan,3271680.0
In,2018-09-04 03:54:00,29.0,False,nan,3271680.0
In,2018-09-04 03:54:00,29.0,False,nan,3271680.0
In,2018-09-04 03:54:00,29.0,False,nan,3271680.0
In,2018-09-04 03:54:00,29.0,False,nan,3271680.0
In,2018-09-04 03:55:00,29.0,False,nan,3271740.0
In,2018-09-04 03:55:00,29.0,False,nan,3271740.0
In,2018-09-04 03:55:00,29.0,False,nan,3271740.0
In,2018-09-04 03:55:00,29.0,False,nan,3271740.0
In,2018-09-04 03:55:00,29.0,False,nan,3271740.0
In,2018-09-04 04:04:00,29.0,False,nan,3272280.0
In,2018-09-04 04:04:00,29.0,False,nan,3272280.0
In,2018-09-04 04:05:00,29.0,False,nan,3272340.0
In,2018-09-04 04:05:00,29.0,False,nan,3272340.0
In,2018-09-04 04:10:00,29.0,False,nan,3272640.0
In,2018-09-04 04:10:00,29.0,False,nan,3272640.0
In,2018-09-04 04:10:00,29.0,False,nan,3272640.0
In,2018-09-04 04:10:00,29.0,False,nan,3272640.0
In,2018-09-04 04:10:00,29.0,False,nan,3272640.0
In,2018-09-04 04:10:00,29.0,False,nan,3272640.0
In,2018-09-04 04:13:00,29.0,False,nan,3272820.0
In,2018-09-04 04:13:00,29.0,False,nan,3272820.0
In,2018-09-04 04:18:00,29.0,False,nan,3273120.0
In,2018-09-04 04:19:00,29.0,False,nan,3273180.0
In,2018-09-04 04:19:00,29.0,False,nan,3273180.0
In,2018-09-04 04:23:00,29.0,False,nan,3273420.0
In,2018-09-04 04:23:00,29.0,False,nan,3273420.0
In,2018-09-04 04:23:00,29.0,False,nan,3273420.0
In,2018-09-04 04:23:00,29.0,False,nan,3273420.0
In,2018-09-04 04:23:00,29.0,False,nan,3273420.0
In,2018-09-04 04:23:00,29.0,False,nan,3273420.0
In,2018-09-04 04:23:00,29.0,False,nan,3273420.0
In,2018-09-04 04:23:00,29.0,False,nan,3273420.0
In,2018-09-04 04:23:00,29.0,False,nan,3273420.0
In,2018-09-04 04:23:00,29.0,False,nan,3273420.0
In,2018-09-04 04:24:00,29.0,False,nan,3273480.0
In,2018-09-04 04:24:00,29.0,False,nan,3273480.0
In,2018-09-04 04:24:00,29.0,False,nan,3273480.0
In,2018-09-04 04:24:00,29.0,False,nan,3273480.0
In,2018-09-04 04:24:00,29.0,False,nan,3273480.0
In,2018-09-04 04:24:00,29.0,False,nan,3273480.0
In,2018-09-04 04:24:00,29.0,False,nan,3273480.0
In,2018-09-04 04:24:00,29.0,False,nan,3273480.0
In,2018-09-04 04:24:00,29.0,False,nan,3273480.0
In,2018-09-04 04:24:00,29.0,False,nan,3273480.0
In,2018-09-04 04:24:00,29.0,False,nan,3273480.0
In,2018-09-04 04:25:00,29.0,False,nan,3273540.0
In,2018-09-04 04:25:00,29.0,False,nan,3273540.0
In,2018-09-04 04:26:00,29.0,False,nan,3273600.0
In,2018-09-04 04:26:00,29.0,False,nan,3273600.0
In,2018-09-04 04:26:00,29.0,False,nan,3273600.0
In,2018-09-04 04:27:00,29.0,False,nan,3273660.0
In,2018-09-04 04:28:00,29.0,False,nan,3273720.0
In,2018-09-04 04:28:00,29.0,False,nan,3273720.0
In,2018-09-04 04:28:00,29.0,False,nan,3273720.0
In,2018-09-04 04:29:00,29.0,False,nan,3273780.0
In,2018-09-04 04:29:00,29.0,False,nan,3273780.0
In,2018-09-04 04:29:00,29.0,False,nan,3273780.0
In,2018-09-04 04:29:00,29.0,False,nan,3273780.0
In,2018-09-04 04:29:00,29.0,False,nan,3273780.0
In,2018-09-04 04:30:00,29.0,False,nan,3273840.0
In,2018-09-04 04:30:00,29.0,False,nan,3273840.0
In,2018-09-04 04:31:00,29.0,False,nan,3273900.0
In,2018-09-04 04:32:00,29.0,False,nan,3273960.0
In,2018-09-04 04:32:00,29.0,False,nan,3273960.0
In,2018-09-04 04:32:00,29.0,False,nan,3273960.0
In,2018-09-04 04:32:00,29.0,False,nan,3273960.0
In,2018-09-04 04:33:00,29.0,False,nan,3274020.0
In,2018-09-04 04:33:00,29.0,False,nan,3274020.0
In,2018-09-04 04:33:00,29.0,False,nan,3274020.0
In,2018-09-04 04:35:00,29.0,False,nan,3274140.0
In,2018-09-04 04:35:00,29.0,False,nan,3274140.0
In,2018-09-04 04:35:00,29.0,False,nan,3274140.0
In,2018-09-04 04:35:00,29.0,False,nan,3274140.0
In,2018-09-04 04:35:00,29.0,False,nan,3274140.0
In,2018-09-04 04:35:00,29.0,False,nan,3274140.0
In,2018-09-04 04:35:00,29.0,False,nan,3274140.0
In,2018-09-04 04:35:00,29.0,False,nan,3274140.0
In,2018-09-04 04:35:00,29.0,False,nan,3274140.0
In,2018-09-04 04:35:00,29.0,False,nan,3274140.0
In,2018-09-04 04:35:00,29.0,False,nan,3274140.0
In,2018-09-04 04:35:00,29.0,False,nan,3274140.0
In,2018-09-04 04:35:00,29.0,False,nan,3274140.0
In,2018-09-04 04:36:00,29.0,False,nan,3274200.0
In,2018-09-04 04:36:00,29.0,False,nan,3274200.0
In,2018-09-04 04:36:00,29.0,False,nan,3274200.0
In,2018-09-04 04:36:00,29.0,False,nan,3274200.0
In,2018-09-04 04:44:00,29.0,False,nan,3274680.0
In,2018-09-04 04:44:00,29.0,False,nan,3274680.0
In,2018-09-04 04:46:00,29.0,False,nan,3274800.0
In,2018-09-04 04:46:00,29.0,False,nan,3274800.0
In,2018-09-04 04:46:00,29.0,False,nan,3274800.0
In,2018-09-04 04:47:00,29.0,False,nan,3274860.0
In,2018-09-04 04:47:00,29.0,False,nan,3274860.0
In,2018-09-04 04:47:00,29.0,False,nan,3274860.0
In,2018-09-04 04:47:00,29.0,False,nan,3274860.0
In,2018-09-04 04:47:00,29.0,False,nan,3274860.0
In,2018-09-04 04:47:00,29.0,False,nan,3274860.0
In,2018-09-04 04:48:00,29.0,False,nan,3274920.0
In,2018-09-04 04:48:00,29.0,False,nan,3274920.0
In,2018-09-04 04:48:00,29.0,False,nan,3274920.0
In,2018-09-04 04:49:00,29.0,False,nan,3274980.0
In,2018-09-04 04:50:00,29.0,False,nan,3275040.0
In,2018-09-04 04:52:00,29.0,False,nan,3275160.0
In,2018-09-04 04:53:00,29.0,False,nan,3275220.0
In,2018-09-04 04:53:00,29.0,False,nan,3275220.0
In,2018-09-04 04:54:00,29.0,False,nan,3275280.0
In,2018-09-04 04:54:00,29.0,False,nan,3275280.0
In,2018-09-04 04:55:00,29.0,False,nan,3275340.0
In,2018-09-04 04:56:00,29.0,False,nan,3275400.0
In,2018-09-04 04:56:00,29.0,False,nan,3275400.0
In,2018-09-04 04:56:00,29.0,False,nan,3275400.0
In,2018-09-04 04:57:00,29.0,False,nan,3275460.0
In,2018-09-04 04:57:00,29.0,False,nan,3275460.0
In,2018-09-04 04:58:00,29.0,False,nan,3275520.0
In,2018-09-04 04:58:00,29.0,False,nan,3275520.0
In,2018-09-04 04:58:00,29.0,False,nan,3275520.0
In,2018-09-04 04:59:00,29.0,False,nan,3275580.0
In,2018-09-04 04:59:00,29.0,False,nan,3275580.0
In,2018-09-04 04:59:00,29.0,False,nan,3275580.0
In,2018-09-04 04:59:00,29.0,False,nan,3275580.0
In,2018-09-04 04:59:00,30.0,False,nan,3275580.0
In,2018-09-04 04:59:00,29.0,False,nan,3275580.0
In,2018-09-04 04:59:00,29.0,False,nan,3275580.0
In,2018-09-04 05:00:00,29.0,False,nan,3275640.0
In,2018-09-04 05:00:00,29.0,False,nan,3275640.0
In,2018-09-04 05:00:00,29.0,False,nan,3275640.0
In,2018-09-04 05:01:00,29.0,False,nan,3275700.0
In,2018-09-04 05:01:00,29.0,False,nan,3275700.0
In,2018-09-04 05:01:00,29.0,False,nan,3275700.0
In,2018-09-04 05:02:00,29.0,False,nan,3275760.0
In,2018-09-04 05:03:00,29.0,False,nan,3275820.0
In,2018-09-04 05:03:00,29.0,False,nan,3275820.0
In,2018-09-04 05:03:00,29.0,False,nan,3275820.0
In,2018-09-04 05:03:00,29.0,False,nan,3275820.0
In,2018-09-04 05:03:00,29.0,False,nan,3275820.0
In,2018-09-04 05:03:00,29.0,False,nan,3275820.0
In,2018-09-04 05:03:00,29.0,False,nan,3275820.0
In,2018-09-04 05:04:00,29.0,False,nan,3275880.0
In,2018-09-04 05:04:00,29.0,False,nan,3275880.0
In,2018-09-04 05:05:00,29.0,False,nan,3275940.0
In,2018-09-04 05:06:00,29.0,False,nan,3276000.0
In,2018-09-04 05:06:00,30.0,False,nan,3276000.0
In,2018-09-04 05:08:00,30.0,False,nan,3276120.0
In,2018-09-04 05:08:00,29.0,False,nan,3276120.0
In,2018-09-04 05:08:00,29.0,False,nan,3276120.0
In,2018-09-04 05:09:00,29.0,False,nan,3276180.0
In,2018-09-04 05:09:00,29.0,False,nan,3276180.0
In,2018-09-04 05:09:00,29.0,False,nan,3276180.0
In,2018-09-04 05:09:00,29.0,False,nan,3276180.0
In,2018-09-04 05:10:00,29.0,False,nan,3276240.0
In,2018-09-04 05:12:00,29.0,False,nan,3276360.0
In,2018-09-04 05:13:00,30.0,False,nan,3276420.0
In,2018-09-04 05:13:00,30.0,False,nan,3276420.0
In,2018-09-04 05:13:00,29.0,False,nan,3276420.0
In,2018-09-04 05:13:00,29.0,False,nan,3276420.0
In,2018-09-04 05:14:00,30.0,False,nan,3276480.0
In,2018-09-04 05:14:00,29.0,False,nan,3276480.0
In,2018-09-04 05:14:00,30.0,False,nan,3276480.0
In,2018-09-04 05:14:00,29.0,False,nan,3276480.0
In,2018-09-04 05:14:00,29.0,False,nan,3276480.0
In,2018-09-04 05:14:00,30.0,False,nan,3276480.0
In,2018-09-04 05:14:00,29.0,False,nan,3276480.0
In,2018-09-04 05:15:00,30.0,False,nan,3276540.0
In,2018-09-04 05:15:00,29.0,False,nan,3276540.0
In,2018-09-04 05:15:00,30.0,False,nan,3276540.0
In,2018-09-04 05:15:00,30.0,False,nan,3276540.0
In,2018-09-04 05:15:00,29.0,False,nan,3276540.0
In,2018-09-04 05:15:00,29.0,False,nan,3276540.0
In,2018-09-04 05:15:00,30.0,False,nan,3276540.0
In,2018-09-04 05:16:00,29.0,False,nan,3276600.0
In,2018-09-04 05:16:00,29.0,False,nan,3276600.0
In,2018-09-04 05:16:00,29.0,False,nan,3276600.0
In,2018-09-04 05:16:00,29.0,False,nan,3276600.0
In,2018-09-04 05:16:00,29.0,False,nan,3276600.0
In,2018-09-04 05:16:00,30.0,False,nan,3276600.0
In,2018-09-04 05:17:00,29.0,False,nan,3276660.0
In,2018-09-04 05:17:00,30.0,False,nan,3276660.0
In,2018-09-04 05:17:00,29.0,False,nan,3276660.0
In,2018-09-04 05:17:00,29.0,False,nan,3276660.0
In,2018-09-04 05:17:00,30.0,False,nan,3276660.0
In,2018-09-04 05:18:00,30.0,False,nan,3276720.0
In,2018-09-04 05:18:00,29.0,False,nan,3276720.0
In,2018-09-04 05:18:00,29.0,False,nan,3276720.0
In,2018-09-04 05:20:00,29.0,False,nan,3276840.0
In,2018-09-04 05:21:00,30.0,False,nan,3276900.0
In,2018-09-04 05:21:00,29.0,False,nan,3276900.0
In,2018-09-04 05:21:00,29.0,False,nan,3276900.0
In,2018-09-04 05:22:00,29.0,False,nan,3276960.0
In,2018-09-04 05:23:00,29.0,False,nan,3277020.0
In,2018-09-04 05:23:00,29.0,False,nan,3277020.0
In,2018-09-04 05:23:00,29.0,False,nan,3277020.0
In,2018-09-04 05:23:00,29.0,False,nan,3277020.0
In,2018-09-04 05:23:00,29.0,False,nan,3277020.0
In,2018-09-04 05:23:00,30.0,False,nan,3277020.0
In,2018-09-04 05:23:00,30.0,False,nan,3277020.0
In,2018-09-04 05:25:00,30.0,False,nan,3277140.0
In,2018-09-04 05:25:00,29.0,False,nan,3277140.0
In,2018-09-04 05:25:00,29.0,False,nan,3277140.0
In,2018-09-04 05:25:00,29.0,False,nan,3277140.0
In,2018-09-04 05:25:00,30.0,False,nan,3277140.0
In,2018-09-04 05:25:00,29.0,False,nan,3277140.0
In,2018-09-04 05:25:00,29.0,False,nan,3277140.0
In,2018-09-04 05:25:00,29.0,False,nan,3277140.0
In,2018-09-04 05:25:00,29.0,False,nan,3277140.0
In,2018-09-04 05:25:00,29.0,False,nan,3277140.0
In,2018-09-04 05:26:00,30.0,False,nan,3277200.0
In,2018-09-04 05:26:00,29.0,False,nan,3277200.0
In,2018-09-04 05:26:00,29.0,False,nan,3277200.0
In,2018-09-04 05:26:00,30.0,False,nan,3277200.0
In,2018-09-04 05:26:00,29.0,False,nan,3277200.0
In,2018-09-04 05:26:00,29.0,False,nan,3277200.0
In,2018-09-04 05:26:00,29.0,False,nan,3277200.0
In,2018-09-04 05:26:00,29.0,False,nan,3277200.0
In,2018-09-04 05:26:00,29.0,False,nan,3277200.0
In,2018-09-04 05:26:00,30.0,False,nan,3277200.0
In,2018-09-04 05:26:00,29.0,False,nan,3277200.0
In,2018-09-04 05:27:00,29.0,False,nan,3277260.0
In,2018-09-04 05:27:00,30.0,False,nan,3277260.0
In,2018-09-04 05:27:00,29.0,False,nan,3277260.0
In,2018-09-04 05:29:00,29.0,False,nan,3277380.0
In,2018-09-04 05:29:00,29.0,False,nan,3277380.0
In,2018-09-04 05:29:00,30.0,False,nan,3277380.0
In,2018-09-04 05:29:00,29.0,False,nan,3277380.0
In,2018-09-04 05:30:00,29.0,False,nan,3277440.0
In,2018-09-04 05:30:00,29.0,False,nan,3277440.0
In,2018-09-04 05:30:00,30.0,False,nan,3277440.0
In,2018-09-04 05:30:00,29.0,False,nan,3277440.0
In,2018-09-04 05:30:00,30.0,False,nan,3277440.0
In,2018-09-04 05:30:00,30.0,False,nan,3277440.0
In,2018-09-04 05:30:00,29.0,False,nan,3277440.0
In,2018-09-04 05:30:00,30.0,False,nan,3277440.0
In,2018-09-04 05:30:00,29.0,False,nan,3277440.0
In,2018-09-04 05:30:00,29.0,False,nan,3277440.0
In,2018-09-04 05:31:00,29.0,False,nan,3277500.0
In,2018-09-04 05:31:00,29.0,False,nan,3277500.0
In,2018-09-04 05:31:00,29.0,False,nan,3277500.0
In,2018-09-04 05:31:00,30.0,False,nan,3277500.0
In,2018-09-04 05:31:00,29.0,False,nan,3277500.0
In,2018-09-04 05:31:00,29.0,False,nan,3277500.0
In,2018-09-04 05:31:00,30.0,False,nan,3277500.0
In,2018-09-04 05:32:00,29.0,False,nan,3277560.0
In,2018-09-04 05:32:00,29.0,False,nan,3277560.0
In,2018-09-04 05:32:00,30.0,False,nan,3277560.0
In,2018-09-04 05:32:00,29.0,False,nan,3277560.0
In,2018-09-04 05:32:00,30.0,False,nan,3277560.0
In,2018-09-04 05:32:00,30.0,False,nan,3277560.0
In,2018-09-04 05:33:00,30.0,False,nan,3277620.0
In,2018-09-04 05:33:00,29.0,False,nan,3277620.0
In,2018-09-04 05:33:00,29.0,False,nan,3277620.0
In,2018-09-04 05:33:00,29.0,False,nan,3277620.0
In,2018-09-04 05:34:00,29.0,False,nan,3277680.0
In,2018-09-04 05:34:00,29.0,False,nan,3277680.0
In,2018-09-04 05:34:00,29.0,False,nan,3277680.0
In,2018-09-04 05:35:00,29.0,False,nan,3277740.0
In,2018-09-04 05:35:00,29.0,False,nan,3277740.0
In,2018-09-04 05:35:00,29.0,False,nan,3277740.0
In,2018-09-04 05:35:00,30.0,False,nan,3277740.0
In,2018-09-04 05:35:00,29.0,False,nan,3277740.0
In,2018-09-04 05:36:00,30.0,False,nan,3277800.0
In,2018-09-04 05:36:00,29.0,False,nan,3277800.0
In,2018-09-04 05:36:00,29.0,False,nan,3277800.0
In,2018-09-04 05:36:00,30.0,False,nan,3277800.0
In,2018-09-04 05:36:00,29.0,False,nan,3277800.0
In,2018-09-04 05:36:00,30.0,False,nan,3277800.0
In,2018-09-04 05:36:00,29.0,False,nan,3277800.0
In,2018-09-04 05:37:00,29.0,False,nan,3277860.0
In,2018-09-04 05:37:00,30.0,False,nan,3277860.0
In,2018-09-04 05:37:00,29.0,False,nan,3277860.0
In,2018-09-04 05:37:00,29.0,False,nan,3277860.0
In,2018-09-04 05:37:00,30.0,False,nan,3277860.0
In,2018-09-04 05:37:00,29.0,False,nan,3277860.0
In,2018-09-04 05:37:00,29.0,False,nan,3277860.0
In,2018-09-04 05:38:00,29.0,False,nan,3277920.0
In,2018-09-04 05:38:00,30.0,False,nan,3277920.0
In,2018-09-04 05:38:00,29.0,False,nan,3277920.0
In,2018-09-04 05:38:00,30.0,False,nan,3277920.0
In,2018-09-04 05:38:00,29.0,False,nan,3277920.0
In,2018-09-04 05:38:00,30.0,False,nan,3277920.0
In,2018-09-04 05:38:00,29.0,False,nan,3277920.0
In,2018-09-04 05:38:00,30.0,False,nan,3277920.0
In,2018-09-04 05:39:00,29.0,False,nan,3277980.0
In,2018-09-04 05:39:00,30.0,False,nan,3277980.0
In,2018-09-04 05:39:00,30.0,False,nan,3277980.0
In,2018-09-04 05:39:00,29.0,False,nan,3277980.0
In,2018-09-04 05:39:00,30.0,False,nan,3277980.0
In,2018-09-04 05:39:00,29.0,False,nan,3277980.0
In,2018-09-04 05:39:00,29.0,False,nan,3277980.0
In,2018-09-04 05:39:00,29.0,False,nan,3277980.0
In,2018-09-04 05:39:00,30.0,False,nan,3277980.0
In,2018-09-04 05:39:00,30.0,False,nan,3277980.0
In,2018-09-04 05:39:00,30.0,False,nan,3277980.0
In,2018-09-04 05:39:00,29.0,False,nan,3277980.0
In,2018-09-04 05:40:00,29.0,False,nan,3278040.0
In,2018-09-04 05:40:00,29.0,False,nan,3278040.0
In,2018-09-04 05:40:00,30.0,False,nan,3278040.0
In,2018-09-04 05:40:00,29.0,False,nan,3278040.0
In,2018-09-04 05:40:00,30.0,False,nan,3278040.0
In,2018-09-04 05:40:00,29.0,False,nan,3278040.0
In,2018-09-04 05:40:00,30.0,False,nan,3278040.0
In,2018-09-04 05:40:00,29.0,False,nan,3278040.0
In,2018-09-04 05:40:00,30.0,False,nan,3278040.0
In,2018-09-04 05:40:00,29.0,False,nan,3278040.0
In,2018-09-04 05:40:00,29.0,False,nan,3278040.0
In,2018-09-04 05:40:00,29.0,False,nan,3278040.0
In,2018-09-04 05:40:00,29.0,False,nan,3278040.0
In,2018-09-04 05:40:00,30.0,False,nan,3278040.0
In,2018-09-04 05:41:00,30.0,False,nan,3278100.0
In,2018-09-04 05:41:00,30.0,False,nan,3278100.0
In,2018-09-04 05:41:00,29.0,False,nan,3278100.0
In,2018-09-04 05:41:00,29.0,False,nan,3278100.0
In,2018-09-04 05:41:00,29.0,False,nan,3278100.0
In,2018-09-04 05:41:00,30.0,False,nan,3278100.0
In,2018-09-04 05:41:00,30.0,False,nan,3278100.0
In,2018-09-04 05:41:00,29.0,False,nan,3278100.0
In,2018-09-04 05:41:00,30.0,False,nan,3278100.0
In,2018-09-04 05:41:00,29.0,False,nan,3278100.0
In,2018-09-04 05:41:00,30.0,False,nan,3278100.0
In,2018-09-04 05:42:00,29.0,False,nan,3278160.0
In,2018-09-04 05:42:00,29.0,False,nan,3278160.0
In,2018-09-04 05:42:00,30.0,False,nan,3278160.0
In,2018-09-04 05:42:00,29.0,False,nan,3278160.0
In,2018-09-04 05:42:00,30.0,False,nan,3278160.0
In,2018-09-04 05:42:00,30.0,False,nan,3278160.0
In,2018-09-04 05:42:00,30.0,False,nan,3278160.0
In,2018-09-04 05:42:00,29.0,False,nan,3278160.0
In,2018-09-04 05:42:00,29.0,False,nan,3278160.0
In,2018-09-04 05:43:00,30.0,False,nan,3278220.0
In,2018-09-04 05:43:00,29.0,False,nan,3278220.0
In,2018-09-04 05:43:00,30.0,False,nan,3278220.0
In,2018-09-04 05:43:00,29.0,False,nan,3278220.0
In,2018-09-04 05:43:00,29.0,False,nan,3278220.0
In,2018-09-04 05:43:00,29.0,False,nan,3278220.0
In,2018-09-04 05:43:00,30.0,False,nan,3278220.0
In,2018-09-04 05:43:00,29.0,False,nan,3278220.0
In,2018-09-04 05:43:00,30.0,False,nan,3278220.0
In,2018-09-04 05:43:00,30.0,False,nan,3278220.0
In,2018-09-04 05:44:00,29.0,False,nan,3278280.0
In,2018-09-04 05:44:00,29.0,False,nan,3278280.0
In,2018-09-04 05:44:00,29.0,False,nan,3278280.0
In,2018-09-04 05:44:00,29.0,False,nan,3278280.0
In,2018-09-04 05:44:00,30.0,False,nan,3278280.0
In,2018-09-04 05:44:00,30.0,False,nan,3278280.0
In,2018-09-04 05:44:00,29.0,False,nan,3278280.0
In,2018-09-04 05:44:00,30.0,False,nan,3278280.0
In,2018-09-04 05:44:00,30.0,False,nan,3278280.0
In,2018-09-04 05:44:00,30.0,False,nan,3278280.0
In,2018-09-04 05:45:00,30.0,False,nan,3278340.0
In,2018-09-04 05:45:00,30.0,False,nan,3278340.0
In,2018-09-04 05:45:00,30.0,False,nan,3278340.0
In,2018-09-04 05:45:00,29.0,False,nan,3278340.0
In,2018-09-04 05:45:00,29.0,False,nan,3278340.0
In,2018-09-04 05:45:00,29.0,False,nan,3278340.0
In,2018-09-04 05:45:00,29.0,False,nan,3278340.0
In,2018-09-04 05:45:00,29.0,False,nan,3278340.0
In,2018-09-04 05:45:00,30.0,False,nan,3278340.0
In,2018-09-04 05:45:00,29.0,False,nan,3278340.0
In,2018-09-04 05:45:00,30.0,False,nan,3278340.0
In,2018-09-04 05:46:00,29.0,False,nan,3278400.0
In,2018-09-04 05:46:00,30.0,False,nan,3278400.0
In,2018-09-04 05:46:00,29.0,False,nan,3278400.0
In,2018-09-04 05:46:00,29.0,False,nan,3278400.0
In,2018-09-04 05:46:00,30.0,False,nan,3278400.0
In,2018-09-04 05:46:00,30.0,False,nan,3278400.0
In,2018-09-04 05:46:00,30.0,False,nan,3278400.0
In,2018-09-04 05:46:00,30.0,False,nan,3278400.0
In,2018-09-04 05:46:00,30.0,False,nan,3278400.0
In,2018-09-04 05:46:00,29.0,False,nan,3278400.0
In,2018-09-04 05:46:00,29.0,False,nan,3278400.0
In,2018-09-04 05:46:00,29.0,False,nan,3278400.0
In,2018-09-04 05:47:00,30.0,False,nan,3278460.0
In,2018-09-04 05:47:00,30.0,False,nan,3278460.0
In,2018-09-05 07:19:00,28.0,False,nan,3370380.0
In,2018-09-05 07:20:00,28.0,False,nan,3370440.0
In,2018-09-05 07:20:00,27.0,False,nan,3370440.0
In,2018-09-05 07:20:00,28.0,False,nan,3370440.0
In,2018-09-05 07:20:00,28.0,False,nan,3370440.0
In,2018-09-05 07:21:00,28.0,False,nan,3370500.0
In,2018-09-05 07:21:00,28.0,False,nan,3370500.0
In,2018-09-05 07:21:00,28.0,False,nan,3370500.0
In,2018-09-05 07:21:00,28.0,False,nan,3370500.0
In,2018-09-06 07:45:00,24.0,False,nan,3458340.0
In,2018-09-06 07:46:00,24.0,False,nan,3458400.0
In,2018-09-06 07:46:00,24.0,False,nan,3458400.0
In,2018-09-06 07:46:00,24.0,False,nan,3458400.0
In,2018-09-06 07:46:00,24.0,False,nan,3458400.0
In,2018-09-06 07:46:00,25.0,False,nan,3458400.0
In,2018-09-06 07:47:00,24.0,False,nan,3458460.0
In,2018-09-06 07:47:00,25.0,False,nan,3458460.0
In,2018-09-06 07:47:00,24.0,False,nan,3458460.0
In,2018-09-06 07:47:00,24.0,False,nan,3458460.0
In,2018-09-06 07:47:00,24.0,False,nan,3458460.0
In,2018-09-06 07:47:00,25.0,False,nan,3458460.0
In,2018-09-06 07:48:00,25.0,False,nan,3458520.0
In,2018-09-06 07:49:00,25.0,False,nan,3458580.0
In,2018-09-06 07:49:00,25.0,False,nan,3458580.0
In,2018-09-06 07:49:00,24.0,False,nan,3458580.0
In,2018-09-06 07:49:00,25.0,False,nan,3458580.0
In,2018-09-06 07:51:00,25.0,False,nan,3458700.0
In,2018-09-06 07:52:00,25.0,False,nan,3458760.0
In,2018-09-06 07:52:00,25.0,False,nan,3458760.0
In,2018-09-06 07:52:00,25.0,False,nan,3458760.0
In,2018-09-06 07:52:00,25.0,False,nan,3458760.0
In,2018-09-06 07:54:00,26.0,False,nan,3458880.0
In,2018-09-06 07:54:00,25.0,False,nan,3458880.0
In,2018-09-06 07:54:00,26.0,False,nan,3458880.0
In,2018-09-06 07:55:00,25.0,False,nan,3458940.0
In,2018-09-06 07:55:00,26.0,False,nan,3458940.0
In,2018-09-06 07:55:00,26.0,False,nan,3458940.0
In,2018-09-06 07:55:00,26.0,False,nan,3458940.0
In,2018-09-06 07:55:00,26.0,False,nan,3458940.0
In,2018-09-06 07:55:00,26.0,False,nan,3458940.0
In,2018-09-06 07:55:00,26.0,False,nan,3458940.0
In,2018-09-06 07:55:00,26.0,False,nan,3458940.0
In,2018-09-06 07:55:00,26.0,False,nan,3458940.0
In,2018-09-06 07:55:00,25.0,False,nan,3458940.0
In,2018-09-06 07:55:00,26.0,False,nan,3458940.0
In,2018-09-06 07:56:00,26.0,False,nan,3459000.0
In,2018-09-06 07:56:00,26.0,False,nan,3459000.0
In,2018-09-06 07:56:00,26.0,False,nan,3459000.0
In,2018-09-06 07:56:00,24.0,False,nan,3459000.0
In,2018-09-06 07:56:00,26.0,False,nan,3459000.0
In,2018-09-06 07:56:00,26.0,False,nan,3459000.0
In,2018-09-06 07:56:00,25.0,False,nan,3459000.0
In,2018-09-06 07:56:00,26.0,False,nan,3459000.0
In,2018-09-06 07:57:00,26.0,False,nan,3459060.0
In,2018-09-06 07:57:00,25.0,False,nan,3459060.0
In,2018-09-06 07:59:00,25.0,False,nan,3459180.0
In,2018-09-06 07:59:00,26.0,False,nan,3459180.0
In,2018-09-06 07:59:00,25.0,False,nan,3459180.0
In,2018-09-06 07:59:00,26.0,False,nan,3459180.0
In,2018-09-06 07:59:00,25.0,False,nan,3459180.0
In,2018-09-06 07:59:00,26.0,False,nan,3459180.0
In,2018-09-06 07:59:00,26.0,False,nan,3459180.0
In,2018-09-06 07:59:00,25.0,False,nan,3459180.0
In,2018-09-06 08:00:00,25.0,False,nan,3459240.0
In,2018-09-06 08:01:00,26.0,False,nan,3459300.0
In,2018-09-06 08:01:00,26.0,False,nan,3459300.0
In,2018-09-06 08:01:00,25.0,False,nan,3459300.0
In,2018-09-06 08:02:00,25.0,False,nan,3459360.0
In,2018-09-06 08:02:00,26.0,False,nan,3459360.0
In,2018-09-06 08:03:00,26.0,False,nan,3459420.0
In,2018-09-06 08:03:00,25.0,False,nan,3459420.0
In,2018-09-06 09:10:00,25.0,False,nan,3463440.0
In,2018-09-06 09:10:00,25.0,False,nan,3463440.0
In,2018-09-06 09:11:00,26.0,False,nan,3463500.0
In,2018-09-06 09:11:00,26.0,False,nan,3463500.0
In,2018-09-06 09:12:00,26.0,False,nan,3463560.0
In,2018-09-06 09:13:00,26.0,False,nan,3463620.0
In,2018-09-06 09:14:00,26.0,False,nan,3463680.0
In,2018-09-06 09:14:00,26.0,False,nan,3463680.0
In,2018-09-06 09:14:00,26.0,False,nan,3463680.0
In,2018-09-06 09:15:00,26.0,False,nan,3463740.0
In,2018-09-06 09:15:00,26.0,False,nan,3463740.0
In,2018-09-06 09:15:00,26.0,False,nan,3463740.0
In,2018-09-06 09:15:00,26.0,False,nan,3463740.0
In,2018-09-06 09:17:00,26.0,False,nan,3463860.0
In,2018-09-06 09:17:00,26.0,False,nan,3463860.0
In,2018-09-06 09:17:00,27.0,False,nan,3463860.0
In,2018-09-06 09:17:00,26.0,False,nan,3463860.0
In,2018-09-06 09:17:00,27.0,False,nan,3463860.0
In,2018-09-06 09:17:00,26.0,False,nan,3463860.0
In,2018-09-06 09:17:00,26.0,False,nan,3463860.0
In,2018-09-06 09:18:00,26.0,False,nan,3463920.0
In,2018-09-06 09:18:00,26.0,False,nan,3463920.0
In,2018-09-06 09:18:00,27.0,False,nan,3463920.0
In,2018-09-06 09:18:00,26.0,False,nan,3463920.0
In,2018-09-06 09:18:00,27.0,False,nan,3463920.0
In,2018-09-06 09:18:00,27.0,False,nan,3463920.0
In,2018-09-06 09:18:00,27.0,False,nan,3463920.0
In,2018-09-06 09:19:00,27.0,False,nan,3463980.0
In,2018-09-06 09:19:00,27.0,False,nan,3463980.0
In,2018-09-06 09:19:00,27.0,False,nan,3463980.0
In,2018-09-06 09:20:00,27.0,False,nan,3464040.0
In,2018-09-06 09:22:00,27.0,False,nan,3464160.0
In,2018-09-06 09:22:00,27.0,False,nan,3464160.0
In,2018-09-06 09:22:00,27.0,False,nan,3464160.0
In,2018-09-06 09:22:00,27.0,False,nan,3464160.0
In,2018-09-06 09:25:00,27.0,False,nan,3464340.0
In,2018-09-06 09:25:00,27.0,False,nan,3464340.0
In,2018-09-06 09:25:00,27.0,False,nan,3464340.0
In,2018-09-06 09:25:00,28.0,False,nan,3464340.0
In,2018-09-06 09:25:00,27.0,False,nan,3464340.0
In,2018-09-06 09:26:00,28.0,False,nan,3464400.0
In,2018-09-06 09:26:00,28.0,False,nan,3464400.0
In,2018-09-06 09:26:00,27.0,False,nan,3464400.0
In,2018-09-06 09:26:00,28.0,False,nan,3464400.0
In,2018-09-06 09:26:00,27.0,False,nan,3464400.0
In,2018-09-06 09:26:00,28.0,False,nan,3464400.0
In,2018-09-06 09:26:00,27.0,False,nan,3464400.0
In,2018-09-06 09:26:00,28.0,False,nan,3464400.0
In,2018-09-06 09:26:00,27.0,False,nan,3464400.0
In,2018-09-06 09:26:00,28.0,False,nan,3464400.0
In,2018-09-06 09:26:00,27.0,False,nan,3464400.0
In,2018-09-06 09:26:00,27.0,False,nan,3464400.0
In,2018-09-06 09:27:00,28.0,False,nan,3464460.0
In,2018-09-06 09:27:00,28.0,False,nan,3464460.0
In,2018-09-06 09:28:00,28.0,False,nan,3464520.0
In,2018-09-06 09:28:00,28.0,False,nan,3464520.0
In,2018-09-06 09:28:00,28.0,False,nan,3464520.0
In,2018-09-06 09:28:00,28.0,False,nan,3464520.0
In,2018-09-06 09:28:00,28.0,False,nan,3464520.0
In,2018-09-06 09:29:00,27.0,False,nan,3464580.0
In,2018-09-06 09:29:00,28.0,False,nan,3464580.0
In,2018-09-06 09:31:00,28.0,False,nan,3464700.0
In,2018-09-06 09:32:00,28.0,False,nan,3464760.0
In,2018-09-06 09:32:00,28.0,False,nan,3464760.0
In,2018-09-06 09:32:00,28.0,False,nan,3464760.0
In,2018-09-06 09:32:00,28.0,False,nan,3464760.0
In,2018-09-06 09:35:00,28.0,False,nan,3464940.0
In,2018-09-06 09:35:00,28.0,False,nan,3464940.0
In,2018-09-06 09:37:00,28.0,False,nan,3465060.0
In,2018-09-06 09:37:00,28.0,False,nan,3465060.0
In,2018-09-06 09:37:00,28.0,False,nan,3465060.0
In,2018-09-06 09:37:00,28.0,False,nan,3465060.0
In,2018-09-06 09:37:00,28.0,False,nan,3465060.0
In,2018-09-06 09:37:00,28.0,False,nan,3465060.0
In,2018-09-06 09:38:00,28.0,False,nan,3465120.0
In,2018-09-06 09:38:00,28.0,False,nan,3465120.0
In,2018-09-06 09:38:00,28.0,False,nan,3465120.0
In,2018-09-06 09:38:00,27.0,False,nan,3465120.0
In,2018-09-06 09:38:00,28.0,False,nan,3465120.0
In,2018-09-06 09:40:00,28.0,False,nan,3465240.0
In,2018-09-06 09:40:00,28.0,False,nan,3465240.0
In,2018-09-06 09:40:00,28.0,False,nan,3465240.0
In,2018-09-06 09:40:00,28.0,False,nan,3465240.0
In,2018-09-06 09:40:00,28.0,False,nan,3465240.0
In,2018-09-06 09:40:00,28.0,False,nan,3465240.0
In,2018-09-06 09:40:00,28.0,False,nan,3465240.0
In,2018-09-06 09:40:00,28.0,False,nan,3465240.0
In,2018-09-06 09:40:00,28.0,False,nan,3465240.0
In,2018-09-06 09:40:00,28.0,False,nan,3465240.0
In,2018-09-06 09:40:00,28.0,False,nan,3465240.0
In,2018-09-06 09:41:00,28.0,False,nan,3465300.0
In,2018-09-06 09:41:00,28.0,False,nan,3465300.0
In,2018-09-06 09:41:00,28.0,False,nan,3465300.0
In,2018-09-06 09:41:00,27.0,False,nan,3465300.0
In,2018-09-06 09:41:00,28.0,False,nan,3465300.0
In,2018-09-06 09:42:00,28.0,False,nan,3465360.0
In,2018-09-06 09:43:00,28.0,False,nan,3465420.0
In,2018-09-06 09:44:00,28.0,False,nan,3465480.0
In,2018-09-06 09:44:00,27.0,False,nan,3465480.0
In,2018-09-06 09:44:00,28.0,False,nan,3465480.0
In,2018-09-06 09:46:00,28.0,False,nan,3465600.0
In,2018-09-06 09:46:00,28.0,False,nan,3465600.0
In,2018-09-06 09:46:00,28.0,False,nan,3465600.0
In,2018-09-06 09:46:00,28.0,False,nan,3465600.0
In,2018-09-06 09:47:00,28.0,False,nan,3465660.0
In,2018-09-06 09:47:00,28.0,False,nan,3465660.0
In,2018-09-06 09:47:00,28.0,False,nan,3465660.0
In,2018-09-06 09:47:00,28.0,False,nan,3465660.0
In,2018-09-06 09:47:00,28.0,False,nan,3465660.0
In,2018-09-06 09:47:00,28.0,False,nan,3465660.0
In,2018-09-06 09:47:00,28.0,False,nan,3465660.0
In,2018-09-06 09:47:00,28.0,False,nan,3465660.0
In,2018-09-06 09:47:00,28.0,False,nan,3465660.0
In,2018-09-06 09:47:00,28.0,False,nan,3465660.0
In,2018-09-06 09:47:00,28.0,False,nan,3465660.0
In,2018-09-06 09:48:00,28.0,False,nan,3465720.0
In,2018-09-06 09:49:00,28.0,False,nan,3465780.0
In,2018-09-06 09:49:00,28.0,False,nan,3465780.0
In,2018-09-06 09:49:00,28.0,False,nan,3465780.0
In,2018-09-06 09:49:00,28.0,False,nan,3465780.0
In,2018-09-06 09:50:00,28.0,False,nan,3465840.0
In,2018-09-06 09:50:00,28.0,False,nan,3465840.0
In,2018-09-06 09:51:00,28.0,False,nan,3465900.0
In,2018-09-06 09:52:00,28.0,False,nan,3465960.0
In,2018-09-06 09:52:00,28.0,False,nan,3465960.0
In,2018-09-06 09:53:00,28.0,False,nan,3466020.0
In,2018-09-06 09:53:00,28.0,False,nan,3466020.0
In,2018-09-06 09:53:00,28.0,False,nan,3466020.0
In,2018-09-06 09:54:00,28.0,False,nan,3466080.0
In,2018-09-06 09:54:00,28.0,False,nan,3466080.0
In,2018-09-06 09:54:00,28.0,False,nan,3466080.0
In,2018-09-06 09:56:00,28.0,False,nan,3466200.0
In,2018-09-06 09:57:00,28.0,False,nan,3466260.0
In,2018-09-06 09:57:00,27.0,False,nan,3466260.0
In,2018-09-06 09:57:00,28.0,False,nan,3466260.0
In,2018-09-06 09:58:00,28.0,False,nan,3466320.0
In,2018-09-06 09:58:00,28.0,False,nan,3466320.0
In,2018-09-06 09:58:00,28.0,False,nan,3466320.0
In,2018-09-06 09:58:00,28.0,False,nan,3466320.0
In,2018-09-06 10:01:00,27.0,False,nan,3466500.0
In,2018-09-06 10:01:00,27.0,False,nan,3466500.0
In,2018-09-06 10:01:00,27.0,False,nan,3466500.0
In,2018-09-06 10:01:00,28.0,False,nan,3466500.0
In,2018-09-06 10:01:00,27.0,False,nan,3466500.0
In,2018-09-06 10:01:00,27.0,False,nan,3466500.0
In,2018-09-06 10:02:00,27.0,False,nan,3466560.0
In,2018-09-06 10:02:00,27.0,False,nan,3466560.0
In,2018-09-06 10:02:00,27.0,False,nan,3466560.0
In,2018-09-06 10:02:00,27.0,False,nan,3466560.0
In,2018-09-06 10:02:00,27.0,False,nan,3466560.0
In,2018-09-06 10:02:00,27.0,False,nan,3466560.0
In,2018-09-06 10:02:00,28.0,False,nan,3466560.0
In,2018-09-06 10:02:00,27.0,False,nan,3466560.0
In,2018-09-06 10:02:00,27.0,False,nan,3466560.0
In,2018-09-06 10:02:00,28.0,False,nan,3466560.0
In,2018-09-06 10:03:00,27.0,False,nan,3466620.0
In,2018-09-06 10:03:00,27.0,False,nan,3466620.0
In,2018-09-06 10:03:00,27.0,False,nan,3466620.0
In,2018-09-06 10:03:00,27.0,False,nan,3466620.0
In,2018-09-06 10:03:00,27.0,False,nan,3466620.0
In,2018-09-06 10:04:00,27.0,False,nan,3466680.0
In,2018-09-06 10:05:00,27.0,False,nan,3466740.0
In,2018-09-06 10:05:00,27.0,False,nan,3466740.0
In,2018-09-06 10:05:00,27.0,False,nan,3466740.0
In,2018-09-06 10:05:00,27.0,False,nan,3466740.0
In,2018-09-06 10:05:00,28.0,False,nan,3466740.0
In,2018-09-06 10:05:00,27.0,False,nan,3466740.0
In,2018-09-06 10:05:00,27.0,False,nan,3466740.0
In,2018-09-06 10:05:00,27.0,False,nan,3466740.0
In,2018-09-06 10:05:00,27.0,False,nan,3466740.0
In,2018-09-06 10:05:00,27.0,False,nan,3466740.0
In,2018-09-06 10:05:00,27.0,False,nan,3466740.0
In,2018-09-06 10:06:00,27.0,False,nan,3466800.0
In,2018-09-06 10:06:00,27.0,False,nan,3466800.0
In,2018-09-06 10:06:00,27.0,False,nan,3466800.0
In,2018-09-06 10:06:00,28.0,False,nan,3466800.0
In,2018-09-06 10:06:00,27.0,False,nan,3466800.0
In,2018-09-06 10:06:00,27.0,False,nan,3466800.0
In,2018-09-06 10:07:00,27.0,False,nan,3466860.0
In,2018-09-06 10:07:00,27.0,False,nan,3466860.0
In,2018-09-06 10:08:00,28.0,False,nan,3466920.0
In,2018-09-06 10:08:00,27.0,False,nan,3466920.0
In,2018-09-06 10:08:00,27.0,False,nan,3466920.0
In,2018-09-06 10:08:00,27.0,False,nan,3466920.0
In,2018-09-06 10:08:00,27.0,False,nan,3466920.0
In,2018-09-06 10:09:00,27.0,False,nan,3466980.0
In,2018-09-06 10:10:00,27.0,False,nan,3467040.0
In,2018-09-06 10:12:00,27.0,False,nan,3467160.0
In,2018-09-06 10:12:00,27.0,False,nan,3467160.0
In,2018-09-06 10:12:00,27.0,False,nan,3467160.0
In,2018-09-06 10:13:00,27.0,False,nan,3467220.0
In,2018-09-06 10:13:00,27.0,False,nan,3467220.0
In,2018-09-06 10:13:00,27.0,False,nan,3467220.0
In,2018-09-06 10:13:00,27.0,False,nan,3467220.0
In,2018-09-06 10:13:00,27.0,False,nan,3467220.0
In,2018-09-06 10:15:00,27.0,False,nan,3467340.0
In,2018-09-06 10:15:00,27.0,False,nan,3467340.0
In,2018-09-06 10:15:00,27.0,False,nan,3467340.0
In,2018-09-06 10:15:00,27.0,False,nan,3467340.0
In,2018-09-06 10:16:00,27.0,False,nan,3467400.0
In,2018-09-06 10:16:00,27.0,False,nan,3467400.0
In,2018-09-06 10:16:00,27.0,False,nan,3467400.0
In,2018-09-06 10:17:00,26.0,False,nan,3467460.0
In,2018-09-06 10:17:00,27.0,False,nan,3467460.0
In,2018-09-06 10:17:00,27.0,False,nan,3467460.0
In,2018-09-06 10:18:00,27.0,False,nan,3467520.0
In,2018-09-06 10:18:00,27.0,False,nan,3467520.0
In,2018-09-06 10:18:00,27.0,False,nan,3467520.0
In,2018-09-06 10:19:00,27.0,False,nan,3467580.0
In,2018-09-06 10:19:00,27.0,False,nan,3467580.0
In,2018-09-06 10:19:00,27.0,False,nan,3467580.0
In,2018-09-06 10:19:00,27.0,False,nan,3467580.0
In,2018-09-06 10:19:00,27.0,False,nan,3467580.0
In,2018-09-06 10:19:00,27.0,False,nan,3467580.0
In,2018-09-06 10:20:00,27.0,False,nan,3467640.0
In,2018-09-06 10:20:00,27.0,False,nan,3467640.0
In,2018-09-06 10:20:00,27.0,False,nan,3467640.0
In,2018-09-06 10:20:00,27.0,False,nan,3467640.0
In,2018-09-06 10:21:00,27.0,False,nan,3467700.0
In,2018-09-06 10:22:00,27.0,False,nan,3467760.0
In,2018-09-06 10:22:00,28.0,False,nan,3467760.0
In,2018-09-06 10:22:00,27.0,False,nan,3467760.0
In,2018-09-06 10:22:00,27.0,False,nan,3467760.0
In,2018-09-06 10:22:00,27.0,False,nan,3467760.0
In,2018-09-06 10:23:00,27.0,False,nan,3467820.0
In,2018-09-06 10:23:00,27.0,False,nan,3467820.0
In,2018-09-06 10:23:00,28.0,False,nan,3467820.0
In,2018-09-06 10:23:00,27.0,False,nan,3467820.0
In,2018-09-06 10:23:00,28.0,False,nan,3467820.0
In,2018-09-06 10:23:00,28.0,False,nan,3467820.0
In,2018-09-06 10:24:00,28.0,False,nan,3467880.0
In,2018-09-06 10:24:00,28.0,False,nan,3467880.0
In,2018-09-06 10:24:00,28.0,False,nan,3467880.0
In,2018-09-06 10:24:00,28.0,False,nan,3467880.0
In,2018-09-06 10:24:00,27.0,False,nan,3467880.0
In,2018-09-06 10:24:00,28.0,False,nan,3467880.0
In,2018-09-06 10:24:00,27.0,False,nan,3467880.0
In,2018-09-06 10:24:00,27.0,False,nan,3467880.0
In,2018-09-06 10:24:00,27.0,False,nan,3467880.0
In,2018-09-06 10:24:00,28.0,False,nan,3467880.0
In,2018-09-06 10:24:00,27.0,False,nan,3467880.0
In,2018-09-06 10:24:00,28.0,False,nan,3467880.0
In,2018-09-06 10:24:00,27.0,False,nan,3467880.0
In,2018-09-06 10:24:00,28.0,False,nan,3467880.0
In,2018-09-06 10:24:00,28.0,False,nan,3467880.0
In,2018-09-06 10:25:00,27.0,False,nan,3467940.0
In,2018-09-06 10:25:00,27.0,False,nan,3467940.0
In,2018-09-06 10:25:00,27.0,False,nan,3467940.0
In,2018-09-06 10:25:00,28.0,False,nan,3467940.0
In,2018-09-06 10:25:00,28.0,False,nan,3467940.0
In,2018-09-06 10:25:00,28.0,False,nan,3467940.0
In,2018-09-06 10:25:00,28.0,False,nan,3467940.0
In,2018-09-06 10:25:00,27.0,False,nan,3467940.0
In,2018-09-06 10:25:00,27.0,False,nan,3467940.0
In,2018-09-06 10:26:00,27.0,False,nan,3468000.0
In,2018-09-06 10:26:00,27.0,False,nan,3468000.0
In,2018-09-06 10:26:00,27.0,False,nan,3468000.0
In,2018-09-06 10:26:00,27.0,False,nan,3468000.0
In,2018-09-06 10:26:00,28.0,False,nan,3468000.0
In,2018-09-06 10:26:00,28.0,False,nan,3468000.0
In,2018-09-06 10:26:00,28.0,False,nan,3468000.0
In,2018-09-06 10:27:00,28.0,False,nan,3468060.0
In,2018-09-06 10:27:00,27.0,False,nan,3468060.0
In,2018-09-06 10:27:00,27.0,False,nan,3468060.0
In,2018-09-06 10:27:00,27.0,False,nan,3468060.0
In,2018-09-06 10:27:00,27.0,False,nan,3468060.0
In,2018-09-06 10:27:00,27.0,False,nan,3468060.0
In,2018-09-06 10:28:00,27.0,False,nan,3468120.0
In,2018-09-06 10:28:00,28.0,False,nan,3468120.0
In,2018-09-06 10:28:00,27.0,False,nan,3468120.0
In,2018-09-06 10:30:00,27.0,False,nan,3468240.0
In,2018-09-06 10:30:00,27.0,False,nan,3468240.0
In,2018-09-06 10:30:00,27.0,False,nan,3468240.0
In,2018-09-06 10:31:00,27.0,False,nan,3468300.0
In,2018-09-06 10:31:00,27.0,False,nan,3468300.0
In,2018-09-06 10:31:00,28.0,False,nan,3468300.0
In,2018-09-06 10:31:00,27.0,False,nan,3468300.0
In,2018-09-06 10:31:00,27.0,False,nan,3468300.0
In,2018-09-06 10:31:00,27.0,False,nan,3468300.0
In,2018-09-06 10:31:00,27.0,False,nan,3468300.0
In,2018-09-06 10:31:00,27.0,False,nan,3468300.0
In,2018-09-06 10:31:00,27.0,False,nan,3468300.0
In,2018-09-06 10:31:00,27.0,False,nan,3468300.0
In,2018-09-06 10:32:00,27.0,False,nan,3468360.0
In,2018-09-06 10:33:00,27.0,False,nan,3468420.0
In,2018-09-06 10:33:00,28.0,False,nan,3468420.0
In,2018-09-06 10:35:00,27.0,False,nan,3468540.0
In,2018-09-06 10:35:00,27.0,False,nan,3468540.0
In,2018-09-06 10:36:00,27.0,False,nan,3468600.0
In,2018-09-06 10:36:00,27.0,False,nan,3468600.0
In,2018-09-06 10:37:00,27.0,False,nan,3468660.0
In,2018-09-06 10:37:00,27.0,False,nan,3468660.0
In,2018-09-06 10:37:00,27.0,False,nan,3468660.0
In,2018-09-06 10:37:00,27.0,False,nan,3468660.0
In,2018-09-06 10:37:00,27.0,False,nan,3468660.0
In,2018-09-06 10:37:00,28.0,False,nan,3468660.0
In,2018-09-06 10:38:00,28.0,False,nan,3468720.0
In,2018-09-06 10:38:00,27.0,False,nan,3468720.0
In,2018-09-06 10:38:00,28.0,False,nan,3468720.0
In,2018-09-06 10:39:00,28.0,False,nan,3468780.0
In,2018-09-06 10:40:00,28.0,False,nan,3468840.0
In,2018-09-06 10:41:00,28.0,False,nan,3468900.0
In,2018-09-06 10:41:00,28.0,False,nan,3468900.0
In,2018-09-06 10:41:00,28.0,False,nan,3468900.0
In,2018-09-06 10:41:00,28.0,False,nan,3468900.0
In,2018-09-06 10:41:00,28.0,False,nan,3468900.0
In,2018-09-06 10:41:00,28.0,False,nan,3468900.0
In,2018-09-06 10:43:00,28.0,False,nan,3469020.0
In,2018-09-06 10:43:00,27.0,False,nan,3469020.0
In,2018-09-06 10:43:00,28.0,False,nan,3469020.0
In,2018-09-06 10:43:00,27.0,False,nan,3469020.0
In,2018-09-06 10:43:00,28.0,False,nan,3469020.0
In,2018-09-06 10:44:00,28.0,False,nan,3469080.0
In,2018-09-06 10:44:00,27.0,False,nan,3469080.0
In,2018-09-06 10:45:00,29.0,False,nan,3469140.0
In,2018-09-06 10:45:00,28.0,False,nan,3469140.0
In,2018-09-06 10:45:00,28.0,False,nan,3469140.0
In,2018-09-06 10:45:00,28.0,False,nan,3469140.0
In,2018-09-06 10:45:00,28.0,False,nan,3469140.0
In,2018-09-06 10:46:00,28.0,False,nan,3469200.0
In,2018-09-06 10:48:00,27.0,False,nan,3469320.0
In,2018-09-06 10:48:00,28.0,False,nan,3469320.0
In,2018-09-06 10:48:00,27.0,False,nan,3469320.0
In,2018-09-06 10:48:00,28.0,False,nan,3469320.0
In,2018-09-06 10:48:00,27.0,False,nan,3469320.0
In,2018-09-06 10:48:00,27.0,False,nan,3469320.0
In,2018-09-06 10:48:00,28.0,False,nan,3469320.0
In,2018-09-06 10:49:00,28.0,False,nan,3469380.0
In,2018-09-06 10:49:00,27.0,False,nan,3469380.0
In,2018-09-06 10:51:00,28.0,False,nan,3469500.0
In,2018-09-06 10:51:00,27.0,False,nan,3469500.0
In,2018-09-06 10:52:00,27.0,False,nan,3469560.0
In,2018-09-06 10:52:00,27.0,False,nan,3469560.0
In,2018-09-06 10:52:00,28.0,False,nan,3469560.0
In,2018-09-06 10:52:00,27.0,False,nan,3469560.0
In,2018-09-06 10:52:00,28.0,False,nan,3469560.0
In,2018-09-06 10:52:00,28.0,False,nan,3469560.0
In,2018-09-06 10:52:00,28.0,False,nan,3469560.0
In,2018-09-06 10:53:00,27.0,False,nan,3469620.0
In,2018-09-06 10:53:00,27.0,False,nan,3469620.0
In,2018-09-06 10:53:00,28.0,False,nan,3469620.0
In,2018-09-06 10:53:00,28.0,False,nan,3469620.0
In,2018-09-06 10:56:00,27.0,False,nan,3469800.0
In,2018-09-06 10:56:00,28.0,False,nan,3469800.0
In,2018-09-06 10:56:00,28.0,False,nan,3469800.0
In,2018-09-06 10:56:00,28.0,False,nan,3469800.0
In,2018-09-06 10:57:00,28.0,False,nan,3469860.0
In,2018-09-06 10:58:00,28.0,False,nan,3469920.0
In,2018-09-06 10:58:00,28.0,False,nan,3469920.0
In,2018-09-06 10:58:00,28.0,False,nan,3469920.0
In,2018-09-06 11:02:00,28.0,False,nan,3470160.0
In,2018-09-06 11:04:00,27.0,False,nan,3470280.0
In,2018-09-06 11:04:00,28.0,False,nan,3470280.0
In,2018-09-06 11:04:00,28.0,False,nan,3470280.0
In,2018-09-06 11:05:00,28.0,False,nan,3470340.0
In,2018-09-06 11:07:00,28.0,False,nan,3470460.0
In,2018-09-06 11:07:00,28.0,False,nan,3470460.0
In,2018-09-06 11:07:00,28.0,False,nan,3470460.0
In,2018-09-06 11:09:00,28.0,False,nan,3470580.0
In,2018-09-06 11:09:00,28.0,False,nan,3470580.0
In,2018-09-06 11:10:00,28.0,False,nan,3470640.0
In,2018-09-06 11:10:00,28.0,False,nan,3470640.0
In,2018-09-06 11:10:00,28.0,False,nan,3470640.0
In,2018-09-06 11:12:00,28.0,False,nan,3470760.0
In,2018-09-06 11:12:00,28.0,False,nan,3470760.0
In,2018-09-06 11:12:00,28.0,False,nan,3470760.0
In,2018-09-06 11:12:00,28.0,False,nan,3470760.0
In,2018-09-06 11:12:00,28.0,False,nan,3470760.0
In,2018-09-06 11:14:00,28.0,False,nan,3470880.0
In,2018-09-06 11:14:00,27.0,False,nan,3470880.0
In,2018-09-06 11:17:00,28.0,False,nan,3471060.0
In,2018-09-06 11:17:00,28.0,False,nan,3471060.0
In,2018-09-06 11:17:00,28.0,False,nan,3471060.0
In,2018-09-06 11:17:00,28.0,False,nan,3471060.0
In,2018-09-06 11:17:00,28.0,False,nan,3471060.0
In,2018-09-06 11:18:00,27.0,False,nan,3471120.0
In,2018-09-06 11:18:00,28.0,False,nan,3471120.0
In,2018-09-06 11:18:00,28.0,False,nan,3471120.0
In,2018-09-06 11:18:00,28.0,False,nan,3471120.0
In,2018-09-06 11:18:00,28.0,False,nan,3471120.0
In,2018-09-06 11:18:00,28.0,False,nan,3471120.0
In,2018-09-06 11:18:00,28.0,False,nan,3471120.0
In,2018-09-06 11:18:00,28.0,False,nan,3471120.0
In,2018-09-06 11:20:00,27.0,False,nan,3471240.0
In,2018-09-06 11:20:00,27.0,False,nan,3471240.0
In,2018-09-06 11:20:00,27.0,False,nan,3471240.0
In,2018-09-06 11:21:00,27.0,False,nan,3471300.0
In,2018-09-06 11:21:00,27.0,False,nan,3471300.0
In,2018-09-06 11:21:00,27.0,False,nan,3471300.0
In,2018-09-06 11:23:00,27.0,False,nan,3471420.0
In,2018-09-06 11:23:00,27.0,False,nan,3471420.0
In,2018-09-06 11:23:00,27.0,False,nan,3471420.0
In,2018-09-06 11:24:00,28.0,False,nan,3471480.0
In,2018-09-06 11:24:00,27.0,False,nan,3471480.0
In,2018-09-06 11:25:00,28.0,False,nan,3471540.0
In,2018-09-06 11:25:00,27.0,False,nan,3471540.0
In,2018-09-06 11:25:00,28.0,False,nan,3471540.0
In,2018-09-06 11:25:00,27.0,False,nan,3471540.0
In,2018-09-06 11:25:00,28.0,False,nan,3471540.0
In,2018-09-06 11:26:00,28.0,False,nan,3471600.0
In,2018-09-06 11:27:00,28.0,False,nan,3471660.0
In,2018-09-06 11:27:00,28.0,False,nan,3471660.0
In,2018-09-06 11:27:00,28.0,False,nan,3471660.0
In,2018-09-06 11:27:00,28.0,False,nan,3471660.0
In,2018-09-06 11:27:00,28.0,False,nan,3471660.0
In,2018-09-06 11:27:00,28.0,False,nan,3471660.0
In,2018-09-06 11:27:00,28.0,False,nan,3471660.0
In,2018-09-06 11:28:00,29.0,False,nan,3471720.0
In,2018-09-06 11:29:00,28.0,False,nan,3471780.0
In,2018-09-06 11:31:00,29.0,False,nan,3471900.0
In,2018-09-06 11:31:00,28.0,False,nan,3471900.0
In,2018-09-06 11:31:00,28.0,False,nan,3471900.0
In,2018-09-06 11:31:00,28.0,False,nan,3471900.0
In,2018-09-06 11:31:00,28.0,False,nan,3471900.0
In,2018-09-06 11:32:00,28.0,False,nan,3471960.0
In,2018-09-06 11:32:00,28.0,False,nan,3471960.0
In,2018-09-06 11:32:00,28.0,False,nan,3471960.0
In,2018-09-06 11:32:00,28.0,False,nan,3471960.0
In,2018-09-06 11:32:00,28.0,False,nan,3471960.0
In,2018-09-06 11:33:00,28.0,False,nan,3472020.0
In,2018-09-06 11:33:00,28.0,False,nan,3472020.0
In,2018-09-06 11:33:00,28.0,False,nan,3472020.0
In,2018-09-06 11:33:00,28.0,False,nan,3472020.0
In,2018-09-06 11:33:00,28.0,False,nan,3472020.0
In,2018-09-06 11:34:00,28.0,False,nan,3472080.0
In,2018-09-06 11:35:00,28.0,False,nan,3472140.0
In,2018-09-06 11:35:00,28.0,False,nan,3472140.0
In,2018-09-06 11:35:00,28.0,False,nan,3472140.0
In,2018-09-06 11:36:00,28.0,False,nan,3472200.0
In,2018-09-06 11:37:00,28.0,False,nan,3472260.0
In,2018-09-06 11:37:00,28.0,False,nan,3472260.0
In,2018-09-06 11:37:00,28.0,False,nan,3472260.0
In,2018-09-06 11:37:00,28.0,False,nan,3472260.0
In,2018-09-06 11:40:00,28.0,False,nan,3472440.0
In,2018-09-06 11:40:00,28.0,False,nan,3472440.0
In,2018-09-06 11:40:00,28.0,False,nan,3472440.0
In,2018-09-06 11:40:00,28.0,False,nan,3472440.0
In,2018-09-06 11:41:00,28.0,False,nan,3472500.0
In,2018-09-06 11:41:00,27.0,False,nan,3472500.0
In,2018-09-06 11:41:00,28.0,False,nan,3472500.0
In,2018-09-06 11:42:00,28.0,False,nan,3472560.0
In,2018-09-06 11:42:00,28.0,False,nan,3472560.0
In,2018-09-06 11:42:00,28.0,False,nan,3472560.0
In,2018-09-06 11:42:00,27.0,False,nan,3472560.0
In,2018-09-06 11:42:00,27.0,False,nan,3472560.0
In,2018-09-06 11:42:00,28.0,False,nan,3472560.0
In,2018-09-06 11:42:00,27.0,False,nan,3472560.0
In,2018-09-06 11:42:00,27.0,False,nan,3472560.0
In,2018-09-06 11:42:00,27.0,False,nan,3472560.0
In,2018-09-06 11:43:00,27.0,False,nan,3472620.0
In,2018-09-06 11:43:00,27.0,False,nan,3472620.0
In,2018-09-06 11:43:00,27.0,False,nan,3472620.0
In,2018-09-06 11:43:00,27.0,False,nan,3472620.0
In,2018-09-06 11:43:00,27.0,False,nan,3472620.0
In,2018-09-06 11:44:00,27.0,False,nan,3472680.0
In,2018-09-06 11:44:00,28.0,False,nan,3472680.0
In,2018-09-06 11:44:00,27.0,False,nan,3472680.0
In,2018-09-06 11:44:00,27.0,False,nan,3472680.0
In,2018-09-06 11:44:00,27.0,False,nan,3472680.0
In,2018-09-06 11:44:00,27.0,False,nan,3472680.0
In,2018-09-06 11:44:00,27.0,False,nan,3472680.0
In,2018-09-06 11:45:00,27.0,False,nan,3472740.0
In,2018-09-06 11:45:00,27.0,False,nan,3472740.0
In,2018-09-06 11:46:00,27.0,False,nan,3472800.0
In,2018-09-06 11:46:00,27.0,False,nan,3472800.0
In,2018-09-06 11:46:00,27.0,False,nan,3472800.0
In,2018-09-06 11:46:00,27.0,False,nan,3472800.0
In,2018-09-06 11:47:00,27.0,False,nan,3472860.0
In,2018-09-06 11:47:00,27.0,False,nan,3472860.0
In,2018-09-06 11:49:00,28.0,False,nan,3472980.0
In,2018-09-06 11:49:00,27.0,False,nan,3472980.0
In,2018-09-06 11:49:00,27.0,False,nan,3472980.0
In,2018-09-06 11:49:00,27.0,False,nan,3472980.0
In,2018-09-06 11:49:00,27.0,False,nan,3472980.0
In,2018-09-06 11:49:00,27.0,False,nan,3472980.0
In,2018-09-06 11:49:00,27.0,False,nan,3472980.0
In,2018-09-06 11:49:00,27.0,False,nan,3472980.0
In,2018-09-06 11:50:00,28.0,False,nan,3473040.0
In,2018-09-06 11:50:00,27.0,False,nan,3473040.0
In,2018-09-06 11:54:00,27.0,False,nan,3473280.0
In,2018-09-06 11:56:00,27.0,False,nan,3473400.0
In,2018-09-06 11:56:00,27.0,False,nan,3473400.0
In,2018-09-06 11:56:00,27.0,False,nan,3473400.0
In,2018-09-06 11:57:00,27.0,False,nan,3473460.0
In,2018-09-06 11:57:00,27.0,False,nan,3473460.0
In,2018-09-06 11:57:00,27.0,False,nan,3473460.0
In,2018-09-06 11:57:00,27.0,False,nan,3473460.0
In,2018-09-06 11:59:00,27.0,False,nan,3473580.0
In,2018-09-06 11:59:00,27.0,False,nan,3473580.0
In,2018-09-06 11:59:00,27.0,False,nan,3473580.0
In,2018-09-06 11:59:00,27.0,False,nan,3473580.0
In,2018-09-06 12:00:00,27.0,False,nan,3473640.0
In,2018-09-06 12:00:00,27.0,False,nan,3473640.0
In,2018-09-06 12:00:00,27.0,False,nan,3473640.0
In,2018-09-06 12:00:00,27.0,False,nan,3473640.0
In,2018-09-06 12:00:00,27.0,False,nan,3473640.0
In,2018-09-06 12:00:00,27.0,False,nan,3473640.0
In,2018-09-06 12:00:00,27.0,False,nan,3473640.0
In,2018-09-06 12:01:00,27.0,False,nan,3473700.0
In,2018-09-06 12:02:00,27.0,False,nan,3473760.0
In,2018-09-06 12:02:00,27.0,False,nan,3473760.0
In,2018-09-06 12:02:00,27.0,False,nan,3473760.0
In,2018-09-06 12:02:00,27.0,False,nan,3473760.0
In,2018-09-06 12:02:00,27.0,False,nan,3473760.0
In,2018-09-06 12:02:00,27.0,False,nan,3473760.0
In,2018-09-06 12:02:00,27.0,False,nan,3473760.0
In,2018-09-06 12:02:00,27.0,False,nan,3473760.0
In,2018-09-06 12:02:00,27.0,False,nan,3473760.0
In,2018-09-06 12:03:00,27.0,False,nan,3473820.0
In,2018-09-06 12:03:00,27.0,False,nan,3473820.0
In,2018-09-06 12:03:00,27.0,False,nan,3473820.0
In,2018-09-06 12:03:00,27.0,False,nan,3473820.0
In,2018-09-06 12:03:00,27.0,False,nan,3473820.0
In,2018-09-06 12:03:00,27.0,False,nan,3473820.0
In,2018-09-06 12:03:00,27.0,False,nan,3473820.0
In,2018-09-06 12:03:00,27.0,False,nan,3473820.0
In,2018-09-06 12:03:00,27.0,False,nan,3473820.0
In,2018-09-06 12:03:00,27.0,False,nan,3473820.0
In,2018-09-06 12:04:00,27.0,False,nan,3473880.0
In,2018-09-06 12:06:00,28.0,False,nan,3474000.0
In,2018-09-06 12:06:00,27.0,False,nan,3474000.0
In,2018-09-06 12:06:00,27.0,False,nan,3474000.0
In,2018-09-06 12:06:00,27.0,False,nan,3474000.0
In,2018-09-06 12:06:00,27.0,False,nan,3474000.0
In,2018-09-06 12:06:00,27.0,False,nan,3474000.0
In,2018-09-06 12:06:00,27.0,False,nan,3474000.0
In,2018-09-06 12:06:00,27.0,False,nan,3474000.0
In,2018-09-06 12:06:00,27.0,False,nan,3474000.0
In,2018-09-06 12:06:00,27.0,False,nan,3474000.0
In,2018-09-06 12:07:00,27.0,False,nan,3474060.0
In,2018-09-06 12:07:00,27.0,False,nan,3474060.0
In,2018-09-06 12:09:00,27.0,False,nan,3474180.0
In,2018-09-06 12:12:00,27.0,False,nan,3474360.0
In,2018-09-06 12:12:00,27.0,False,nan,3474360.0
In,2018-09-06 12:12:00,27.0,False,nan,3474360.0
In,2018-09-06 12:12:00,27.0,False,nan,3474360.0
In,2018-09-06 12:12:00,27.0,False,nan,3474360.0
In,2018-09-06 12:14:00,27.0,False,nan,3474480.0
In,2018-09-06 12:14:00,26.0,False,nan,3474480.0
In,2018-09-06 12:14:00,27.0,False,nan,3474480.0
In,2018-09-06 12:14:00,27.0,False,nan,3474480.0
In,2018-09-06 12:16:00,27.0,False,nan,3474600.0
In,2018-09-06 12:16:00,27.0,False,nan,3474600.0
In,2018-09-06 12:16:00,27.0,False,nan,3474600.0
In,2018-09-06 12:17:00,27.0,False,nan,3474660.0
In,2018-09-06 12:17:00,27.0,False,nan,3474660.0
In,2018-09-06 12:17:00,27.0,False,nan,3474660.0
In,2018-09-06 12:17:00,27.0,False,nan,3474660.0
In,2018-09-06 12:18:00,27.0,False,nan,3474720.0
In,2018-09-06 12:18:00,27.0,False,nan,3474720.0
In,2018-09-06 12:18:00,26.0,False,nan,3474720.0
In,2018-09-06 12:20:00,27.0,False,nan,3474840.0
In,2018-09-06 12:20:00,27.0,False,nan,3474840.0
In,2018-09-06 12:20:00,27.0,False,nan,3474840.0
In,2018-09-06 12:20:00,27.0,False,nan,3474840.0
In,2018-09-06 12:20:00,26.0,False,nan,3474840.0
In,2018-09-06 12:20:00,27.0,False,nan,3474840.0
In,2018-09-06 12:21:00,27.0,False,nan,3474900.0
In,2018-09-06 12:21:00,26.0,False,nan,3474900.0
In,2018-09-06 12:21:00,27.0,False,nan,3474900.0
In,2018-09-06 12:21:00,26.0,False,nan,3474900.0
In,2018-09-06 12:21:00,27.0,False,nan,3474900.0
In,2018-09-06 12:22:00,26.0,False,nan,3474960.0
In,2018-09-06 12:22:00,27.0,False,nan,3474960.0
In,2018-09-06 12:23:00,26.0,False,nan,3475020.0
In,2018-09-06 12:23:00,26.0,False,nan,3475020.0
In,2018-09-06 12:23:00,26.0,False,nan,3475020.0
In,2018-09-06 12:23:00,26.0,False,nan,3475020.0
In,2018-09-06 12:23:00,26.0,False,nan,3475020.0
In,2018-09-06 12:23:00,26.0,False,nan,3475020.0
In,2018-09-06 12:23:00,26.0,False,nan,3475020.0
In,2018-09-06 12:23:00,26.0,False,nan,3475020.0
In,2018-09-06 12:23:00,27.0,False,nan,3475020.0
In,2018-09-06 12:23:00,26.0,False,nan,3475020.0
In,2018-09-06 12:24:00,26.0,False,nan,3475080.0
In,2018-09-06 12:25:00,26.0,False,nan,3475140.0
In,2018-09-06 12:25:00,27.0,False,nan,3475140.0
In,2018-09-06 12:27:00,26.0,False,nan,3475260.0
In,2018-09-06 12:27:00,26.0,False,nan,3475260.0
In,2018-09-06 12:31:00,27.0,False,nan,3475500.0
In,2018-09-06 12:31:00,26.0,False,nan,3475500.0
In,2018-09-06 12:31:00,26.0,False,nan,3475500.0
In,2018-09-06 12:32:00,26.0,False,nan,3475560.0
In,2018-09-06 12:32:00,26.0,False,nan,3475560.0
In,2018-09-06 12:33:00,26.0,False,nan,3475620.0
In,2018-09-06 12:34:00,26.0,False,nan,3475680.0
In,2018-09-06 12:34:00,26.0,False,nan,3475680.0
In,2018-09-06 12:34:00,26.0,False,nan,3475680.0
In,2018-09-06 12:34:00,26.0,False,nan,3475680.0
In,2018-09-06 12:34:00,26.0,False,nan,3475680.0
In,2018-09-06 12:34:00,26.0,False,nan,3475680.0
In,2018-09-06 12:34:00,26.0,False,nan,3475680.0
In,2018-09-06 12:34:00,26.0,False,nan,3475680.0
In,2018-09-06 12:34:00,25.0,False,nan,3475680.0
In,2018-09-06 12:34:00,26.0,False,nan,3475680.0
In,2018-09-06 12:35:00,26.0,False,nan,3475740.0
In,2018-09-06 12:35:00,26.0,False,nan,3475740.0
In,2018-09-06 12:35:00,26.0,False,nan,3475740.0
In,2018-09-06 12:36:00,26.0,False,nan,3475800.0
In,2018-09-06 12:36:00,26.0,False,nan,3475800.0
In,2018-09-06 12:36:00,26.0,False,nan,3475800.0
In,2018-09-06 12:36:00,26.0,False,nan,3475800.0
In,2018-09-06 12:36:00,26.0,False,nan,3475800.0
In,2018-09-06 12:36:00,26.0,False,nan,3475800.0
In,2018-09-06 12:36:00,26.0,False,nan,3475800.0
In,2018-09-06 12:36:00,26.0,False,nan,3475800.0
In,2018-09-06 12:37:00,26.0,False,nan,3475860.0
In,2018-09-06 12:39:00,26.0,False,nan,3475980.0
In,2018-09-06 12:41:00,26.0,False,nan,3476100.0
In,2018-09-06 12:43:00,26.0,False,nan,3476220.0
In,2018-09-06 12:43:00,26.0,False,nan,3476220.0
In,2018-09-06 12:43:00,26.0,False,nan,3476220.0
In,2018-09-06 12:46:00,26.0,False,nan,3476400.0
In,2018-09-06 12:50:00,26.0,False,nan,3476640.0
In,2018-09-06 12:50:00,26.0,False,nan,3476640.0
In,2018-09-06 12:50:00,25.0,False,nan,3476640.0
In,2018-09-06 12:50:00,26.0,False,nan,3476640.0
In,2018-09-06 12:50:00,26.0,False,nan,3476640.0
In,2018-09-06 12:51:00,25.0,False,nan,3476700.0
In,2018-09-06 12:51:00,26.0,False,nan,3476700.0
In,2018-09-06 12:52:00,26.0,False,nan,3476760.0
In,2018-09-06 12:52:00,26.0,False,nan,3476760.0
In,2018-09-06 12:53:00,26.0,False,nan,3476820.0
In,2018-09-06 12:58:00,26.0,False,nan,3477120.0
In,2018-09-06 12:58:00,27.0,False,nan,3477120.0
In,2018-09-06 13:00:00,27.0,False,nan,3477240.0
In,2018-09-06 13:00:00,26.0,False,nan,3477240.0
In,2018-09-06 13:00:00,27.0,False,nan,3477240.0
In,2018-09-06 13:03:00,26.0,False,nan,3477420.0
In,2018-09-06 13:03:00,27.0,False,nan,3477420.0
In,2018-09-06 13:05:00,26.0,False,nan,3477540.0
In,2018-09-06 13:06:00,27.0,False,nan,3477600.0
In,2018-09-06 14:03:00,27.0,False,nan,3481020.0
In,2018-09-06 14:05:00,27.0,False,nan,3481140.0
In,2018-09-06 14:05:00,27.0,False,nan,3481140.0
In,2018-09-06 14:05:00,27.0,False,nan,3481140.0
In,2018-09-06 14:05:00,27.0,False,nan,3481140.0
In,2018-09-06 14:07:00,27.0,False,nan,3481260.0
In,2018-09-06 14:07:00,27.0,False,nan,3481260.0
In,2018-09-06 14:07:00,27.0,False,nan,3481260.0
In,2018-09-06 14:08:00,27.0,False,nan,3481320.0
In,2018-09-06 14:10:00,27.0,True,drift,3481440.0
In,2018-09-06 14:10:00,27.0,False,nan,3481440.0
In,2018-09-06 14:10:00,27.0,False,nan,3481440.0
In,2018-09-06 14:10:00,27.0,False,nan,3481440.0
In,2018-09-06 14:10:00,27.0,False,nan,3481440.0
In,2018-09-06 14:10:00,27.0,False,nan,3481440.0
In,2018-09-06 14:10:00,27.0,False,nan,3481440.0
In,2018-09-06 14:11:00,27.289534274168,True,drift,3481500.0
In,2018-09-06 14:12:00,27.579068548336007,True,drift,3481560.0
In,2018-09-06 14:13:00,29.605808467512027,True,drift,3481620.0
In,2018-09-06 14:13:00,27.86860282250401,True,drift,3481620.0
In,2018-09-06 14:13:00,28.15813709667201,True,drift,3481620.0
In,2018-09-06 14:13:00,28.447671370840016,True,drift,3481620.0
In,2018-09-06 14:13:00,28.737205645008014,True,drift,3481620.0
In,2018-09-06 14:13:00,29.026739919176023,True,drift,3481620.0
In,2018-09-06 14:13:00,29.316274193344025,True,drift,3481620.0
In,2018-09-06 14:14:00,29.895342741680032,True,drift,3481680.0
In,2018-09-06 14:14:00,30.184877015848038,True,drift,3481680.0
In,2018-09-06 14:15:00,30.47441129001604,True,drift,3481740.0
In,2018-09-06 14:16:00,30.76394556418404,True,drift,3481800.0
In,2018-09-06 14:16:00,31.053479838352043,True,drift,3481800.0
In,2018-09-06 14:17:00,31.63254838668805,True,drift,3481860.0
In,2018-09-06 14:17:00,31.343014112520045,True,drift,3481860.0
In,2018-09-06 14:24:00,31.92208266085605,True,drift,3482280.0
In,2018-09-06 14:27:00,32.211616935024054,True,drift,3482460.0
In,2018-09-06 14:28:00,32.50115120919206,True,drift,3482520.0
In,2018-09-06 14:28:00,32.790685483360065,True,drift,3482520.0
In,2018-09-06 14:29:00,33.08021975752806,True,drift,3482580.0
In,2018-09-06 14:29:00,33.36975403169607,True,drift,3482580.0
In,2018-09-06 14:29:00,33.659288305864074,True,drift,3482580.0
In,2018-09-06 14:29:00,33.94882258003207,True,drift,3482580.0
In,2018-09-06 14:31:00,27.0,False,nan,3482700.0
In,2018-09-06 14:31:00,27.0,False,nan,3482700.0
In,2018-09-06 14:32:00,27.0,False,nan,3482760.0
In,2018-09-06 14:33:00,27.0,False,nan,3482820.0
In,2018-09-06 14:34:00,27.0,False,nan,3482880.0
In,2018-09-06 14:34:00,27.0,False,nan,3482880.0
In,2018-09-06 14:34:00,27.0,False,nan,3482880.0
In,2018-09-06 14:46:00,25.0,False,nan,3483600.0
In,2018-09-07 14:16:00,28.0,False,nan,3568200.0
In,2018-09-07 14:16:00,28.0,False,nan,3568200.0
In,2018-09-07 14:16:00,27.0,False,nan,3568200.0
In,2018-09-07 14:16:00,28.0,False,nan,3568200.0
In,2018-09-07 14:16:00,27.0,False,nan,3568200.0
In,2018-09-07 14:16:00,28.0,False,nan,3568200.0
In,2018-09-07 14:17:00,28.0,False,nan,3568260.0
In,2018-09-07 14:17:00,28.0,False,nan,3568260.0
In,2018-09-07 14:17:00,28.0,False,nan,3568260.0
In,2018-09-07 14:17:00,28.0,False,nan,3568260.0
In,2018-09-07 14:17:00,28.0,False,nan,3568260.0
In,2018-09-07 14:17:00,28.0,False,nan,3568260.0
In,2018-09-07 14:17:00,28.0,False,nan,3568260.0
In,2018-09-07 14:17:00,28.0,False,nan,3568260.0
In,2018-09-07 14:19:00,29.0,False,nan,3568380.0
In,2018-09-07 14:19:00,29.0,False,nan,3568380.0
In,2018-09-07 14:20:00,29.0,False,nan,3568440.0
In,2018-09-07 14:20:00,29.0,False,nan,3568440.0
In,2018-09-07 14:21:00,29.0,False,nan,3568500.0
In,2018-09-07 14:22:00,29.0,False,nan,3568560.0
In,2018-09-07 14:23:00,29.0,False,nan,3568620.0
In,2018-09-07 14:23:00,29.0,False,nan,3568620.0
In,2018-09-07 14:24:00,29.0,False,nan,3568680.0
In,2018-09-07 14:24:00,29.0,False,nan,3568680.0
In,2018-09-07 14:24:00,29.0,False,nan,3568680.0
In,2018-09-07 14:26:00,29.0,False,nan,3568800.0
In,2018-09-07 14:28:00,29.0,False,nan,3568920.0
In,2018-09-07 14:28:00,29.0,False,nan,3568920.0
In,2018-09-07 14:28:00,29.0,False,nan,3568920.0
In,2018-09-07 14:28:00,29.0,False,nan,3568920.0
In,2018-09-07 14:28:00,29.0,False,nan,3568920.0
In,2018-09-07 14:28:00,29.0,False,nan,3568920.0
In,2018-09-07 14:32:00,29.0,False,nan,3569160.0
In,2018-09-07 14:32:00,29.0,False,nan,3569160.0
In,2018-09-07 14:32:00,29.0,False,nan,3569160.0
In,2018-09-07 14:32:00,29.0,False,nan,3569160.0
In,2018-09-07 14:32:00,29.0,False,nan,3569160.0
In,2018-09-07 14:34:00,28.0,False,nan,3569280.0
In,2018-09-07 14:34:00,29.0,False,nan,3569280.0
In,2018-09-07 14:34:00,29.0,False,nan,3569280.0
In,2018-09-07 14:34:00,28.0,False,nan,3569280.0
In,2018-09-07 14:35:00,29.0,False,nan,3569340.0
In,2018-09-07 14:35:00,28.0,False,nan,3569340.0
In,2018-09-07 14:36:00,29.0,False,nan,3569400.0
In,2018-09-07 14:36:00,29.0,False,nan,3569400.0
In,2018-09-07 14:37:00,29.0,False,nan,3569460.0
In,2018-09-07 14:38:00,29.0,False,nan,3569520.0
In,2018-09-07 14:38:00,29.0,False,nan,3569520.0
In,2018-09-07 14:38:00,29.0,False,nan,3569520.0
In,2018-09-07 14:42:00,29.0,False,nan,3569760.0
In,2018-09-07 14:42:00,29.0,False,nan,3569760.0
In,2018-09-07 14:42:00,29.0,False,nan,3569760.0
In,2018-09-07 14:43:00,29.0,False,nan,3569820.0
In,2018-09-07 14:44:00,29.0,False,nan,3569880.0
In,2018-09-07 14:46:00,28.0,False,nan,3570000.0
In,2018-09-07 14:46:00,29.0,False,nan,3570000.0
In,2018-09-07 14:46:00,29.0,False,nan,3570000.0
In,2018-09-07 14:47:00,29.0,False,nan,3570060.0
In,2018-09-07 14:47:00,29.0,False,nan,3570060.0
In,2018-09-07 14:47:00,29.0,False,nan,3570060.0
In,2018-09-07 14:47:00,29.0,False,nan,3570060.0
In,2018-09-07 14:49:00,29.0,False,nan,3570180.0
In,2018-09-07 14:49:00,29.0,False,nan,3570180.0
In,2018-09-07 14:50:00,29.0,False,nan,3570240.0
In,2018-09-07 14:50:00,29.0,False,nan,3570240.0
In,2018-09-07 14:50:00,29.0,False,nan,3570240.0
In,2018-09-07 14:54:00,29.0,False,nan,3570480.0
In,2018-09-07 14:54:00,29.0,False,nan,3570480.0
In,2018-09-07 14:54:00,29.0,False,nan,3570480.0
In,2018-09-07 14:54:00,29.0,False,nan,3570480.0
In,2018-09-07 14:54:00,29.0,False,nan,3570480.0
In,2018-09-07 14:55:00,29.0,False,nan,3570540.0
In,2018-09-07 14:55:00,38.66721003727034,True,step,3570540.0
In,2018-09-07 14:56:00,38.66721003727034,True,step,3570600.0
In,2018-09-07 14:57:00,37.66721003727034,True,step,3570660.0
In,2018-09-07 14:59:00,38.66721003727034,True,step,3570780.0
In,2018-09-07 14:59:00,38.66721003727034,True,step,3570780.0
In,2018-09-07 14:59:00,38.66721003727034,True,step,3570780.0
In,2018-09-07 14:59:00,38.66721003727034,True,step,3570780.0
In,2018-09-07 14:59:00,38.66721003727034,True,step,3570780.0
In,2018-09-07 14:59:00,38.66721003727034,True,step,3570780.0
In,2018-09-07 14:59:00,38.66721003727034,True,step,3570780.0
In,2018-09-07 14:59:00,38.66721003727034,True,step,3570780.0
In,2018-09-07 14:59:00,38.66721003727034,True,step,3570780.0
In,2018-09-07 15:02:00,38.66721003727034,True,step,3570960.0
In,2018-09-07 15:03:00,38.66721003727034,True,step,3571020.0
In,2018-09-07 15:03:00,38.66721003727034,True,step,3571020.0
In,2018-09-07 15:03:00,38.66721003727034,True,step,3571020.0
In,2018-09-07 15:03:00,38.66721003727034,True,step,3571020.0
In,2018-09-07 15:03:00,38.66721003727034,True,step,3571020.0
In,2018-09-07 15:03:00,38.66721003727034,True,step,3571020.0
In,2018-09-07 15:04:00,38.66721003727034,True,step,3571080.0
In,2018-09-07 15:04:00,38.66721003727034,True,step,3571080.0
In,2018-09-07 15:04:00,38.66721003727034,True,step,3571080.0
In,2018-09-07 15:04:00,38.66721003727034,True,step,3571080.0
In,2018-09-07 15:07:00,38.66721003727034,True,step,3571260.0
In,2018-09-07 15:07:00,29.0,False,nan,3571260.0
In,2018-09-07 15:07:00,29.0,False,nan,3571260.0
In,2018-09-07 15:10:00,29.0,False,nan,3571440.0
In,2018-09-07 15:10:00,29.0,False,nan,3571440.0
In,2018-09-07 15:10:00,29.0,False,nan,3571440.0
In,2018-09-07 15:10:00,29.0,False,nan,3571440.0
In,2018-09-07 15:10:00,29.0,False,nan,3571440.0
In,2018-09-07 15:10:00,29.0,False,nan,3571440.0
In,2018-09-07 15:24:00,29.0,False,nan,3572280.0
In,2018-09-07 15:25:00,29.0,False,nan,3572340.0
In,2018-09-07 15:25:00,30.0,False,nan,3572340.0
In,2018-09-07 15:25:00,29.0,False,nan,3572340.0
In,2018-09-07 15:25:00,30.0,False,nan,3572340.0
In,2018-09-07 15:26:00,30.0,False,nan,3572400.0
In,2018-09-07 15:26:00,29.0,False,nan,3572400.0
In,2018-09-07 15:27:00,30.0,False,nan,3572460.0
In,2018-09-07 15:27:00,30.0,False,nan,3572460.0
In,2018-09-07 15:27:00,30.0,False,nan,3572460.0
In,2018-09-07 15:27:00,29.0,False,nan,3572460.0
In,2018-09-07 15:27:00,29.0,False,nan,3572460.0
In,2018-09-07 15:27:00,30.0,False,nan,3572460.0
In,2018-09-07 15:27:00,30.0,False,nan,3572460.0
In,2018-09-07 15:27:00,29.0,False,nan,3572460.0
In,2018-09-07 15:27:00,29.0,False,nan,3572460.0
In,2018-09-07 15:27:00,30.0,False,nan,3572460.0
In,2018-09-07 15:27:00,29.0,False,nan,3572460.0
In,2018-09-07 15:27:00,29.0,False,nan,3572460.0
In,2018-09-07 15:27:00,30.0,False,nan,3572460.0
In,2018-09-07 15:28:00,29.0,False,nan,3572520.0
In,2018-09-07 15:28:00,29.0,False,nan,3572520.0
In,2018-09-07 15:28:00,30.0,False,nan,3572520.0
In,2018-09-07 15:28:00,29.0,False,nan,3572520.0
In,2018-09-07 15:28:00,30.0,False,nan,3572520.0
In,2018-09-07 15:28:00,29.0,False,nan,3572520.0
In,2018-09-07 15:28:00,30.0,False,nan,3572520.0
In,2018-09-07 15:28:00,29.0,False,nan,3572520.0
In,2018-09-07 15:28:00,30.0,False,nan,3572520.0
In,2018-09-07 15:28:00,30.0,False,nan,3572520.0
In,2018-09-07 15:28:00,29.0,False,nan,3572520.0
In,2018-09-07 15:28:00,30.0,False,nan,3572520.0
In,2018-09-07 15:29:00,29.0,False,nan,3572580.0
In,2018-09-07 15:29:00,29.0,False,nan,3572580.0
In,2018-09-07 15:29:00,30.0,False,nan,3572580.0
In,2018-09-07 15:29:00,29.0,False,nan,3572580.0
In,2018-09-07 15:29:00,30.0,False,nan,3572580.0
In,2018-09-07 15:29:00,30.0,False,nan,3572580.0
In,2018-09-07 15:29:00,30.0,False,nan,3572580.0
In,2018-09-07 15:29:00,30.0,False,nan,3572580.0
In,2018-09-07 15:31:00,29.0,False,nan,3572700.0
In,2018-09-07 15:31:00,30.0,False,nan,3572700.0
In,2018-09-07 15:31:00,29.0,False,nan,3572700.0
In,2018-09-07 15:31:00,30.0,False,nan,3572700.0
In,2018-09-07 15:35:00,30.0,False,nan,3572940.0
In,2018-09-07 15:35:00,30.0,False,nan,3572940.0
In,2018-09-07 15:35:00,30.0,False,nan,3572940.0
In,2018-09-07 15:35:00,30.0,False,nan,3572940.0
In,2018-09-07 15:35:00,30.0,False,nan,3572940.0
In,2018-09-07 15:36:00,30.0,False,nan,3573000.0
In,2018-09-07 15:36:00,30.0,False,nan,3573000.0
In,2018-09-07 15:36:00,30.0,False,nan,3573000.0
In,2018-09-07 15:36:00,30.0,False,nan,3573000.0
In,2018-09-07 15:36:00,30.0,False,nan,3573000.0
In,2018-09-07 15:36:00,30.0,False,nan,3573000.0
In,2018-09-07 15:36:00,30.0,False,nan,3573000.0
In,2018-09-07 15:36:00,30.0,False,nan,3573000.0
In,2018-09-07 15:36:00,30.0,False,nan,3573000.0
In,2018-09-07 15:36:00,30.0,False,nan,3573000.0
In,2018-09-07 15:36:00,30.0,False,nan,3573000.0
In,2018-09-07 15:36:00,30.0,False,nan,3573000.0
In,2018-09-07 15:36:00,30.0,False,nan,3573000.0
In,2018-09-07 15:36:00,30.0,False,nan,3573000.0
In,2018-09-07 15:36:00,30.0,False,nan,3573000.0
In,2018-09-07 15:36:00,30.0,False,nan,3573000.0
In,2018-09-07 15:36:00,30.0,False,nan,3573000.0
In,2018-09-07 15:36:00,30.0,False,nan,3573000.0
In,2018-09-07 15:37:00,30.0,False,nan,3573060.0
In,2018-09-07 15:43:00,30.0,False,nan,3573420.0
In,2018-09-07 15:43:00,31.0,False,nan,3573420.0
In,2018-09-07 15:52:00,30.0,True,flatline,3573960.0
In,2018-09-07 15:52:00,30.0,False,nan,3573960.0
In,2018-09-07 15:52:00,30.0,False,nan,3573960.0
In,2018-09-07 15:52:00,30.0,False,nan,3573960.0
In,2018-09-07 15:52:00,30.0,False,nan,3573960.0
In,2018-09-07 15:52:00,30.0,False,nan,3573960.0
In,2018-09-07 15:52:00,30.0,False,nan,3573960.0
In,2018-09-07 15:52:00,30.0,False,nan,3573960.0
In,2018-09-07 15:52:00,30.0,False,nan,3573960.0
In,2018-09-07 15:52:00,30.0,True,flatline,3573960.0
In,2018-09-07 15:52:00,30.0,True,flatline,3573960.0
In,2018-09-07 15:52:00,30.0,True,flatline,3573960.0
In,2018-09-07 15:52:00,30.0,True,flatline,3573960.0
In,2018-09-07 15:53:00,30.0,True,flatline,3574020.0
In,2018-09-07 15:53:00,30.0,True,flatline,3574020.0
In,2018-09-07 15:59:00,30.0,False,nan,3574380.0
In,2018-09-07 15:59:00,30.0,True,flatline,3574380.0
In,2018-09-07 16:01:00,31.0,False,nan,3574500.0
In,2018-09-07 16:01:00,30.0,False,nan,3574500.0
In,2018-09-07 16:04:00,30.0,False,nan,3574680.0
In,2018-09-07 16:04:00,31.0,False,nan,3574680.0
In,2018-09-07 16:06:00,31.0,False,nan,3574800.0
In,2018-09-07 16:06:00,30.0,False,nan,3574800.0
In,2018-09-07 16:12:00,31.0,False,nan,3575160.0
In,2018-09-07 16:12:00,30.0,False,nan,3575160.0
In,2018-09-07 16:13:00,30.0,False,nan,3575220.0
In,2018-09-07 16:13:00,31.0,False,nan,3575220.0
In,2018-09-07 16:14:00,30.0,False,nan,3575280.0
In,2018-09-07 16:14:00,30.0,False,nan,3575280.0
In,2018-09-07 16:15:00,30.0,False,nan,3575340.0
In,2018-09-07 16:15:00,30.0,False,nan,3575340.0
In,2018-09-07 16:15:00,30.0,False,nan,3575340.0
In,2018-09-07 16:15:00,31.0,False,nan,3575340.0
In,2018-09-07 16:15:00,31.0,False,nan,3575340.0
In,2018-09-07 16:15:00,30.0,False,nan,3575340.0
In,2018-09-07 16:15:00,31.0,False,nan,3575340.0
In,2018-09-07 16:15:00,30.0,False,nan,3575340.0
In,2018-09-07 16:15:00,31.0,False,nan,3575340.0
In,2018-09-07 16:15:00,31.0,False,nan,3575340.0
In,2018-09-07 16:16:00,30.0,False,nan,3575400.0
In,2018-09-07 16:16:00,31.0,False,nan,3575400.0
In,2018-09-07 16:16:00,30.0,False,nan,3575400.0
In,2018-09-07 16:16:00,30.0,False,nan,3575400.0
In,2018-09-07 16:16:00,31.0,False,nan,3575400.0
In,2018-09-07 16:16:00,31.0,False,nan,3575400.0
In,2018-09-07 16:16:00,30.0,False,nan,3575400.0
In,2018-09-07 16:16:00,31.0,False,nan,3575400.0
In,2018-09-07 16:16:00,31.0,False,nan,3575400.0
In,2018-09-07 16:16:00,30.0,False,nan,3575400.0
In,2018-09-07 16:16:00,30.0,False,nan,3575400.0
In,2018-09-07 16:16:00,31.0,False,nan,3575400.0
In,2018-09-07 16:17:00,30.0,False,nan,3575460.0
In,2018-09-07 16:17:00,30.0,False,nan,3575460.0
In,2018-09-07 16:17:00,30.0,False,nan,3575460.0
In,2018-09-07 16:17:00,31.0,False,nan,3575460.0
In,2018-09-07 16:17:00,30.0,False,nan,3575460.0
In,2018-09-07 16:17:00,31.0,False,nan,3575460.0
In,2018-09-07 16:17:00,31.0,False,nan,3575460.0
In,2018-09-07 16:17:00,30.0,False,nan,3575460.0
In,2018-09-07 16:17:00,31.0,False,nan,3575460.0
In,2018-09-07 16:17:00,31.0,False,nan,3575460.0
In,2018-09-07 16:17:00,30.0,False,nan,3575460.0
In,2018-09-07 16:17:00,30.0,False,nan,3575460.0
In,2018-09-07 16:17:00,31.0,False,nan,3575460.0
In,2018-09-07 16:17:00,31.0,False,nan,3575460.0
In,2018-09-07 16:18:00,30.0,False,nan,3575520.0
In,2018-09-07 16:18:00,31.0,False,nan,3575520.0
In,2018-09-07 16:18:00,31.0,False,nan,3575520.0
In,2018-09-07 16:18:00,31.0,False,nan,3575520.0
In,2018-09-07 16:18:00,30.0,False,nan,3575520.0
In,2018-09-07 16:20:00,30.0,False,nan,3575640.0
In,2018-09-07 16:20:00,31.0,False,nan,3575640.0
In,2018-09-07 16:20:00,31.0,False,nan,3575640.0
In,2018-09-07 16:21:00,31.0,False,nan,3575700.0
In,2018-09-07 16:21:00,31.0,False,nan,3575700.0
In,2018-09-07 16:21:00,31.0,False,nan,3575700.0
In,2018-09-07 16:21:00,31.0,False,nan,3575700.0
In,2018-09-07 16:21:00,31.0,False,nan,3575700.0
In,2018-09-07 16:21:00,31.0,False,nan,3575700.0
In,2018-09-07 16:21:00,31.0,False,nan,3575700.0
In,2018-09-07 16:21:00,31.0,False,nan,3575700.0
In,2018-09-07 16:22:00,31.0,False,nan,3575760.0
In,2018-09-07 16:22:00,31.0,False,nan,3575760.0
In,2018-09-07 16:22:00,31.0,False,nan,3575760.0
In,2018-09-07 16:22:00,31.0,False,nan,3575760.0
In,2018-09-07 16:22:00,31.0,False,nan,3575760.0
In,2018-09-07 16:22:00,31.0,False,nan,3575760.0
In,2018-09-07 16:22:00,31.0,False,nan,3575760.0
In,2018-09-07 16:22:00,31.0,False,nan,3575760.0
In,2018-09-07 16:22:00,31.0,False,nan,3575760.0
In,2018-09-07 16:22:00,31.0,False,nan,3575760.0
In,2018-09-07 16:22:00,31.0,False,nan,3575760.0
In,2018-09-07 16:22:00,31.0,False,nan,3575760.0
In,2018-09-07 16:22:00,31.0,False,nan,3575760.0
In,2018-09-07 16:22:00,31.0,False,nan,3575760.0
In,2018-09-07 16:22:00,31.0,False,nan,3575760.0
In,2018-09-07 16:22:00,31.0,False,nan,3575760.0
In,2018-09-07 16:22:00,31.0,False,nan,3575760.0
In,2018-09-07 16:22:00,31.0,False,nan,3575760.0
In,2018-09-07 16:22:00,31.0,False,nan,3575760.0
In,2018-09-07 16:22:00,31.0,False,nan,3575760.0
In,2018-09-07 16:22:00,31.0,False,nan,3575760.0
In,2018-09-07 16:22:00,31.0,False,nan,3575760.0
In,2018-09-07 16:23:00,31.0,False,nan,3575820.0
In,2018-09-07 16:23:00,31.0,False,nan,3575820.0
In,2018-09-07 16:23:00,31.0,False,nan,3575820.0
In,2018-09-07 16:23:00,31.0,False,nan,3575820.0
In,2018-09-07 16:23:00,30.0,False,nan,3575820.0
In,2018-09-07 16:23:00,31.0,False,nan,3575820.0
In,2018-09-07 16:23:00,31.0,False,nan,3575820.0
In,2018-09-07 16:23:00,31.0,False,nan,3575820.0
In,2018-09-07 16:23:00,31.0,False,nan,3575820.0
In,2018-09-07 16:23:00,31.0,False,nan,3575820.0
In,2018-09-07 16:23:00,31.0,False,nan,3575820.0
In,2018-09-07 16:23:00,31.0,False,nan,3575820.0
In,2018-09-07 16:23:00,31.0,False,nan,3575820.0
In,2018-09-07 16:24:00,31.0,False,nan,3575880.0
In,2018-09-07 16:24:00,31.0,False,nan,3575880.0
In,2018-09-07 16:24:00,31.0,False,nan,3575880.0
In,2018-09-07 16:24:00,31.0,False,nan,3575880.0
In,2018-09-07 16:24:00,31.0,False,nan,3575880.0
In,2018-09-07 16:24:00,31.0,False,nan,3575880.0
In,2018-09-07 16:24:00,31.0,False,nan,3575880.0
In,2018-09-07 16:24:00,31.0,False,nan,3575880.0
In,2018-09-07 16:24:00,31.0,False,nan,3575880.0
In,2018-09-07 16:24:00,31.0,False,nan,3575880.0
In,2018-09-07 16:24:00,31.0,False,nan,3575880.0
In,2018-09-07 16:24:00,31.0,False,nan,3575880.0
In,2018-09-07 16:24:00,31.0,False,nan,3575880.0
In,2018-09-07 16:24:00,31.0,False,nan,3575880.0
In,2018-09-07 16:24:00,31.0,False,nan,3575880.0
In,2018-09-07 16:24:00,31.0,False,nan,3575880.0
In,2018-09-07 16:25:00,31.0,False,nan,3575940.0
In,2018-09-07 16:25:00,31.0,False,nan,3575940.0
In,2018-09-07 16:25:00,31.0,False,nan,3575940.0
In,2018-09-07 16:25:00,31.0,False,nan,3575940.0
In,2018-09-07 16:25:00,31.0,False,nan,3575940.0
In,2018-09-07 16:25:00,31.0,False,nan,3575940.0
In,2018-09-07 16:25:00,31.0,False,nan,3575940.0
In,2018-09-07 16:25:00,31.0,False,nan,3575940.0
In,2018-09-07 16:25:00,31.0,False,nan,3575940.0
In,2018-09-07 16:25:00,31.0,False,nan,3575940.0
In,2018-09-07 16:25:00,31.0,False,nan,3575940.0
In,2018-09-07 16:25:00,31.0,False,nan,3575940.0
In,2018-09-07 16:25:00,31.0,False,nan,3575940.0
In,2018-09-07 16:25:00,31.0,False,nan,3575940.0
In,2018-09-07 16:26:00,31.0,False,nan,3576000.0
In,2018-09-07 16:26:00,31.0,False,nan,3576000.0
In,2018-09-07 16:26:00,30.0,False,nan,3576000.0
In,2018-09-07 16:26:00,31.0,False,nan,3576000.0
In,2018-09-07 16:26:00,31.0,False,nan,3576000.0
In,2018-09-07 16:26:00,31.0,False,nan,3576000.0
In,2018-09-07 16:32:00,30.0,False,nan,3576360.0
In,2018-09-07 16:33:00,31.0,False,nan,3576420.0
In,2018-09-07 16:39:00,30.0,False,nan,3576780.0
In,2018-09-07 16:39:00,31.0,False,nan,3576780.0
In,2018-09-07 16:43:00,31.0,False,nan,3577020.0
In,2018-09-07 16:43:00,31.0,False,nan,3577020.0
In,2018-09-07 16:43:00,31.0,False,nan,3577020.0
In,2018-09-07 16:44:00,31.0,False,nan,3577080.0
In,2018-09-07 16:44:00,31.0,False,nan,3577080.0
In,2018-09-07 16:44:00,31.0,False,nan,3577080.0
In,2018-09-07 16:44:00,31.0,False,nan,3577080.0
In,2018-09-07 16:44:00,31.0,False,nan,3577080.0
In,2018-09-07 16:44:00,31.0,False,nan,3577080.0
In,2018-09-07 16:44:00,31.0,False,nan,3577080.0
In,2018-09-07 16:44:00,31.0,False,nan,3577080.0
In,2018-09-07 16:44:00,31.0,False,nan,3577080.0
In,2018-09-07 16:44:00,31.0,False,nan,3577080.0
In,2018-09-07 16:44:00,31.0,False,nan,3577080.0
In,2018-09-07 16:45:00,31.0,False,nan,3577140.0
In,2018-09-07 16:45:00,31.0,False,nan,3577140.0
In,2018-09-07 17:05:00,32.0,False,nan,3578340.0
In,2018-09-07 17:05:00,31.0,False,nan,3578340.0
In,2018-09-07 17:07:00,31.0,False,nan,3578460.0
In,2018-09-07 17:09:00,31.0,False,nan,3578580.0
In,2018-09-07 17:09:00,31.0,False,nan,3578580.0
In,2018-09-07 17:09:00,31.0,False,nan,3578580.0
In,2018-09-07 17:09:00,31.0,False,nan,3578580.0
In,2018-09-07 17:09:00,31.0,False,nan,3578580.0
In,2018-09-07 17:09:00,31.0,False,nan,3578580.0
In,2018-09-07 17:09:00,31.0,False,nan,3578580.0
In,2018-09-07 17:11:00,32.0,False,nan,3578700.0
In,2018-09-07 17:11:00,31.0,False,nan,3578700.0
In,2018-09-07 17:12:00,32.0,False,nan,3578760.0
In,2018-09-07 17:12:00,31.0,False,nan,3578760.0
In,2018-09-07 17:13:00,32.0,False,nan,3578820.0
In,2018-09-07 17:13:00,31.0,False,nan,3578820.0
In,2018-09-07 17:13:00,31.0,False,nan,3578820.0
In,2018-09-07 17:13:00,32.0,False,nan,3578820.0
In,2018-09-07 17:13:00,31.0,False,nan,3578820.0
In,2018-09-07 17:14:00,32.0,False,nan,3578880.0
In,2018-09-07 17:14:00,32.0,False,nan,3578880.0
In,2018-09-07 17:14:00,31.0,False,nan,3578880.0
In,2018-09-07 17:14:00,32.0,False,nan,3578880.0
In,2018-09-07 17:14:00,31.0,False,nan,3578880.0
In,2018-09-07 17:14:00,31.0,False,nan,3578880.0
In,2018-09-07 17:14:00,32.0,False,nan,3578880.0
In,2018-09-07 17:14:00,31.0,False,nan,3578880.0
In,2018-09-07 17:14:00,31.0,False,nan,3578880.0
In,2018-09-07 17:14:00,32.0,False,nan,3578880.0
In,2018-09-07 17:14:00,31.0,False,nan,3578880.0
In,2018-09-07 17:14:00,32.0,False,nan,3578880.0
In,2018-09-07 17:14:00,32.0,False,nan,3578880.0
In,2018-09-07 17:15:00,32.0,False,nan,3578940.0
In,2018-09-07 17:15:00,31.0,False,nan,3578940.0
In,2018-09-07 17:16:00,32.0,False,nan,3579000.0
In,2018-09-07 17:16:00,31.0,False,nan,3579000.0
In,2018-09-07 17:17:00,32.0,False,nan,3579060.0
In,2018-09-07 17:17:00,32.0,False,nan,3579060.0
In,2018-09-07 17:17:00,32.0,False,nan,3579060.0
In,2018-09-07 17:17:00,32.0,False,nan,3579060.0
In,2018-09-07 17:18:00,31.0,False,nan,3579120.0
In,2018-09-07 17:18:00,32.0,False,nan,3579120.0
In,2018-09-07 17:18:00,32.0,False,nan,3579120.0
In,2018-09-07 17:18:00,32.0,False,nan,3579120.0
In,2018-09-07 17:18:00,32.0,False,nan,3579120.0
In,2018-09-07 17:18:00,32.0,False,nan,3579120.0
In,2018-09-07 17:18:00,32.0,False,nan,3579120.0
In,2018-09-07 17:18:00,32.0,False,nan,3579120.0
In,2018-09-07 17:18:00,32.0,False,nan,3579120.0
In,2018-09-07 17:18:00,32.0,False,nan,3579120.0
In,2018-09-07 17:18:00,32.0,False,nan,3579120.0
In,2018-09-07 17:31:00,31.0,False,nan,3579900.0
In,2018-09-07 17:31:00,32.0,False,nan,3579900.0
In,2018-09-07 17:36:00,32.0,False,nan,3580200.0
In,2018-09-07 17:36:00,31.0,False,nan,3580200.0
In,2018-09-07 17:39:00,32.0,False,nan,3580380.0
In,2018-09-07 17:39:00,32.0,False,nan,3580380.0
In,2018-09-07 17:40:00,32.0,False,nan,3580440.0
In,2018-09-07 17:40:00,31.0,False,nan,3580440.0
In,2018-09-07 17:40:00,32.0,False,nan,3580440.0
In,2018-09-07 17:40:00,32.0,False,nan,3580440.0
In,2018-09-07 17:41:00,32.0,False,nan,3580500.0
In,2018-09-07 17:41:00,31.0,False,nan,3580500.0
In,2018-09-07 17:41:00,31.0,False,nan,3580500.0
In,2018-09-07 17:42:00,31.0,False,nan,3580560.0
In,2018-09-07 17:42:00,31.0,False,nan,3580560.0
In,2018-09-07 17:43:00,31.0,False,nan,3580620.0
In,2018-09-07 17:43:00,31.0,False,nan,3580620.0
In,2018-09-07 17:45:00,31.0,False,nan,3580740.0
In,2018-09-07 17:46:00,30.0,False,nan,3580800.0
In,2018-09-07 17:46:00,30.0,False,nan,3580800.0
In,2018-09-07 17:47:00,30.0,False,nan,3580860.0
In,2018-09-07 17:47:00,30.0,False,nan,3580860.0
In,2018-09-07 17:47:00,30.0,False,nan,3580860.0
In,2018-09-07 17:49:00,30.0,False,nan,3580980.0
In,2018-09-07 17:49:00,30.0,False,nan,3580980.0
In,2018-09-07 17:49:00,30.0,False,nan,3580980.0
In,2018-09-07 17:51:00,30.0,False,nan,3581100.0
In,2018-09-07 17:51:00,30.0,False,nan,3581100.0
In,2018-09-07 17:51:00,30.0,False,nan,3581100.0
In,2018-09-07 17:51:00,30.0,False,nan,3581100.0
In,2018-09-07 17:52:00,29.0,False,nan,3581160.0
In,2018-09-07 17:52:00,30.0,False,nan,3581160.0
In,2018-09-07 17:52:00,30.0,False,nan,3581160.0
In,2018-09-07 17:52:00,30.0,False,nan,3581160.0
In,2018-09-07 17:52:00,30.0,False,nan,3581160.0
In,2018-09-07 17:52:00,29.0,False,nan,3581160.0
In,2018-09-07 17:52:00,29.0,False,nan,3581160.0
In,2018-09-07 17:52:00,30.0,False,nan,3581160.0
In,2018-09-07 17:52:00,30.0,False,nan,3581160.0
In,2018-09-07 17:53:00,29.0,False,nan,3581220.0
In,2018-09-07 17:53:00,29.0,False,nan,3581220.0
In,2018-09-07 17:53:00,29.0,False,nan,3581220.0
In,2018-09-07 17:53:00,30.0,False,nan,3581220.0
In,2018-09-07 17:53:00,30.0,False,nan,3581220.0
In,2018-09-07 17:54:00,29.0,False,nan,3581280.0
In,2018-09-07 17:54:00,29.0,False,nan,3581280.0
In,2018-09-07 17:54:00,29.0,False,nan,3581280.0
In,2018-09-07 17:55:00,29.0,False,nan,3581340.0
In,2018-09-07 17:56:00,29.0,False,nan,3581400.0
In,2018-09-07 17:58:00,29.0,False,nan,3581520.0
In,2018-09-07 18:01:00,29.0,False,nan,3581700.0
In,2018-09-07 18:01:00,29.0,False,nan,3581700.0
In,2018-09-07 18:02:00,29.0,False,nan,3581760.0
In,2018-09-07 18:02:00,29.0,False,nan,3581760.0
In,2018-09-07 18:02:00,29.0,False,nan,3581760.0
In,2018-09-07 18:03:00,29.0,False,nan,3581820.0
In,2018-09-07 18:04:00,29.0,False,nan,3581880.0
In,2018-09-07 18:05:00,29.0,False,nan,3581940.0
In,2018-09-07 18:05:00,29.0,False,nan,3581940.0
In,2018-09-07 18:05:00,29.0,False,nan,3581940.0
In,2018-09-07 18:05:00,29.0,False,nan,3581940.0
In,2018-09-07 18:06:00,29.0,False,nan,3582000.0
In,2018-09-07 18:07:00,29.0,False,nan,3582060.0
In,2018-09-07 18:07:00,29.0,False,nan,3582060.0
In,2018-09-07 18:07:00,29.0,False,nan,3582060.0
In,2018-09-07 18:08:00,29.0,False,nan,3582120.0
In,2018-09-07 18:08:00,29.0,False,nan,3582120.0
In,2018-09-07 18:08:00,29.0,False,nan,3582120.0
In,2018-09-07 18:09:00,29.0,False,nan,3582180.0
In,2018-09-07 18:10:00,30.0,False,nan,3582240.0
In,2018-09-07 18:10:00,29.0,False,nan,3582240.0
In,2018-09-07 18:10:00,30.0,False,nan,3582240.0
In,2018-09-07 18:10:00,29.0,False,nan,3582240.0
In,2018-09-07 18:10:00,30.0,False,nan,3582240.0
In,2018-09-07 18:11:00,30.0,False,nan,3582300.0
In,2018-09-07 18:11:00,29.0,False,nan,3582300.0
In,2018-09-07 18:12:00,29.0,False,nan,3582360.0
In,2018-09-07 18:12:00,30.0,False,nan,3582360.0
In,2018-09-07 18:13:00,30.0,False,nan,3582420.0
In,2018-09-07 18:13:00,29.0,False,nan,3582420.0
In,2018-09-07 18:14:00,30.0,False,nan,3582480.0
In,2018-09-07 18:14:00,30.0,False,nan,3582480.0
In,2018-09-07 18:14:00,30.0,False,nan,3582480.0
In,2018-09-07 18:15:00,30.0,False,nan,3582540.0
In,2018-09-07 18:16:00,30.0,False,nan,3582600.0
In,2018-09-07 18:16:00,29.0,False,nan,3582600.0
In,2018-09-07 18:16:00,30.0,False,nan,3582600.0
In,2018-09-07 18:16:00,29.0,False,nan,3582600.0
In,2018-09-07 18:16:00,30.0,False,nan,3582600.0
In,2018-09-07 18:16:00,29.0,False,nan,3582600.0
In,2018-09-07 18:16:00,30.0,False,nan,3582600.0
In,2018-09-07 18:16:00,30.0,False,nan,3582600.0
In,2018-09-07 18:16:00,30.0,False,nan,3582600.0
In,2018-09-07 18:16:00,29.0,False,nan,3582600.0
In,2018-09-07 18:17:00,29.0,False,nan,3582660.0
In,2018-09-07 18:17:00,30.0,False,nan,3582660.0
In,2018-09-07 18:17:00,30.0,False,nan,3582660.0
In,2018-09-07 18:17:00,29.0,False,nan,3582660.0
In,2018-09-07 18:17:00,30.0,False,nan,3582660.0
In,2018-09-07 18:17:00,29.0,False,nan,3582660.0
In,2018-09-07 18:17:00,30.0,False,nan,3582660.0
In,2018-09-07 18:18:00,30.0,False,nan,3582720.0
In,2018-09-07 18:18:00,29.0,False,nan,3582720.0
In,2018-09-07 18:18:00,30.0,False,nan,3582720.0
In,2018-09-07 18:18:00,29.0,False,nan,3582720.0
In,2018-09-07 18:18:00,30.0,False,nan,3582720.0
In,2018-09-07 18:18:00,29.0,False,nan,3582720.0
In,2018-09-07 18:19:00,29.0,False,nan,3582780.0
In,2018-09-07 18:19:00,30.0,False,nan,3582780.0
In,2018-09-07 18:19:00,29.0,False,nan,3582780.0
In,2018-09-07 18:19:00,30.0,False,nan,3582780.0
In,2018-09-07 18:19:00,30.0,False,nan,3582780.0
In,2018-09-07 18:19:00,29.0,False,nan,3582780.0
In,2018-09-07 18:19:00,30.0,False,nan,3582780.0
In,2018-09-07 18:19:00,30.0,False,nan,3582780.0
In,2018-09-07 18:19:00,29.0,False,nan,3582780.0
In,2018-09-07 18:19:00,30.0,False,nan,3582780.0
In,2018-09-07 18:19:00,29.0,False,nan,3582780.0
In,2018-09-07 18:20:00,29.0,False,nan,3582840.0
In,2018-09-07 18:21:00,29.0,False,nan,3582900.0
In,2018-09-07 18:22:00,29.0,False,nan,3582960.0
In,2018-09-07 18:22:00,29.0,False,nan,3582960.0
In,2018-09-07 18:22:00,29.0,False,nan,3582960.0
In,2018-09-07 18:22:00,29.0,False,nan,3582960.0
In,2018-09-07 18:23:00,29.0,False,nan,3583020.0
In,2018-09-07 18:23:00,29.0,False,nan,3583020.0
In,2018-09-07 18:23:00,29.0,False,nan,3583020.0
In,2018-09-07 18:23:00,29.0,False,nan,3583020.0
In,2018-09-07 18:24:00,29.0,False,nan,3583080.0
In,2018-09-07 18:25:00,29.0,False,nan,3583140.0
In,2018-09-07 18:25:00,29.0,False,nan,3583140.0
In,2018-09-07 18:25:00,29.0,False,nan,3583140.0
In,2018-09-07 18:25:00,29.0,False,nan,3583140.0
In,2018-09-07 18:25:00,29.0,False,nan,3583140.0
In,2018-09-07 18:25:00,29.0,False,nan,3583140.0
In,2018-09-07 18:28:00,30.0,False,nan,3583320.0
In,2018-09-07 18:28:00,29.0,False,nan,3583320.0
In,2018-09-07 18:28:00,29.0,False,nan,3583320.0
In,2018-09-07 18:30:00,29.0,False,nan,3583440.0
In,2018-09-07 18:30:00,29.0,False,nan,3583440.0
In,2018-09-07 18:30:00,29.0,False,nan,3583440.0
In,2018-09-07 18:31:00,29.0,False,nan,3583500.0
In,2018-09-07 18:31:00,29.0,False,nan,3583500.0
In,2018-09-07 18:32:00,29.0,False,nan,3583560.0
In,2018-09-07 18:32:00,29.0,False,nan,3583560.0
In,2018-09-07 18:32:00,29.0,False,nan,3583560.0
In,2018-09-07 18:32:00,29.0,False,nan,3583560.0
In,2018-09-07 18:32:00,29.0,False,nan,3583560.0
In,2018-09-07 18:33:00,29.0,False,nan,3583620.0
In,2018-09-07 18:33:00,29.0,False,nan,3583620.0
In,2018-09-07 18:33:00,29.0,False,nan,3583620.0
In,2018-09-07 18:34:00,29.0,False,nan,3583680.0
In,2018-09-07 18:34:00,29.0,False,nan,3583680.0
In,2018-09-07 18:35:00,29.0,False,nan,3583740.0
In,2018-09-09 10:19:00,25.0,False,nan,3726780.0
In,2018-09-09 10:19:00,24.0,False,nan,3726780.0
In,2018-09-09 10:20:00,26.0,False,nan,3726840.0
In,2018-09-09 10:21:00,25.0,False,nan,3726900.0
In,2018-09-09 10:21:00,26.0,False,nan,3726900.0
In,2018-09-09 10:21:00,26.0,False,nan,3726900.0
In,2018-09-09 10:21:00,25.0,False,nan,3726900.0
In,2018-09-09 10:21:00,25.0,False,nan,3726900.0
In,2018-09-09 10:21:00,26.0,False,nan,3726900.0
In,2018-09-09 10:21:00,26.0,False,nan,3726900.0
In,2018-09-09 10:22:00,26.0,False,nan,3726960.0
In,2018-09-09 10:22:00,26.0,False,nan,3726960.0
In,2018-09-09 10:23:00,26.0,False,nan,3727020.0
In,2018-09-09 10:24:00,26.0,False,nan,3727080.0
In,2018-09-09 10:24:00,26.0,False,nan,3727080.0
In,2018-09-09 10:24:00,26.0,False,nan,3727080.0
In,2018-09-09 10:25:00,26.0,False,nan,3727140.0
In,2018-09-09 10:25:00,27.0,False,nan,3727140.0
In,2018-09-09 10:25:00,26.0,False,nan,3727140.0
In,2018-09-09 10:26:00,26.0,False,nan,3727200.0
In,2018-09-09 10:26:00,26.0,False,nan,3727200.0
In,2018-09-09 10:26:00,26.0,False,nan,3727200.0
In,2018-09-09 10:26:00,26.0,False,nan,3727200.0
In,2018-09-09 10:26:00,26.0,False,nan,3727200.0
In,2018-09-09 10:27:00,26.0,False,nan,3727260.0
In,2018-09-09 10:29:00,26.0,False,nan,3727380.0
In,2018-09-09 10:29:00,26.0,False,nan,3727380.0
In,2018-09-09 10:29:00,26.0,False,nan,3727380.0
In,2018-09-09 10:29:00,26.0,False,nan,3727380.0
In,2018-09-09 10:30:00,27.0,False,nan,3727440.0
In,2018-09-09 10:30:00,27.0,False,nan,3727440.0
In,2018-09-09 10:30:00,26.0,False,nan,3727440.0
In,2018-09-09 10:30:00,27.0,False,nan,3727440.0
In,2018-09-09 10:31:00,27.0,False,nan,3727500.0
In,2018-09-09 10:31:00,27.0,False,nan,3727500.0
In,2018-09-09 10:31:00,27.0,False,nan,3727500.0
In,2018-09-09 10:32:00,27.0,False,nan,3727560.0
In,2018-09-09 10:32:00,27.0,False,nan,3727560.0
In,2018-09-09 10:32:00,27.0,False,nan,3727560.0
In,2018-09-09 10:32:00,27.0,False,nan,3727560.0
In,2018-09-09 10:32:00,27.0,False,nan,3727560.0
In,2018-09-09 10:33:00,27.0,False,nan,3727620.0
In,2018-09-09 10:34:00,27.0,False,nan,3727680.0
In,2018-09-09 10:35:00,27.0,False,nan,3727740.0
In,2018-09-09 10:35:00,28.0,False,nan,3727740.0
In,2018-09-09 10:35:00,28.0,False,nan,3727740.0
In,2018-09-09 10:35:00,27.0,False,nan,3727740.0
In,2018-09-09 10:35:00,28.0,False,nan,3727740.0
In,2018-09-09 10:35:00,27.0,False,nan,3727740.0
In,2018-09-09 10:35:00,27.0,False,nan,3727740.0
In,2018-09-09 10:35:00,28.0,False,nan,3727740.0
In,2018-09-09 10:35:00,27.0,False,nan,3727740.0
In,2018-09-09 10:36:00,28.0,False,nan,3727800.0
In,2018-09-09 10:36:00,28.0,False,nan,3727800.0
In,2018-09-09 10:36:00,28.0,False,nan,3727800.0
In,2018-09-09 10:36:00,28.0,False,nan,3727800.0
In,2018-09-09 10:36:00,28.0,False,nan,3727800.0
In,2018-09-09 10:36:00,28.0,False,nan,3727800.0
In,2018-09-09 10:37:00,28.0,False,nan,3727860.0
In,2018-09-09 10:37:00,28.0,False,nan,3727860.0
In,2018-09-09 10:37:00,28.0,False,nan,3727860.0
In,2018-09-09 10:37:00,28.0,False,nan,3727860.0
In,2018-09-09 10:37:00,28.0,False,nan,3727860.0
In,2018-09-09 10:37:00,28.0,False,nan,3727860.0
In,2018-09-09 10:38:00,28.0,False,nan,3727920.0
In,2018-09-09 10:38:00,28.0,False,nan,3727920.0
In,2018-09-09 10:38:00,28.0,False,nan,3727920.0
In,2018-09-09 10:38:00,28.0,False,nan,3727920.0
In,2018-09-09 10:38:00,28.0,False,nan,3727920.0
In,2018-09-09 10:39:00,28.0,False,nan,3727980.0
In,2018-09-09 10:39:00,28.0,False,nan,3727980.0
In,2018-09-09 10:39:00,28.0,False,nan,3727980.0
In,2018-09-09 10:39:00,28.0,False,nan,3727980.0
In,2018-09-09 10:39:00,28.0,False,nan,3727980.0
In,2018-09-09 10:39:00,28.0,False,nan,3727980.0
In,2018-09-09 10:39:00,28.0,False,nan,3727980.0
In,2018-09-09 10:39:00,28.0,False,nan,3727980.0
In,2018-09-09 10:39:00,28.0,False,nan,3727980.0
In,2018-09-09 10:40:00,28.0,False,nan,3728040.0
In,2018-09-09 10:40:00,27.0,False,nan,3728040.0
In,2018-09-09 10:41:00,28.0,False,nan,3728100.0
In,2018-09-09 10:41:00,28.0,False,nan,3728100.0
In,2018-09-09 10:41:00,28.0,False,nan,3728100.0
In,2018-09-09 10:41:00,28.0,False,nan,3728100.0
In,2018-09-09 10:43:00,28.0,False,nan,3728220.0
In,2018-09-09 10:44:00,28.0,False,nan,3728280.0
In,2018-09-09 10:45:00,28.0,False,nan,3728340.0
In,2018-09-09 10:45:00,28.0,False,nan,3728340.0
In,2018-09-09 10:45:00,28.0,False,nan,3728340.0
In,2018-09-09 10:46:00,28.0,False,nan,3728400.0
In,2018-09-09 10:46:00,28.0,False,nan,3728400.0
In,2018-09-09 10:47:00,28.0,False,nan,3728460.0
In,2018-09-09 10:47:00,29.0,False,nan,3728460.0
In,2018-09-09 10:47:00,28.0,False,nan,3728460.0
In,2018-09-09 10:48:00,28.0,False,nan,3728520.0
In,2018-09-09 10:48:00,29.0,False,nan,3728520.0
In,2018-09-09 10:48:00,28.0,False,nan,3728520.0
In,2018-09-09 10:48:00,29.0,False,nan,3728520.0
In,2018-09-09 10:48:00,29.0,False,nan,3728520.0
In,2018-09-09 10:48:00,28.0,False,nan,3728520.0
In,2018-09-09 10:49:00,29.0,False,nan,3728580.0
In,2018-09-09 10:49:00,29.0,False,nan,3728580.0
In,2018-09-09 10:49:00,28.0,False,nan,3728580.0
In,2018-09-09 10:50:00,29.0,False,nan,3728640.0
In,2018-09-09 10:50:00,29.0,False,nan,3728640.0
In,2018-09-09 10:50:00,29.0,False,nan,3728640.0
In,2018-09-09 10:50:00,29.0,False,nan,3728640.0
In,2018-09-09 10:50:00,29.0,False,nan,3728640.0
In,2018-09-09 10:50:00,29.0,False,nan,3728640.0
In,2018-09-09 10:50:00,29.0,False,nan,3728640.0
In,2018-09-09 10:52:00,29.0,False,nan,3728760.0
In,2018-09-09 10:53:00,29.0,False,nan,3728820.0
In,2018-09-09 10:53:00,29.0,False,nan,3728820.0
In,2018-09-09 10:53:00,29.0,False,nan,3728820.0
In,2018-09-09 10:53:00,29.0,False,nan,3728820.0
In,2018-09-09 10:55:00,29.0,False,nan,3728940.0
In,2018-09-09 10:55:00,29.0,False,nan,3728940.0
In,2018-09-09 10:55:00,29.0,False,nan,3728940.0
In,2018-09-09 10:55:00,29.0,False,nan,3728940.0
In,2018-09-09 10:55:00,29.0,False,nan,3728940.0
In,2018-09-09 10:55:00,29.0,False,nan,3728940.0
In,2018-09-09 10:55:00,29.0,False,nan,3728940.0
In,2018-09-09 10:59:00,29.0,False,nan,3729180.0
In,2018-09-09 11:00:00,29.0,False,nan,3729240.0
In,2018-09-09 11:00:00,30.0,False,nan,3729240.0
In,2018-09-09 11:00:00,29.0,False,nan,3729240.0
In,2018-09-09 11:00:00,29.0,False,nan,3729240.0
In,2018-09-09 11:01:00,30.0,False,nan,3729300.0
In,2018-09-09 11:01:00,30.0,False,nan,3729300.0
In,2018-09-09 11:01:00,29.0,False,nan,3729300.0
In,2018-09-09 11:01:00,30.0,False,nan,3729300.0
In,2018-09-09 11:05:00,30.0,False,nan,3729540.0
In,2018-09-09 11:05:00,30.0,False,nan,3729540.0
In,2018-09-09 11:05:00,30.0,False,nan,3729540.0
In,2018-09-09 11:05:00,30.0,False,nan,3729540.0
In,2018-09-09 11:05:00,30.0,False,nan,3729540.0
In,2018-09-09 11:05:00,30.0,False,nan,3729540.0
In,2018-09-09 11:05:00,30.0,False,nan,3729540.0
In,2018-09-09 11:05:00,30.0,False,nan,3729540.0
In,2018-09-09 11:05:00,30.0,False,nan,3729540.0
In,2018-09-09 11:09:00,30.0,False,nan,3729780.0
In,2018-09-09 11:09:00,30.0,False,nan,3729780.0
In,2018-09-09 11:09:00,30.0,False,nan,3729780.0
In,2018-09-09 11:10:00,30.0,False,nan,3729840.0
In,2018-09-09 11:10:00,30.0,False,nan,3729840.0
In,2018-09-09 11:10:00,30.0,False,nan,3729840.0
In,2018-09-09 11:10:00,30.0,False,nan,3729840.0
In,2018-09-09 11:12:00,30.0,False,nan,3729960.0
In,2018-09-09 11:12:00,31.0,False,nan,3729960.0
In,2018-09-09 11:13:00,31.0,False,nan,3730020.0
In,2018-09-09 11:14:00,30.0,False,nan,3730080.0
In,2018-09-09 11:14:00,31.0,False,nan,3730080.0
In,2018-09-09 11:14:00,30.0,False,nan,3730080.0
In,2018-09-09 11:14:00,31.0,False,nan,3730080.0
In,2018-09-09 11:14:00,30.0,False,nan,3730080.0
In,2018-09-09 11:14:00,30.0,False,nan,3730080.0
In,2018-09-09 11:14:00,30.0,False,nan,3730080.0
In,2018-09-09 11:14:00,31.0,False,nan,3730080.0
In,2018-09-09 11:14:00,30.0,False,nan,3730080.0
In,2018-09-09 11:14:00,30.0,False,nan,3730080.0
In,2018-09-09 11:14:00,30.0,False,nan,3730080.0
In,2018-09-09 11:14:00,30.0,False,nan,3730080.0
In,2018-09-09 11:14:00,31.0,False,nan,3730080.0
In,2018-09-09 11:14:00,31.0,False,nan,3730080.0
In,2018-09-09 11:17:00,30.0,False,nan,3730260.0
In,2018-09-09 11:17:00,31.0,False,nan,3730260.0
In,2018-09-09 11:25:00,31.0,False,nan,3730740.0
In,2018-09-09 11:28:00,31.0,False,nan,3730920.0
In,2018-09-09 11:28:00,31.0,False,nan,3730920.0
In,2018-09-09 11:28:00,31.0,False,nan,3730920.0
In,2018-09-09 11:28:00,31.0,False,nan,3730920.0
In,2018-09-09 11:28:00,31.0,False,nan,3730920.0
In,2018-09-09 11:28:00,31.0,False,nan,3730920.0
In,2018-09-09 11:28:00,31.0,False,nan,3730920.0
In,2018-09-09 11:28:00,31.0,False,nan,3730920.0
In,2018-09-09 11:28:00,31.0,False,nan,3730920.0
In,2018-09-09 11:40:00,31.0,False,nan,3731640.0
In,2018-09-09 11:40:00,31.0,False,nan,3731640.0
In,2018-09-09 11:41:00,31.0,False,nan,3731700.0
In,2018-09-09 11:41:00,31.0,False,nan,3731700.0
In,2018-09-09 11:41:00,31.0,False,nan,3731700.0
In,2018-09-09 11:41:00,31.0,False,nan,3731700.0
In,2018-09-09 11:41:00,31.0,False,nan,3731700.0
In,2018-09-09 11:41:00,31.0,False,nan,3731700.0
In,2018-09-09 11:41:00,31.0,False,nan,3731700.0
In,2018-09-09 11:41:00,31.0,False,nan,3731700.0
In,2018-09-09 11:41:00,31.0,False,nan,3731700.0
In,2018-09-09 11:41:00,31.0,False,nan,3731700.0
In,2018-09-09 11:41:00,31.0,False,nan,3731700.0
In,2018-09-09 11:48:00,32.0,False,nan,3732120.0
In,2018-09-09 11:48:00,31.0,False,nan,3732120.0
In,2018-09-09 11:51:00,31.0,False,nan,3732300.0
In,2018-09-09 11:51:00,31.0,False,nan,3732300.0
In,2018-09-09 11:51:00,31.0,False,nan,3732300.0
In,2018-09-09 11:52:00,32.0,False,nan,3732360.0
In,2018-09-09 11:52:00,31.0,False,nan,3732360.0
In,2018-09-09 11:52:00,31.0,False,nan,3732360.0
In,2018-09-09 11:52:00,31.0,False,nan,3732360.0
In,2018-09-09 11:52:00,32.0,False,nan,3732360.0
In,2018-09-09 11:53:00,32.0,False,nan,3732420.0
In,2018-09-09 11:53:00,32.0,False,nan,3732420.0
In,2018-09-09 11:53:00,31.0,False,nan,3732420.0
In,2018-09-09 11:53:00,31.0,False,nan,3732420.0
In,2018-09-09 11:53:00,31.0,False,nan,3732420.0
In,2018-09-09 11:53:00,32.0,False,nan,3732420.0
In,2018-09-09 11:53:00,32.0,False,nan,3732420.0
In,2018-09-09 11:53:00,31.0,False,nan,3732420.0
In,2018-09-09 11:53:00,32.0,False,nan,3732420.0
In,2018-09-09 11:53:00,31.0,False,nan,3732420.0
In,2018-09-09 11:53:00,31.0,False,nan,3732420.0
In,2018-09-09 11:54:00,31.0,False,nan,3732480.0
In,2018-09-09 11:54:00,32.0,False,nan,3732480.0
In,2018-09-09 11:54:00,31.0,False,nan,3732480.0
In,2018-09-09 11:54:00,32.0,False,nan,3732480.0
In,2018-09-09 11:54:00,31.0,False,nan,3732480.0
In,2018-09-09 11:54:00,32.0,False,nan,3732480.0
In,2018-09-09 11:54:00,32.0,False,nan,3732480.0
In,2018-09-09 11:54:00,31.0,False,nan,3732480.0
In,2018-09-09 11:54:00,32.0,False,nan,3732480.0
In,2018-09-09 11:54:00,32.0,False,nan,3732480.0
In,2018-09-09 11:54:00,31.0,False,nan,3732480.0
In,2018-09-09 11:54:00,32.0,False,nan,3732480.0
In,2018-09-09 11:54:00,31.0,False,nan,3732480.0
In,2018-09-09 11:54:00,32.0,False,nan,3732480.0
In,2018-09-09 11:55:00,31.0,False,nan,3732540.0
In,2018-09-09 11:55:00,32.0,False,nan,3732540.0
In,2018-09-09 11:55:00,32.0,False,nan,3732540.0
In,2018-09-09 11:55:00,31.0,False,nan,3732540.0
In,2018-09-09 11:55:00,31.0,False,nan,3732540.0
In,2018-09-09 11:55:00,32.0,False,nan,3732540.0
In,2018-09-09 11:55:00,32.0,False,nan,3732540.0
In,2018-09-09 11:55:00,31.0,False,nan,3732540.0
In,2018-09-09 11:55:00,32.0,False,nan,3732540.0
In,2018-09-09 11:55:00,32.0,False,nan,3732540.0
In,2018-09-09 11:55:00,32.0,False,nan,3732540.0
In,2018-09-09 11:55:00,31.0,False,nan,3732540.0
In,2018-09-09 11:55:00,32.0,False,nan,3732540.0
In,2018-09-09 11:55:00,31.0,False,nan,3732540.0
In,2018-09-09 11:55:00,32.0,False,nan,3732540.0
In,2018-09-09 11:55:00,31.0,False,nan,3732540.0
In,2018-09-09 11:56:00,31.0,False,nan,3732600.0
In,2018-09-09 11:56:00,31.0,False,nan,3732600.0
In,2018-09-09 11:56:00,32.0,False,nan,3732600.0
In,2018-09-09 11:56:00,31.0,False,nan,3732600.0
In,2018-09-09 11:56:00,31.0,False,nan,3732600.0
In,2018-09-09 11:56:00,31.0,False,nan,3732600.0
In,2018-09-09 11:56:00,32.0,False,nan,3732600.0
In,2018-09-09 11:56:00,32.0,False,nan,3732600.0
In,2018-09-09 11:56:00,31.0,False,nan,3732600.0
In,2018-09-09 11:56:00,32.0,False,nan,3732600.0
In,2018-09-09 11:56:00,32.0,False,nan,3732600.0
In,2018-09-09 11:56:00,31.0,False,nan,3732600.0
In,2018-09-09 11:57:00,31.0,False,nan,3732660.0
In,2018-09-09 11:57:00,32.0,False,nan,3732660.0
In,2018-09-09 11:57:00,31.0,False,nan,3732660.0
In,2018-09-09 11:57:00,32.0,False,nan,3732660.0
In,2018-09-09 11:57:00,31.0,False,nan,3732660.0
In,2018-09-09 11:57:00,32.0,False,nan,3732660.0
In,2018-09-09 11:57:00,31.0,False,nan,3732660.0
In,2018-09-09 11:57:00,32.0,False,nan,3732660.0
In,2018-09-09 11:57:00,31.0,False,nan,3732660.0
In,2018-09-09 11:57:00,32.0,False,nan,3732660.0
In,2018-09-09 11:57:00,32.0,False,nan,3732660.0
In,2018-09-09 11:58:00,31.0,False,nan,3732720.0
In,2018-09-09 11:58:00,32.0,False,nan,3732720.0
In,2018-09-09 12:03:00,32.0,False,nan,3733020.0
In,2018-09-09 12:03:00,32.0,False,nan,3733020.0
In,2018-09-09 12:03:00,32.0,False,nan,3733020.0
In,2018-09-09 12:04:00,32.0,False,nan,3733080.0
In,2018-09-09 12:04:00,32.0,False,nan,3733080.0
In,2018-09-09 12:04:00,32.0,False,nan,3733080.0
In,2018-09-09 12:04:00,32.0,False,nan,3733080.0
In,2018-09-09 12:04:00,31.0,False,nan,3733080.0
In,2018-09-09 12:04:00,32.0,False,nan,3733080.0
In,2018-09-09 12:04:00,32.0,False,nan,3733080.0
In,2018-09-09 12:04:00,32.0,False,nan,3733080.0
In,2018-09-09 12:04:00,32.0,False,nan,3733080.0
In,2018-09-09 12:05:00,32.0,False,nan,3733140.0
In,2018-09-09 12:05:00,32.0,False,nan,3733140.0
In,2018-09-09 12:05:00,32.0,False,nan,3733140.0
In,2018-09-09 12:05:00,32.0,False,nan,3733140.0
In,2018-09-09 12:05:00,32.0,False,nan,3733140.0
In,2018-09-09 12:05:00,32.0,False,nan,3733140.0
In,2018-09-09 12:06:00,32.0,False,nan,3733200.0
In,2018-09-09 12:06:00,31.0,False,nan,3733200.0
In,2018-09-09 12:06:00,32.0,False,nan,3733200.0
In,2018-09-09 12:06:00,32.0,False,nan,3733200.0
In,2018-09-09 12:06:00,32.0,False,nan,3733200.0
In,2018-09-09 12:06:00,32.0,False,nan,3733200.0
In,2018-09-09 12:08:00,31.0,False,nan,3733320.0
In,2018-09-09 12:08:00,32.0,False,nan,3733320.0
In,2018-09-09 12:16:00,32.0,False,nan,3733800.0
In,2018-09-09 12:16:00,32.0,False,nan,3733800.0
In,2018-09-09 12:16:00,32.0,False,nan,3733800.0
In,2018-09-09 12:16:00,32.0,False,nan,3733800.0
In,2018-09-09 12:16:00,32.0,False,nan,3733800.0
In,2018-09-09 12:16:00,32.0,False,nan,3733800.0
In,2018-09-09 12:17:00,32.0,False,nan,3733860.0
In,2018-09-09 12:17:00,32.0,False,nan,3733860.0
In,2018-09-09 12:18:00,31.0,False,nan,3733920.0
In,2018-09-09 12:18:00,32.0,False,nan,3733920.0
In,2018-09-09 12:22:00,32.0,False,nan,3734160.0
In,2018-09-09 12:22:00,32.0,False,nan,3734160.0
In,2018-09-09 12:22:00,32.0,False,nan,3734160.0
In,2018-09-09 12:22:00,32.0,False,nan,3734160.0
In,2018-09-09 12:22:00,31.0,False,nan,3734160.0
In,2018-09-09 12:22:00,31.0,False,nan,3734160.0
In,2018-09-09 12:23:00,32.0,False,nan,3734220.0
In,2018-09-09 12:23:00,32.0,False,nan,3734220.0
In,2018-09-09 12:23:00,31.0,False,nan,3734220.0
In,2018-09-09 12:23:00,31.0,False,nan,3734220.0
In,2018-09-09 12:23:00,32.0,False,nan,3734220.0
In,2018-09-09 12:23:00,31.0,False,nan,3734220.0
In,2018-09-09 12:23:00,31.0,False,nan,3734220.0
In,2018-09-09 12:23:00,32.0,False,nan,3734220.0
In,2018-09-09 12:24:00,31.0,False,nan,3734280.0
In,2018-09-09 12:24:00,32.0,False,nan,3734280.0
In,2018-09-09 12:24:00,31.0,False,nan,3734280.0
In,2018-09-09 12:26:00,31.0,False,nan,3734400.0
In,2018-09-09 12:26:00,31.0,False,nan,3734400.0
In,2018-09-09 12:26:00,31.0,False,nan,3734400.0
In,2018-09-09 12:26:00,31.0,False,nan,3734400.0
In,2018-09-09 12:26:00,31.0,False,nan,3734400.0
In,2018-09-09 12:26:00,31.0,False,nan,3734400.0
In,2018-09-09 12:26:00,31.0,False,nan,3734400.0
In,2018-09-09 12:26:00,31.0,False,nan,3734400.0
In,2018-09-09 12:26:00,31.0,False,nan,3734400.0
In,2018-09-09 12:31:00,31.0,False,nan,3734700.0
In,2018-09-09 12:31:00,31.0,False,nan,3734700.0
In,2018-09-09 12:31:00,31.0,False,nan,3734700.0
In,2018-09-09 12:31:00,31.0,False,nan,3734700.0
In,2018-09-09 12:31:00,31.0,False,nan,3734700.0
In,2018-09-09 12:32:00,32.0,False,nan,3734760.0
In,2018-09-09 12:32:00,31.0,False,nan,3734760.0
In,2018-09-09 12:34:00,32.0,False,nan,3734880.0
In,2018-09-09 12:34:00,31.0,False,nan,3734880.0
In,2018-09-09 12:36:00,32.0,False,nan,3735000.0
In,2018-09-09 12:36:00,31.0,False,nan,3735000.0
In,2018-09-09 12:39:00,31.0,False,nan,3735180.0
In,2018-09-09 12:39:00,31.0,False,nan,3735180.0
In,2018-09-09 12:39:00,31.0,False,nan,3735180.0
In,2018-09-09 12:40:00,31.0,False,nan,3735240.0
In,2018-09-09 12:40:00,31.0,False,nan,3735240.0
In,2018-09-09 12:40:00,31.0,False,nan,3735240.0
In,2018-09-09 12:40:00,31.0,False,nan,3735240.0
In,2018-09-09 12:40:00,31.0,False,nan,3735240.0
In,2018-09-09 12:40:00,31.0,False,nan,3735240.0
In,2018-09-09 12:40:00,31.0,False,nan,3735240.0
In,2018-09-09 12:40:00,31.0,False,nan,3735240.0
In,2018-09-09 12:40:00,31.0,False,nan,3735240.0
In,2018-09-09 12:40:00,31.0,False,nan,3735240.0
In,2018-09-09 12:40:00,31.0,False,nan,3735240.0
In,2018-09-09 12:40:00,31.0,False,nan,3735240.0
In,2018-09-09 12:40:00,31.0,False,nan,3735240.0
In,2018-09-09 12:40:00,31.0,False,nan,3735240.0
In,2018-09-09 12:40:00,31.0,False,nan,3735240.0
In,2018-09-09 12:40:00,31.0,False,nan,3735240.0
In,2018-09-09 12:40:00,31.0,False,nan,3735240.0
In,2018-09-09 12:40:00,31.0,False,nan,3735240.0
In,2018-09-09 12:40:00,31.0,False,nan,3735240.0
In,2018-09-09 12:41:00,31.0,False,nan,3735300.0
In,2018-09-09 12:41:00,31.0,False,nan,3735300.0
In,2018-09-09 12:41:00,31.0,False,nan,3735300.0
In,2018-09-09 12:41:00,31.0,False,nan,3735300.0
In,2018-09-09 12:41:00,31.0,False,nan,3735300.0
In,2018-09-09 12:53:00,31.0,False,nan,3736020.0
In,2018-09-09 12:53:00,30.0,False,nan,3736020.0
In,2018-09-09 12:53:00,31.0,False,nan,3736020.0
In,2018-09-09 12:53:00,31.0,False,nan,3736020.0
In,2018-09-09 12:53:00,31.0,False,nan,3736020.0
In,2018-09-09 12:55:00,31.0,False,nan,3736140.0
In,2018-09-09 12:57:00,31.0,False,nan,3736260.0
In,2018-09-09 12:57:00,31.0,False,nan,3736260.0
In,2018-09-09 12:57:00,31.0,False,nan,3736260.0
In,2018-09-09 12:57:00,31.0,False,nan,3736260.0
In,2018-09-09 12:57:00,31.0,False,nan,3736260.0
In,2018-09-09 12:57:00,31.0,False,nan,3736260.0
In,2018-09-09 12:57:00,31.0,False,nan,3736260.0
In,2018-09-09 12:58:00,31.0,False,nan,3736320.0
In,2018-09-09 12:58:00,31.0,False,nan,3736320.0
In,2018-09-09 12:58:00,31.0,False,nan,3736320.0
In,2018-09-09 12:58:00,31.0,False,nan,3736320.0
In,2018-09-09 12:58:00,31.0,False,nan,3736320.0
In,2018-09-09 12:59:00,31.0,False,nan,3736380.0
In,2018-09-09 12:59:00,31.0,False,nan,3736380.0
In,2018-09-09 12:59:00,31.0,False,nan,3736380.0
In,2018-09-09 12:59:00,31.0,False,nan,3736380.0
In,2018-09-09 13:00:00,31.0,False,nan,3736440.0
In,2018-09-09 13:00:00,31.0,False,nan,3736440.0
In,2018-09-09 13:01:00,31.0,False,nan,3736500.0
In,2018-09-09 13:02:00,31.0,False,nan,3736560.0
In,2018-09-09 13:03:00,31.0,False,nan,3736620.0
In,2018-09-09 13:03:00,31.0,False,nan,3736620.0
In,2018-09-09 13:03:00,31.0,False,nan,3736620.0
In,2018-09-09 13:03:00,31.0,False,nan,3736620.0
In,2018-09-09 13:03:00,31.0,False,nan,3736620.0
In,2018-09-09 13:03:00,31.0,False,nan,3736620.0
In,2018-09-09 13:03:00,32.0,False,nan,3736620.0
In,2018-09-09 13:03:00,30.0,False,nan,3736620.0
In,2018-09-09 13:04:00,31.0,False,nan,3736680.0
In,2018-09-09 13:04:00,31.0,False,nan,3736680.0
In,2018-09-09 13:04:00,31.0,False,nan,3736680.0
In,2018-09-09 13:06:00,31.0,False,nan,3736800.0
In,2018-09-09 13:29:00,28.0,False,nan,3738180.0
In,2018-09-09 13:30:00,28.0,False,nan,3738240.0
In,2018-09-09 13:30:00,28.0,False,nan,3738240.0
In,2018-09-09 13:30:00,28.0,False,nan,3738240.0
In,2018-09-09 13:30:00,28.0,False,nan,3738240.0
In,2018-09-09 13:30:00,28.0,False,nan,3738240.0
In,2018-09-09 13:31:00,28.0,False,nan,3738300.0
In,2018-09-09 13:32:00,28.0,False,nan,3738360.0
In,2018-09-09 13:34:00,28.0,False,nan,3738480.0
In,2018-09-09 13:34:00,28.0,False,nan,3738480.0
In,2018-09-09 13:34:00,28.0,False,nan,3738480.0
In,2018-09-09 13:34:00,28.0,False,nan,3738480.0
In,2018-09-09 13:34:00,28.0,False,nan,3738480.0
In,2018-09-09 13:34:00,28.0,False,nan,3738480.0
In,2018-09-09 13:36:00,28.0,False,nan,3738600.0
In,2018-09-09 13:37:00,28.0,False,nan,3738660.0
In,2018-09-09 13:37:00,28.0,False,nan,3738660.0
In,2018-09-09 13:37:00,29.0,False,nan,3738660.0
In,2018-09-09 13:37:00,29.0,False,nan,3738660.0
In,2018-09-09 13:37:00,28.0,False,nan,3738660.0
In,2018-09-09 13:38:00,29.0,False,nan,3738720.0
In,2018-09-09 13:38:00,29.0,False,nan,3738720.0
In,2018-09-09 13:38:00,28.0,False,nan,3738720.0
In,2018-09-09 13:38:00,29.0,False,nan,3738720.0
In,2018-09-09 13:38:00,29.0,False,nan,3738720.0
In,2018-09-09 13:38:00,29.0,False,nan,3738720.0
In,2018-09-09 13:38:00,28.0,False,nan,3738720.0
In,2018-09-09 13:38:00,29.0,False,nan,3738720.0
In,2018-09-09 13:38:00,29.0,False,nan,3738720.0
In,2018-09-09 13:38:00,28.0,False,nan,3738720.0
In,2018-09-09 13:38:00,29.0,False,nan,3738720.0
In,2018-09-09 13:38:00,28.0,False,nan,3738720.0
In,2018-09-09 13:38:00,29.0,False,nan,3738720.0
In,2018-09-09 13:38:00,28.0,False,nan,3738720.0
In,2018-09-09 13:38:00,29.0,False,nan,3738720.0
In,2018-09-09 13:38:00,28.0,False,nan,3738720.0
In,2018-09-09 13:38:00,29.0,False,nan,3738720.0
In,2018-09-09 13:39:00,28.0,False,nan,3738780.0
In,2018-09-09 13:39:00,29.0,False,nan,3738780.0
In,2018-09-09 13:39:00,29.0,False,nan,3738780.0
In,2018-09-09 13:41:00,29.0,False,nan,3738900.0
In,2018-09-09 13:41:00,29.0,False,nan,3738900.0
In,2018-09-09 13:41:00,29.0,False,nan,3738900.0
In,2018-09-09 13:44:00,29.0,False,nan,3739080.0
In,2018-09-09 13:45:00,29.0,False,nan,3739140.0
In,2018-09-09 13:45:00,29.0,False,nan,3739140.0
In,2018-09-09 13:46:00,29.0,False,nan,3739200.0
In,2018-09-09 13:49:00,29.0,False,nan,3739380.0
In,2018-09-09 13:49:00,29.0,False,nan,3739380.0
In,2018-09-09 13:50:00,29.0,False,nan,3739440.0
In,2018-09-09 13:50:00,29.0,False,nan,3739440.0
In,2018-09-09 13:50:00,29.0,False,nan,3739440.0
In,2018-09-09 13:50:00,29.0,False,nan,3739440.0
In,2018-09-09 13:50:00,29.0,False,nan,3739440.0
In,2018-09-09 13:50:00,29.0,False,nan,3739440.0
In,2018-09-09 13:50:00,29.0,False,nan,3739440.0
In,2018-09-09 13:50:00,29.0,False,nan,3739440.0
In,2018-09-09 13:51:00,29.0,False,nan,3739500.0
In,2018-09-09 13:51:00,29.0,False,nan,3739500.0
In,2018-09-09 13:51:00,29.0,False,nan,3739500.0
In,2018-09-09 13:51:00,29.0,False,nan,3739500.0
In,2018-09-09 13:51:00,29.0,False,nan,3739500.0
In,2018-09-09 13:51:00,29.0,False,nan,3739500.0
In,2018-09-09 13:51:00,29.0,False,nan,3739500.0
In,2018-09-09 13:51:00,29.0,False,nan,3739500.0
In,2018-09-09 13:51:00,29.0,False,nan,3739500.0
In,2018-09-09 13:52:00,29.0,False,nan,3739560.0
In,2018-09-09 13:52:00,29.0,False,nan,3739560.0
In,2018-09-09 13:52:00,29.0,False,nan,3739560.0
In,2018-09-09 13:52:00,29.0,False,nan,3739560.0
In,2018-09-09 13:52:00,29.0,False,nan,3739560.0
In,2018-09-09 13:53:00,29.0,False,nan,3739620.0
In,2018-09-09 13:54:00,29.0,False,nan,3739680.0
In,2018-09-09 13:54:00,29.0,False,nan,3739680.0
In,2018-09-09 13:56:00,29.0,False,nan,3739800.0
In,2018-09-09 13:56:00,29.0,False,nan,3739800.0
In,2018-09-09 13:56:00,29.0,False,nan,3739800.0
In,2018-09-09 13:56:00,29.0,False,nan,3739800.0
In,2018-09-09 13:57:00,29.0,False,nan,3739860.0
In,2018-09-09 13:57:00,29.0,False,nan,3739860.0
In,2018-09-09 13:57:00,29.0,False,nan,3739860.0
In,2018-09-09 13:57:00,29.0,False,nan,3739860.0
In,2018-09-09 13:57:00,29.0,False,nan,3739860.0
In,2018-09-09 13:57:00,29.0,False,nan,3739860.0
In,2018-09-09 13:57:00,29.0,False,nan,3739860.0
In,2018-09-09 13:57:00,29.0,False,nan,3739860.0
In,2018-09-09 13:59:00,29.0,False,nan,3739980.0
In,2018-09-09 14:07:00,29.0,False,nan,3740460.0
In,2018-09-09 14:07:00,29.0,False,nan,3740460.0
In,2018-09-09 14:11:00,29.0,False,nan,3740700.0
In,2018-09-09 14:11:00,30.0,False,nan,3740700.0
In,2018-09-09 14:12:00,30.0,False,nan,3740760.0
In,2018-09-09 14:12:00,29.0,False,nan,3740760.0
In,2018-09-09 14:15:00,29.0,False,nan,3740940.0
In,2018-09-09 14:17:00,29.0,False,nan,3741060.0
In,2018-09-09 14:18:00,29.0,False,nan,3741120.0
In,2018-09-09 14:18:00,29.0,False,nan,3741120.0
In,2018-09-09 14:21:00,29.0,False,nan,3741300.0
In,2018-09-09 14:21:00,29.0,False,nan,3741300.0
In,2018-09-09 14:21:00,29.0,False,nan,3741300.0
In,2018-09-09 14:24:00,29.0,False,nan,3741480.0
In,2018-09-09 14:25:00,29.0,False,nan,3741540.0
In,2018-09-09 14:25:00,29.0,False,nan,3741540.0
In,2018-09-09 14:25:00,29.0,False,nan,3741540.0
In,2018-09-09 14:25:00,29.0,False,nan,3741540.0
In,2018-09-09 14:34:00,29.0,False,nan,3742080.0
In,2018-09-09 14:35:00,29.0,False,nan,3742140.0
In,2018-09-09 14:36:00,29.0,False,nan,3742200.0
In,2018-09-09 14:41:00,29.0,False,nan,3742500.0
In,2018-09-09 14:42:00,29.0,False,nan,3742560.0
In,2018-09-09 14:42:00,30.0,False,nan,3742560.0
In,2018-09-09 14:43:00,30.0,False,nan,3742620.0
In,2018-09-09 14:43:00,30.0,False,nan,3742620.0
In,2018-09-09 14:43:00,29.0,False,nan,3742620.0
In,2018-09-09 14:43:00,29.0,False,nan,3742620.0
In,2018-09-09 14:44:00,29.0,False,nan,3742680.0
In,2018-09-09 14:44:00,30.0,False,nan,3742680.0
In,2018-09-09 14:44:00,29.0,False,nan,3742680.0
In,2018-09-09 14:44:00,29.0,False,nan,3742680.0
In,2018-09-09 14:44:00,30.0,False,nan,3742680.0
In,2018-09-09 14:44:00,29.0,False,nan,3742680.0
In,2018-09-09 14:44:00,30.0,False,nan,3742680.0
In,2018-09-09 14:44:00,29.0,False,nan,3742680.0
In,2018-09-09 14:44:00,30.0,False,nan,3742680.0
In,2018-09-09 14:44:00,30.0,False,nan,3742680.0
In,2018-09-09 14:44:00,29.0,False,nan,3742680.0
In,2018-09-09 14:44:00,30.0,False,nan,3742680.0
In,2018-09-09 14:44:00,29.0,False,nan,3742680.0
In,2018-09-09 14:44:00,29.0,False,nan,3742680.0
In,2018-09-09 14:45:00,30.0,False,nan,3742740.0
In,2018-09-09 14:45:00,30.0,False,nan,3742740.0
In,2018-09-09 14:45:00,29.0,False,nan,3742740.0
In,2018-09-09 14:45:00,30.0,False,nan,3742740.0
In,2018-09-09 14:45:00,29.0,False,nan,3742740.0
In,2018-09-09 14:45:00,30.0,False,nan,3742740.0
In,2018-09-09 14:45:00,29.0,False,nan,3742740.0
In,2018-09-09 14:45:00,30.0,False,nan,3742740.0
In,2018-09-09 14:45:00,29.0,False,nan,3742740.0
In,2018-09-09 14:45:00,29.0,False,nan,3742740.0
In,2018-09-09 14:46:00,30.0,False,nan,3742800.0
In,2018-09-09 14:46:00,30.0,False,nan,3742800.0
In,2018-09-09 14:46:00,29.0,False,nan,3742800.0
In,2018-09-09 14:46:00,30.0,False,nan,3742800.0
In,2018-09-09 14:46:00,30.0,False,nan,3742800.0
In,2018-09-09 14:46:00,30.0,False,nan,3742800.0
In,2018-09-09 14:46:00,29.0,False,nan,3742800.0
In,2018-09-09 14:46:00,29.0,False,nan,3742800.0
In,2018-09-09 14:46:00,29.0,False,nan,3742800.0
In,2018-09-09 14:47:00,30.0,False,nan,3742860.0
In,2018-09-09 14:47:00,29.0,False,nan,3742860.0
In,2018-09-09 14:47:00,30.0,False,nan,3742860.0
In,2018-09-09 14:47:00,29.0,False,nan,3742860.0
In,2018-09-09 14:47:00,29.0,False,nan,3742860.0
In,2018-09-09 14:47:00,30.0,False,nan,3742860.0
In,2018-09-09 14:47:00,29.0,False,nan,3742860.0
In,2018-09-09 14:47:00,30.0,False,nan,3742860.0
In,2018-09-09 14:47:00,29.0,False,nan,3742860.0
In,2018-09-09 14:48:00,30.0,False,nan,3742920.0
In,2018-09-09 14:48:00,29.0,False,nan,3742920.0
In,2018-09-09 14:48:00,30.0,False,nan,3742920.0
In,2018-09-09 14:48:00,29.0,False,nan,3742920.0
In,2018-09-09 14:48:00,29.0,False,nan,3742920.0
In,2018-09-09 14:48:00,29.0,False,nan,3742920.0
In,2018-09-09 14:48:00,29.0,False,nan,3742920.0
In,2018-09-09 14:49:00,29.0,False,nan,3742980.0
In,2018-09-09 14:49:00,29.0,False,nan,3742980.0
In,2018-09-09 14:49:00,30.0,False,nan,3742980.0
In,2018-09-09 14:49:00,30.0,False,nan,3742980.0
In,2018-09-09 14:49:00,29.0,False,nan,3742980.0
In,2018-09-09 14:49:00,29.0,False,nan,3742980.0
In,2018-09-09 14:49:00,29.0,False,nan,3742980.0
In,2018-09-09 14:52:00,29.0,False,nan,3743160.0
In,2018-09-09 14:53:00,29.0,False,nan,3743220.0
In,2018-09-09 14:53:00,29.0,False,nan,3743220.0
In,2018-09-09 14:53:00,29.0,False,nan,3743220.0
In,2018-09-09 14:53:00,29.0,False,nan,3743220.0
In,2018-09-09 14:59:00,29.0,False,nan,3743580.0
In,2018-09-09 15:00:00,29.0,False,nan,3743640.0
In,2018-09-09 15:01:00,29.0,False,nan,3743700.0
In,2018-09-09 15:01:00,29.0,False,nan,3743700.0
In,2018-09-09 15:02:00,29.0,False,nan,3743760.0
In,2018-09-09 15:05:00,29.0,False,nan,3743940.0
In,2018-09-09 15:05:00,29.0,False,nan,3743940.0
In,2018-09-09 15:09:00,29.0,False,nan,3744180.0
In,2018-09-09 15:09:00,29.0,False,nan,3744180.0
In,2018-09-09 15:09:00,29.0,False,nan,3744180.0
In,2018-09-09 15:09:00,29.0,False,nan,3744180.0
In,2018-09-09 15:09:00,29.0,False,nan,3744180.0
In,2018-09-09 15:10:00,29.0,False,nan,3744240.0
In,2018-09-09 15:10:00,29.0,False,nan,3744240.0
In,2018-09-09 15:10:00,29.0,False,nan,3744240.0
In,2018-09-09 15:10:00,29.0,False,nan,3744240.0
In,2018-09-09 15:10:00,29.0,False,nan,3744240.0
In,2018-09-09 15:10:00,29.0,False,nan,3744240.0
In,2018-09-09 15:10:00,29.0,False,nan,3744240.0
In,2018-09-09 15:11:00,29.0,False,nan,3744300.0
In,2018-09-09 15:11:00,28.0,False,nan,3744300.0
In,2018-09-09 15:11:00,29.0,False,nan,3744300.0
In,2018-09-09 15:11:00,29.0,False,nan,3744300.0
In,2018-09-09 15:11:00,29.0,False,nan,3744300.0
In,2018-09-09 15:11:00,29.0,False,nan,3744300.0
In,2018-09-09 15:11:00,29.0,False,nan,3744300.0
In,2018-09-09 15:11:00,29.0,False,nan,3744300.0
In,2018-09-09 15:12:00,28.0,False,nan,3744360.0
In,2018-09-09 15:12:00,29.0,False,nan,3744360.0
In,2018-09-09 15:12:00,29.0,False,nan,3744360.0
In,2018-09-09 15:12:00,28.0,False,nan,3744360.0
In,2018-09-09 15:12:00,29.0,False,nan,3744360.0
In,2018-09-09 15:12:00,28.0,False,nan,3744360.0
In,2018-09-09 15:12:00,29.0,False,nan,3744360.0
In,2018-09-09 15:12:00,28.0,False,nan,3744360.0
In,2018-09-09 15:12:00,29.0,False,nan,3744360.0
In,2018-09-09 15:13:00,29.0,False,nan,3744420.0
In,2018-09-09 15:13:00,28.0,False,nan,3744420.0
In,2018-09-09 15:13:00,29.0,False,nan,3744420.0
In,2018-09-09 15:13:00,29.0,False,nan,3744420.0
In,2018-09-09 15:13:00,28.0,False,nan,3744420.0
In,2018-09-09 15:13:00,29.0,False,nan,3744420.0
In,2018-09-09 15:13:00,28.0,False,nan,3744420.0
In,2018-09-09 15:13:00,29.0,False,nan,3744420.0
In,2018-09-09 15:13:00,28.0,False,nan,3744420.0
In,2018-09-09 15:13:00,28.0,False,nan,3744420.0
In,2018-09-09 15:13:00,28.0,False,nan,3744420.0
In,2018-09-09 15:14:00,28.0,False,nan,3744480.0
In,2018-09-09 15:14:00,29.0,False,nan,3744480.0
In,2018-09-09 15:15:00,29.0,False,nan,3744540.0
In,2018-09-09 15:15:00,29.0,False,nan,3744540.0
In,2018-09-09 15:15:00,28.0,False,nan,3744540.0
In,2018-09-09 15:15:00,28.0,False,nan,3744540.0
In,2018-09-09 15:15:00,29.0,False,nan,3744540.0
In,2018-09-09 15:15:00,28.0,False,nan,3744540.0
In,2018-09-09 15:15:00,29.0,False,nan,3744540.0
In,2018-09-09 15:15:00,28.0,False,nan,3744540.0
In,2018-09-09 15:16:00,28.0,False,nan,3744600.0
In,2018-09-09 15:16:00,28.0,False,nan,3744600.0
In,2018-09-09 15:16:00,28.0,False,nan,3744600.0
In,2018-09-09 15:16:00,29.0,False,nan,3744600.0
In,2018-09-09 15:16:00,28.0,False,nan,3744600.0
In,2018-09-09 15:16:00,28.0,False,nan,3744600.0
In,2018-09-09 15:16:00,29.0,False,nan,3744600.0
In,2018-09-09 15:16:00,28.0,False,nan,3744600.0
In,2018-09-09 15:16:00,29.0,False,nan,3744600.0
In,2018-09-09 15:16:00,28.0,False,nan,3744600.0
In,2018-09-09 15:16:00,28.0,False,nan,3744600.0
In,2018-09-09 15:16:00,28.0,False,nan,3744600.0
In,2018-09-09 15:16:00,29.0,False,nan,3744600.0
In,2018-09-09 15:16:00,29.0,False,nan,3744600.0
In,2018-09-09 15:16:00,28.0,False,nan,3744600.0
In,2018-09-09 15:17:00,29.0,False,nan,3744660.0
In,2018-09-09 15:17:00,29.0,False,nan,3744660.0
In,2018-09-09 15:17:00,28.0,False,nan,3744660.0
In,2018-09-09 15:17:00,29.0,False,nan,3744660.0
In,2018-09-09 15:17:00,28.0,False,nan,3744660.0
In,2018-09-09 15:17:00,28.0,False,nan,3744660.0
In,2018-09-09 15:17:00,29.0,False,nan,3744660.0
In,2018-09-09 15:17:00,29.0,False,nan,3744660.0
In,2018-09-09 15:17:00,29.0,False,nan,3744660.0
In,2018-09-09 15:17:00,29.0,False,nan,3744660.0
In,2018-09-09 15:17:00,28.0,False,nan,3744660.0
In,2018-09-09 15:17:00,29.0,False,nan,3744660.0
In,2018-09-09 15:17:00,28.0,False,nan,3744660.0
In,2018-09-09 15:17:00,28.0,False,nan,3744660.0
In,2018-09-09 15:17:00,28.0,False,nan,3744660.0
In,2018-09-09 15:18:00,29.0,False,nan,3744720.0
In,2018-09-09 15:18:00,29.0,False,nan,3744720.0
In,2018-09-09 15:18:00,29.0,False,nan,3744720.0
In,2018-09-09 15:18:00,28.0,False,nan,3744720.0
In,2018-09-09 15:18:00,29.0,False,nan,3744720.0
In,2018-09-09 15:18:00,28.0,False,nan,3744720.0
In,2018-09-09 15:18:00,29.0,False,nan,3744720.0
In,2018-09-09 15:18:00,28.0,False,nan,3744720.0
In,2018-09-09 15:18:00,28.0,False,nan,3744720.0
In,2018-09-09 15:19:00,28.0,False,nan,3744780.0
In,2018-09-09 15:19:00,28.0,False,nan,3744780.0
In,2018-09-09 15:19:00,28.0,False,nan,3744780.0
In,2018-09-09 15:19:00,28.0,False,nan,3744780.0
In,2018-09-09 15:19:00,29.0,False,nan,3744780.0
In,2018-09-09 15:19:00,28.0,False,nan,3744780.0
In,2018-09-09 15:19:00,29.0,False,nan,3744780.0
In,2018-09-09 15:19:00,29.0,False,nan,3744780.0
In,2018-09-09 15:19:00,28.0,False,nan,3744780.0
In,2018-09-09 15:19:00,29.0,False,nan,3744780.0
In,2018-09-09 15:19:00,29.0,False,nan,3744780.0
In,2018-09-09 15:20:00,28.0,False,nan,3744840.0
In,2018-09-09 15:20:00,29.0,False,nan,3744840.0
In,2018-09-09 15:20:00,28.0,False,nan,3744840.0
In,2018-09-09 15:20:00,29.0,False,nan,3744840.0
In,2018-09-09 15:20:00,28.0,False,nan,3744840.0
In,2018-09-09 15:20:00,28.0,False,nan,3744840.0
In,2018-09-09 15:20:00,29.0,False,nan,3744840.0
In,2018-09-09 15:20:00,28.0,False,nan,3744840.0
In,2018-09-09 15:20:00,29.0,False,nan,3744840.0
In,2018-09-09 15:20:00,29.0,False,nan,3744840.0
In,2018-09-09 15:20:00,29.0,False,nan,3744840.0
In,2018-09-09 15:20:00,28.0,False,nan,3744840.0
In,2018-09-09 15:20:00,28.0,False,nan,3744840.0
In,2018-09-09 15:20:00,29.0,False,nan,3744840.0
In,2018-09-09 15:20:00,28.0,False,nan,3744840.0
In,2018-09-09 15:20:00,29.0,False,nan,3744840.0
In,2018-09-09 15:20:00,29.0,False,nan,3744840.0
In,2018-09-09 15:21:00,29.0,False,nan,3744900.0
In,2018-09-09 15:21:00,28.0,False,nan,3744900.0
In,2018-09-09 15:21:00,28.0,False,nan,3744900.0
In,2018-09-09 15:21:00,29.0,False,nan,3744900.0
In,2018-09-09 15:21:00,29.0,False,nan,3744900.0
In,2018-09-09 15:21:00,28.0,False,nan,3744900.0
In,2018-09-09 15:21:00,29.0,False,nan,3744900.0
In,2018-09-09 15:21:00,28.0,False,nan,3744900.0
In,2018-09-09 15:21:00,28.0,False,nan,3744900.0
In,2018-09-09 15:21:00,28.0,False,nan,3744900.0
In,2018-09-09 15:21:00,29.0,False,nan,3744900.0
In,2018-09-09 15:21:00,28.0,False,nan,3744900.0
In,2018-09-09 15:21:00,29.0,False,nan,3744900.0
In,2018-09-09 15:24:00,28.0,False,nan,3745080.0
In,2018-09-09 15:24:00,28.0,False,nan,3745080.0
In,2018-09-09 15:24:00,28.0,False,nan,3745080.0
In,2018-09-09 15:24:00,28.0,False,nan,3745080.0
In,2018-09-09 15:24:00,28.0,False,nan,3745080.0
In,2018-09-09 15:24:00,28.0,False,nan,3745080.0
In,2018-09-09 15:24:00,28.0,False,nan,3745080.0
In,2018-09-09 15:25:00,29.0,False,nan,3745140.0
In,2018-09-09 15:25:00,28.0,False,nan,3745140.0
In,2018-09-09 15:26:00,29.0,False,nan,3745200.0
In,2018-09-09 15:26:00,29.0,False,nan,3745200.0
In,2018-09-09 15:26:00,28.0,False,nan,3745200.0
In,2018-09-09 15:26:00,29.0,False,nan,3745200.0
In,2018-09-09 15:26:00,29.0,False,nan,3745200.0
In,2018-09-09 15:26:00,28.0,False,nan,3745200.0
In,2018-09-09 15:26:00,29.0,False,nan,3745200.0
In,2018-09-09 15:26:00,28.0,False,nan,3745200.0
In,2018-09-09 15:26:00,28.0,False,nan,3745200.0
In,2018-09-09 15:26:00,28.0,False,nan,3745200.0
In,2018-09-09 15:26:00,28.0,False,nan,3745200.0
In,2018-09-09 15:26:00,29.0,False,nan,3745200.0
In,2018-09-09 15:26:00,28.0,False,nan,3745200.0
In,2018-09-09 15:26:00,29.0,False,nan,3745200.0
In,2018-09-09 15:26:00,28.0,False,nan,3745200.0
In,2018-09-09 15:26:00,29.0,False,nan,3745200.0
In,2018-09-09 15:27:00,28.0,False,nan,3745260.0
In,2018-09-09 15:27:00,28.0,False,nan,3745260.0
In,2018-09-09 15:27:00,29.0,False,nan,3745260.0
In,2018-09-09 15:27:00,28.0,False,nan,3745260.0
In,2018-09-09 15:27:00,29.0,False,nan,3745260.0
In,2018-09-09 15:27:00,28.0,False,nan,3745260.0
In,2018-09-09 15:27:00,29.0,False,nan,3745260.0
In,2018-09-09 15:27:00,29.0,False,nan,3745260.0
In,2018-09-09 15:27:00,28.0,False,nan,3745260.0
In,2018-09-09 15:27:00,29.0,False,nan,3745260.0
In,2018-09-09 15:27:00,29.0,False,nan,3745260.0
In,2018-09-09 15:27:00,28.0,False,nan,3745260.0
In,2018-09-09 15:27:00,29.0,False,nan,3745260.0
In,2018-09-09 15:27:00,29.0,False,nan,3745260.0
In,2018-09-09 15:27:00,28.0,False,nan,3745260.0
In,2018-09-09 15:27:00,28.0,False,nan,3745260.0
In,2018-09-09 15:28:00,29.0,False,nan,3745320.0
In,2018-09-09 15:28:00,29.0,False,nan,3745320.0
In,2018-09-09 15:28:00,29.0,False,nan,3745320.0
In,2018-09-09 15:28:00,28.0,False,nan,3745320.0
In,2018-09-09 15:28:00,29.0,False,nan,3745320.0
In,2018-09-09 15:28:00,29.0,False,nan,3745320.0
In,2018-09-09 15:29:00,28.0,False,nan,3745380.0
In,2018-09-09 15:29:00,29.0,False,nan,3745380.0
In,2018-09-09 15:29:00,28.0,False,nan,3745380.0
In,2018-09-09 15:29:00,28.0,False,nan,3745380.0
In,2018-09-09 15:29:00,29.0,False,nan,3745380.0
In,2018-09-09 15:29:00,28.0,False,nan,3745380.0
In,2018-09-09 15:29:00,29.0,False,nan,3745380.0
In,2018-09-09 15:29:00,28.0,False,nan,3745380.0
In,2018-09-09 15:29:00,28.0,False,nan,3745380.0
In,2018-09-09 15:29:00,29.0,False,nan,3745380.0
In,2018-09-09 15:29:00,28.0,False,nan,3745380.0
In,2018-09-09 15:29:00,29.0,False,nan,3745380.0
In,2018-09-09 15:30:00,28.0,False,nan,3745440.0
In,2018-09-09 15:30:00,28.0,False,nan,3745440.0
In,2018-09-09 15:30:00,29.0,False,nan,3745440.0
In,2018-09-09 15:30:00,29.0,False,nan,3745440.0
In,2018-09-09 15:30:00,28.0,False,nan,3745440.0
In,2018-09-09 15:30:00,28.0,False,nan,3745440.0
In,2018-09-09 15:30:00,29.0,False,nan,3745440.0
In,2018-09-09 15:30:00,28.0,False,nan,3745440.0
In,2018-09-09 15:30:00,29.0,False,nan,3745440.0
In,2018-09-09 15:30:00,29.0,False,nan,3745440.0
In,2018-09-09 15:30:00,28.0,False,nan,3745440.0
In,2018-09-09 15:30:00,28.0,False,nan,3745440.0
In,2018-09-09 15:30:00,28.0,False,nan,3745440.0
In,2018-09-09 15:30:00,29.0,False,nan,3745440.0
In,2018-09-09 15:30:00,29.0,False,nan,3745440.0
In,2018-09-09 15:30:00,29.0,False,nan,3745440.0
In,2018-09-09 15:31:00,28.0,False,nan,3745500.0
In,2018-09-09 15:31:00,29.0,False,nan,3745500.0
In,2018-09-09 15:31:00,28.0,False,nan,3745500.0
In,2018-09-09 15:31:00,28.0,False,nan,3745500.0
In,2018-09-09 15:31:00,28.0,False,nan,3745500.0
In,2018-09-09 15:31:00,29.0,False,nan,3745500.0
In,2018-09-09 15:31:00,29.0,False,nan,3745500.0
In,2018-09-09 15:31:00,29.0,False,nan,3745500.0
In,2018-09-09 15:31:00,28.0,False,nan,3745500.0
In,2018-09-09 15:31:00,28.0,False,nan,3745500.0
In,2018-09-09 15:31:00,28.0,False,nan,3745500.0
In,2018-09-09 15:32:00,28.0,False,nan,3745560.0
In,2018-09-09 15:32:00,29.0,False,nan,3745560.0
In,2018-09-09 15:34:00,28.0,False,nan,3745680.0
In,2018-09-09 15:34:00,28.0,False,nan,3745680.0
In,2018-09-09 15:34:00,28.0,False,nan,3745680.0
In,2018-09-09 15:34:00,28.0,False,nan,3745680.0
In,2018-09-09 15:34:00,28.0,False,nan,3745680.0
In,2018-09-09 15:34:00,28.0,False,nan,3745680.0
In,2018-09-09 15:34:00,28.0,False,nan,3745680.0
In,2018-09-09 15:34:00,28.0,False,nan,3745680.0
In,2018-09-09 15:36:00,29.0,False,nan,3745800.0
In,2018-09-09 15:36:00,28.0,False,nan,3745800.0
In,2018-09-09 15:36:00,28.0,False,nan,3745800.0
In,2018-09-09 15:36:00,28.0,False,nan,3745800.0
In,2018-09-09 15:36:00,29.0,False,nan,3745800.0
In,2018-09-09 15:36:00,28.0,False,nan,3745800.0
In,2018-09-09 15:36:00,28.0,False,nan,3745800.0
In,2018-09-09 15:36:00,29.0,False,nan,3745800.0
In,2018-09-09 15:36:00,28.0,False,nan,3745800.0
In,2018-09-09 15:36:00,29.0,False,nan,3745800.0
In,2018-09-09 15:36:00,29.0,False,nan,3745800.0
In,2018-09-09 15:37:00,29.0,False,nan,3745860.0
In,2018-09-09 15:37:00,29.0,False,nan,3745860.0
In,2018-09-09 15:37:00,29.0,False,nan,3745860.0
In,2018-09-09 15:37:00,29.0,False,nan,3745860.0
In,2018-09-09 15:37:00,29.0,False,nan,3745860.0
In,2018-09-09 15:37:00,28.0,False,nan,3745860.0
In,2018-09-09 15:37:00,29.0,False,nan,3745860.0
In,2018-09-09 15:37:00,29.0,False,nan,3745860.0
In,2018-09-09 15:37:00,28.0,False,nan,3745860.0
In,2018-09-09 15:37:00,29.0,False,nan,3745860.0
In,2018-09-09 15:37:00,29.0,False,nan,3745860.0
In,2018-09-09 15:41:00,29.0,False,nan,3746100.0
In,2018-09-09 15:41:00,28.0,False,nan,3746100.0
In,2018-09-09 15:42:00,29.0,False,nan,3746160.0
In,2018-09-09 15:42:00,29.0,False,nan,3746160.0
In,2018-09-09 15:42:00,29.0,False,nan,3746160.0
In,2018-09-09 15:43:00,29.0,False,nan,3746220.0
In,2018-09-09 15:43:00,29.0,False,nan,3746220.0
In,2018-09-09 15:43:00,29.0,False,nan,3746220.0
In,2018-09-09 15:43:00,29.0,False,nan,3746220.0
In,2018-09-09 15:43:00,29.0,False,nan,3746220.0
In,2018-09-09 15:44:00,29.0,False,nan,3746280.0
In,2018-09-09 15:44:00,28.0,False,nan,3746280.0
In,2018-09-09 15:44:00,29.0,False,nan,3746280.0
In,2018-09-09 15:44:00,28.0,False,nan,3746280.0
In,2018-09-09 15:44:00,28.0,False,nan,3746280.0
In,2018-09-09 15:44:00,28.0,False,nan,3746280.0
In,2018-09-09 15:44:00,29.0,False,nan,3746280.0
In,2018-09-09 15:45:00,28.0,False,nan,3746340.0
In,2018-09-09 15:45:00,28.0,False,nan,3746340.0
In,2018-09-09 15:45:00,29.0,False,nan,3746340.0
In,2018-09-09 15:45:00,28.0,False,nan,3746340.0
In,2018-09-09 15:47:00,28.0,False,nan,3746460.0
In,2018-09-09 15:48:00,28.0,False,nan,3746520.0
In,2018-09-09 15:50:00,28.0,False,nan,3746640.0
In,2018-09-09 15:50:00,28.0,False,nan,3746640.0
In,2018-09-09 15:50:00,28.0,False,nan,3746640.0
In,2018-09-09 15:52:00,28.0,False,nan,3746760.0
In,2018-09-09 15:54:00,27.0,False,nan,3746880.0
In,2018-09-09 15:54:00,28.0,False,nan,3746880.0
In,2018-09-09 15:55:00,28.0,False,nan,3746940.0
In,2018-09-09 15:55:00,27.0,False,nan,3746940.0
In,2018-09-09 15:55:00,28.0,False,nan,3746940.0
In,2018-09-09 15:56:00,27.0,False,nan,3747000.0
In,2018-09-09 15:56:00,28.0,False,nan,3747000.0
In,2018-09-09 15:56:00,27.0,False,nan,3747000.0
In,2018-09-09 15:56:00,27.0,False,nan,3747000.0
In,2018-09-09 15:56:00,28.0,False,nan,3747000.0
In,2018-09-09 15:56:00,28.0,False,nan,3747000.0
In,2018-09-09 15:56:00,27.0,False,nan,3747000.0
In,2018-09-09 15:56:00,28.0,False,nan,3747000.0
In,2018-09-09 15:56:00,27.0,False,nan,3747000.0
In,2018-09-09 15:56:00,27.0,False,nan,3747000.0
In,2018-09-09 15:56:00,28.0,False,nan,3747000.0
In,2018-09-09 15:56:00,28.0,False,nan,3747000.0
In,2018-09-09 15:57:00,28.0,False,nan,3747060.0
In,2018-09-09 15:57:00,27.0,False,nan,3747060.0
In,2018-09-09 15:57:00,27.0,False,nan,3747060.0
In,2018-09-09 15:57:00,28.0,False,nan,3747060.0
In,2018-09-09 15:57:00,27.0,False,nan,3747060.0
In,2018-09-09 15:57:00,28.0,False,nan,3747060.0
In,2018-09-09 15:57:00,28.0,False,nan,3747060.0
In,2018-09-09 15:57:00,27.0,False,nan,3747060.0
In,2018-09-09 15:57:00,28.0,False,nan,3747060.0
In,2018-09-09 15:57:00,27.0,False,nan,3747060.0
In,2018-09-09 15:57:00,27.0,False,nan,3747060.0
In,2018-09-09 15:58:00,27.0,False,nan,3747120.0
In,2018-09-09 15:58:00,28.0,False,nan,3747120.0
In,2018-09-09 15:58:00,28.0,False,nan,3747120.0
In,2018-09-09 15:58:00,28.0,False,nan,3747120.0
In,2018-09-09 15:58:00,27.0,False,nan,3747120.0
In,2018-09-09 15:58:00,28.0,False,nan,3747120.0
In,2018-09-09 15:58:00,28.0,False,nan,3747120.0
In,2018-09-09 15:58:00,28.0,False,nan,3747120.0
In,2018-09-09 15:58:00,27.0,False,nan,3747120.0
In,2018-09-09 15:58:00,28.0,False,nan,3747120.0
In,2018-09-09 15:58:00,27.0,False,nan,3747120.0
In,2018-09-09 16:01:00,28.0,False,nan,3747300.0
In,2018-09-09 16:04:00,28.0,False,nan,3747480.0
In,2018-09-09 16:06:00,28.0,False,nan,3747600.0
In,2018-09-09 16:06:00,28.0,False,nan,3747600.0
In,2018-09-09 16:06:00,28.0,False,nan,3747600.0
In,2018-09-09 16:06:00,28.0,False,nan,3747600.0
In,2018-09-09 16:06:00,28.0,False,nan,3747600.0
In,2018-09-09 16:06:00,28.0,False,nan,3747600.0
In,2018-09-09 16:06:00,28.0,False,nan,3747600.0
In,2018-09-09 16:06:00,28.0,False,nan,3747600.0
In,2018-09-09 16:06:00,29.0,False,nan,3747600.0
In,2018-09-09 16:06:00,28.0,False,nan,3747600.0
In,2018-09-09 16:06:00,28.0,False,nan,3747600.0
In,2018-09-09 16:06:00,28.0,False,nan,3747600.0
In,2018-09-09 16:07:00,28.0,False,nan,3747660.0
In,2018-09-09 16:07:00,28.0,False,nan,3747660.0
In,2018-09-09 16:07:00,28.0,False,nan,3747660.0
In,2018-09-09 16:07:00,28.0,False,nan,3747660.0
In,2018-09-09 16:07:00,28.0,False,nan,3747660.0
In,2018-09-09 16:07:00,28.0,False,nan,3747660.0
In,2018-09-09 16:08:00,28.0,False,nan,3747720.0
In,2018-09-09 16:08:00,28.0,False,nan,3747720.0
In,2018-09-09 16:08:00,28.0,False,nan,3747720.0
In,2018-09-09 16:08:00,28.0,False,nan,3747720.0
In,2018-09-09 16:08:00,28.0,False,nan,3747720.0
In,2018-09-09 16:08:00,28.0,False,nan,3747720.0
In,2018-09-09 16:08:00,28.0,False,nan,3747720.0
In,2018-09-09 16:08:00,28.0,False,nan,3747720.0
In,2018-09-09 16:08:00,28.0,False,nan,3747720.0
In,2018-09-09 16:08:00,28.0,False,nan,3747720.0
In,2018-09-09 16:08:00,28.0,False,nan,3747720.0
In,2018-09-09 16:08:00,28.0,False,nan,3747720.0
In,2018-09-09 16:12:00,28.0,False,nan,3747960.0
In,2018-09-09 16:12:00,28.0,False,nan,3747960.0
In,2018-09-09 16:12:00,28.0,False,nan,3747960.0
In,2018-09-09 16:12:00,28.0,False,nan,3747960.0
In,2018-09-09 16:12:00,28.0,False,nan,3747960.0
In,2018-09-09 16:12:00,28.0,False,nan,3747960.0
In,2018-09-09 16:12:00,28.0,False,nan,3747960.0
In,2018-09-09 16:12:00,29.0,False,nan,3747960.0
In,2018-09-09 16:13:00,28.0,False,nan,3748020.0
In,2018-09-09 16:13:00,29.0,False,nan,3748020.0
In,2018-09-09 16:13:00,28.0,False,nan,3748020.0
In,2018-09-09 16:13:00,28.0,False,nan,3748020.0
In,2018-09-09 16:13:00,28.0,False,nan,3748020.0
In,2018-09-09 16:13:00,28.0,False,nan,3748020.0
In,2018-09-09 16:13:00,28.0,False,nan,3748020.0
In,2018-09-09 16:13:00,28.0,False,nan,3748020.0
In,2018-09-09 16:13:00,28.0,False,nan,3748020.0
In,2018-09-09 16:13:00,28.0,False,nan,3748020.0
In,2018-09-09 16:13:00,28.0,False,nan,3748020.0
In,2018-09-09 16:13:00,29.0,False,nan,3748020.0
In,2018-09-09 16:13:00,29.0,False,nan,3748020.0
In,2018-09-09 16:14:00,28.0,False,nan,3748080.0
In,2018-09-09 16:14:00,29.0,False,nan,3748080.0
In,2018-09-09 16:14:00,29.0,False,nan,3748080.0
In,2018-09-09 16:14:00,29.0,False,nan,3748080.0
In,2018-09-09 16:14:00,28.0,False,nan,3748080.0
In,2018-09-09 16:14:00,28.0,False,nan,3748080.0
In,2018-09-09 16:14:00,28.0,False,nan,3748080.0
In,2018-09-09 16:14:00,29.0,False,nan,3748080.0
In,2018-09-09 16:14:00,28.0,False,nan,3748080.0
In,2018-09-09 16:14:00,29.0,False,nan,3748080.0
In,2018-09-09 16:15:00,29.0,False,nan,3748140.0
In,2018-09-09 16:15:00,29.0,False,nan,3748140.0
In,2018-09-09 16:15:00,28.0,False,nan,3748140.0
In,2018-09-09 16:15:00,28.0,False,nan,3748140.0
In,2018-09-09 16:15:00,29.0,False,nan,3748140.0
In,2018-09-09 16:15:00,28.0,False,nan,3748140.0
In,2018-09-09 16:15:00,28.0,False,nan,3748140.0
In,2018-09-09 16:15:00,29.0,False,nan,3748140.0
In,2018-09-09 16:15:00,28.0,False,nan,3748140.0
In,2018-09-09 16:15:00,29.0,False,nan,3748140.0
In,2018-09-09 16:15:00,28.0,False,nan,3748140.0
In,2018-09-09 16:16:00,28.0,False,nan,3748200.0
In,2018-09-09 16:16:00,29.0,False,nan,3748200.0
In,2018-09-09 16:16:00,29.0,False,nan,3748200.0
In,2018-09-09 16:16:00,28.0,False,nan,3748200.0
In,2018-09-09 16:16:00,28.0,False,nan,3748200.0
In,2018-09-09 16:16:00,29.0,False,nan,3748200.0
In,2018-09-09 16:16:00,29.0,False,nan,3748200.0
In,2018-09-09 16:16:00,28.0,False,nan,3748200.0
In,2018-09-09 16:16:00,29.0,False,nan,3748200.0
In,2018-09-09 16:17:00,29.0,False,nan,3748260.0
In,2018-09-09 16:17:00,28.0,False,nan,3748260.0
In,2018-09-09 16:17:00,28.0,False,nan,3748260.0
In,2018-09-09 16:17:00,29.0,False,nan,3748260.0
In,2018-09-09 16:20:00,29.0,False,nan,3748440.0
In,2018-09-09 16:21:00,28.0,False,nan,3748500.0
In,2018-09-09 16:21:00,29.0,False,nan,3748500.0
In,2018-09-09 16:22:00,28.0,False,nan,3748560.0
In,2018-09-09 16:22:00,29.0,False,nan,3748560.0
In,2018-09-09 16:22:00,28.0,False,nan,3748560.0
In,2018-09-09 16:22:00,29.0,False,nan,3748560.0
In,2018-09-09 16:22:00,29.0,False,nan,3748560.0
In,2018-09-09 16:22:00,28.0,False,nan,3748560.0
In,2018-09-09 16:22:00,28.0,False,nan,3748560.0
In,2018-09-09 16:22:00,28.0,False,nan,3748560.0
In,2018-09-09 16:22:00,28.0,False,nan,3748560.0
In,2018-09-09 16:22:00,29.0,False,nan,3748560.0
In,2018-09-09 16:22:00,29.0,False,nan,3748560.0
In,2018-09-09 16:22:00,29.0,False,nan,3748560.0
In,2018-09-09 16:23:00,28.0,False,nan,3748620.0
In,2018-09-09 16:23:00,29.0,False,nan,3748620.0
In,2018-09-09 16:23:00,28.0,False,nan,3748620.0
In,2018-09-09 16:23:00,29.0,False,nan,3748620.0
In,2018-09-09 16:23:00,29.0,False,nan,3748620.0
In,2018-09-09 16:23:00,28.0,False,nan,3748620.0
In,2018-09-09 16:23:00,28.0,False,nan,3748620.0
In,2018-09-09 16:23:00,28.0,False,nan,3748620.0
In,2018-09-09 16:23:00,28.0,False,nan,3748620.0
In,2018-09-09 16:23:00,29.0,False,nan,3748620.0
In,2018-09-09 16:23:00,28.0,False,nan,3748620.0
In,2018-09-09 16:23:00,29.0,False,nan,3748620.0
In,2018-09-09 16:24:00,28.0,False,nan,3748680.0
In,2018-09-09 16:24:00,28.0,False,nan,3748680.0
In,2018-09-09 16:24:00,29.0,False,nan,3748680.0
In,2018-09-09 16:24:00,28.0,False,nan,3748680.0
In,2018-09-09 16:24:00,28.0,False,nan,3748680.0
In,2018-09-09 16:24:00,29.0,False,nan,3748680.0
In,2018-09-09 16:24:00,28.0,False,nan,3748680.0
In,2018-09-09 16:24:00,29.0,False,nan,3748680.0
In,2018-09-09 16:24:00,29.0,False,nan,3748680.0
In,2018-09-09 16:24:00,28.0,False,nan,3748680.0
In,2018-09-09 16:24:00,28.0,False,nan,3748680.0
In,2018-09-09 16:24:00,28.0,False,nan,3748680.0
In,2018-09-09 16:24:00,29.0,False,nan,3748680.0
In,2018-09-09 16:28:00,28.0,False,nan,3748920.0
In,2018-09-09 16:28:00,28.0,False,nan,3748920.0
In,2018-09-09 16:29:00,28.0,False,nan,3748980.0
In,2018-09-09 16:29:00,28.0,False,nan,3748980.0
In,2018-09-09 16:29:00,28.0,False,nan,3748980.0
In,2018-09-09 16:29:00,28.0,False,nan,3748980.0
In,2018-09-09 16:29:00,28.0,False,nan,3748980.0
In,2018-09-09 16:31:00,28.0,False,nan,3749100.0
In,2018-09-09 16:31:00,28.0,False,nan,3749100.0
In,2018-09-09 16:31:00,28.0,False,nan,3749100.0
In,2018-09-09 16:34:00,28.0,False,nan,3749280.0
In,2018-09-09 16:34:00,28.0,False,nan,3749280.0
In,2018-09-09 16:35:00,28.0,False,nan,3749340.0
In,2018-09-09 16:35:00,29.0,False,nan,3749340.0
In,2018-09-09 16:36:00,28.0,False,nan,3749400.0
In,2018-09-09 16:36:00,29.0,False,nan,3749400.0
In,2018-09-09 16:36:00,28.0,False,nan,3749400.0
In,2018-09-09 16:36:00,29.0,False,nan,3749400.0
In,2018-09-09 16:36:00,29.0,False,nan,3749400.0
In,2018-09-09 16:36:00,28.0,False,nan,3749400.0
In,2018-09-09 16:36:00,28.0,False,nan,3749400.0
In,2018-09-09 16:36:00,29.0,False,nan,3749400.0
In,2018-09-09 16:36:00,28.0,False,nan,3749400.0
In,2018-09-09 16:36:00,29.0,False,nan,3749400.0
In,2018-09-09 16:36:00,29.0,False,nan,3749400.0
In,2018-09-09 16:37:00,29.0,False,nan,3749460.0
In,2018-09-09 16:37:00,28.0,False,nan,3749460.0
In,2018-09-09 16:37:00,28.0,False,nan,3749460.0
In,2018-09-09 16:39:00,29.0,False,nan,3749580.0
In,2018-09-09 16:39:00,28.0,False,nan,3749580.0
In,2018-09-09 16:46:00,29.0,False,nan,3750000.0
In,2018-09-09 16:46:00,28.0,False,nan,3750000.0
In,2018-09-09 16:53:00,28.0,False,nan,3750420.0
In,2018-09-09 16:53:00,29.0,False,nan,3750420.0
In,2018-09-09 16:55:00,28.0,False,nan,3750540.0
In,2018-09-09 16:55:00,29.0,False,nan,3750540.0
In,2018-09-09 16:58:00,28.0,False,nan,3750720.0
In,2018-09-09 16:58:00,29.0,False,nan,3750720.0
In,2018-09-09 16:59:00,28.0,False,nan,3750780.0
In,2018-09-09 16:59:00,29.0,False,nan,3750780.0
In,2018-09-09 17:00:00,29.0,False,nan,3750840.0
In,2018-09-09 17:00:00,29.0,False,nan,3750840.0
In,2018-09-09 17:00:00,29.0,False,nan,3750840.0
In,2018-09-09 17:00:00,29.0,False,nan,3750840.0
In,2018-09-09 17:01:00,29.0,False,nan,3750900.0
In,2018-09-09 17:01:00,29.0,False,nan,3750900.0
In,2018-09-09 17:01:00,29.0,False,nan,3750900.0
In,2018-09-09 17:01:00,29.0,False,nan,3750900.0
In,2018-09-09 17:01:00,29.0,False,nan,3750900.0
In,2018-09-09 17:01:00,29.0,False,nan,3750900.0
In,2018-09-09 17:01:00,29.0,False,nan,3750900.0
In,2018-09-09 17:01:00,29.0,False,nan,3750900.0
In,2018-09-09 17:01:00,29.0,False,nan,3750900.0
In,2018-09-09 17:03:00,29.0,False,nan,3751020.0
In,2018-09-09 17:03:00,28.0,False,nan,3751020.0
In,2018-09-09 17:13:00,28.0,False,nan,3751620.0
In,2018-09-09 17:14:00,29.0,False,nan,3751680.0
In,2018-09-09 17:26:00,29.0,False,nan,3752400.0
In,2018-09-09 17:26:00,29.0,False,nan,3752400.0
In,2018-09-09 17:26:00,29.0,False,nan,3752400.0
In,2018-09-09 17:26:00,29.0,False,nan,3752400.0
In,2018-09-09 17:26:00,29.0,False,nan,3752400.0
In,2018-09-09 17:26:00,29.0,False,nan,3752400.0
In,2018-09-09 17:26:00,29.0,False,nan,3752400.0
In,2018-09-09 17:29:00,28.0,False,nan,3752580.0
In,2018-09-09 17:29:00,29.0,False,nan,3752580.0
In,2018-09-09 17:29:00,29.0,False,nan,3752580.0
In,2018-09-09 17:29:00,28.0,False,nan,3752580.0
In,2018-09-09 17:29:00,28.0,False,nan,3752580.0
In,2018-09-09 17:29:00,29.0,False,nan,3752580.0
In,2018-09-09 17:30:00,28.0,False,nan,3752640.0
In,2018-09-09 17:31:00,28.0,False,nan,3752700.0
In,2018-09-09 17:31:00,29.0,False,nan,3752700.0
In,2018-09-09 17:31:00,28.0,False,nan,3752700.0
In,2018-09-09 17:31:00,28.0,False,nan,3752700.0
In,2018-09-09 17:31:00,29.0,False,nan,3752700.0
In,2018-09-09 17:31:00,29.0,False,nan,3752700.0
In,2018-09-09 17:31:00,28.0,False,nan,3752700.0
In,2018-09-09 17:31:00,29.0,False,nan,3752700.0
In,2018-09-09 17:31:00,28.0,False,nan,3752700.0
In,2018-09-09 17:31:00,29.0,False,nan,3752700.0
In,2018-09-09 17:31:00,28.0,False,nan,3752700.0
In,2018-09-09 17:32:00,29.0,False,nan,3752760.0
In,2018-09-09 17:32:00,29.0,False,nan,3752760.0
In,2018-09-09 17:32:00,28.0,False,nan,3752760.0
In,2018-09-09 17:32:00,28.0,False,nan,3752760.0
In,2018-09-09 17:32:00,28.0,False,nan,3752760.0
In,2018-09-09 17:32:00,28.0,False,nan,3752760.0
In,2018-09-09 17:32:00,29.0,False,nan,3752760.0
In,2018-09-09 17:33:00,28.0,False,nan,3752820.0
In,2018-09-09 17:33:00,28.0,False,nan,3752820.0
In,2018-09-09 17:33:00,28.0,False,nan,3752820.0
In,2018-09-09 17:33:00,28.0,False,nan,3752820.0
In,2018-09-09 17:33:00,28.0,False,nan,3752820.0
In,2018-09-09 17:33:00,29.0,False,nan,3752820.0
In,2018-09-09 17:33:00,28.0,False,nan,3752820.0
In,2018-09-09 17:37:00,29.0,False,nan,3753060.0
In,2018-09-09 17:37:00,28.0,False,nan,3753060.0
In,2018-09-09 17:46:00,28.0,False,nan,3753600.0
In,2018-09-09 17:46:00,29.0,False,nan,3753600.0
In,2018-09-09 17:47:00,29.0,False,nan,3753660.0
In,2018-09-09 17:47:00,28.0,False,nan,3753660.0
In,2018-09-09 17:47:00,28.0,False,nan,3753660.0
In,2018-09-09 17:47:00,28.0,False,nan,3753660.0
In,2018-09-09 17:47:00,28.0,False,nan,3753660.0
In,2018-09-09 17:48:00,29.0,False,nan,3753720.0
In,2018-09-09 17:48:00,28.0,False,nan,3753720.0
In,2018-09-09 17:48:00,29.0,False,nan,3753720.0
In,2018-09-09 17:48:00,29.0,False,nan,3753720.0
In,2018-09-09 17:48:00,28.0,False,nan,3753720.0
In,2018-09-09 17:48:00,29.0,False,nan,3753720.0
In,2018-09-09 17:48:00,28.0,False,nan,3753720.0
In,2018-09-09 17:48:00,28.0,False,nan,3753720.0
In,2018-09-09 17:48:00,28.0,False,nan,3753720.0
In,2018-09-09 17:48:00,28.0,False,nan,3753720.0
In,2018-09-09 17:48:00,29.0,False,nan,3753720.0
In,2018-09-09 17:49:00,29.0,False,nan,3753780.0
In,2018-09-09 17:49:00,28.0,False,nan,3753780.0
In,2018-09-09 17:49:00,29.0,False,nan,3753780.0
In,2018-09-09 17:49:00,29.0,False,nan,3753780.0
In,2018-09-09 17:49:00,28.0,False,nan,3753780.0
In,2018-09-09 17:49:00,28.0,False,nan,3753780.0
In,2018-09-09 17:49:00,29.0,False,nan,3753780.0
In,2018-09-09 17:49:00,28.0,False,nan,3753780.0
In,2018-09-09 17:49:00,29.0,False,nan,3753780.0
In,2018-09-09 17:49:00,29.0,False,nan,3753780.0
In,2018-09-09 17:49:00,28.0,False,nan,3753780.0
In,2018-09-09 17:50:00,29.0,False,nan,3753840.0
In,2018-09-09 17:51:00,29.0,False,nan,3753900.0
In,2018-09-09 17:51:00,29.0,False,nan,3753900.0
In,2018-09-09 17:53:00,29.0,False,nan,3754020.0
In,2018-09-09 17:53:00,29.0,False,nan,3754020.0
In,2018-09-09 17:53:00,29.0,False,nan,3754020.0
In,2018-09-09 17:54:00,29.0,False,nan,3754080.0
In,2018-09-09 17:54:00,29.0,False,nan,3754080.0
In,2018-09-09 17:54:00,28.0,False,nan,3754080.0
In,2018-09-09 17:54:00,29.0,False,nan,3754080.0
In,2018-09-09 17:56:00,29.0,False,nan,3754200.0
In,2018-09-09 17:56:00,29.0,False,nan,3754200.0
In,2018-09-09 17:56:00,29.0,False,nan,3754200.0
In,2018-09-09 17:56:00,29.0,False,nan,3754200.0
In,2018-09-09 17:56:00,28.0,False,nan,3754200.0
In,2018-09-09 17:56:00,29.0,False,nan,3754200.0
In,2018-09-09 17:56:00,29.0,False,nan,3754200.0
In,2018-09-09 17:56:00,28.0,False,nan,3754200.0
In,2018-09-09 17:57:00,29.0,False,nan,3754260.0
In,2018-09-09 17:57:00,29.0,False,nan,3754260.0
In,2018-09-09 17:57:00,28.0,False,nan,3754260.0
In,2018-09-09 17:57:00,29.0,False,nan,3754260.0
In,2018-09-09 17:57:00,29.0,False,nan,3754260.0
In,2018-09-09 17:57:00,28.0,False,nan,3754260.0
In,2018-09-09 17:57:00,29.0,False,nan,3754260.0
In,2018-09-09 17:57:00,28.0,False,nan,3754260.0
In,2018-09-09 17:57:00,28.0,False,nan,3754260.0
In,2018-09-09 17:57:00,29.0,False,nan,3754260.0
In,2018-09-09 17:57:00,28.0,False,nan,3754260.0
In,2018-09-09 17:57:00,29.0,False,nan,3754260.0
In,2018-09-09 17:57:00,29.0,False,nan,3754260.0
In,2018-09-09 17:57:00,29.0,False,nan,3754260.0
In,2018-09-09 17:57:00,28.0,False,nan,3754260.0
In,2018-09-09 17:58:00,29.0,False,nan,3754320.0
In,2018-09-09 17:58:00,28.0,False,nan,3754320.0
In,2018-09-09 17:58:00,29.0,False,nan,3754320.0
In,2018-09-09 17:58:00,28.0,False,nan,3754320.0
In,2018-09-09 17:58:00,28.0,False,nan,3754320.0
In,2018-09-09 17:58:00,29.0,False,nan,3754320.0
In,2018-09-09 18:01:00,29.0,False,nan,3754500.0
In,2018-09-09 18:01:00,28.0,False,nan,3754500.0
In,2018-09-09 18:02:00,28.0,False,nan,3754560.0
In,2018-09-09 18:02:00,29.0,False,nan,3754560.0
In,2018-09-09 18:06:00,28.0,False,nan,3754800.0
In,2018-09-09 18:06:00,29.0,False,nan,3754800.0
In,2018-09-09 18:09:00,29.0,False,nan,3754980.0
In,2018-09-09 18:09:00,29.0,False,nan,3754980.0
In,2018-09-09 18:09:00,28.0,False,nan,3754980.0
In,2018-09-09 18:10:00,28.0,False,nan,3755040.0
In,2018-09-09 18:10:00,29.0,False,nan,3755040.0
In,2018-09-09 18:10:00,29.0,False,nan,3755040.0
In,2018-09-09 18:10:00,28.0,False,nan,3755040.0
In,2018-09-09 18:10:00,29.0,False,nan,3755040.0
In,2018-09-09 18:10:00,28.0,False,nan,3755040.0
In,2018-09-09 18:10:00,28.0,False,nan,3755040.0
In,2018-09-09 18:10:00,28.0,False,nan,3755040.0
In,2018-09-09 18:10:00,28.0,False,nan,3755040.0
In,2018-09-09 18:10:00,28.0,False,nan,3755040.0
In,2018-09-09 18:10:00,28.0,False,nan,3755040.0
In,2018-09-09 18:10:00,29.0,False,nan,3755040.0
In,2018-09-09 18:10:00,28.0,False,nan,3755040.0
In,2018-09-09 18:10:00,29.0,False,nan,3755040.0
In,2018-09-09 18:10:00,28.0,False,nan,3755040.0
In,2018-09-09 18:10:00,29.0,False,nan,3755040.0
In,2018-09-09 18:11:00,28.0,False,nan,3755100.0
In,2018-09-09 18:11:00,29.0,False,nan,3755100.0
In,2018-09-09 18:11:00,29.0,False,nan,3755100.0
In,2018-09-09 18:11:00,28.0,False,nan,3755100.0
In,2018-09-09 18:11:00,28.0,False,nan,3755100.0
In,2018-09-09 18:11:00,28.0,False,nan,3755100.0
In,2018-09-09 18:11:00,28.0,False,nan,3755100.0
In,2018-09-09 18:11:00,29.0,False,nan,3755100.0
In,2018-09-09 18:11:00,29.0,False,nan,3755100.0
In,2018-09-09 18:11:00,28.0,False,nan,3755100.0
In,2018-09-09 18:11:00,29.0,False,nan,3755100.0
In,2018-09-09 18:11:00,29.0,False,nan,3755100.0
In,2018-09-09 18:12:00,29.0,False,nan,3755160.0
In,2018-09-09 18:12:00,28.0,False,nan,3755160.0
In,2018-09-09 18:12:00,29.0,False,nan,3755160.0
In,2018-09-09 18:12:00,29.0,False,nan,3755160.0
In,2018-09-09 18:12:00,28.0,False,nan,3755160.0
In,2018-09-09 18:14:00,29.0,False,nan,3755280.0
In,2018-09-09 18:17:00,28.0,False,nan,3755460.0
In,2018-09-09 18:17:00,29.0,False,nan,3755460.0
In,2018-09-09 18:24:00,29.0,False,nan,3755880.0
In,2018-09-09 18:28:00,29.0,False,nan,3756120.0
In,2018-09-09 18:28:00,29.0,False,nan,3756120.0
In,2018-09-09 18:28:00,28.0,False,nan,3756120.0
In,2018-09-09 18:28:00,29.0,False,nan,3756120.0
In,2018-09-09 18:28:00,28.0,False,nan,3756120.0
In,2018-09-09 18:28:00,28.0,False,nan,3756120.0
In,2018-09-09 18:28:00,29.0,False,nan,3756120.0
In,2018-09-09 18:28:00,28.0,False,nan,3756120.0
In,2018-09-09 18:28:00,28.0,False,nan,3756120.0
In,2018-09-09 18:28:00,29.0,False,nan,3756120.0
In,2018-09-09 18:28:00,28.0,False,nan,3756120.0
In,2018-09-09 18:28:00,28.0,False,nan,3756120.0
In,2018-09-09 18:28:00,29.0,False,nan,3756120.0
In,2018-09-09 18:28:00,28.0,False,nan,3756120.0
In,2018-09-09 18:28:00,29.0,False,nan,3756120.0
In,2018-09-09 18:29:00,29.0,False,nan,3756180.0
In,2018-09-09 18:29:00,28.0,False,nan,3756180.0
In,2018-09-09 18:29:00,28.0,False,nan,3756180.0
In,2018-09-09 18:29:00,29.0,False,nan,3756180.0
In,2018-09-09 18:29:00,28.0,False,nan,3756180.0
In,2018-09-09 18:29:00,29.0,False,nan,3756180.0
In,2018-09-09 18:29:00,28.0,False,nan,3756180.0
In,2018-09-09 18:29:00,29.0,False,nan,3756180.0
In,2018-09-09 18:29:00,29.0,False,nan,3756180.0
In,2018-09-09 18:29:00,29.0,False,nan,3756180.0
In,2018-09-09 18:29:00,29.0,False,nan,3756180.0
In,2018-09-09 18:29:00,29.0,False,nan,3756180.0
In,2018-09-09 18:29:00,28.0,False,nan,3756180.0
In,2018-09-09 18:29:00,28.0,False,nan,3756180.0
In,2018-09-09 18:30:00,28.0,False,nan,3756240.0
In,2018-09-09 18:30:00,28.0,False,nan,3756240.0
In,2018-09-09 18:30:00,29.0,False,nan,3756240.0
In,2018-09-09 18:31:00,28.0,False,nan,3756300.0
In,2018-09-09 18:31:00,29.0,False,nan,3756300.0
In,2018-09-09 18:31:00,29.0,False,nan,3756300.0
In,2018-09-09 18:32:00,29.0,False,nan,3756360.0
In,2018-09-09 18:32:00,28.0,False,nan,3756360.0
In,2018-09-09 18:32:00,29.0,False,nan,3756360.0
In,2018-09-09 18:32:00,28.0,False,nan,3756360.0
In,2018-09-09 18:33:00,28.0,False,nan,3756420.0
In,2018-09-09 18:33:00,29.0,False,nan,3756420.0
In,2018-09-09 18:33:00,28.0,False,nan,3756420.0
In,2018-09-09 18:33:00,28.0,False,nan,3756420.0
In,2018-09-09 18:33:00,29.0,False,nan,3756420.0
In,2018-09-09 18:33:00,29.0,False,nan,3756420.0
In,2018-09-09 18:35:00,28.0,False,nan,3756540.0
In,2018-09-09 18:37:00,28.0,False,nan,3756660.0
In,2018-09-09 18:37:00,28.0,False,nan,3756660.0
In,2018-09-09 18:38:00,28.0,False,nan,3756720.0
In,2018-09-09 18:38:00,28.0,False,nan,3756720.0
In,2018-09-09 18:38:00,28.0,False,nan,3756720.0
In,2018-09-09 18:38:00,28.0,False,nan,3756720.0
In,2018-09-09 18:38:00,28.0,False,nan,3756720.0
In,2018-09-09 18:38:00,28.0,False,nan,3756720.0
In,2018-09-09 18:38:00,28.0,False,nan,3756720.0
In,2018-09-09 18:38:00,28.0,False,nan,3756720.0
In,2018-09-09 18:38:00,28.0,False,nan,3756720.0
In,2018-09-09 18:38:00,28.0,False,nan,3756720.0
In,2018-09-09 18:38:00,28.0,False,nan,3756720.0
In,2018-09-09 18:38:00,28.0,False,nan,3756720.0
In,2018-09-09 18:38:00,29.0,False,nan,3756720.0
In,2018-09-09 18:38:00,28.0,False,nan,3756720.0
In,2018-09-09 18:39:00,28.0,False,nan,3756780.0
In,2018-09-09 18:39:00,28.0,False,nan,3756780.0
In,2018-09-09 18:39:00,28.0,False,nan,3756780.0
In,2018-09-09 18:39:00,28.0,False,nan,3756780.0
In,2018-09-09 18:39:00,28.0,False,nan,3756780.0
In,2018-09-09 18:39:00,28.0,False,nan,3756780.0
In,2018-09-09 18:39:00,28.0,False,nan,3756780.0
In,2018-09-09 18:39:00,28.0,False,nan,3756780.0
In,2018-09-09 18:39:00,28.0,False,nan,3756780.0
In,2018-09-09 18:40:00,28.0,False,nan,3756840.0
In,2018-09-09 18:40:00,28.0,False,nan,3756840.0
In,2018-09-09 18:40:00,28.0,False,nan,3756840.0
In,2018-09-09 18:40:00,28.0,False,nan,3756840.0
In,2018-09-09 18:40:00,28.0,False,nan,3756840.0
In,2018-09-09 18:40:00,28.0,False,nan,3756840.0
In,2018-09-09 18:41:00,28.0,False,nan,3756900.0
In,2018-09-09 18:41:00,28.0,False,nan,3756900.0
In,2018-09-09 18:41:00,28.0,False,nan,3756900.0
In,2018-09-09 18:42:00,28.0,False,nan,3756960.0
In,2018-09-09 18:42:00,29.0,False,nan,3756960.0
In,2018-09-09 18:43:00,28.0,False,nan,3757020.0
In,2018-09-09 18:43:00,29.0,False,nan,3757020.0
In,2018-09-09 18:43:00,28.0,False,nan,3757020.0
In,2018-09-09 18:43:00,29.0,False,nan,3757020.0
In,2018-09-09 18:43:00,28.0,False,nan,3757020.0
In,2018-09-09 18:43:00,28.0,False,nan,3757020.0
In,2018-09-09 18:43:00,29.0,False,nan,3757020.0
In,2018-09-09 18:43:00,29.0,False,nan,3757020.0
In,2018-09-09 18:43:00,29.0,False,nan,3757020.0
In,2018-09-09 18:44:00,29.0,False,nan,3757080.0
In,2018-09-09 18:44:00,29.0,False,nan,3757080.0
In,2018-09-09 18:44:00,29.0,False,nan,3757080.0
In,2018-09-09 18:44:00,29.0,False,nan,3757080.0
In,2018-09-09 18:44:00,29.0,False,nan,3757080.0
In,2018-09-09 18:44:00,28.0,False,nan,3757080.0
In,2018-09-09 18:44:00,28.0,False,nan,3757080.0
In,2018-09-09 18:44:00,28.0,False,nan,3757080.0
In,2018-09-09 18:45:00,29.0,False,nan,3757140.0
In,2018-09-09 18:50:00,28.0,False,nan,3757440.0
In,2018-09-09 18:50:00,29.0,False,nan,3757440.0
In,2018-09-09 18:51:00,29.0,False,nan,3757500.0
In,2018-09-09 18:51:00,29.0,False,nan,3757500.0
In,2018-09-09 18:51:00,29.0,False,nan,3757500.0
In,2018-09-09 18:51:00,29.0,False,nan,3757500.0
In,2018-09-09 18:51:00,29.0,False,nan,3757500.0
In,2018-09-09 18:52:00,29.0,False,nan,3757560.0
In,2018-09-09 18:52:00,28.0,False,nan,3757560.0
In,2018-09-09 18:53:00,29.0,False,nan,3757620.0
In,2018-09-09 18:53:00,28.0,False,nan,3757620.0
In,2018-09-09 18:53:00,28.0,False,nan,3757620.0
In,2018-09-09 18:53:00,29.0,False,nan,3757620.0
In,2018-09-09 18:53:00,28.0,False,nan,3757620.0
In,2018-09-09 19:17:00,28.0,False,nan,3759060.0
In,2018-09-09 19:17:00,27.0,False,nan,3759060.0
In,2018-09-09 19:17:00,28.0,False,nan,3759060.0
In,2018-09-09 19:17:00,27.0,False,nan,3759060.0
In,2018-09-09 19:18:00,27.0,False,nan,3759120.0
In,2018-09-09 19:18:00,28.0,False,nan,3759120.0
In,2018-09-09 19:19:00,28.0,False,nan,3759180.0
In,2018-09-09 19:19:00,28.0,False,nan,3759180.0
In,2018-09-09 19:19:00,28.0,False,nan,3759180.0
In,2018-09-09 19:19:00,28.0,False,nan,3759180.0
In,2018-09-09 19:19:00,28.0,False,nan,3759180.0
In,2018-09-09 19:21:00,28.0,False,nan,3759300.0
In,2018-09-09 19:21:00,27.0,False,nan,3759300.0
In,2018-09-09 19:23:00,28.0,False,nan,3759420.0
In,2018-09-09 19:23:00,27.0,False,nan,3759420.0
In,2018-09-10 08:27:00,31.0,False,nan,3806460.0
In,2018-09-10 08:27:00,31.0,False,nan,3806460.0
In,2018-09-10 08:27:00,31.0,False,nan,3806460.0
In,2018-09-10 08:27:00,31.0,False,nan,3806460.0
In,2018-09-10 08:28:00,31.0,False,nan,3806520.0
In,2018-09-10 08:28:00,31.0,False,nan,3806520.0
In,2018-09-10 08:28:00,31.0,False,nan,3806520.0
In,2018-09-10 08:29:00,31.0,False,nan,3806580.0
In,2018-09-10 08:29:00,31.0,False,nan,3806580.0
In,2018-09-10 08:29:00,31.0,False,nan,3806580.0
In,2018-09-10 08:29:00,31.0,False,nan,3806580.0
In,2018-09-10 08:29:00,31.0,False,nan,3806580.0
In,2018-09-10 08:29:00,31.0,False,nan,3806580.0
In,2018-09-10 08:30:00,31.0,False,nan,3806640.0
In,2018-09-10 08:30:00,32.0,False,nan,3806640.0
In,2018-09-10 08:31:00,31.0,False,nan,3806700.0
In,2018-09-10 08:31:00,31.0,False,nan,3806700.0
In,2018-09-10 08:32:00,31.0,False,nan,3806760.0
In,2018-09-10 08:32:00,31.0,False,nan,3806760.0
In,2018-09-10 08:32:00,31.0,False,nan,3806760.0
In,2018-09-10 08:32:00,31.0,False,nan,3806760.0
In,2018-09-10 08:33:00,31.0,False,nan,3806820.0
In,2018-09-10 08:33:00,31.0,False,nan,3806820.0
In,2018-09-10 08:33:00,31.0,False,nan,3806820.0
In,2018-09-10 08:33:00,31.0,False,nan,3806820.0
In,2018-09-10 08:33:00,31.0,False,nan,3806820.0
In,2018-09-10 08:33:00,31.0,False,nan,3806820.0
In,2018-09-10 08:33:00,31.0,False,nan,3806820.0
In,2018-09-10 08:34:00,31.0,False,nan,3806880.0
In,2018-09-10 08:34:00,31.0,False,nan,3806880.0
In,2018-09-10 08:34:00,31.0,False,nan,3806880.0
In,2018-09-10 08:34:00,31.0,False,nan,3806880.0
In,2018-09-10 08:34:00,31.0,False,nan,3806880.0
In,2018-09-10 08:35:00,31.0,False,nan,3806940.0
In,2018-09-10 08:35:00,31.0,False,nan,3806940.0
In,2018-09-10 08:35:00,31.0,False,nan,3806940.0
In,2018-09-10 08:35:00,31.0,False,nan,3806940.0
In,2018-09-10 08:36:00,31.0,False,nan,3807000.0
In,2018-09-10 08:36:00,31.0,False,nan,3807000.0
In,2018-09-10 08:36:00,31.0,False,nan,3807000.0
In,2018-09-10 08:36:00,31.0,False,nan,3807000.0
In,2018-09-10 08:36:00,31.0,False,nan,3807000.0
In,2018-09-10 08:36:00,31.0,False,nan,3807000.0
In,2018-09-10 08:37:00,31.0,False,nan,3807060.0
In,2018-09-10 08:37:00,31.0,False,nan,3807060.0
In,2018-09-10 08:37:00,31.0,False,nan,3807060.0
In,2018-09-10 08:37:00,31.0,False,nan,3807060.0
In,2018-09-10 08:37:00,31.0,False,nan,3807060.0
In,2018-09-10 08:38:00,31.0,False,nan,3807120.0
In,2018-09-10 08:38:00,31.0,False,nan,3807120.0
In,2018-09-10 08:41:00,31.0,True,flatline,3807300.0
In,2018-09-10 08:41:00,31.0,False,nan,3807300.0
In,2018-09-10 08:41:00,31.0,False,nan,3807300.0
In,2018-09-10 08:41:00,31.0,False,nan,3807300.0
In,2018-09-10 08:41:00,31.0,True,flatline,3807300.0
In,2018-09-10 08:41:00,31.0,True,flatline,3807300.0
In,2018-09-10 08:41:00,31.0,True,flatline,3807300.0
In,2018-09-10 08:41:00,31.0,True,flatline,3807300.0
In,2018-09-10 08:42:00,31.0,True,flatline,3807360.0
In,2018-09-10 08:42:00,31.0,True,flatline,3807360.0
In,2018-09-10 08:43:00,31.0,True,flatline,3807420.0
In,2018-09-10 08:44:00,31.0,True,flatline,3807480.0
In,2018-09-10 08:44:00,31.0,True,flatline,3807480.0
In,2018-09-10 08:44:00,31.0,True,flatline,3807480.0
In,2018-09-10 08:44:00,31.0,True,flatline,3807480.0
In,2018-09-10 08:44:00,31.0,True,flatline,3807480.0
In,2018-09-10 08:44:00,31.0,True,flatline,3807480.0
In,2018-09-10 08:44:00,31.0,True,flatline,3807480.0
In,2018-09-10 08:44:00,31.0,True,flatline,3807480.0
In,2018-09-10 08:45:00,31.0,True,flatline,3807540.0
In,2018-09-10 08:45:00,31.0,True,flatline,3807540.0
In,2018-09-10 08:45:00,31.0,True,flatline,3807540.0
In,2018-09-10 08:46:00,31.0,True,flatline,3807600.0
In,2018-09-10 08:46:00,31.0,True,flatline,3807600.0
In,2018-09-10 08:47:00,31.0,True,flatline,3807660.0
In,2018-09-10 08:47:00,31.0,True,flatline,3807660.0
In,2018-09-10 08:47:00,31.0,True,flatline,3807660.0
In,2018-09-10 08:47:00,31.0,True,flatline,3807660.0
In,2018-09-10 08:47:00,31.0,True,flatline,3807660.0
In,2018-09-10 08:48:00,31.0,False,nan,3807720.0
In,2018-09-10 08:48:00,31.0,True,flatline,3807720.0
In,2018-09-10 08:48:00,31.0,True,flatline,3807720.0
In,2018-09-10 08:48:00,31.0,False,nan,3807720.0
In,2018-09-10 08:48:00,31.0,False,nan,3807720.0
In,2018-09-10 08:48:00,31.0,False,nan,3807720.0
In,2018-09-10 08:48:00,32.0,False,nan,3807720.0
In,2018-09-10 08:49:00,31.0,False,nan,3807780.0
In,2018-09-10 08:49:00,31.0,False,nan,3807780.0
In,2018-09-10 08:49:00,31.0,False,nan,3807780.0
In,2018-09-10 08:49:00,31.0,False,nan,3807780.0
In,2018-09-10 08:49:00,31.0,False,nan,3807780.0
In,2018-09-10 08:49:00,31.0,False,nan,3807780.0
In,2018-09-10 08:49:00,31.0,False,nan,3807780.0
In,2018-09-10 08:49:00,31.0,False,nan,3807780.0
In,2018-09-10 08:50:00,31.0,False,nan,3807840.0
In,2018-09-10 08:51:00,31.0,False,nan,3807900.0
In,2018-09-10 08:51:00,31.0,False,nan,3807900.0
In,2018-09-10 08:51:00,31.0,False,nan,3807900.0
In,2018-09-10 08:51:00,31.0,False,nan,3807900.0
In,2018-09-10 08:51:00,32.0,False,nan,3807900.0
In,2018-09-10 08:51:00,31.0,False,nan,3807900.0
In,2018-09-10 08:51:00,32.0,False,nan,3807900.0
In,2018-09-10 08:51:00,31.0,False,nan,3807900.0
In,2018-09-10 08:51:00,31.0,False,nan,3807900.0
In,2018-09-10 08:51:00,31.0,False,nan,3807900.0
In,2018-09-10 08:52:00,32.0,False,nan,3807960.0
In,2018-09-10 08:52:00,31.0,False,nan,3807960.0
In,2018-09-10 08:52:00,32.0,False,nan,3807960.0
In,2018-09-10 08:52:00,32.0,False,nan,3807960.0
In,2018-09-10 08:52:00,32.0,False,nan,3807960.0
In,2018-09-10 08:52:00,32.0,False,nan,3807960.0
In,2018-09-10 08:52:00,31.0,False,nan,3807960.0
In,2018-09-10 08:52:00,31.0,False,nan,3807960.0
In,2018-09-10 08:52:00,31.0,False,nan,3807960.0
In,2018-09-10 08:52:00,31.0,False,nan,3807960.0
In,2018-09-10 08:53:00,31.0,False,nan,3808020.0
In,2018-09-10 08:53:00,32.0,False,nan,3808020.0
In,2018-09-10 08:53:00,32.0,False,nan,3808020.0
In,2018-09-10 08:53:00,31.0,False,nan,3808020.0
In,2018-09-10 08:53:00,32.0,False,nan,3808020.0
In,2018-09-10 08:53:00,32.0,False,nan,3808020.0
In,2018-09-10 08:53:00,31.0,False,nan,3808020.0
In,2018-09-10 08:53:00,32.0,False,nan,3808020.0
In,2018-09-10 08:53:00,32.0,False,nan,3808020.0
In,2018-09-10 08:53:00,32.0,False,nan,3808020.0
In,2018-09-10 08:53:00,31.0,False,nan,3808020.0
In,2018-09-10 08:53:00,31.0,False,nan,3808020.0
In,2018-09-10 08:53:00,32.0,False,nan,3808020.0
In,2018-09-10 08:53:00,31.0,False,nan,3808020.0
In,2018-09-10 08:53:00,32.0,False,nan,3808020.0
In,2018-09-10 08:53:00,31.0,False,nan,3808020.0
In,2018-09-10 08:54:00,32.0,False,nan,3808080.0
In,2018-09-10 08:54:00,31.0,False,nan,3808080.0
In,2018-09-10 08:54:00,32.0,False,nan,3808080.0
In,2018-09-10 08:54:00,31.0,False,nan,3808080.0
In,2018-09-10 08:54:00,32.0,False,nan,3808080.0
In,2018-09-10 08:54:00,32.0,False,nan,3808080.0
In,2018-09-10 08:54:00,31.0,False,nan,3808080.0
In,2018-09-10 08:54:00,32.0,False,nan,3808080.0
In,2018-09-10 08:54:00,31.0,False,nan,3808080.0
In,2018-09-10 08:55:00,31.0,False,nan,3808140.0
In,2018-09-10 08:55:00,31.0,False,nan,3808140.0
In,2018-09-10 08:55:00,32.0,False,nan,3808140.0
In,2018-09-10 08:55:00,31.0,False,nan,3808140.0
In,2018-09-10 08:55:00,32.0,False,nan,3808140.0
In,2018-09-10 08:55:00,32.0,False,nan,3808140.0
In,2018-09-10 08:55:00,31.0,False,nan,3808140.0
In,2018-09-10 08:55:00,32.0,False,nan,3808140.0
In,2018-09-10 08:56:00,32.0,False,nan,3808200.0
In,2018-09-10 08:56:00,31.0,False,nan,3808200.0
In,2018-09-10 08:57:00,32.0,False,nan,3808260.0
In,2018-09-10 08:57:00,32.0,False,nan,3808260.0
In,2018-09-10 08:57:00,32.0,False,nan,3808260.0
In,2018-09-10 08:57:00,31.0,False,nan,3808260.0
In,2018-09-10 08:58:00,32.0,False,nan,3808320.0
In,2018-09-10 08:58:00,31.0,False,nan,3808320.0
In,2018-09-10 08:58:00,32.0,False,nan,3808320.0
In,2018-09-10 08:59:00,31.0,False,nan,3808380.0
In,2018-09-10 08:59:00,32.0,False,nan,3808380.0
In,2018-09-10 08:59:00,32.0,False,nan,3808380.0
In,2018-09-10 08:59:00,31.0,False,nan,3808380.0
In,2018-09-10 08:59:00,32.0,False,nan,3808380.0
In,2018-09-10 08:59:00,31.0,False,nan,3808380.0
In,2018-09-10 08:59:00,32.0,False,nan,3808380.0
In,2018-09-10 08:59:00,31.0,False,nan,3808380.0
In,2018-09-10 09:00:00,32.0,False,nan,3808440.0
In,2018-09-10 09:00:00,31.0,False,nan,3808440.0
In,2018-09-10 09:00:00,32.0,False,nan,3808440.0
In,2018-09-10 09:00:00,32.0,False,nan,3808440.0
In,2018-09-10 09:00:00,31.0,False,nan,3808440.0
In,2018-09-10 09:00:00,32.0,False,nan,3808440.0
In,2018-09-10 09:00:00,32.0,False,nan,3808440.0
In,2018-09-10 09:00:00,31.0,False,nan,3808440.0
In,2018-09-10 09:00:00,31.0,False,nan,3808440.0
In,2018-09-10 09:00:00,31.0,False,nan,3808440.0
In,2018-09-10 09:01:00,31.0,False,nan,3808500.0
In,2018-09-10 09:01:00,31.0,False,nan,3808500.0
In,2018-09-10 09:01:00,31.0,False,nan,3808500.0
In,2018-09-10 09:01:00,31.0,False,nan,3808500.0
In,2018-09-10 09:01:00,32.0,False,nan,3808500.0
In,2018-09-10 09:01:00,31.0,False,nan,3808500.0
In,2018-09-10 09:01:00,31.0,False,nan,3808500.0
In,2018-09-10 09:01:00,32.0,False,nan,3808500.0
In,2018-09-10 09:01:00,32.0,False,nan,3808500.0
In,2018-09-10 09:01:00,32.0,False,nan,3808500.0
In,2018-09-10 09:01:00,32.0,False,nan,3808500.0
In,2018-09-10 09:01:00,31.0,False,nan,3808500.0
In,2018-09-10 09:01:00,31.0,False,nan,3808500.0
In,2018-09-10 09:01:00,31.0,False,nan,3808500.0
In,2018-09-10 09:01:00,32.0,False,nan,3808500.0
In,2018-09-10 09:01:00,32.0,False,nan,3808500.0
In,2018-09-10 09:01:00,31.0,False,nan,3808500.0
In,2018-09-10 09:01:00,32.0,False,nan,3808500.0
In,2018-09-10 09:01:00,31.0,False,nan,3808500.0
In,2018-09-10 09:01:00,32.0,False,nan,3808500.0
In,2018-09-10 09:01:00,31.0,False,nan,3808500.0
In,2018-09-10 09:02:00,32.0,False,nan,3808560.0
In,2018-09-10 09:02:00,32.0,False,nan,3808560.0
In,2018-09-10 09:02:00,31.0,False,nan,3808560.0
In,2018-09-10 09:02:00,32.0,False,nan,3808560.0
In,2018-09-10 09:02:00,32.0,False,nan,3808560.0
In,2018-09-10 09:02:00,32.0,False,nan,3808560.0
In,2018-09-10 09:02:00,31.0,False,nan,3808560.0
In,2018-09-10 09:02:00,32.0,False,nan,3808560.0
In,2018-09-10 09:02:00,31.0,False,nan,3808560.0
In,2018-09-10 09:02:00,32.0,False,nan,3808560.0
In,2018-09-10 09:02:00,31.0,False,nan,3808560.0
In,2018-09-10 09:02:00,31.0,False,nan,3808560.0
In,2018-09-10 09:02:00,32.0,False,nan,3808560.0
In,2018-09-10 09:02:00,32.0,False,nan,3808560.0
In,2018-09-10 09:03:00,32.0,False,nan,3808620.0
In,2018-09-10 09:03:00,31.0,False,nan,3808620.0
In,2018-09-10 09:03:00,32.0,False,nan,3808620.0
In,2018-09-10 09:03:00,32.0,False,nan,3808620.0
In,2018-09-10 09:03:00,31.0,False,nan,3808620.0
In,2018-09-10 09:03:00,31.0,False,nan,3808620.0
In,2018-09-10 09:03:00,32.0,False,nan,3808620.0
In,2018-09-10 09:03:00,31.0,False,nan,3808620.0
In,2018-09-10 09:03:00,32.0,False,nan,3808620.0
In,2018-09-10 09:03:00,31.0,False,nan,3808620.0
In,2018-09-10 09:03:00,31.0,False,nan,3808620.0
In,2018-09-10 09:03:00,32.0,False,nan,3808620.0
In,2018-09-10 09:03:00,31.0,False,nan,3808620.0
In,2018-09-10 09:03:00,32.0,False,nan,3808620.0
In,2018-09-10 09:04:00,31.0,False,nan,3808680.0
In,2018-09-10 09:04:00,31.0,False,nan,3808680.0
In,2018-09-10 09:04:00,31.0,False,nan,3808680.0
In,2018-09-10 09:04:00,32.0,False,nan,3808680.0
In,2018-09-10 09:04:00,31.0,False,nan,3808680.0
In,2018-09-10 09:04:00,31.0,False,nan,3808680.0
In,2018-09-10 09:04:00,32.0,False,nan,3808680.0
In,2018-09-10 09:05:00,32.0,False,nan,3808740.0
In,2018-09-10 09:05:00,31.0,False,nan,3808740.0
In,2018-09-10 09:05:00,31.0,False,nan,3808740.0
In,2018-09-10 09:05:00,32.0,False,nan,3808740.0
In,2018-09-10 09:05:00,31.0,False,nan,3808740.0
In,2018-09-10 09:05:00,32.0,False,nan,3808740.0
In,2018-09-10 09:06:00,31.0,False,nan,3808800.0
In,2018-09-10 09:06:00,32.0,False,nan,3808800.0
In,2018-09-10 09:06:00,32.0,False,nan,3808800.0
In,2018-09-10 09:06:00,31.0,False,nan,3808800.0
In,2018-09-10 09:06:00,31.0,False,nan,3808800.0
In,2018-09-10 09:06:00,32.0,False,nan,3808800.0
In,2018-09-10 09:06:00,32.0,False,nan,3808800.0
In,2018-09-10 09:06:00,31.0,False,nan,3808800.0
In,2018-09-10 09:06:00,32.0,False,nan,3808800.0
In,2018-09-10 09:07:00,32.0,False,nan,3808860.0
In,2018-09-10 09:07:00,31.0,False,nan,3808860.0
In,2018-09-10 09:07:00,31.0,False,nan,3808860.0
In,2018-09-10 09:07:00,31.0,False,nan,3808860.0
In,2018-09-10 09:07:00,32.0,False,nan,3808860.0
In,2018-09-10 09:07:00,32.0,False,nan,3808860.0
In,2018-09-10 09:07:00,31.0,False,nan,3808860.0
In,2018-09-10 09:07:00,32.0,False,nan,3808860.0
In,2018-09-10 09:07:00,31.0,False,nan,3808860.0
In,2018-09-10 09:07:00,32.0,False,nan,3808860.0
In,2018-09-10 09:08:00,32.0,False,nan,3808920.0
In,2018-09-10 09:08:00,32.0,False,nan,3808920.0
In,2018-09-10 09:08:00,31.0,False,nan,3808920.0
In,2018-09-10 09:08:00,31.0,False,nan,3808920.0
In,2018-09-10 09:08:00,32.0,False,nan,3808920.0
In,2018-09-10 09:08:00,31.0,False,nan,3808920.0
In,2018-09-10 09:08:00,32.0,False,nan,3808920.0
In,2018-09-10 09:08:00,31.0,False,nan,3808920.0
In,2018-09-10 09:08:00,32.0,False,nan,3808920.0
In,2018-09-10 09:08:00,32.0,False,nan,3808920.0
In,2018-09-10 09:08:00,32.0,False,nan,3808920.0
In,2018-09-10 09:08:00,31.0,False,nan,3808920.0
In,2018-09-10 09:08:00,31.0,False,nan,3808920.0
In,2018-09-10 09:08:00,32.0,False,nan,3808920.0
In,2018-09-10 09:08:00,31.0,False,nan,3808920.0
In,2018-09-10 09:09:00,32.0,False,nan,3808980.0
In,2018-09-10 09:09:00,31.0,False,nan,3808980.0
In,2018-09-10 09:09:00,31.0,False,nan,3808980.0
In,2018-09-10 09:09:00,32.0,False,nan,3808980.0
In,2018-09-10 09:09:00,31.0,False,nan,3808980.0
In,2018-09-10 09:09:00,32.0,False,nan,3808980.0
In,2018-09-10 09:09:00,31.0,False,nan,3808980.0
In,2018-09-10 09:09:00,31.0,False,nan,3808980.0
In,2018-09-10 09:09:00,32.0,False,nan,3808980.0
In,2018-09-10 09:09:00,31.0,False,nan,3808980.0
In,2018-09-10 09:09:00,32.0,False,nan,3808980.0
In,2018-09-10 09:10:00,31.0,False,nan,3809040.0
In,2018-09-10 09:10:00,31.0,False,nan,3809040.0
In,2018-09-10 09:10:00,32.0,False,nan,3809040.0
In,2018-09-10 09:10:00,31.0,False,nan,3809040.0
In,2018-09-10 09:10:00,32.0,False,nan,3809040.0
In,2018-09-10 09:10:00,31.0,False,nan,3809040.0
In,2018-09-10 09:10:00,32.0,False,nan,3809040.0
In,2018-09-10 09:10:00,32.0,False,nan,3809040.0
In,2018-09-10 09:10:00,32.0,False,nan,3809040.0
In,2018-09-10 09:10:00,31.0,False,nan,3809040.0
In,2018-09-10 09:10:00,32.0,False,nan,3809040.0
In,2018-09-10 09:10:00,32.0,False,nan,3809040.0
In,2018-09-10 09:10:00,31.0,False,nan,3809040.0
In,2018-09-10 09:10:00,32.0,False,nan,3809040.0
In,2018-09-10 09:10:00,31.0,False,nan,3809040.0
In,2018-09-10 09:11:00,32.0,False,nan,3809100.0
In,2018-09-10 09:11:00,31.0,False,nan,3809100.0
In,2018-09-10 09:11:00,31.0,False,nan,3809100.0
In,2018-09-10 09:11:00,32.0,False,nan,3809100.0
In,2018-09-10 09:11:00,31.0,False,nan,3809100.0
In,2018-09-10 09:11:00,31.0,False,nan,3809100.0
In,2018-09-10 09:11:00,32.0,False,nan,3809100.0
In,2018-09-10 09:11:00,31.0,False,nan,3809100.0
In,2018-09-10 09:11:00,32.0,False,nan,3809100.0
In,2018-09-10 09:11:00,32.0,False,nan,3809100.0
In,2018-09-10 09:11:00,31.0,False,nan,3809100.0
In,2018-09-10 09:11:00,32.0,False,nan,3809100.0
In,2018-09-10 09:11:00,31.0,False,nan,3809100.0
In,2018-09-10 09:11:00,32.0,False,nan,3809100.0
In,2018-09-10 09:11:00,31.0,False,nan,3809100.0
In,2018-09-10 09:12:00,32.0,False,nan,3809160.0
In,2018-09-10 09:12:00,31.0,False,nan,3809160.0
In,2018-09-10 09:12:00,31.0,False,nan,3809160.0
In,2018-09-10 09:12:00,31.0,False,nan,3809160.0
In,2018-09-10 09:12:00,31.0,False,nan,3809160.0
In,2018-09-10 09:12:00,32.0,False,nan,3809160.0
In,2018-09-10 09:12:00,32.0,False,nan,3809160.0
In,2018-09-10 09:12:00,31.0,False,nan,3809160.0
In,2018-09-10 09:12:00,31.0,False,nan,3809160.0
In,2018-09-10 09:12:00,31.0,False,nan,3809160.0
In,2018-09-10 09:12:00,32.0,False,nan,3809160.0
In,2018-09-10 09:12:00,31.0,False,nan,3809160.0
In,2018-09-10 09:12:00,31.0,False,nan,3809160.0
In,2018-09-10 09:12:00,31.0,False,nan,3809160.0
In,2018-09-10 09:12:00,32.0,False,nan,3809160.0
In,2018-09-10 09:12:00,31.0,False,nan,3809160.0
In,2018-09-10 09:12:00,32.0,False,nan,3809160.0
In,2018-09-10 09:12:00,31.0,False,nan,3809160.0
In,2018-09-10 09:12:00,32.0,False,nan,3809160.0
In,2018-09-10 09:12:00,31.0,False,nan,3809160.0
In,2018-09-10 09:12:00,31.0,False,nan,3809160.0
In,2018-09-10 09:12:00,31.0,False,nan,3809160.0
In,2018-09-10 09:13:00,31.0,False,nan,3809220.0
In,2018-09-10 09:13:00,32.0,False,nan,3809220.0
In,2018-09-10 09:13:00,31.0,False,nan,3809220.0
In,2018-09-10 09:13:00,31.0,False,nan,3809220.0
In,2018-09-10 09:13:00,31.0,False,nan,3809220.0
In,2018-09-10 09:13:00,32.0,False,nan,3809220.0
In,2018-09-10 09:13:00,31.0,False,nan,3809220.0
In,2018-09-10 09:13:00,31.0,False,nan,3809220.0
In,2018-09-10 09:13:00,32.0,False,nan,3809220.0
In,2018-09-10 09:13:00,32.0,False,nan,3809220.0
In,2018-09-10 09:13:00,32.0,False,nan,3809220.0
In,2018-09-10 09:13:00,31.0,False,nan,3809220.0
In,2018-09-10 09:13:00,31.0,False,nan,3809220.0
In,2018-09-10 09:13:00,31.0,False,nan,3809220.0
In,2018-09-10 09:13:00,31.0,False,nan,3809220.0
In,2018-09-10 09:13:00,31.0,False,nan,3809220.0
In,2018-09-10 09:15:00,32.0,False,nan,3809340.0
In,2018-09-10 09:15:00,31.0,False,nan,3809340.0
In,2018-09-10 09:15:00,32.0,False,nan,3809340.0
In,2018-09-10 09:15:00,31.0,False,nan,3809340.0
In,2018-09-10 09:16:00,32.0,False,nan,3809400.0
In,2018-09-10 09:16:00,31.0,False,nan,3809400.0
In,2018-09-10 09:19:00,31.0,False,nan,3809580.0
In,2018-09-10 09:19:00,32.0,False,nan,3809580.0
In,2018-09-10 09:21:00,32.0,False,nan,3809700.0
In,2018-09-10 09:21:00,31.0,False,nan,3809700.0
In,2018-09-10 09:23:00,32.0,False,nan,3809820.0
In,2018-09-10 09:23:00,31.0,False,nan,3809820.0
In,2018-09-10 09:23:00,32.0,False,nan,3809820.0
In,2018-09-10 09:23:00,31.0,False,nan,3809820.0
In,2018-09-10 09:23:00,31.0,False,nan,3809820.0
In,2018-09-10 09:23:00,32.0,False,nan,3809820.0
In,2018-09-10 09:24:00,32.0,False,nan,3809880.0
In,2018-09-10 09:24:00,32.0,False,nan,3809880.0
In,2018-09-10 09:24:00,31.0,False,nan,3809880.0
In,2018-09-10 09:25:00,32.0,False,nan,3809940.0
In,2018-09-10 09:25:00,31.0,False,nan,3809940.0
In,2018-09-10 09:25:00,31.0,False,nan,3809940.0
In,2018-09-10 09:25:00,32.0,False,nan,3809940.0
In,2018-09-10 09:25:00,31.0,False,nan,3809940.0
In,2018-09-10 09:26:00,31.0,False,nan,3810000.0
In,2018-09-10 09:26:00,31.0,False,nan,3810000.0
In,2018-09-10 09:26:00,31.0,False,nan,3810000.0
In,2018-09-10 09:26:00,31.0,False,nan,3810000.0
In,2018-09-10 09:27:00,31.0,False,nan,3810060.0
In,2018-09-10 09:27:00,31.0,False,nan,3810060.0
In,2018-09-10 09:27:00,31.0,False,nan,3810060.0
In,2018-09-10 09:27:00,32.0,False,nan,3810060.0
In,2018-09-10 09:27:00,31.0,False,nan,3810060.0
In,2018-09-10 09:27:00,31.0,False,nan,3810060.0
In,2018-09-10 09:27:00,31.0,False,nan,3810060.0
In,2018-09-10 09:27:00,31.0,False,nan,3810060.0
In,2018-09-10 09:28:00,31.0,False,nan,3810120.0
In,2018-09-10 09:28:00,31.0,False,nan,3810120.0
In,2018-09-10 09:29:00,32.0,False,nan,3810180.0
In,2018-09-10 09:32:00,31.0,False,nan,3810360.0
In,2018-09-10 09:32:00,31.0,False,nan,3810360.0
In,2018-09-10 09:32:00,31.0,False,nan,3810360.0
In,2018-09-10 09:32:00,31.0,False,nan,3810360.0
In,2018-09-10 09:32:00,31.0,False,nan,3810360.0
In,2018-09-10 09:32:00,31.0,False,nan,3810360.0
In,2018-09-10 09:32:00,31.0,False,nan,3810360.0
In,2018-09-10 09:32:00,31.0,False,nan,3810360.0
In,2018-09-10 09:32:00,31.0,False,nan,3810360.0
In,2018-09-10 09:32:00,31.0,False,nan,3810360.0
In,2018-09-10 09:33:00,31.0,False,nan,3810420.0
In,2018-09-10 09:33:00,31.0,False,nan,3810420.0
In,2018-09-10 09:33:00,31.0,False,nan,3810420.0
In,2018-09-10 09:33:00,31.0,False,nan,3810420.0
In,2018-09-10 09:33:00,31.0,False,nan,3810420.0
In,2018-09-10 09:33:00,31.0,False,nan,3810420.0
In,2018-09-10 09:33:00,31.0,False,nan,3810420.0
In,2018-09-10 09:33:00,31.0,False,nan,3810420.0
In,2018-09-10 09:33:00,31.0,False,nan,3810420.0
In,2018-09-10 09:34:00,31.0,False,nan,3810480.0
In,2018-09-10 09:34:00,31.0,False,nan,3810480.0
In,2018-09-10 09:36:00,32.0,False,nan,3810600.0
In,2018-09-10 09:36:00,31.0,False,nan,3810600.0
In,2018-09-10 09:36:00,31.0,False,nan,3810600.0
In,2018-09-10 09:37:00,31.0,False,nan,3810660.0
In,2018-09-10 09:37:00,31.0,False,nan,3810660.0
In,2018-09-10 09:37:00,31.0,False,nan,3810660.0
In,2018-09-10 09:39:00,32.0,False,nan,3810780.0
In,2018-09-10 09:39:00,31.0,False,nan,3810780.0
In,2018-09-10 09:40:00,31.0,False,nan,3810840.0
In,2018-09-10 09:40:00,32.0,False,nan,3810840.0
In,2018-09-10 09:43:00,32.0,False,nan,3811020.0
In,2018-09-10 09:44:00,31.0,False,nan,3811080.0
In,2018-09-10 09:46:00,31.0,False,nan,3811200.0
In,2018-09-10 09:47:00,31.0,False,nan,3811260.0
In,2018-09-10 09:49:00,31.0,False,nan,3811380.0
In,2018-09-10 09:49:00,31.0,False,nan,3811380.0
In,2018-09-10 09:49:00,31.0,False,nan,3811380.0
In,2018-09-10 09:50:00,31.0,False,nan,3811440.0
In,2018-09-10 09:50:00,31.0,False,nan,3811440.0
In,2018-09-10 09:50:00,31.0,False,nan,3811440.0
In,2018-09-10 09:50:00,31.0,False,nan,3811440.0
In,2018-09-10 09:51:00,31.0,False,nan,3811500.0
In,2018-09-10 09:51:00,31.0,False,nan,3811500.0
In,2018-09-10 09:51:00,32.0,False,nan,3811500.0
In,2018-09-10 09:51:00,31.0,False,nan,3811500.0
In,2018-09-10 09:51:00,31.0,False,nan,3811500.0
In,2018-09-10 09:51:00,31.0,False,nan,3811500.0
In,2018-09-10 09:51:00,31.0,False,nan,3811500.0
In,2018-09-10 09:51:00,31.0,False,nan,3811500.0
In,2018-09-10 09:52:00,31.0,False,nan,3811560.0
In,2018-09-10 09:52:00,32.0,False,nan,3811560.0
In,2018-09-10 09:52:00,31.0,False,nan,3811560.0
In,2018-09-10 09:52:00,32.0,False,nan,3811560.0
In,2018-09-10 09:53:00,32.0,False,nan,3811620.0
In,2018-09-10 09:53:00,31.0,False,nan,3811620.0
In,2018-09-10 09:54:00,32.0,False,nan,3811680.0
In,2018-09-10 09:54:00,31.0,False,nan,3811680.0
In,2018-09-10 09:54:00,31.0,False,nan,3811680.0
In,2018-09-10 09:54:00,32.0,False,nan,3811680.0
In,2018-09-10 09:54:00,31.0,False,nan,3811680.0
In,2018-09-10 09:54:00,31.0,False,nan,3811680.0
In,2018-09-10 09:54:00,32.0,False,nan,3811680.0
In,2018-09-10 09:54:00,32.0,False,nan,3811680.0
In,2018-09-10 09:55:00,32.0,False,nan,3811740.0
In,2018-09-10 09:55:00,31.0,False,nan,3811740.0
In,2018-09-10 09:55:00,31.0,False,nan,3811740.0
In,2018-09-10 09:55:00,31.0,False,nan,3811740.0
In,2018-09-10 09:55:00,32.0,False,nan,3811740.0
In,2018-09-10 09:55:00,31.0,False,nan,3811740.0
In,2018-09-10 09:56:00,32.0,False,nan,3811800.0
In,2018-09-10 09:56:00,31.0,False,nan,3811800.0
In,2018-09-10 09:56:00,32.0,False,nan,3811800.0
In,2018-09-10 09:56:00,31.0,False,nan,3811800.0
In,2018-09-10 09:56:00,32.0,False,nan,3811800.0
In,2018-09-10 09:56:00,32.0,False,nan,3811800.0
In,2018-09-10 09:56:00,32.0,False,nan,3811800.0
In,2018-09-10 09:56:00,31.0,False,nan,3811800.0
In,2018-09-10 09:56:00,31.0,False,nan,3811800.0
In,2018-09-10 09:56:00,31.0,False,nan,3811800.0
In,2018-09-10 09:56:00,31.0,False,nan,3811800.0
In,2018-09-10 09:56:00,32.0,False,nan,3811800.0
In,2018-09-10 09:57:00,31.0,False,nan,3811860.0
In,2018-09-10 09:57:00,31.0,False,nan,3811860.0
In,2018-09-10 09:57:00,32.0,False,nan,3811860.0
In,2018-09-10 09:57:00,31.0,False,nan,3811860.0
In,2018-09-10 09:57:00,32.0,False,nan,3811860.0
In,2018-09-10 09:57:00,31.0,False,nan,3811860.0
In,2018-09-10 09:57:00,32.0,False,nan,3811860.0
In,2018-09-10 09:57:00,31.0,False,nan,3811860.0
In,2018-09-10 09:57:00,32.0,False,nan,3811860.0
In,2018-09-10 09:58:00,32.0,False,nan,3811920.0
In,2018-09-10 09:58:00,32.0,False,nan,3811920.0
In,2018-09-10 09:58:00,32.0,False,nan,3811920.0
In,2018-09-10 09:58:00,32.0,False,nan,3811920.0
In,2018-09-10 09:58:00,32.0,False,nan,3811920.0
In,2018-09-10 09:58:00,31.0,False,nan,3811920.0
In,2018-09-10 09:58:00,32.0,False,nan,3811920.0
In,2018-09-10 09:58:00,31.0,False,nan,3811920.0
In,2018-09-10 09:58:00,32.0,False,nan,3811920.0
In,2018-09-10 09:58:00,31.0,False,nan,3811920.0
In,2018-09-10 09:58:00,32.0,False,nan,3811920.0
In,2018-09-10 09:58:00,31.0,False,nan,3811920.0
In,2018-09-10 09:58:00,31.0,False,nan,3811920.0
In,2018-09-10 09:58:00,31.0,False,nan,3811920.0
In,2018-09-10 09:59:00,32.0,False,nan,3811980.0
In,2018-09-10 09:59:00,32.0,False,nan,3811980.0
In,2018-09-10 09:59:00,32.0,False,nan,3811980.0
In,2018-09-10 09:59:00,32.0,False,nan,3811980.0
In,2018-09-10 09:59:00,31.0,False,nan,3811980.0
In,2018-09-10 09:59:00,32.0,False,nan,3811980.0
In,2018-09-10 09:59:00,32.0,False,nan,3811980.0
In,2018-09-10 09:59:00,31.0,False,nan,3811980.0
In,2018-09-10 09:59:00,31.0,False,nan,3811980.0
In,2018-09-10 09:59:00,31.0,False,nan,3811980.0
In,2018-09-10 09:59:00,31.0,False,nan,3811980.0
In,2018-09-10 09:59:00,32.0,False,nan,3811980.0
In,2018-09-10 09:59:00,31.0,False,nan,3811980.0
In,2018-09-10 09:59:00,32.0,False,nan,3811980.0
In,2018-09-10 09:59:00,31.0,False,nan,3811980.0
In,2018-09-10 09:59:00,31.0,False,nan,3811980.0
In,2018-09-10 10:00:00,32.0,False,nan,3812040.0
In,2018-09-10 10:00:00,31.0,False,nan,3812040.0
In,2018-09-10 10:00:00,32.0,False,nan,3812040.0
In,2018-09-10 10:00:00,31.0,False,nan,3812040.0
In,2018-09-10 10:00:00,32.0,False,nan,3812040.0
In,2018-09-10 10:00:00,32.0,False,nan,3812040.0
In,2018-09-10 10:00:00,31.0,False,nan,3812040.0
In,2018-09-10 10:00:00,31.0,False,nan,3812040.0
In,2018-09-10 10:00:00,31.0,False,nan,3812040.0
In,2018-09-10 10:00:00,32.0,False,nan,3812040.0
In,2018-09-10 10:00:00,31.0,False,nan,3812040.0
In,2018-09-10 10:00:00,31.0,False,nan,3812040.0
In,2018-09-10 10:00:00,32.0,False,nan,3812040.0
In,2018-09-10 10:00:00,32.0,False,nan,3812040.0
In,2018-09-10 10:00:00,31.0,False,nan,3812040.0
In,2018-09-10 10:01:00,32.0,False,nan,3812100.0
In,2018-09-10 10:01:00,32.0,False,nan,3812100.0
In,2018-09-10 10:01:00,31.0,False,nan,3812100.0
In,2018-09-10 10:01:00,32.0,False,nan,3812100.0
In,2018-09-10 10:01:00,31.0,False,nan,3812100.0
In,2018-09-10 10:01:00,32.0,False,nan,3812100.0
In,2018-09-10 10:01:00,31.0,False,nan,3812100.0
In,2018-09-10 10:01:00,31.0,False,nan,3812100.0
In,2018-09-10 10:01:00,31.0,False,nan,3812100.0
In,2018-09-10 10:01:00,32.0,False,nan,3812100.0
In,2018-09-10 10:01:00,31.0,False,nan,3812100.0
In,2018-09-10 10:01:00,32.0,False,nan,3812100.0
In,2018-09-10 10:01:00,32.0,False,nan,3812100.0
In,2018-09-10 10:02:00,43.65593134728535,True,drift,3812160.0
In,2018-09-10 10:02:00,32.0,False,nan,3812160.0
In,2018-09-10 10:02:00,31.0,False,nan,3812160.0
In,2018-09-10 10:02:00,32.0,False,nan,3812160.0
In,2018-09-10 10:02:00,31.0,False,nan,3812160.0
In,2018-09-10 10:02:00,32.0,False,nan,3812160.0
In,2018-09-10 10:02:00,32.0,False,nan,3812160.0
In,2018-09-10 10:02:00,31.0,False,nan,3812160.0
In,2018-09-10 10:02:00,31.0,False,nan,3812160.0
In,2018-09-10 10:02:00,31.0,False,nan,3812160.0
In,2018-09-10 10:02:00,31.0,False,nan,3812160.0
In,2018-09-10 10:02:00,31.0,True,drift,3812160.0
In,2018-09-10 10:02:00,33.91398283682133,True,drift,3812160.0
In,2018-09-10 10:02:00,37.82796567364267,True,drift,3812160.0
In,2018-09-10 10:02:00,40.741948510464006,True,drift,3812160.0
In,2018-09-10 10:03:00,31.0,False,nan,3812220.0
In,2018-09-10 10:03:00,46.56991418410668,True,drift,3812220.0
In,2018-09-10 10:03:00,49.48389702092801,True,drift,3812220.0
In,2018-09-10 10:03:00,31.0,False,nan,3812220.0
In,2018-09-10 10:03:00,32.0,False,nan,3812220.0
In,2018-09-10 10:03:00,31.0,False,nan,3812220.0
In,2018-09-10 10:03:00,32.0,False,nan,3812220.0
In,2018-09-10 10:03:00,31.0,False,nan,3812220.0
In,2018-09-10 10:03:00,32.0,False,nan,3812220.0
In,2018-09-10 10:03:00,31.0,False,nan,3812220.0
In,2018-09-10 10:03:00,31.0,False,nan,3812220.0
In,2018-09-10 10:03:00,32.0,False,nan,3812220.0
In,2018-09-10 10:03:00,32.0,False,nan,3812220.0
In,2018-09-10 10:03:00,31.0,False,nan,3812220.0
In,2018-09-10 10:03:00,32.0,False,nan,3812220.0
In,2018-09-10 10:03:00,31.0,False,nan,3812220.0
In,2018-09-10 10:03:00,32.0,False,nan,3812220.0
In,2018-09-10 10:04:00,31.0,False,nan,3812280.0
In,2018-09-10 10:04:00,32.0,False,nan,3812280.0
In,2018-09-10 10:04:00,32.0,False,nan,3812280.0
In,2018-09-10 10:04:00,31.0,False,nan,3812280.0
In,2018-09-10 10:04:00,31.0,False,nan,3812280.0
In,2018-09-10 10:04:00,32.0,False,nan,3812280.0
In,2018-09-10 10:04:00,32.0,False,nan,3812280.0
In,2018-09-10 10:04:00,31.0,False,nan,3812280.0
In,2018-09-10 10:04:00,32.0,False,nan,3812280.0
In,2018-09-10 10:04:00,32.0,False,nan,3812280.0
In,2018-09-10 10:04:00,31.0,False,nan,3812280.0
In,2018-09-10 10:04:00,32.0,False,nan,3812280.0
In,2018-09-10 10:04:00,31.0,False,nan,3812280.0
In,2018-09-10 10:04:00,31.0,False,nan,3812280.0
In,2018-09-10 10:05:00,31.0,False,nan,3812340.0
In,2018-09-10 10:05:00,32.0,False,nan,3812340.0
In,2018-09-10 10:05:00,31.0,False,nan,3812340.0
In,2018-09-10 10:05:00,32.0,False,nan,3812340.0
In,2018-09-10 10:05:00,31.0,False,nan,3812340.0
In,2018-09-10 10:05:00,32.0,False,nan,3812340.0
In,2018-09-10 10:05:00,32.0,False,nan,3812340.0
In,2018-09-10 10:05:00,31.0,False,nan,3812340.0
In,2018-09-10 10:05:00,31.0,False,nan,3812340.0
In,2018-09-10 10:05:00,32.0,False,nan,3812340.0
In,2018-09-10 10:05:00,32.0,False,nan,3812340.0
In,2018-09-10 10:05:00,31.0,False,nan,3812340.0
In,2018-09-10 10:05:00,32.0,False,nan,3812340.0
In,2018-09-10 10:05:00,31.0,False,nan,3812340.0
In,2018-09-10 10:06:00,32.0,False,nan,3812400.0
In,2018-09-10 10:06:00,32.0,False,nan,3812400.0
In,2018-09-10 10:06:00,32.0,False,nan,3812400.0
In,2018-09-10 10:06:00,31.0,False,nan,3812400.0
In,2018-09-10 10:06:00,32.0,False,nan,3812400.0
In,2018-09-10 10:06:00,31.0,False,nan,3812400.0
In,2018-09-10 10:06:00,31.0,False,nan,3812400.0
In,2018-09-10 10:06:00,32.0,False,nan,3812400.0
In,2018-09-10 10:06:00,31.0,False,nan,3812400.0
In,2018-09-10 10:07:00,32.0,False,nan,3812460.0
In,2018-09-10 10:07:00,31.0,False,nan,3812460.0
In,2018-09-10 10:07:00,32.0,False,nan,3812460.0
In,2018-09-10 10:07:00,31.0,False,nan,3812460.0
In,2018-09-10 10:07:00,32.0,False,nan,3812460.0
In,2018-09-10 10:07:00,31.0,False,nan,3812460.0
In,2018-09-10 10:07:00,31.0,False,nan,3812460.0
In,2018-09-10 10:07:00,32.0,False,nan,3812460.0
In,2018-09-10 10:07:00,31.0,False,nan,3812460.0
In,2018-09-10 10:07:00,31.0,False,nan,3812460.0
In,2018-09-10 10:07:00,32.0,False,nan,3812460.0
In,2018-09-10 10:07:00,32.0,False,nan,3812460.0
In,2018-09-10 10:07:00,31.0,False,nan,3812460.0
In,2018-09-10 10:07:00,32.0,False,nan,3812460.0
In,2018-09-10 10:08:00,31.0,False,nan,3812520.0
In,2018-09-10 10:08:00,32.0,False,nan,3812520.0
In,2018-09-10 10:08:00,31.0,False,nan,3812520.0
In,2018-09-10 10:08:00,31.0,False,nan,3812520.0
In,2018-09-10 10:08:00,32.0,False,nan,3812520.0
In,2018-09-10 10:08:00,31.0,False,nan,3812520.0
In,2018-09-10 10:08:00,31.0,False,nan,3812520.0
In,2018-09-10 10:08:00,31.0,False,nan,3812520.0
In,2018-09-10 10:08:00,31.0,False,nan,3812520.0
In,2018-09-10 10:08:00,31.0,False,nan,3812520.0
In,2018-09-10 10:08:00,31.0,False,nan,3812520.0
In,2018-09-10 10:08:00,31.0,False,nan,3812520.0
In,2018-09-10 10:08:00,32.0,False,nan,3812520.0
In,2018-09-10 10:08:00,31.0,False,nan,3812520.0
In,2018-09-10 10:08:00,31.0,False,nan,3812520.0
In,2018-09-10 10:08:00,32.0,False,nan,3812520.0
In,2018-09-10 10:08:00,32.0,False,nan,3812520.0
In,2018-09-10 10:08:00,31.0,False,nan,3812520.0
In,2018-09-10 10:09:00,32.0,False,nan,3812580.0
In,2018-09-10 10:09:00,31.0,False,nan,3812580.0
In,2018-09-10 10:09:00,32.0,False,nan,3812580.0
In,2018-09-10 10:09:00,31.0,False,nan,3812580.0
In,2018-09-10 10:09:00,32.0,False,nan,3812580.0
In,2018-09-10 10:09:00,32.0,False,nan,3812580.0
In,2018-09-10 10:09:00,31.0,False,nan,3812580.0
In,2018-09-10 10:09:00,31.0,False,nan,3812580.0
In,2018-09-10 10:09:00,32.0,False,nan,3812580.0
In,2018-09-10 10:09:00,32.0,False,nan,3812580.0
In,2018-09-10 10:09:00,31.0,False,nan,3812580.0
In,2018-09-10 10:09:00,31.0,False,nan,3812580.0
In,2018-09-10 10:09:00,31.0,False,nan,3812580.0
In,2018-09-10 10:10:00,32.0,False,nan,3812640.0
In,2018-09-10 10:10:00,31.0,False,nan,3812640.0
In,2018-09-10 10:10:00,32.0,False,nan,3812640.0
In,2018-09-10 10:10:00,31.0,False,nan,3812640.0
In,2018-09-10 10:10:00,32.0,False,nan,3812640.0
In,2018-09-10 10:10:00,32.0,False,nan,3812640.0
In,2018-09-10 10:10:00,31.0,False,nan,3812640.0
In,2018-09-10 10:10:00,31.0,False,nan,3812640.0
In,2018-09-10 10:11:00,32.0,False,nan,3812700.0
In,2018-09-10 10:11:00,31.0,False,nan,3812700.0
In,2018-09-10 10:11:00,32.0,False,nan,3812700.0
In,2018-09-10 10:11:00,32.0,False,nan,3812700.0
In,2018-09-10 10:11:00,32.0,False,nan,3812700.0
In,2018-09-10 10:11:00,31.0,False,nan,3812700.0
In,2018-09-10 10:11:00,31.0,False,nan,3812700.0
In,2018-09-10 10:11:00,32.0,False,nan,3812700.0
In,2018-09-10 10:11:00,31.0,False,nan,3812700.0
In,2018-09-10 10:11:00,32.0,False,nan,3812700.0
In,2018-09-10 10:12:00,31.0,False,nan,3812760.0
In,2018-09-10 10:12:00,32.0,False,nan,3812760.0
In,2018-09-10 10:12:00,32.0,False,nan,3812760.0
In,2018-09-10 10:12:00,31.0,False,nan,3812760.0
In,2018-09-10 10:12:00,31.0,False,nan,3812760.0
In,2018-09-10 10:12:00,32.0,False,nan,3812760.0
In,2018-09-10 10:13:00,32.0,False,nan,3812820.0
In,2018-09-10 10:13:00,31.0,False,nan,3812820.0
In,2018-09-10 10:13:00,31.0,False,nan,3812820.0
In,2018-09-10 10:13:00,32.0,False,nan,3812820.0
In,2018-09-10 10:13:00,31.0,False,nan,3812820.0
In,2018-09-10 10:13:00,32.0,False,nan,3812820.0
In,2018-09-10 10:13:00,32.0,False,nan,3812820.0
In,2018-09-10 10:14:00,31.0,False,nan,3812880.0
In,2018-09-10 10:14:00,32.0,False,nan,3812880.0
In,2018-09-10 10:14:00,31.0,False,nan,3812880.0
In,2018-09-10 10:14:00,32.0,False,nan,3812880.0
In,2018-09-10 10:16:00,31.0,False,nan,3813000.0
In,2018-09-10 10:17:00,32.0,False,nan,3813060.0
In,2018-09-10 10:17:00,32.0,False,nan,3813060.0
In,2018-09-10 10:17:00,32.0,False,nan,3813060.0
In,2018-09-10 10:17:00,32.0,False,nan,3813060.0
In,2018-09-10 10:18:00,31.0,False,nan,3813120.0
In,2018-09-10 10:18:00,31.0,False,nan,3813120.0
In,2018-09-10 10:18:00,32.0,False,nan,3813120.0
In,2018-09-10 10:18:00,32.0,False,nan,3813120.0
In,2018-09-10 10:18:00,32.0,False,nan,3813120.0
In,2018-09-10 10:18:00,32.0,False,nan,3813120.0
In,2018-09-10 10:19:00,32.0,False,nan,3813180.0
In,2018-09-10 10:19:00,31.0,False,nan,3813180.0
In,2018-09-10 10:19:00,32.0,False,nan,3813180.0
In,2018-09-10 10:21:00,32.0,False,nan,3813300.0
In,2018-09-10 10:21:00,32.0,False,nan,3813300.0
In,2018-09-10 10:21:00,31.0,False,nan,3813300.0
In,2018-09-10 10:21:00,31.0,False,nan,3813300.0
In,2018-09-10 10:21:00,32.0,False,nan,3813300.0
In,2018-09-10 10:23:00,31.0,False,nan,3813420.0
In,2018-09-10 10:23:00,32.0,False,nan,3813420.0
In,2018-09-10 10:24:00,32.0,False,nan,3813480.0
In,2018-09-10 10:25:00,31.0,False,nan,3813540.0
In,2018-09-10 10:25:00,32.0,False,nan,3813540.0
In,2018-09-10 10:26:00,32.0,False,nan,3813600.0
In,2018-09-10 10:27:00,32.0,False,nan,3813660.0
In,2018-09-10 10:28:00,31.0,False,nan,3813720.0
In,2018-09-10 10:28:00,32.0,False,nan,3813720.0
In,2018-09-10 10:28:00,32.0,False,nan,3813720.0
In,2018-09-10 10:28:00,32.0,False,nan,3813720.0
In,2018-09-10 10:29:00,31.0,False,nan,3813780.0
In,2018-09-10 10:29:00,32.0,False,nan,3813780.0
In,2018-09-10 10:29:00,31.0,False,nan,3813780.0
In,2018-09-10 10:29:00,32.0,False,nan,3813780.0
In,2018-09-10 10:29:00,32.0,False,nan,3813780.0
In,2018-09-10 10:29:00,31.0,False,nan,3813780.0
In,2018-09-10 10:29:00,32.0,False,nan,3813780.0
In,2018-09-10 10:29:00,32.0,False,nan,3813780.0
In,2018-09-10 10:30:00,31.0,False,nan,3813840.0
In,2018-09-10 10:30:00,32.0,False,nan,3813840.0
In,2018-09-10 10:30:00,31.0,False,nan,3813840.0
In,2018-09-10 10:30:00,32.0,False,nan,3813840.0
In,2018-09-10 10:30:00,31.0,False,nan,3813840.0
In,2018-09-10 10:30:00,32.0,False,nan,3813840.0
In,2018-09-10 10:30:00,32.0,False,nan,3813840.0
In,2018-09-10 10:30:00,31.0,False,nan,3813840.0
In,2018-09-10 10:30:00,32.0,False,nan,3813840.0
In,2018-09-10 10:30:00,31.0,False,nan,3813840.0
In,2018-09-10 10:30:00,32.0,False,nan,3813840.0
In,2018-09-10 10:30:00,31.0,False,nan,3813840.0
In,2018-09-10 10:31:00,32.0,False,nan,3813900.0
In,2018-09-10 10:31:00,31.0,False,nan,3813900.0
In,2018-09-10 10:31:00,32.0,False,nan,3813900.0
In,2018-09-10 10:31:00,31.0,False,nan,3813900.0
In,2018-09-10 10:31:00,31.0,False,nan,3813900.0
In,2018-09-10 10:31:00,32.0,False,nan,3813900.0
In,2018-09-10 10:31:00,31.0,False,nan,3813900.0
In,2018-09-10 10:32:00,31.0,False,nan,3813960.0
In,2018-09-10 10:32:00,32.0,False,nan,3813960.0
In,2018-09-10 10:32:00,31.0,False,nan,3813960.0
In,2018-09-10 10:32:00,32.0,False,nan,3813960.0
In,2018-09-10 10:32:00,31.0,False,nan,3813960.0
In,2018-09-10 10:32:00,31.0,False,nan,3813960.0
In,2018-09-10 10:32:00,31.0,False,nan,3813960.0
In,2018-09-10 10:32:00,31.0,False,nan,3813960.0
In,2018-09-10 10:32:00,32.0,False,nan,3813960.0
In,2018-09-10 10:32:00,31.0,False,nan,3813960.0
In,2018-09-10 10:32:00,31.0,False,nan,3813960.0
In,2018-09-10 10:33:00,31.0,False,nan,3814020.0
In,2018-09-10 10:33:00,32.0,False,nan,3814020.0
In,2018-09-10 10:33:00,31.0,False,nan,3814020.0
In,2018-09-10 10:33:00,31.0,False,nan,3814020.0
In,2018-09-10 10:33:00,32.0,False,nan,3814020.0
In,2018-09-10 10:33:00,31.0,False,nan,3814020.0
In,2018-09-10 10:33:00,31.0,False,nan,3814020.0
In,2018-09-10 10:33:00,31.0,False,nan,3814020.0
In,2018-09-10 10:33:00,31.0,False,nan,3814020.0
In,2018-09-10 10:33:00,31.0,False,nan,3814020.0
In,2018-09-10 10:33:00,32.0,False,nan,3814020.0
In,2018-09-10 10:33:00,31.0,False,nan,3814020.0
In,2018-09-10 10:33:00,31.0,False,nan,3814020.0
In,2018-09-10 10:33:00,31.0,False,nan,3814020.0
In,2018-09-10 10:33:00,32.0,False,nan,3814020.0
In,2018-09-10 10:33:00,31.0,False,nan,3814020.0
In,2018-09-10 10:33:00,31.0,False,nan,3814020.0
In,2018-09-10 10:34:00,31.0,False,nan,3814080.0
In,2018-09-10 10:34:00,31.0,False,nan,3814080.0
In,2018-09-10 10:34:00,31.0,False,nan,3814080.0
In,2018-09-10 10:34:00,31.0,False,nan,3814080.0
In,2018-09-10 10:34:00,31.0,False,nan,3814080.0
In,2018-09-10 10:34:00,32.0,False,nan,3814080.0
In,2018-09-10 10:34:00,31.0,False,nan,3814080.0
In,2018-09-10 10:34:00,31.0,False,nan,3814080.0
In,2018-09-10 10:34:00,31.0,False,nan,3814080.0
In,2018-09-10 10:34:00,31.0,False,nan,3814080.0
In,2018-09-10 10:34:00,31.0,False,nan,3814080.0
In,2018-09-10 10:34:00,32.0,False,nan,3814080.0
In,2018-09-10 10:34:00,31.0,False,nan,3814080.0
In,2018-09-10 10:34:00,31.0,False,nan,3814080.0
In,2018-09-10 10:34:00,32.0,False,nan,3814080.0
In,2018-09-10 10:34:00,31.0,False,nan,3814080.0
In,2018-09-10 10:34:00,31.0,False,nan,3814080.0
In,2018-09-10 10:34:00,31.0,False,nan,3814080.0
In,2018-09-10 10:34:00,32.0,False,nan,3814080.0
In,2018-09-10 10:35:00,31.0,False,nan,3814140.0
In,2018-09-10 10:35:00,31.0,False,nan,3814140.0
In,2018-09-10 10:35:00,31.0,False,nan,3814140.0
In,2018-09-10 10:35:00,31.0,False,nan,3814140.0
In,2018-09-10 10:35:00,31.0,False,nan,3814140.0
In,2018-09-10 10:35:00,31.0,False,nan,3814140.0
In,2018-09-10 10:35:00,32.0,False,nan,3814140.0
In,2018-09-10 10:35:00,31.0,False,nan,3814140.0
In,2018-09-10 10:35:00,31.0,False,nan,3814140.0
In,2018-09-10 10:35:00,31.0,False,nan,3814140.0
In,2018-09-10 10:35:00,32.0,False,nan,3814140.0
In,2018-09-10 10:35:00,31.0,False,nan,3814140.0
In,2018-09-10 10:35:00,32.0,False,nan,3814140.0
In,2018-09-10 10:36:00,32.0,False,nan,3814200.0
In,2018-09-10 10:36:00,31.0,False,nan,3814200.0
In,2018-09-10 10:36:00,31.0,False,nan,3814200.0
In,2018-09-10 10:36:00,32.0,False,nan,3814200.0
In,2018-09-10 10:36:00,31.0,False,nan,3814200.0
In,2018-09-10 10:36:00,32.0,False,nan,3814200.0
In,2018-09-10 10:36:00,31.0,False,nan,3814200.0
In,2018-09-10 10:36:00,31.0,False,nan,3814200.0
In,2018-09-10 10:36:00,31.0,False,nan,3814200.0
In,2018-09-10 10:36:00,32.0,False,nan,3814200.0
In,2018-09-10 10:36:00,32.0,False,nan,3814200.0
In,2018-09-10 10:36:00,32.0,False,nan,3814200.0
In,2018-09-10 10:36:00,31.0,False,nan,3814200.0
In,2018-09-10 10:36:00,31.0,False,nan,3814200.0
In,2018-09-10 10:37:00,31.0,False,nan,3814260.0
In,2018-09-10 10:37:00,31.0,False,nan,3814260.0
In,2018-09-10 10:37:00,32.0,False,nan,3814260.0
In,2018-09-10 10:37:00,32.0,False,nan,3814260.0
In,2018-09-10 10:37:00,32.0,False,nan,3814260.0
In,2018-09-10 10:37:00,31.0,False,nan,3814260.0
In,2018-09-10 10:37:00,31.0,False,nan,3814260.0
In,2018-09-10 10:37:00,32.0,False,nan,3814260.0
In,2018-09-10 10:37:00,32.0,False,nan,3814260.0
In,2018-09-10 10:37:00,31.0,False,nan,3814260.0
In,2018-09-10 10:38:00,31.0,False,nan,3814320.0
In,2018-09-10 10:38:00,32.0,False,nan,3814320.0
In,2018-09-10 10:38:00,31.0,False,nan,3814320.0
In,2018-09-10 10:38:00,32.0,False,nan,3814320.0
In,2018-09-10 10:38:00,31.0,False,nan,3814320.0
In,2018-09-10 10:38:00,32.0,False,nan,3814320.0
In,2018-09-10 10:38:00,31.0,False,nan,3814320.0
In,2018-09-10 10:38:00,32.0,False,nan,3814320.0
In,2018-09-10 10:39:00,32.0,False,nan,3814380.0
In,2018-09-10 10:39:00,32.0,False,nan,3814380.0
In,2018-09-10 10:39:00,31.0,False,nan,3814380.0
In,2018-09-10 10:39:00,32.0,False,nan,3814380.0
In,2018-09-10 10:39:00,31.0,False,nan,3814380.0
In,2018-09-10 10:39:00,31.0,False,nan,3814380.0
In,2018-09-10 10:39:00,32.0,False,nan,3814380.0
In,2018-09-10 10:39:00,31.0,False,nan,3814380.0
In,2018-09-10 10:39:00,32.0,False,nan,3814380.0
In,2018-09-10 10:40:00,31.0,False,nan,3814440.0
In,2018-09-10 10:40:00,32.0,False,nan,3814440.0
In,2018-09-10 10:40:00,32.0,False,nan,3814440.0
In,2018-09-10 10:40:00,31.0,False,nan,3814440.0
In,2018-09-10 10:40:00,31.0,False,nan,3814440.0
In,2018-09-10 10:40:00,32.0,False,nan,3814440.0
In,2018-09-10 10:40:00,32.0,False,nan,3814440.0
In,2018-09-10 10:40:00,31.0,False,nan,3814440.0
In,2018-09-10 10:40:00,31.0,False,nan,3814440.0
In,2018-09-10 10:40:00,32.0,False,nan,3814440.0
In,2018-09-10 10:41:00,31.0,False,nan,3814500.0
In,2018-09-10 10:41:00,31.0,False,nan,3814500.0
In,2018-09-10 10:41:00,32.0,False,nan,3814500.0
In,2018-09-10 10:41:00,31.0,False,nan,3814500.0
In,2018-09-10 10:41:00,31.0,False,nan,3814500.0
In,2018-09-10 10:41:00,31.0,False,nan,3814500.0
In,2018-09-10 10:41:00,32.0,False,nan,3814500.0
In,2018-09-10 10:41:00,32.0,False,nan,3814500.0
In,2018-09-10 10:41:00,32.0,False,nan,3814500.0
In,2018-09-10 10:41:00,32.0,False,nan,3814500.0
In,2018-09-10 10:41:00,31.0,False,nan,3814500.0
In,2018-09-10 10:41:00,31.0,False,nan,3814500.0
In,2018-09-10 10:41:00,32.0,False,nan,3814500.0
In,2018-09-10 10:41:00,31.0,False,nan,3814500.0
In,2018-09-10 10:41:00,32.0,False,nan,3814500.0
In,2018-09-10 10:41:00,32.0,False,nan,3814500.0
In,2018-09-10 10:42:00,32.0,False,nan,3814560.0
In,2018-09-10 10:42:00,32.0,False,nan,3814560.0
In,2018-09-10 10:42:00,31.0,False,nan,3814560.0
In,2018-09-10 10:42:00,32.0,False,nan,3814560.0
In,2018-09-10 10:42:00,31.0,False,nan,3814560.0
In,2018-09-10 10:42:00,32.0,False,nan,3814560.0
In,2018-09-10 10:42:00,31.0,False,nan,3814560.0
In,2018-09-10 10:42:00,32.0,False,nan,3814560.0
In,2018-09-10 10:42:00,31.0,False,nan,3814560.0
In,2018-09-10 10:42:00,32.0,False,nan,3814560.0
In,2018-09-10 10:42:00,32.0,False,nan,3814560.0
In,2018-09-10 10:42:00,31.0,False,nan,3814560.0
In,2018-09-10 10:42:00,32.0,False,nan,3814560.0
In,2018-09-10 10:42:00,31.0,False,nan,3814560.0
In,2018-09-10 10:42:00,31.0,False,nan,3814560.0
In,2018-09-10 10:42:00,32.0,False,nan,3814560.0
In,2018-09-10 10:42:00,31.0,False,nan,3814560.0
In,2018-09-10 10:42:00,31.0,False,nan,3814560.0
In,2018-09-10 10:43:00,31.0,False,nan,3814620.0
In,2018-09-10 10:43:00,31.0,False,nan,3814620.0
In,2018-09-10 10:43:00,31.0,False,nan,3814620.0
In,2018-09-10 10:43:00,31.0,False,nan,3814620.0
In,2018-09-10 10:43:00,31.0,False,nan,3814620.0
In,2018-09-10 10:43:00,32.0,False,nan,3814620.0
In,2018-09-10 10:43:00,31.0,False,nan,3814620.0
In,2018-09-10 10:43:00,32.0,False,nan,3814620.0
In,2018-09-10 10:43:00,31.0,False,nan,3814620.0
In,2018-09-10 10:43:00,32.0,False,nan,3814620.0
In,2018-09-10 10:43:00,32.0,False,nan,3814620.0
In,2018-09-10 10:43:00,32.0,False,nan,3814620.0
In,2018-09-10 10:43:00,32.0,False,nan,3814620.0
In,2018-09-10 10:43:00,31.0,False,nan,3814620.0
In,2018-09-10 10:43:00,32.0,False,nan,3814620.0
In,2018-09-10 10:43:00,31.0,False,nan,3814620.0
In,2018-09-10 10:43:00,32.0,False,nan,3814620.0
In,2018-09-10 10:44:00,31.0,False,nan,3814680.0
In,2018-09-10 10:44:00,31.0,False,nan,3814680.0
In,2018-09-10 10:44:00,32.0,False,nan,3814680.0
In,2018-09-10 10:44:00,32.0,False,nan,3814680.0
In,2018-09-10 10:44:00,31.0,False,nan,3814680.0
In,2018-09-10 10:44:00,31.0,False,nan,3814680.0
In,2018-09-10 10:44:00,32.0,False,nan,3814680.0
In,2018-09-10 10:44:00,31.0,False,nan,3814680.0
In,2018-09-10 10:44:00,32.0,False,nan,3814680.0
In,2018-09-10 10:44:00,31.0,False,nan,3814680.0
In,2018-09-10 10:44:00,32.0,False,nan,3814680.0
In,2018-09-10 10:44:00,32.0,False,nan,3814680.0
In,2018-09-10 10:44:00,31.0,False,nan,3814680.0
In,2018-09-10 10:45:00,32.0,False,nan,3814740.0
In,2018-09-10 10:45:00,32.0,False,nan,3814740.0
In,2018-09-10 10:45:00,32.0,False,nan,3814740.0
In,2018-09-10 10:45:00,32.0,False,nan,3814740.0
In,2018-09-10 10:45:00,32.0,False,nan,3814740.0
In,2018-09-10 10:45:00,32.0,False,nan,3814740.0
In,2018-09-10 10:45:00,31.0,False,nan,3814740.0
In,2018-09-10 10:45:00,31.0,False,nan,3814740.0
In,2018-09-10 10:45:00,32.0,False,nan,3814740.0
In,2018-09-10 10:45:00,31.0,False,nan,3814740.0
In,2018-09-10 10:45:00,32.0,False,nan,3814740.0
In,2018-09-10 10:45:00,31.0,False,nan,3814740.0
In,2018-09-10 10:45:00,31.0,False,nan,3814740.0
In,2018-09-10 10:46:00,32.0,False,nan,3814800.0
In,2018-09-10 10:46:00,31.0,False,nan,3814800.0
In,2018-09-10 10:46:00,31.0,False,nan,3814800.0
In,2018-09-10 10:46:00,32.0,False,nan,3814800.0
In,2018-09-10 10:46:00,31.0,False,nan,3814800.0
In,2018-09-10 10:46:00,32.0,False,nan,3814800.0
In,2018-09-10 10:46:00,32.0,False,nan,3814800.0
In,2018-09-10 10:46:00,32.0,False,nan,3814800.0
In,2018-09-10 10:46:00,31.0,False,nan,3814800.0
In,2018-09-10 10:46:00,32.0,False,nan,3814800.0
In,2018-09-10 10:46:00,31.0,False,nan,3814800.0
In,2018-09-10 10:46:00,32.0,False,nan,3814800.0
In,2018-09-10 10:46:00,32.0,False,nan,3814800.0
In,2018-09-10 10:46:00,32.0,False,nan,3814800.0
In,2018-09-10 10:46:00,31.0,False,nan,3814800.0
In,2018-09-10 10:46:00,31.0,False,nan,3814800.0
In,2018-09-10 10:47:00,32.0,False,nan,3814860.0
In,2018-09-10 10:47:00,32.0,False,nan,3814860.0
In,2018-09-10 10:47:00,32.0,False,nan,3814860.0
In,2018-09-10 10:47:00,31.0,False,nan,3814860.0
In,2018-09-10 10:47:00,31.0,False,nan,3814860.0
In,2018-09-10 10:47:00,31.0,False,nan,3814860.0
In,2018-09-10 10:47:00,31.0,False,nan,3814860.0
In,2018-09-10 10:47:00,31.0,False,nan,3814860.0
In,2018-09-10 10:47:00,32.0,False,nan,3814860.0
In,2018-09-10 10:47:00,31.0,False,nan,3814860.0
In,2018-09-10 10:47:00,31.0,False,nan,3814860.0
In,2018-09-10 10:47:00,32.0,False,nan,3814860.0
In,2018-09-10 10:47:00,31.0,False,nan,3814860.0
In,2018-09-10 10:47:00,32.0,False,nan,3814860.0
In,2018-09-10 10:47:00,31.0,False,nan,3814860.0
In,2018-09-10 10:47:00,32.0,False,nan,3814860.0
In,2018-09-10 10:48:00,32.0,False,nan,3814920.0
In,2018-09-10 10:48:00,31.0,False,nan,3814920.0
In,2018-09-10 10:48:00,32.0,False,nan,3814920.0
In,2018-09-10 10:48:00,31.0,False,nan,3814920.0
In,2018-09-10 10:48:00,32.0,False,nan,3814920.0
In,2018-09-10 10:48:00,31.0,False,nan,3814920.0
In,2018-09-10 10:48:00,31.0,False,nan,3814920.0
In,2018-09-10 10:48:00,32.0,False,nan,3814920.0
In,2018-09-10 10:49:00,32.0,False,nan,3814980.0
In,2018-09-10 10:49:00,32.0,False,nan,3814980.0
In,2018-09-10 10:49:00,32.0,False,nan,3814980.0
In,2018-09-10 10:49:00,31.0,False,nan,3814980.0
In,2018-09-10 10:49:00,31.0,False,nan,3814980.0
In,2018-09-10 10:49:00,31.0,False,nan,3814980.0
In,2018-09-10 10:49:00,31.0,False,nan,3814980.0
In,2018-09-10 10:49:00,32.0,False,nan,3814980.0
In,2018-09-10 10:49:00,32.0,False,nan,3814980.0
In,2018-09-10 10:49:00,32.0,False,nan,3814980.0
In,2018-09-10 10:49:00,31.0,False,nan,3814980.0
In,2018-09-10 10:49:00,31.0,False,nan,3814980.0
In,2018-09-10 10:49:00,31.0,False,nan,3814980.0
In,2018-09-10 10:49:00,31.0,False,nan,3814980.0
In,2018-09-10 10:50:00,32.0,False,nan,3815040.0
In,2018-09-10 10:50:00,32.0,False,nan,3815040.0
In,2018-09-10 10:50:00,31.0,False,nan,3815040.0
In,2018-09-10 10:50:00,32.0,False,nan,3815040.0
In,2018-09-10 10:50:00,31.0,False,nan,3815040.0
In,2018-09-10 10:50:00,32.0,False,nan,3815040.0
In,2018-09-10 10:50:00,31.0,False,nan,3815040.0
In,2018-09-10 10:51:00,32.0,False,nan,3815100.0
In,2018-09-10 10:51:00,31.0,False,nan,3815100.0
In,2018-09-10 10:52:00,32.0,False,nan,3815160.0
In,2018-09-10 10:53:00,32.0,False,nan,3815220.0
In,2018-09-10 10:53:00,32.0,False,nan,3815220.0
In,2018-09-10 10:53:00,32.0,False,nan,3815220.0
In,2018-09-10 10:53:00,32.0,False,nan,3815220.0
In,2018-09-10 10:53:00,32.0,False,nan,3815220.0
In,2018-09-10 10:53:00,32.0,False,nan,3815220.0
In,2018-09-10 10:53:00,32.0,False,nan,3815220.0
In,2018-09-10 10:55:00,32.0,False,nan,3815340.0
In,2018-09-10 10:56:00,32.0,False,nan,3815400.0
In,2018-09-10 10:56:00,32.0,False,nan,3815400.0
In,2018-09-10 10:56:00,32.0,False,nan,3815400.0
In,2018-09-10 10:56:00,31.0,False,nan,3815400.0
In,2018-09-10 10:57:00,31.0,False,nan,3815460.0
In,2018-09-10 10:57:00,31.0,False,nan,3815460.0
In,2018-09-10 10:57:00,32.0,False,nan,3815460.0
In,2018-09-10 10:57:00,31.0,False,nan,3815460.0
In,2018-09-10 10:57:00,32.0,False,nan,3815460.0
In,2018-09-10 10:57:00,31.0,False,nan,3815460.0
In,2018-09-10 10:57:00,31.0,False,nan,3815460.0
In,2018-09-10 10:57:00,32.0,False,nan,3815460.0
In,2018-09-10 10:57:00,32.0,False,nan,3815460.0
In,2018-09-10 10:58:00,31.0,False,nan,3815520.0
In,2018-09-10 10:58:00,32.0,False,nan,3815520.0
In,2018-09-10 10:58:00,31.0,False,nan,3815520.0
In,2018-09-10 10:58:00,31.0,False,nan,3815520.0
In,2018-09-10 10:58:00,31.0,False,nan,3815520.0
In,2018-09-10 10:58:00,32.0,False,nan,3815520.0
In,2018-09-10 10:58:00,31.0,False,nan,3815520.0
In,2018-09-10 10:58:00,32.0,False,nan,3815520.0
In,2018-09-10 10:58:00,32.0,False,nan,3815520.0
In,2018-09-10 10:58:00,31.0,False,nan,3815520.0
In,2018-09-10 10:58:00,31.0,False,nan,3815520.0
In,2018-09-10 10:58:00,32.0,False,nan,3815520.0
In,2018-09-10 10:58:00,31.0,False,nan,3815520.0
In,2018-09-10 10:58:00,32.0,False,nan,3815520.0
In,2018-09-10 10:58:00,31.0,False,nan,3815520.0
In,2018-09-10 10:58:00,32.0,False,nan,3815520.0
In,2018-09-10 10:58:00,31.0,False,nan,3815520.0
In,2018-09-10 10:58:00,32.0,False,nan,3815520.0
In,2018-09-10 10:59:00,31.0,False,nan,3815580.0
In,2018-09-10 10:59:00,32.0,False,nan,3815580.0
In,2018-09-10 10:59:00,31.0,False,nan,3815580.0
In,2018-09-10 10:59:00,32.0,False,nan,3815580.0
In,2018-09-10 10:59:00,31.0,False,nan,3815580.0
In,2018-09-10 10:59:00,31.0,False,nan,3815580.0
In,2018-09-10 10:59:00,32.0,False,nan,3815580.0
In,2018-09-10 10:59:00,32.0,False,nan,3815580.0
In,2018-09-10 11:00:00,32.0,False,nan,3815640.0
In,2018-09-10 11:00:00,32.0,False,nan,3815640.0
In,2018-09-10 11:00:00,32.0,False,nan,3815640.0
In,2018-09-10 11:00:00,31.0,False,nan,3815640.0
In,2018-09-10 11:00:00,31.0,False,nan,3815640.0
In,2018-09-10 11:00:00,31.0,False,nan,3815640.0
In,2018-09-10 11:00:00,32.0,False,nan,3815640.0
In,2018-09-10 11:00:00,31.0,False,nan,3815640.0
In,2018-09-10 11:01:00,32.0,False,nan,3815700.0
In,2018-09-10 11:01:00,31.0,False,nan,3815700.0
In,2018-09-10 11:01:00,31.0,False,nan,3815700.0
In,2018-09-10 11:01:00,32.0,False,nan,3815700.0
In,2018-09-10 11:01:00,31.0,False,nan,3815700.0
In,2018-09-10 11:01:00,32.0,False,nan,3815700.0
In,2018-09-10 11:01:00,32.0,False,nan,3815700.0
In,2018-09-10 11:01:00,32.0,False,nan,3815700.0
In,2018-09-10 11:01:00,32.0,False,nan,3815700.0
In,2018-09-10 11:01:00,31.0,False,nan,3815700.0
In,2018-09-10 11:01:00,31.0,False,nan,3815700.0
In,2018-09-10 11:01:00,31.0,False,nan,3815700.0
In,2018-09-10 11:02:00,32.0,False,nan,3815760.0
In,2018-09-10 11:02:00,32.0,False,nan,3815760.0
In,2018-09-10 11:02:00,32.0,False,nan,3815760.0
In,2018-09-10 11:02:00,31.0,False,nan,3815760.0
In,2018-09-10 11:02:00,31.0,False,nan,3815760.0
In,2018-09-10 11:02:00,32.0,False,nan,3815760.0
In,2018-09-10 11:02:00,31.0,False,nan,3815760.0
In,2018-09-10 11:02:00,31.0,False,nan,3815760.0
In,2018-09-10 11:02:00,32.0,False,nan,3815760.0
In,2018-09-10 11:03:00,31.0,False,nan,3815820.0
In,2018-09-10 11:03:00,31.0,False,nan,3815820.0
In,2018-09-10 11:03:00,32.0,False,nan,3815820.0
In,2018-09-10 11:04:00,31.0,False,nan,3815880.0
In,2018-09-10 11:04:00,32.0,False,nan,3815880.0
In,2018-09-10 11:04:00,32.0,False,nan,3815880.0
In,2018-09-10 11:04:00,31.0,False,nan,3815880.0
In,2018-09-10 11:04:00,32.0,False,nan,3815880.0
In,2018-09-10 11:04:00,31.0,False,nan,3815880.0
In,2018-09-10 11:05:00,31.0,False,nan,3815940.0
In,2018-09-10 11:05:00,32.0,False,nan,3815940.0
In,2018-09-10 11:06:00,31.0,False,nan,3816000.0
In,2018-09-10 11:06:00,32.0,False,nan,3816000.0
In,2018-09-10 11:07:00,32.0,False,nan,3816060.0
In,2018-09-10 11:07:00,32.0,False,nan,3816060.0
In,2018-09-10 11:07:00,31.0,False,nan,3816060.0
In,2018-09-10 11:07:00,32.0,False,nan,3816060.0
In,2018-09-10 11:07:00,31.0,False,nan,3816060.0
In,2018-09-10 11:07:00,31.0,False,nan,3816060.0
In,2018-09-10 11:07:00,32.0,False,nan,3816060.0
In,2018-09-10 11:07:00,32.0,False,nan,3816060.0
In,2018-09-10 11:07:00,31.0,False,nan,3816060.0
In,2018-09-10 11:07:00,31.0,False,nan,3816060.0
In,2018-09-10 11:08:00,32.0,False,nan,3816120.0
In,2018-09-10 11:08:00,31.0,False,nan,3816120.0
In,2018-09-10 11:08:00,32.0,False,nan,3816120.0
In,2018-09-10 11:08:00,31.0,False,nan,3816120.0
In,2018-09-10 11:08:00,32.0,False,nan,3816120.0
In,2018-09-10 11:09:00,31.0,False,nan,3816180.0
In,2018-09-10 11:09:00,32.0,False,nan,3816180.0
In,2018-09-10 11:10:00,32.0,False,nan,3816240.0
In,2018-09-10 11:10:00,31.0,False,nan,3816240.0
In,2018-09-10 11:10:00,32.0,False,nan,3816240.0
In,2018-09-10 11:10:00,31.0,False,nan,3816240.0
In,2018-09-10 11:11:00,31.0,False,nan,3816300.0
In,2018-09-10 11:11:00,32.0,False,nan,3816300.0
In,2018-09-10 11:11:00,31.0,False,nan,3816300.0
In,2018-09-10 11:11:00,32.0,False,nan,3816300.0
In,2018-09-10 11:11:00,31.0,False,nan,3816300.0
In,2018-09-10 11:11:00,32.0,False,nan,3816300.0
In,2018-09-10 11:11:00,31.0,False,nan,3816300.0
In,2018-09-10 11:11:00,31.0,False,nan,3816300.0
In,2018-09-10 11:11:00,31.0,False,nan,3816300.0
In,2018-09-10 11:11:00,32.0,False,nan,3816300.0
In,2018-09-10 11:11:00,32.0,False,nan,3816300.0
In,2018-09-10 11:11:00,31.0,False,nan,3816300.0
In,2018-09-10 11:11:00,32.0,False,nan,3816300.0
In,2018-09-10 11:11:00,31.0,False,nan,3816300.0
In,2018-09-10 11:11:00,32.0,False,nan,3816300.0
In,2018-09-10 11:12:00,32.0,False,nan,3816360.0
In,2018-09-10 11:12:00,32.0,False,nan,3816360.0
In,2018-09-10 11:12:00,32.0,False,nan,3816360.0
In,2018-09-10 11:12:00,32.0,False,nan,3816360.0
In,2018-09-10 11:12:00,32.0,False,nan,3816360.0
In,2018-09-10 11:12:00,31.0,False,nan,3816360.0
In,2018-09-10 11:12:00,32.0,False,nan,3816360.0
In,2018-09-10 11:12:00,31.0,False,nan,3816360.0
In,2018-09-10 11:12:00,31.0,False,nan,3816360.0
In,2018-09-10 11:12:00,31.0,False,nan,3816360.0
In,2018-09-10 11:12:00,31.0,False,nan,3816360.0
In,2018-09-10 11:12:00,32.0,False,nan,3816360.0
In,2018-09-10 11:12:00,32.0,False,nan,3816360.0
In,2018-09-10 11:12:00,31.0,False,nan,3816360.0
In,2018-09-10 11:12:00,31.0,False,nan,3816360.0
In,2018-09-10 11:13:00,31.0,False,nan,3816420.0
In,2018-09-10 11:13:00,31.0,False,nan,3816420.0
In,2018-09-10 11:13:00,31.0,False,nan,3816420.0
In,2018-09-10 11:13:00,32.0,False,nan,3816420.0
In,2018-09-10 11:13:00,31.0,False,nan,3816420.0
In,2018-09-10 11:13:00,31.0,False,nan,3816420.0
In,2018-09-10 11:13:00,32.0,False,nan,3816420.0
In,2018-09-10 11:13:00,32.0,False,nan,3816420.0
In,2018-09-10 11:13:00,32.0,False,nan,3816420.0
In,2018-09-10 11:13:00,32.0,False,nan,3816420.0
In,2018-09-10 11:13:00,31.0,False,nan,3816420.0
In,2018-09-10 11:13:00,32.0,False,nan,3816420.0
In,2018-09-10 11:13:00,32.0,False,nan,3816420.0
In,2018-09-10 11:13:00,31.0,False,nan,3816420.0
In,2018-09-10 11:14:00,32.0,False,nan,3816480.0
In,2018-09-10 11:14:00,32.0,False,nan,3816480.0
In,2018-09-10 11:14:00,31.0,False,nan,3816480.0
In,2018-09-10 11:14:00,31.0,False,nan,3816480.0
In,2018-09-10 11:14:00,32.0,False,nan,3816480.0
In,2018-09-10 11:14:00,31.0,False,nan,3816480.0
In,2018-09-10 11:14:00,32.0,False,nan,3816480.0
In,2018-09-10 11:15:00,32.0,False,nan,3816540.0
In,2018-09-10 11:15:00,31.0,False,nan,3816540.0
In,2018-09-10 11:15:00,31.0,False,nan,3816540.0
In,2018-09-10 11:15:00,31.0,False,nan,3816540.0
In,2018-09-10 11:15:00,32.0,False,nan,3816540.0
In,2018-09-10 11:15:00,32.0,False,nan,3816540.0
In,2018-09-10 11:15:00,32.0,False,nan,3816540.0
In,2018-09-10 11:15:00,31.0,False,nan,3816540.0
In,2018-09-10 11:15:00,32.0,False,nan,3816540.0
In,2018-09-10 11:15:00,32.0,False,nan,3816540.0
In,2018-09-10 11:15:00,31.0,False,nan,3816540.0
In,2018-09-10 11:15:00,31.0,False,nan,3816540.0
In,2018-09-10 11:15:00,32.0,False,nan,3816540.0
In,2018-09-10 11:16:00,32.0,False,nan,3816600.0
In,2018-09-10 11:16:00,32.0,False,nan,3816600.0
In,2018-09-10 11:16:00,32.0,False,nan,3816600.0
In,2018-09-10 11:16:00,31.0,False,nan,3816600.0
In,2018-09-10 11:16:00,32.0,False,nan,3816600.0
In,2018-09-10 11:16:00,31.0,False,nan,3816600.0
In,2018-09-10 11:16:00,31.0,False,nan,3816600.0
In,2018-09-10 11:16:00,32.0,False,nan,3816600.0
In,2018-09-10 11:16:00,31.0,False,nan,3816600.0
In,2018-09-10 11:17:00,31.0,False,nan,3816660.0
In,2018-09-10 11:17:00,32.0,False,nan,3816660.0
In,2018-09-10 11:17:00,32.0,False,nan,3816660.0
In,2018-09-10 11:17:00,31.0,False,nan,3816660.0
In,2018-09-10 11:17:00,32.0,False,nan,3816660.0
In,2018-09-10 11:17:00,31.0,False,nan,3816660.0
In,2018-09-10 11:18:00,32.0,False,nan,3816720.0
In,2018-09-10 11:18:00,32.0,False,nan,3816720.0
In,2018-09-10 11:18:00,31.0,False,nan,3816720.0
In,2018-09-10 11:18:00,31.0,False,nan,3816720.0
In,2018-09-10 11:18:00,32.0,False,nan,3816720.0
In,2018-09-10 11:18:00,31.0,False,nan,3816720.0
In,2018-09-10 11:18:00,32.0,False,nan,3816720.0
In,2018-09-10 11:18:00,32.0,False,nan,3816720.0
In,2018-09-10 11:18:00,32.0,False,nan,3816720.0
In,2018-09-10 11:18:00,31.0,False,nan,3816720.0
In,2018-09-10 11:18:00,32.0,False,nan,3816720.0
In,2018-09-10 11:18:00,31.0,False,nan,3816720.0
In,2018-09-10 11:18:00,32.0,False,nan,3816720.0
In,2018-09-10 11:18:00,31.0,False,nan,3816720.0
In,2018-09-10 11:18:00,31.0,False,nan,3816720.0
In,2018-09-10 11:19:00,32.0,False,nan,3816780.0
In,2018-09-10 11:19:00,31.0,False,nan,3816780.0
In,2018-09-10 11:21:00,32.0,False,nan,3816900.0
In,2018-09-10 11:21:00,31.0,False,nan,3816900.0
In,2018-09-10 11:21:00,32.0,False,nan,3816900.0
In,2018-09-10 11:21:00,31.0,False,nan,3816900.0
In,2018-09-10 11:22:00,31.0,False,nan,3816960.0
In,2018-09-10 11:22:00,31.0,False,nan,3816960.0
In,2018-09-10 11:22:00,32.0,False,nan,3816960.0
In,2018-09-10 11:22:00,31.0,False,nan,3816960.0
In,2018-09-10 11:22:00,32.0,False,nan,3816960.0
In,2018-09-10 11:22:00,32.0,False,nan,3816960.0
In,2018-09-10 11:22:00,31.0,False,nan,3816960.0
In,2018-09-10 11:23:00,32.0,False,nan,3817020.0
In,2018-09-10 11:23:00,31.0,False,nan,3817020.0
In,2018-09-10 11:23:00,32.0,False,nan,3817020.0
In,2018-09-10 11:25:00,31.0,False,nan,3817140.0
In,2018-09-10 11:25:00,32.0,False,nan,3817140.0
In,2018-09-10 11:27:00,32.0,False,nan,3817260.0
In,2018-09-10 11:27:00,31.0,False,nan,3817260.0
In,2018-09-10 11:29:00,32.0,False,nan,3817380.0
In,2018-09-10 11:29:00,32.0,False,nan,3817380.0
In,2018-09-10 11:29:00,32.0,False,nan,3817380.0
In,2018-09-10 11:29:00,32.0,False,nan,3817380.0
In,2018-09-10 11:32:00,32.0,False,nan,3817560.0
In,2018-09-10 11:33:00,31.0,False,nan,3817620.0
In,2018-09-10 11:33:00,32.0,False,nan,3817620.0
In,2018-09-10 11:33:00,32.0,False,nan,3817620.0
In,2018-09-10 11:33:00,32.0,False,nan,3817620.0
In,2018-09-10 11:33:00,32.0,False,nan,3817620.0
In,2018-09-10 11:33:00,32.0,False,nan,3817620.0
In,2018-09-10 11:33:00,32.0,False,nan,3817620.0
In,2018-09-10 11:35:00,32.0,False,nan,3817740.0
In,2018-09-10 11:35:00,31.0,False,nan,3817740.0
In,2018-09-10 11:35:00,32.0,False,nan,3817740.0
In,2018-09-10 11:35:00,32.0,False,nan,3817740.0
In,2018-09-10 11:35:00,32.0,False,nan,3817740.0
In,2018-09-10 11:35:00,32.0,False,nan,3817740.0
In,2018-09-10 11:35:00,32.0,False,nan,3817740.0
In,2018-09-10 11:36:00,32.0,False,nan,3817800.0
In,2018-09-10 11:36:00,31.0,False,nan,3817800.0
In,2018-09-10 11:37:00,31.0,False,nan,3817860.0
In,2018-09-10 11:37:00,32.0,False,nan,3817860.0
In,2018-09-10 11:38:00,32.0,False,nan,3817920.0
In,2018-09-10 11:38:00,32.0,False,nan,3817920.0
In,2018-09-10 11:38:00,32.0,False,nan,3817920.0
In,2018-09-10 11:38:00,31.0,False,nan,3817920.0
In,2018-09-10 11:42:00,32.0,False,nan,3818160.0
In,2018-09-10 11:42:00,32.0,False,nan,3818160.0
In,2018-09-10 11:42:00,32.0,False,nan,3818160.0
In,2018-09-10 11:43:00,31.0,False,nan,3818220.0
In,2018-09-10 11:43:00,32.0,False,nan,3818220.0
In,2018-09-10 11:43:00,32.0,False,nan,3818220.0
In,2018-09-10 11:44:00,32.0,False,nan,3818280.0
In,2018-09-10 11:44:00,32.0,False,nan,3818280.0
In,2018-09-10 11:44:00,32.0,False,nan,3818280.0
In,2018-09-10 11:45:00,32.0,False,nan,3818340.0
In,2018-09-10 11:45:00,32.0,False,nan,3818340.0
In,2018-09-10 11:45:00,32.0,False,nan,3818340.0
In,2018-09-10 11:46:00,31.0,False,nan,3818400.0
In,2018-09-10 11:46:00,32.0,False,nan,3818400.0
In,2018-09-10 11:46:00,31.0,False,nan,3818400.0
In,2018-09-10 11:46:00,32.0,False,nan,3818400.0
In,2018-09-10 11:46:00,32.0,False,nan,3818400.0
In,2018-09-10 11:46:00,32.0,False,nan,3818400.0
In,2018-09-10 11:46:00,32.0,False,nan,3818400.0
In,2018-09-10 11:46:00,32.0,False,nan,3818400.0
In,2018-09-10 11:47:00,32.0,False,nan,3818460.0
In,2018-09-10 11:47:00,32.0,False,nan,3818460.0
In,2018-09-10 11:47:00,32.0,False,nan,3818460.0
In,2018-09-10 11:47:00,32.0,False,nan,3818460.0
In,2018-09-10 11:47:00,32.0,False,nan,3818460.0
In,2018-09-10 11:47:00,32.0,False,nan,3818460.0
In,2018-09-10 11:48:00,32.0,False,nan,3818520.0
In,2018-09-10 11:48:00,32.0,False,nan,3818520.0
In,2018-09-10 11:48:00,32.0,False,nan,3818520.0
In,2018-09-10 11:49:00,32.0,False,nan,3818580.0
In,2018-09-10 11:49:00,32.0,False,nan,3818580.0
In,2018-09-10 11:49:00,32.0,False,nan,3818580.0
In,2018-09-10 11:51:00,31.0,False,nan,3818700.0
In,2018-09-10 11:51:00,32.0,False,nan,3818700.0
In,2018-09-10 11:54:00,32.0,False,nan,3818880.0
In,2018-09-10 11:55:00,32.0,False,nan,3818940.0
In,2018-09-10 11:56:00,32.0,False,nan,3819000.0
In,2018-09-10 11:56:00,31.0,False,nan,3819000.0
In,2018-09-10 11:56:00,32.0,False,nan,3819000.0
In,2018-09-10 11:56:00,32.0,False,nan,3819000.0
In,2018-09-10 11:56:00,32.0,False,nan,3819000.0
In,2018-09-10 11:56:00,32.0,False,nan,3819000.0
In,2018-09-10 11:56:00,32.0,False,nan,3819000.0
In,2018-09-10 11:56:00,32.0,False,nan,3819000.0
In,2018-09-10 11:56:00,32.0,False,nan,3819000.0
In,2018-09-10 11:57:00,32.0,False,nan,3819060.0
In,2018-09-10 11:59:00,32.0,False,nan,3819180.0
In,2018-09-10 11:59:00,32.0,False,nan,3819180.0
In,2018-09-10 11:59:00,32.0,False,nan,3819180.0
In,2018-09-10 11:59:00,32.0,False,nan,3819180.0
In,2018-09-10 12:00:00,32.0,False,nan,3819240.0
In,2018-09-10 12:00:00,32.0,False,nan,3819240.0
In,2018-09-10 12:00:00,32.0,False,nan,3819240.0
In,2018-09-10 12:00:00,32.0,False,nan,3819240.0
In,2018-09-10 12:02:00,32.0,False,nan,3819360.0
In,2018-09-10 12:02:00,31.0,False,nan,3819360.0
In,2018-09-10 12:02:00,32.0,False,nan,3819360.0
In,2018-09-10 12:02:00,32.0,False,nan,3819360.0
In,2018-09-10 12:05:00,32.0,False,nan,3819540.0
In,2018-09-10 12:05:00,32.0,False,nan,3819540.0
In,2018-09-10 12:05:00,32.0,False,nan,3819540.0
In,2018-09-10 12:05:00,32.0,False,nan,3819540.0
In,2018-09-10 12:05:00,32.0,False,nan,3819540.0
In,2018-09-10 12:05:00,32.0,False,nan,3819540.0
In,2018-09-10 12:05:00,32.0,False,nan,3819540.0
In,2018-09-10 12:05:00,32.0,False,nan,3819540.0
In,2018-09-10 12:05:00,32.0,False,nan,3819540.0
In,2018-09-10 12:05:00,32.0,False,nan,3819540.0
In,2018-09-10 12:05:00,32.0,False,nan,3819540.0
In,2018-09-10 12:06:00,32.0,False,nan,3819600.0
In,2018-09-10 12:06:00,32.0,False,nan,3819600.0
In,2018-09-10 12:06:00,32.0,False,nan,3819600.0
In,2018-09-10 12:06:00,32.0,False,nan,3819600.0
In,2018-09-10 12:06:00,32.0,False,nan,3819600.0
In,2018-09-10 12:06:00,32.0,False,nan,3819600.0
In,2018-09-10 12:07:00,32.0,False,nan,3819660.0
In,2018-09-10 12:07:00,32.0,False,nan,3819660.0
In,2018-09-10 12:07:00,32.0,False,nan,3819660.0
In,2018-09-10 12:07:00,32.0,False,nan,3819660.0
In,2018-09-10 12:08:00,32.0,False,nan,3819720.0
In,2018-09-10 12:08:00,32.0,False,nan,3819720.0
In,2018-09-10 12:08:00,32.0,False,nan,3819720.0
In,2018-09-10 12:11:00,32.0,False,nan,3819900.0
In,2018-09-10 12:11:00,31.0,False,nan,3819900.0
In,2018-09-10 12:14:00,32.0,False,nan,3820080.0
In,2018-09-10 12:14:00,32.0,False,nan,3820080.0
In,2018-09-10 12:14:00,32.0,False,nan,3820080.0
In,2018-09-10 12:15:00,32.0,False,nan,3820140.0
In,2018-09-10 12:15:00,32.0,False,nan,3820140.0
In,2018-09-10 12:18:00,32.0,False,nan,3820320.0
In,2018-09-10 12:19:00,32.0,False,nan,3820380.0
In,2018-09-10 12:20:00,32.0,False,nan,3820440.0
In,2018-09-10 12:21:00,32.0,False,nan,3820500.0
In,2018-09-10 12:21:00,31.0,False,nan,3820500.0
In,2018-09-10 12:21:00,32.0,False,nan,3820500.0
In,2018-09-10 12:21:00,32.0,False,nan,3820500.0
In,2018-09-10 12:21:00,32.0,False,nan,3820500.0
In,2018-09-10 12:21:00,32.0,False,nan,3820500.0
In,2018-09-10 12:23:00,32.0,False,nan,3820620.0
In,2018-09-10 12:23:00,32.0,False,nan,3820620.0
In,2018-09-10 12:23:00,32.0,False,nan,3820620.0
In,2018-09-10 12:23:00,32.0,False,nan,3820620.0
In,2018-09-10 12:25:00,32.0,False,nan,3820740.0
In,2018-09-10 12:28:00,32.0,False,nan,3820920.0
In,2018-09-10 12:28:00,32.0,False,nan,3820920.0
In,2018-09-10 12:28:00,32.0,False,nan,3820920.0
In,2018-09-10 12:28:00,32.0,False,nan,3820920.0
In,2018-09-10 12:28:00,32.0,False,nan,3820920.0
In,2018-09-10 12:28:00,32.0,False,nan,3820920.0
In,2018-09-10 12:28:00,32.0,False,nan,3820920.0
In,2018-09-10 12:28:00,32.0,False,nan,3820920.0
In,2018-09-10 12:28:00,32.0,False,nan,3820920.0
In,2018-09-10 12:28:00,32.0,False,nan,3820920.0
In,2018-09-10 12:28:00,32.0,False,nan,3820920.0
In,2018-09-10 12:28:00,32.0,False,nan,3820920.0
In,2018-09-10 12:28:00,32.0,False,nan,3820920.0
In,2018-09-10 12:30:00,32.0,False,nan,3821040.0
In,2018-09-10 12:30:00,32.0,False,nan,3821040.0
In,2018-09-10 12:33:00,32.0,False,nan,3821220.0
In,2018-09-10 12:33:00,32.0,False,nan,3821220.0
In,2018-09-10 12:33:00,32.0,False,nan,3821220.0
In,2018-09-10 12:33:00,32.0,False,nan,3821220.0
In,2018-09-10 12:33:00,32.0,False,nan,3821220.0
In,2018-09-10 12:33:00,32.0,False,nan,3821220.0
In,2018-09-10 12:33:00,32.0,False,nan,3821220.0
In,2018-09-10 12:33:00,32.0,False,nan,3821220.0
In,2018-09-10 12:33:00,32.0,False,nan,3821220.0
In,2018-09-10 12:36:00,32.0,False,nan,3821400.0
In,2018-09-10 12:36:00,32.0,False,nan,3821400.0
In,2018-09-10 12:37:00,32.0,False,nan,3821460.0
In,2018-09-10 12:38:00,32.0,False,nan,3821520.0
In,2018-09-10 12:38:00,32.0,False,nan,3821520.0
In,2018-09-10 12:46:00,32.0,False,nan,3822000.0
In,2018-09-10 12:46:00,32.0,False,nan,3822000.0
In,2018-09-10 12:46:00,32.0,False,nan,3822000.0
In,2018-09-10 12:48:00,32.0,False,nan,3822120.0
In,2018-09-10 12:49:00,32.0,False,nan,3822180.0
In,2018-09-10 12:50:00,32.0,False,nan,3822240.0
In,2018-09-10 12:50:00,32.0,False,nan,3822240.0
In,2018-09-10 12:51:00,32.0,False,nan,3822300.0
In,2018-09-10 12:52:00,32.0,False,nan,3822360.0
In,2018-09-10 12:52:00,31.0,False,nan,3822360.0
In,2018-09-10 12:52:00,32.0,False,nan,3822360.0
In,2018-09-10 12:52:00,31.0,False,nan,3822360.0
In,2018-09-10 12:52:00,32.0,False,nan,3822360.0
In,2018-09-10 12:52:00,32.0,False,nan,3822360.0
In,2018-09-10 12:52:00,32.0,False,nan,3822360.0
In,2018-09-10 12:52:00,32.0,False,nan,3822360.0
In,2018-09-10 12:53:00,31.0,False,nan,3822420.0
In,2018-09-10 12:53:00,32.0,False,nan,3822420.0
In,2018-09-10 12:53:00,32.0,False,nan,3822420.0
In,2018-09-10 12:53:00,31.0,False,nan,3822420.0
In,2018-09-10 12:53:00,31.0,False,nan,3822420.0
In,2018-09-10 12:53:00,31.0,False,nan,3822420.0
In,2018-09-10 12:53:00,32.0,False,nan,3822420.0
In,2018-09-10 12:53:00,32.0,False,nan,3822420.0
In,2018-09-10 12:53:00,32.0,False,nan,3822420.0
In,2018-09-10 12:53:00,32.0,False,nan,3822420.0
In,2018-09-10 12:53:00,32.0,False,nan,3822420.0
In,2018-09-10 12:53:00,31.0,False,nan,3822420.0
In,2018-09-10 12:53:00,31.0,False,nan,3822420.0
In,2018-09-10 12:53:00,31.0,False,nan,3822420.0
In,2018-09-10 12:54:00,31.0,False,nan,3822480.0
In,2018-09-10 12:54:00,32.0,False,nan,3822480.0
In,2018-09-10 12:54:00,32.0,False,nan,3822480.0
In,2018-09-10 12:54:00,31.0,False,nan,3822480.0
In,2018-09-10 12:54:00,32.0,False,nan,3822480.0
In,2018-09-10 12:54:00,31.0,False,nan,3822480.0
In,2018-09-10 12:54:00,31.0,False,nan,3822480.0
In,2018-09-10 12:54:00,31.0,False,nan,3822480.0
In,2018-09-10 12:54:00,31.0,False,nan,3822480.0
In,2018-09-10 12:54:00,31.0,False,nan,3822480.0
In,2018-09-10 12:54:00,32.0,False,nan,3822480.0
In,2018-09-10 12:54:00,32.0,False,nan,3822480.0
In,2018-09-10 12:54:00,32.0,False,nan,3822480.0
In,2018-09-10 12:54:00,32.0,False,nan,3822480.0
In,2018-09-10 12:55:00,31.0,False,nan,3822540.0
In,2018-09-10 12:55:00,31.0,False,nan,3822540.0
In,2018-09-10 12:55:00,32.0,False,nan,3822540.0
In,2018-09-10 12:55:00,31.0,False,nan,3822540.0
In,2018-09-10 12:55:00,32.0,False,nan,3822540.0
In,2018-09-10 12:56:00,32.0,False,nan,3822600.0
In,2018-09-10 12:56:00,32.0,False,nan,3822600.0
In,2018-09-10 12:56:00,31.0,False,nan,3822600.0
In,2018-09-10 12:56:00,31.0,False,nan,3822600.0
In,2018-09-10 12:56:00,32.0,False,nan,3822600.0
In,2018-09-10 12:56:00,31.0,False,nan,3822600.0
In,2018-09-10 12:56:00,31.0,False,nan,3822600.0
In,2018-09-10 12:56:00,32.0,False,nan,3822600.0
In,2018-09-10 12:58:00,31.0,False,nan,3822720.0
In,2018-09-10 12:59:00,31.0,False,nan,3822780.0
In,2018-09-10 12:59:00,31.0,False,nan,3822780.0
In,2018-09-10 13:00:00,31.0,False,nan,3822840.0
In,2018-09-10 13:00:00,31.0,False,nan,3822840.0
In,2018-09-10 13:00:00,31.0,False,nan,3822840.0
In,2018-09-10 13:00:00,31.0,False,nan,3822840.0
In,2018-09-10 13:00:00,31.0,False,nan,3822840.0
In,2018-09-10 13:01:00,31.0,False,nan,3822900.0
In,2018-09-10 13:02:00,31.0,False,nan,3822960.0
In,2018-09-10 13:03:00,31.0,False,nan,3823020.0
In,2018-09-10 13:04:00,31.0,False,nan,3823080.0
In,2018-09-10 13:06:00,31.0,False,nan,3823200.0
In,2018-09-10 13:06:00,31.0,False,nan,3823200.0
In,2018-09-10 13:06:00,31.0,False,nan,3823200.0
In,2018-09-10 13:06:00,31.0,False,nan,3823200.0
In,2018-09-10 13:06:00,31.0,False,nan,3823200.0
In,2018-09-10 13:06:00,31.0,False,nan,3823200.0
In,2018-09-10 13:06:00,31.0,False,nan,3823200.0
In,2018-09-10 13:06:00,31.0,False,nan,3823200.0
In,2018-09-10 13:07:00,31.0,False,nan,3823260.0
In,2018-09-10 13:08:00,31.0,False,nan,3823320.0
In,2018-09-10 13:08:00,31.0,False,nan,3823320.0
In,2018-09-10 13:08:00,31.0,False,nan,3823320.0
In,2018-09-10 13:08:00,31.0,False,nan,3823320.0
In,2018-09-10 13:09:00,31.0,False,nan,3823380.0
In,2018-09-10 13:09:00,31.0,False,nan,3823380.0
In,2018-09-10 13:09:00,31.0,False,nan,3823380.0
In,2018-09-10 13:10:00,31.0,False,nan,3823440.0
In,2018-09-10 13:10:00,31.0,False,nan,3823440.0
In,2018-09-10 13:11:00,31.0,False,nan,3823500.0
In,2018-09-10 13:12:00,31.0,False,nan,3823560.0
In,2018-09-10 13:12:00,31.0,False,nan,3823560.0
In,2018-09-10 13:12:00,31.0,False,nan,3823560.0
In,2018-09-10 13:12:00,31.0,False,nan,3823560.0
In,2018-09-10 13:13:00,31.0,False,nan,3823620.0
In,2018-09-10 13:13:00,31.0,False,nan,3823620.0
In,2018-09-10 13:13:00,31.0,False,nan,3823620.0
In,2018-09-10 13:13:00,31.0,False,nan,3823620.0
In,2018-09-10 13:14:00,31.0,False,nan,3823680.0
In,2018-09-10 13:14:00,31.0,False,nan,3823680.0
In,2018-09-10 13:15:00,31.0,False,nan,3823740.0
In,2018-09-10 13:16:00,31.0,False,nan,3823800.0
In,2018-09-10 13:17:00,31.0,False,nan,3823860.0
In,2018-09-10 13:17:00,31.0,False,nan,3823860.0
In,2018-09-10 13:18:00,31.0,False,nan,3823920.0
In,2018-09-10 13:18:00,31.0,False,nan,3823920.0
In,2018-09-10 13:19:00,31.0,False,nan,3823980.0
In,2018-09-10 13:19:00,31.0,False,nan,3823980.0
In,2018-09-10 13:19:00,31.0,False,nan,3823980.0
In,2018-09-10 13:19:00,31.0,False,nan,3823980.0
In,2018-09-10 13:19:00,31.0,False,nan,3823980.0
In,2018-09-10 13:20:00,30.0,False,nan,3824040.0
In,2018-09-10 13:20:00,31.0,False,nan,3824040.0
In,2018-09-10 13:23:00,31.0,False,nan,3824220.0
In,2018-09-10 13:24:00,31.0,False,nan,3824280.0
In,2018-09-10 13:24:00,31.0,False,nan,3824280.0
In,2018-09-10 13:24:00,31.0,False,nan,3824280.0
In,2018-09-10 13:25:00,31.0,False,nan,3824340.0
In,2018-09-10 13:25:00,31.0,False,nan,3824340.0
In,2018-09-10 13:25:00,31.0,False,nan,3824340.0
In,2018-09-10 13:25:00,31.0,False,nan,3824340.0
In,2018-09-10 13:26:00,31.0,False,nan,3824400.0
In,2018-09-10 13:26:00,31.0,False,nan,3824400.0
In,2018-09-10 13:26:00,31.0,False,nan,3824400.0
In,2018-09-10 13:26:00,31.0,False,nan,3824400.0
In,2018-09-10 13:26:00,31.0,False,nan,3824400.0
In,2018-09-10 13:27:00,30.0,False,nan,3824460.0
In,2018-09-10 13:27:00,31.0,False,nan,3824460.0
In,2018-09-10 13:28:00,31.0,False,nan,3824520.0
In,2018-09-10 13:28:00,31.0,False,nan,3824520.0
In,2018-09-10 13:28:00,30.0,False,nan,3824520.0
In,2018-09-10 13:28:00,31.0,False,nan,3824520.0
In,2018-09-10 13:28:00,31.0,False,nan,3824520.0
In,2018-09-10 13:28:00,31.0,False,nan,3824520.0
In,2018-09-10 13:29:00,31.0,False,nan,3824580.0
In,2018-09-10 13:29:00,30.0,False,nan,3824580.0
In,2018-09-10 13:29:00,30.0,False,nan,3824580.0
In,2018-09-10 13:29:00,31.0,False,nan,3824580.0
In,2018-09-10 13:29:00,31.0,False,nan,3824580.0
In,2018-09-10 13:29:00,31.0,False,nan,3824580.0
In,2018-09-10 13:29:00,31.0,False,nan,3824580.0
In,2018-09-10 13:30:00,30.0,False,nan,3824640.0
In,2018-09-10 13:30:00,31.0,False,nan,3824640.0
In,2018-09-10 13:30:00,31.0,False,nan,3824640.0
In,2018-09-10 13:30:00,31.0,False,nan,3824640.0
In,2018-09-10 13:30:00,30.0,False,nan,3824640.0
In,2018-09-10 13:30:00,31.0,False,nan,3824640.0
In,2018-09-10 13:30:00,30.0,False,nan,3824640.0
In,2018-09-10 13:31:00,30.0,False,nan,3824700.0
In,2018-09-10 13:31:00,30.0,False,nan,3824700.0
In,2018-09-10 13:31:00,31.0,False,nan,3824700.0
In,2018-09-10 13:31:00,30.0,False,nan,3824700.0
In,2018-09-10 13:31:00,31.0,False,nan,3824700.0
In,2018-09-10 13:31:00,30.0,False,nan,3824700.0
In,2018-09-10 13:31:00,31.0,False,nan,3824700.0
In,2018-09-10 13:31:00,31.0,False,nan,3824700.0
In,2018-09-10 13:31:00,31.0,False,nan,3824700.0
In,2018-09-10 13:31:00,30.0,False,nan,3824700.0
In,2018-09-10 13:31:00,31.0,False,nan,3824700.0
In,2018-09-10 13:31:00,30.0,False,nan,3824700.0
In,2018-09-10 13:31:00,30.0,False,nan,3824700.0
In,2018-09-10 13:32:00,30.0,False,nan,3824760.0
In,2018-09-10 13:32:00,31.0,False,nan,3824760.0
In,2018-09-10 13:32:00,30.0,False,nan,3824760.0
In,2018-09-10 13:32:00,30.0,False,nan,3824760.0
In,2018-09-10 13:32:00,30.0,False,nan,3824760.0
In,2018-09-10 13:32:00,31.0,False,nan,3824760.0
In,2018-09-10 13:32:00,30.0,False,nan,3824760.0
In,2018-09-10 13:32:00,30.0,False,nan,3824760.0
In,2018-09-10 13:32:00,30.0,False,nan,3824760.0
In,2018-09-10 13:32:00,31.0,False,nan,3824760.0
In,2018-09-10 13:32:00,30.0,False,nan,3824760.0
In,2018-09-10 13:32:00,31.0,False,nan,3824760.0
In,2018-09-10 13:33:00,30.0,False,nan,3824820.0
In,2018-09-10 13:34:00,30.0,False,nan,3824880.0
In,2018-09-10 13:34:00,30.0,False,nan,3824880.0
In,2018-09-10 13:34:00,30.0,False,nan,3824880.0
In,2018-09-10 13:34:00,30.0,False,nan,3824880.0
In,2018-09-10 13:34:00,30.0,False,nan,3824880.0
In,2018-09-10 13:34:00,30.0,False,nan,3824880.0
In,2018-09-10 13:34:00,31.0,False,nan,3824880.0
In,2018-09-10 13:35:00,30.0,False,nan,3824940.0
In,2018-09-10 13:35:00,30.0,False,nan,3824940.0
In,2018-09-10 13:35:00,30.0,False,nan,3824940.0
In,2018-09-10 13:36:00,30.0,False,nan,3825000.0
In,2018-09-10 13:37:00,30.0,False,nan,3825060.0
In,2018-09-10 13:38:00,31.0,False,nan,3825120.0
In,2018-09-10 13:38:00,30.0,False,nan,3825120.0
In,2018-09-10 13:38:00,30.0,False,nan,3825120.0
In,2018-09-10 13:38:00,30.0,False,nan,3825120.0
In,2018-09-10 13:39:00,30.0,False,nan,3825180.0
In,2018-09-10 13:39:00,30.0,False,nan,3825180.0
In,2018-09-10 13:39:00,30.0,False,nan,3825180.0
In,2018-09-10 13:40:00,31.0,False,nan,3825240.0
In,2018-09-10 13:40:00,30.0,False,nan,3825240.0
In,2018-09-10 13:40:00,30.0,False,nan,3825240.0
In,2018-09-10 13:40:00,30.0,False,nan,3825240.0
In,2018-09-10 13:40:00,30.0,False,nan,3825240.0
In,2018-09-10 13:40:00,30.0,False,nan,3825240.0
In,2018-09-10 13:41:00,31.0,False,nan,3825300.0
In,2018-09-10 13:41:00,30.0,False,nan,3825300.0
In,2018-09-10 13:41:00,30.0,False,nan,3825300.0
In,2018-09-10 13:41:00,30.0,False,nan,3825300.0
In,2018-09-10 13:42:00,30.0,False,nan,3825360.0
In,2018-09-10 13:43:00,30.0,False,nan,3825420.0
In,2018-09-10 13:43:00,30.0,False,nan,3825420.0
In,2018-09-10 13:43:00,30.0,False,nan,3825420.0
In,2018-09-10 13:44:00,30.0,False,nan,3825480.0
In,2018-09-10 13:45:00,30.0,False,nan,3825540.0
In,2018-09-10 13:45:00,30.0,False,nan,3825540.0
In,2018-09-10 13:45:00,30.0,False,nan,3825540.0
In,2018-09-10 13:45:00,30.0,False,nan,3825540.0
In,2018-09-10 13:46:00,30.0,False,nan,3825600.0
In,2018-09-10 13:46:00,30.0,False,nan,3825600.0
In,2018-09-10 13:46:00,30.0,False,nan,3825600.0
In,2018-09-10 13:46:00,30.0,False,nan,3825600.0
In,2018-09-10 13:47:00,30.0,False,nan,3825660.0
In,2018-09-10 13:47:00,30.0,False,nan,3825660.0
In,2018-09-10 13:47:00,30.0,False,nan,3825660.0
In,2018-09-10 13:47:00,30.0,False,nan,3825660.0
In,2018-09-10 13:49:00,30.0,False,nan,3825780.0
In,2018-09-10 13:50:00,30.0,False,nan,3825840.0
In,2018-09-10 13:51:00,30.0,False,nan,3825900.0
In,2018-09-10 13:52:00,30.0,False,nan,3825960.0
In,2018-09-10 13:52:00,30.0,False,nan,3825960.0
In,2018-09-10 13:52:00,30.0,False,nan,3825960.0
In,2018-09-10 13:52:00,30.0,False,nan,3825960.0
In,2018-09-10 13:53:00,30.0,False,nan,3826020.0
In,2018-09-10 13:54:00,31.0,False,nan,3826080.0
In,2018-09-10 13:54:00,30.0,False,nan,3826080.0
In,2018-09-10 13:54:00,31.0,False,nan,3826080.0
In,2018-09-10 13:54:00,30.0,False,nan,3826080.0
In,2018-09-10 13:55:00,30.0,False,nan,3826140.0
In,2018-09-10 13:55:00,30.0,False,nan,3826140.0
In,2018-09-10 13:55:00,31.0,False,nan,3826140.0
In,2018-09-10 13:56:00,30.0,False,nan,3826200.0
In,2018-09-10 13:56:00,31.0,False,nan,3826200.0
In,2018-09-10 13:56:00,31.0,False,nan,3826200.0
In,2018-09-10 13:56:00,31.0,False,nan,3826200.0
In,2018-09-10 13:56:00,30.0,False,nan,3826200.0
In,2018-09-10 13:56:00,31.0,False,nan,3826200.0
In,2018-09-10 13:56:00,30.0,False,nan,3826200.0
In,2018-09-10 13:56:00,30.0,False,nan,3826200.0
In,2018-09-10 13:56:00,30.0,False,nan,3826200.0
In,2018-09-10 13:56:00,30.0,False,nan,3826200.0
In,2018-09-10 13:56:00,31.0,False,nan,3826200.0
In,2018-09-10 13:56:00,30.0,False,nan,3826200.0
In,2018-09-10 13:56:00,31.0,False,nan,3826200.0
In,2018-09-10 13:57:00,31.0,False,nan,3826260.0
In,2018-09-10 13:57:00,30.0,False,nan,3826260.0
In,2018-09-10 13:57:00,31.0,False,nan,3826260.0
In,2018-09-10 13:57:00,31.0,False,nan,3826260.0
In,2018-09-10 13:57:00,31.0,False,nan,3826260.0
In,2018-09-10 13:57:00,30.0,False,nan,3826260.0
In,2018-09-10 13:57:00,31.0,False,nan,3826260.0
In,2018-09-10 13:57:00,31.0,False,nan,3826260.0
In,2018-09-10 13:57:00,31.0,False,nan,3826260.0
In,2018-09-10 13:57:00,30.0,False,nan,3826260.0
In,2018-09-10 13:57:00,30.0,False,nan,3826260.0
In,2018-09-10 13:57:00,31.0,False,nan,3826260.0
In,2018-09-10 13:57:00,30.0,False,nan,3826260.0
In,2018-09-10 13:57:00,30.0,False,nan,3826260.0
In,2018-09-10 13:57:00,31.0,False,nan,3826260.0
In,2018-09-10 13:57:00,30.0,False,nan,3826260.0
In,2018-09-10 13:58:00,30.0,False,nan,3826320.0
In,2018-09-10 13:58:00,31.0,False,nan,3826320.0
In,2018-09-10 13:58:00,31.0,False,nan,3826320.0
In,2018-09-10 13:58:00,30.0,False,nan,3826320.0
In,2018-09-10 13:59:00,31.0,False,nan,3826380.0
In,2018-09-10 13:59:00,30.0,False,nan,3826380.0
In,2018-09-10 13:59:00,31.0,False,nan,3826380.0
In,2018-09-10 13:59:00,31.0,False,nan,3826380.0
In,2018-09-10 13:59:00,30.0,False,nan,3826380.0
In,2018-09-10 13:59:00,30.0,False,nan,3826380.0
In,2018-09-10 13:59:00,31.0,False,nan,3826380.0
In,2018-09-10 13:59:00,30.0,False,nan,3826380.0
In,2018-09-10 13:59:00,31.0,False,nan,3826380.0
In,2018-09-10 13:59:00,31.0,False,nan,3826380.0
In,2018-09-10 14:00:00,31.0,False,nan,3826440.0
In,2018-09-10 14:00:00,30.0,False,nan,3826440.0
In,2018-09-10 14:00:00,31.0,False,nan,3826440.0
In,2018-09-10 14:01:00,31.0,False,nan,3826500.0
In,2018-09-10 14:01:00,31.0,False,nan,3826500.0
In,2018-09-10 14:01:00,31.0,False,nan,3826500.0
In,2018-09-10 14:01:00,31.0,False,nan,3826500.0
In,2018-09-10 14:01:00,31.0,False,nan,3826500.0
In,2018-09-10 14:01:00,31.0,False,nan,3826500.0
In,2018-09-10 14:01:00,31.0,False,nan,3826500.0
In,2018-09-10 14:01:00,31.0,False,nan,3826500.0
In,2018-09-10 14:02:00,31.0,False,nan,3826560.0
In,2018-09-10 14:03:00,31.0,False,nan,3826620.0
In,2018-09-10 14:04:00,31.0,False,nan,3826680.0
In,2018-09-10 14:04:00,31.0,False,nan,3826680.0
In,2018-09-10 14:04:00,31.0,False,nan,3826680.0
In,2018-09-10 14:04:00,31.0,False,nan,3826680.0
In,2018-09-10 14:05:00,31.0,False,nan,3826740.0
In,2018-09-10 14:05:00,30.0,False,nan,3826740.0
In,2018-09-10 14:05:00,31.0,False,nan,3826740.0
In,2018-09-10 14:05:00,31.0,False,nan,3826740.0
In,2018-09-10 14:06:00,30.0,False,nan,3826800.0
In,2018-09-10 14:06:00,31.0,False,nan,3826800.0
In,2018-09-10 14:06:00,31.0,False,nan,3826800.0
In,2018-09-10 14:06:00,30.0,False,nan,3826800.0
In,2018-09-10 14:06:00,31.0,False,nan,3826800.0
In,2018-09-10 14:07:00,31.0,False,nan,3826860.0
In,2018-09-10 14:07:00,30.0,False,nan,3826860.0
In,2018-09-10 14:08:00,31.0,False,nan,3826920.0
In,2018-09-10 14:09:00,30.0,False,nan,3826980.0
In,2018-09-10 14:09:00,31.0,False,nan,3826980.0
In,2018-09-10 14:11:00,31.0,False,nan,3827100.0
In,2018-09-10 14:11:00,30.0,False,nan,3827100.0
In,2018-09-10 14:12:00,31.0,False,nan,3827160.0
In,2018-09-10 14:13:00,30.0,False,nan,3827220.0
In,2018-09-10 14:13:00,31.0,False,nan,3827220.0
In,2018-09-10 14:13:00,30.0,False,nan,3827220.0
In,2018-09-10 14:13:00,31.0,False,nan,3827220.0
In,2018-09-10 14:13:00,31.0,False,nan,3827220.0
In,2018-09-10 14:13:00,31.0,False,nan,3827220.0
In,2018-09-10 14:13:00,31.0,False,nan,3827220.0
In,2018-09-10 14:14:00,30.0,False,nan,3827280.0
In,2018-09-10 14:14:00,31.0,False,nan,3827280.0
In,2018-09-10 14:14:00,31.0,False,nan,3827280.0
In,2018-09-10 14:14:00,31.0,False,nan,3827280.0
In,2018-09-10 14:15:00,31.0,False,nan,3827340.0
In,2018-09-10 14:15:00,31.0,False,nan,3827340.0
In,2018-09-10 14:15:00,31.0,False,nan,3827340.0
In,2018-09-10 14:15:00,30.0,False,nan,3827340.0
In,2018-09-10 14:15:00,30.0,False,nan,3827340.0
In,2018-09-10 14:15:00,30.0,False,nan,3827340.0
In,2018-09-10 14:16:00,30.0,False,nan,3827400.0
In,2018-09-10 14:16:00,31.0,False,nan,3827400.0
In,2018-09-10 14:16:00,31.0,False,nan,3827400.0
In,2018-09-10 14:16:00,31.0,False,nan,3827400.0
In,2018-09-10 14:16:00,31.0,False,nan,3827400.0
In,2018-09-10 14:17:00,30.0,False,nan,3827460.0
In,2018-09-10 14:17:00,30.0,False,nan,3827460.0
In,2018-09-10 14:17:00,31.0,False,nan,3827460.0
In,2018-09-10 14:17:00,31.0,False,nan,3827460.0
In,2018-09-10 14:17:00,31.0,False,nan,3827460.0
In,2018-09-10 14:18:00,31.0,False,nan,3827520.0
In,2018-09-10 14:18:00,30.0,False,nan,3827520.0
In,2018-09-10 14:19:00,30.0,False,nan,3827580.0
In,2018-09-10 14:19:00,31.0,False,nan,3827580.0
In,2018-09-10 14:19:00,40.69555811275808,True,step,3827580.0
In,2018-09-10 14:20:00,40.69555811275808,True,step,3827640.0
In,2018-09-10 14:21:00,40.69555811275808,True,step,3827700.0
In,2018-09-10 14:21:00,39.69555811275808,True,step,3827700.0
In,2018-09-10 14:21:00,40.69555811275808,True,step,3827700.0
In,2018-09-10 14:21:00,39.69555811275808,True,step,3827700.0
In,2018-09-10 14:21:00,40.69555811275808,True,step,3827700.0
In,2018-09-10 14:21:00,39.69555811275808,True,step,3827700.0
In,2018-09-10 14:22:00,40.69555811275808,True,step,3827760.0
In,2018-09-10 14:22:00,39.69555811275808,True,step,3827760.0
In,2018-09-10 14:22:00,40.69555811275808,True,step,3827760.0
In,2018-09-10 14:22:00,40.69555811275808,True,step,3827760.0
In,2018-09-10 14:22:00,40.69555811275808,True,step,3827760.0
In,2018-09-10 14:23:00,40.69555811275808,True,step,3827820.0
In,2018-09-10 14:23:00,40.69555811275808,True,step,3827820.0
In,2018-09-10 14:23:00,40.69555811275808,True,step,3827820.0
In,2018-09-10 14:24:00,40.69555811275808,True,step,3827880.0
In,2018-09-10 14:24:00,40.69555811275808,True,step,3827880.0
In,2018-09-10 14:24:00,40.69555811275808,True,step,3827880.0
In,2018-09-10 14:24:00,39.69555811275808,True,step,3827880.0
In,2018-09-10 14:24:00,40.69555811275808,True,step,3827880.0
In,2018-09-10 14:26:00,40.69555811275808,True,step,3828000.0
In,2018-09-10 14:27:00,40.69555811275808,True,step,3828060.0
In,2018-09-10 14:28:00,40.69555811275808,True,step,3828120.0
In,2018-09-10 14:28:00,40.69555811275808,True,step,3828120.0
In,2018-09-10 14:29:00,39.69555811275808,True,step,3828180.0
In,2018-09-10 14:29:00,40.69555811275808,True,step,3828180.0
In,2018-09-10 14:29:00,39.69555811275808,True,step,3828180.0
In,2018-09-10 14:29:00,31.0,False,nan,3828180.0
In,2018-09-10 14:30:00,31.0,False,nan,3828240.0
In,2018-09-10 14:30:00,30.0,False,nan,3828240.0
In,2018-09-10 14:30:00,31.0,False,nan,3828240.0
In,2018-09-10 14:30:00,30.0,False,nan,3828240.0
In,2018-09-10 14:30:00,31.0,False,nan,3828240.0
In,2018-09-10 14:31:00,31.0,False,nan,3828300.0
In,2018-09-10 14:32:00,31.0,False,nan,3828360.0
In,2018-09-10 14:33:00,31.0,False,nan,3828420.0
In,2018-09-10 14:35:00,31.0,False,nan,3828540.0
In,2018-09-10 14:36:00,31.0,False,nan,3828600.0
In,2018-09-10 14:36:00,31.0,False,nan,3828600.0
In,2018-09-10 14:36:00,31.0,False,nan,3828600.0
In,2018-09-10 14:39:00,31.0,False,nan,3828780.0
In,2018-09-10 14:39:00,30.0,False,nan,3828780.0
In,2018-09-10 14:39:00,31.0,False,nan,3828780.0
In,2018-09-10 14:39:00,31.0,False,nan,3828780.0
In,2018-09-10 14:40:00,30.0,False,nan,3828840.0
In,2018-09-10 14:40:00,31.0,False,nan,3828840.0
In,2018-09-10 14:43:00,31.0,False,nan,3829020.0
In,2018-09-10 14:43:00,31.0,False,nan,3829020.0
In,2018-09-10 14:43:00,31.0,False,nan,3829020.0
In,2018-09-10 14:44:00,31.0,False,nan,3829080.0
In,2018-09-10 14:44:00,31.0,False,nan,3829080.0
In,2018-09-10 14:44:00,31.0,False,nan,3829080.0
In,2018-09-10 14:44:00,31.0,False,nan,3829080.0
In,2018-09-10 14:45:00,31.0,False,nan,3829140.0
In,2018-09-10 14:46:00,30.0,False,nan,3829200.0
In,2018-09-10 14:46:00,31.0,False,nan,3829200.0
In,2018-09-10 14:46:00,31.0,False,nan,3829200.0
In,2018-09-10 14:47:00,30.0,False,nan,3829260.0
In,2018-09-10 14:47:00,30.0,False,nan,3829260.0
In,2018-09-10 14:47:00,31.0,False,nan,3829260.0
In,2018-09-10 14:47:00,30.0,False,nan,3829260.0
In,2018-09-10 14:47:00,31.0,False,nan,3829260.0
In,2018-09-10 14:47:00,30.0,False,nan,3829260.0
In,2018-09-10 14:47:00,30.0,False,nan,3829260.0
In,2018-09-10 14:47:00,31.0,False,nan,3829260.0
In,2018-09-10 14:47:00,30.0,False,nan,3829260.0
In,2018-09-10 14:47:00,31.0,False,nan,3829260.0
In,2018-09-10 14:51:00,31.0,False,nan,3829500.0
In,2018-09-10 14:51:00,30.0,False,nan,3829500.0
In,2018-09-10 14:52:00,31.0,False,nan,3829560.0
In,2018-09-10 14:52:00,30.0,False,nan,3829560.0
In,2018-09-10 14:52:00,31.0,False,nan,3829560.0
In,2018-09-10 14:52:00,30.0,False,nan,3829560.0
In,2018-09-10 14:52:00,31.0,False,nan,3829560.0
In,2018-09-10 14:52:00,30.0,False,nan,3829560.0
In,2018-09-10 14:52:00,31.0,False,nan,3829560.0
In,2018-09-10 14:52:00,30.0,False,nan,3829560.0
In,2018-09-10 14:52:00,31.0,False,nan,3829560.0
In,2018-09-10 14:52:00,31.0,False,nan,3829560.0
In,2018-09-10 14:52:00,30.0,False,nan,3829560.0
In,2018-09-10 14:52:00,31.0,False,nan,3829560.0
In,2018-09-10 14:52:00,30.0,False,nan,3829560.0
In,2018-09-10 14:52:00,31.0,False,nan,3829560.0
In,2018-09-10 14:52:00,30.0,False,nan,3829560.0
In,2018-09-10 14:52:00,30.0,False,nan,3829560.0
In,2018-09-10 14:52:00,31.0,False,nan,3829560.0
In,2018-09-10 14:53:00,30.0,False,nan,3829620.0
In,2018-09-10 14:53:00,31.0,False,nan,3829620.0
In,2018-09-10 14:53:00,30.0,False,nan,3829620.0
In,2018-09-10 14:53:00,30.0,False,nan,3829620.0
In,2018-09-10 14:53:00,30.0,False,nan,3829620.0
In,2018-09-10 14:53:00,31.0,False,nan,3829620.0
In,2018-09-10 14:53:00,30.0,False,nan,3829620.0
In,2018-09-10 14:53:00,31.0,False,nan,3829620.0
In,2018-09-10 14:53:00,30.0,False,nan,3829620.0
In,2018-09-10 14:53:00,31.0,False,nan,3829620.0
In,2018-09-10 14:53:00,31.0,False,nan,3829620.0
In,2018-09-10 14:53:00,31.0,False,nan,3829620.0
In,2018-09-10 14:53:00,30.0,False,nan,3829620.0
In,2018-09-10 14:54:00,31.0,False,nan,3829680.0
In,2018-09-10 14:54:00,30.0,False,nan,3829680.0
In,2018-09-10 14:54:00,31.0,False,nan,3829680.0
In,2018-09-10 14:54:00,31.0,False,nan,3829680.0
In,2018-09-10 14:54:00,31.0,False,nan,3829680.0
In,2018-09-10 14:54:00,30.0,False,nan,3829680.0
In,2018-09-10 14:54:00,31.0,False,nan,3829680.0
In,2018-09-10 14:54:00,30.0,False,nan,3829680.0
In,2018-09-10 14:54:00,31.0,False,nan,3829680.0
In,2018-09-10 14:54:00,30.0,False,nan,3829680.0
In,2018-09-10 14:55:00,30.0,False,nan,3829740.0
In,2018-09-10 14:55:00,30.0,False,nan,3829740.0
In,2018-09-10 14:55:00,31.0,False,nan,3829740.0
In,2018-09-10 14:55:00,30.0,False,nan,3829740.0
In,2018-09-10 14:55:00,31.0,False,nan,3829740.0
In,2018-09-10 14:55:00,31.0,False,nan,3829740.0
In,2018-09-10 14:55:00,30.0,False,nan,3829740.0
In,2018-09-10 14:55:00,31.0,False,nan,3829740.0
In,2018-09-10 14:55:00,31.0,False,nan,3829740.0
In,2018-09-10 14:55:00,30.0,False,nan,3829740.0
In,2018-09-10 14:55:00,31.0,False,nan,3829740.0
In,2018-09-10 14:55:00,30.0,False,nan,3829740.0
In,2018-09-10 14:55:00,31.0,False,nan,3829740.0
In,2018-09-10 14:55:00,30.0,False,nan,3829740.0
In,2018-09-10 14:55:00,31.0,False,nan,3829740.0
In,2018-09-10 14:55:00,30.0,False,nan,3829740.0
In,2018-09-10 14:56:00,30.0,False,nan,3829800.0
In,2018-09-10 14:56:00,31.0,False,nan,3829800.0
In,2018-09-10 14:56:00,30.0,False,nan,3829800.0
In,2018-09-10 14:56:00,30.0,False,nan,3829800.0
In,2018-09-10 14:56:00,30.0,False,nan,3829800.0
In,2018-09-10 14:56:00,31.0,False,nan,3829800.0
In,2018-09-10 14:56:00,30.0,False,nan,3829800.0
In,2018-09-10 14:56:00,30.0,False,nan,3829800.0
In,2018-09-10 14:56:00,31.0,False,nan,3829800.0
In,2018-09-10 14:57:00,30.0,False,nan,3829860.0
In,2018-09-10 14:58:00,31.0,False,nan,3829920.0
In,2018-09-10 14:58:00,31.0,False,nan,3829920.0
In,2018-09-10 14:58:00,30.0,False,nan,3829920.0
In,2018-09-10 14:58:00,30.0,False,nan,3829920.0
In,2018-09-10 14:58:00,30.0,False,nan,3829920.0
In,2018-09-10 14:58:00,30.0,False,nan,3829920.0
In,2018-09-10 14:58:00,30.0,False,nan,3829920.0
In,2018-09-10 14:58:00,30.0,False,nan,3829920.0
In,2018-09-10 14:58:00,30.0,False,nan,3829920.0
In,2018-09-10 14:58:00,30.0,False,nan,3829920.0
In,2018-09-10 14:58:00,30.0,False,nan,3829920.0
In,2018-09-10 14:58:00,30.0,False,nan,3829920.0
In,2018-09-10 14:58:00,30.0,False,nan,3829920.0
In,2018-09-10 14:58:00,30.0,False,nan,3829920.0
In,2018-09-10 14:59:00,30.0,False,nan,3829980.0
In,2018-09-10 14:59:00,30.0,False,nan,3829980.0
In,2018-09-10 14:59:00,31.0,False,nan,3829980.0
In,2018-09-10 14:59:00,30.0,False,nan,3829980.0
In,2018-09-10 14:59:00,31.0,False,nan,3829980.0
In,2018-09-10 14:59:00,30.0,False,nan,3829980.0
In,2018-09-10 14:59:00,31.0,False,nan,3829980.0
In,2018-09-10 14:59:00,31.0,False,nan,3829980.0
In,2018-09-10 14:59:00,30.0,False,nan,3829980.0
In,2018-09-10 14:59:00,31.0,False,nan,3829980.0
In,2018-09-10 14:59:00,30.0,False,nan,3829980.0
In,2018-09-10 14:59:00,31.0,False,nan,3829980.0
In,2018-09-10 14:59:00,31.0,False,nan,3829980.0
In,2018-09-10 15:00:00,31.0,False,nan,3830040.0
In,2018-09-10 15:00:00,30.0,False,nan,3830040.0
In,2018-09-10 15:00:00,31.0,False,nan,3830040.0
In,2018-09-10 15:00:00,31.0,False,nan,3830040.0
In,2018-09-10 15:00:00,30.0,False,nan,3830040.0
In,2018-09-10 15:00:00,30.0,False,nan,3830040.0
In,2018-09-10 15:00:00,31.0,False,nan,3830040.0
In,2018-09-10 15:00:00,30.0,False,nan,3830040.0
In,2018-09-10 15:00:00,30.0,False,nan,3830040.0
In,2018-09-10 15:00:00,31.0,False,nan,3830040.0
In,2018-09-10 15:00:00,31.0,False,nan,3830040.0
In,2018-09-10 15:01:00,30.0,False,nan,3830100.0
In,2018-09-10 15:01:00,31.0,False,nan,3830100.0
In,2018-09-10 15:01:00,30.0,False,nan,3830100.0
In,2018-09-10 15:01:00,31.0,False,nan,3830100.0
In,2018-09-10 15:01:00,30.0,False,nan,3830100.0
In,2018-09-10 15:01:00,31.0,False,nan,3830100.0
In,2018-09-10 15:02:00,31.0,False,nan,3830160.0
In,2018-09-10 15:02:00,30.0,False,nan,3830160.0
In,2018-09-10 15:05:00,31.0,False,nan,3830340.0
In,2018-09-10 15:06:00,31.0,False,nan,3830400.0
In,2018-09-10 15:06:00,30.0,False,nan,3830400.0
In,2018-09-10 15:06:00,31.0,False,nan,3830400.0
In,2018-09-10 15:06:00,31.0,False,nan,3830400.0
In,2018-09-10 15:06:00,31.0,False,nan,3830400.0
In,2018-09-10 15:07:00,31.0,False,nan,3830460.0
In,2018-09-10 15:07:00,31.0,False,nan,3830460.0
In,2018-09-10 15:07:00,31.0,False,nan,3830460.0
In,2018-09-10 15:07:00,31.0,False,nan,3830460.0
In,2018-09-10 15:07:00,30.0,False,nan,3830460.0
In,2018-09-10 15:07:00,31.0,False,nan,3830460.0
In,2018-09-10 15:07:00,31.0,False,nan,3830460.0
In,2018-09-10 15:07:00,30.0,False,nan,3830460.0
In,2018-09-10 15:08:00,31.0,False,nan,3830520.0
In,2018-09-10 15:08:00,30.0,False,nan,3830520.0
In,2018-09-10 15:09:00,31.0,False,nan,3830580.0
In,2018-09-10 15:09:00,31.0,False,nan,3830580.0
In,2018-09-10 15:09:00,31.0,False,nan,3830580.0
In,2018-09-10 15:09:00,30.0,False,nan,3830580.0
In,2018-09-10 15:09:00,30.0,False,nan,3830580.0
In,2018-09-10 15:09:00,30.0,False,nan,3830580.0
In,2018-09-10 15:09:00,30.0,False,nan,3830580.0
In,2018-09-10 15:09:00,31.0,False,nan,3830580.0
In,2018-09-10 15:10:00,30.0,False,nan,3830640.0
In,2018-09-10 15:10:00,30.0,False,nan,3830640.0
In,2018-09-10 15:10:00,30.0,False,nan,3830640.0
In,2018-09-10 15:10:00,31.0,False,nan,3830640.0
In,2018-09-10 15:10:00,31.0,False,nan,3830640.0
In,2018-09-10 15:10:00,30.0,False,nan,3830640.0
In,2018-09-10 15:10:00,31.0,False,nan,3830640.0
In,2018-09-10 15:10:00,31.0,False,nan,3830640.0
In,2018-09-10 15:10:00,31.0,False,nan,3830640.0
In,2018-09-10 15:11:00,30.0,False,nan,3830700.0
In,2018-09-10 15:11:00,30.0,False,nan,3830700.0
In,2018-09-10 15:11:00,30.0,False,nan,3830700.0
In,2018-09-10 15:11:00,31.0,False,nan,3830700.0
In,2018-09-10 15:11:00,30.0,False,nan,3830700.0
In,2018-09-10 15:11:00,31.0,False,nan,3830700.0
In,2018-09-10 15:11:00,30.0,False,nan,3830700.0
In,2018-09-10 15:11:00,30.0,False,nan,3830700.0
In,2018-09-10 15:11:00,30.0,False,nan,3830700.0
In,2018-09-10 15:11:00,31.0,False,nan,3830700.0
In,2018-09-10 15:11:00,31.0,False,nan,3830700.0
In,2018-09-10 15:11:00,31.0,False,nan,3830700.0
In,2018-09-10 15:12:00,31.0,False,nan,3830760.0
In,2018-09-10 15:12:00,30.0,False,nan,3830760.0
In,2018-09-10 15:12:00,31.0,False,nan,3830760.0
In,2018-09-10 15:12:00,30.0,False,nan,3830760.0
In,2018-09-10 15:12:00,31.0,False,nan,3830760.0
In,2018-09-10 15:12:00,30.0,False,nan,3830760.0
In,2018-09-10 15:13:00,30.0,False,nan,3830820.0
In,2018-09-10 15:13:00,31.0,False,nan,3830820.0
In,2018-09-10 15:13:00,31.0,False,nan,3830820.0
In,2018-09-10 15:13:00,30.0,False,nan,3830820.0
In,2018-09-10 15:13:00,31.0,False,nan,3830820.0
In,2018-09-10 15:13:00,30.0,False,nan,3830820.0
In,2018-09-10 15:13:00,31.0,False,nan,3830820.0
In,2018-09-10 15:13:00,31.0,False,nan,3830820.0
In,2018-09-10 15:13:00,30.0,False,nan,3830820.0
In,2018-09-10 15:13:00,31.0,False,nan,3830820.0
In,2018-09-10 15:13:00,30.0,False,nan,3830820.0
In,2018-09-10 15:13:00,31.0,False,nan,3830820.0
In,2018-09-10 15:13:00,30.0,False,nan,3830820.0
In,2018-09-10 15:14:00,31.0,False,nan,3830880.0
In,2018-09-10 15:14:00,30.0,False,nan,3830880.0
In,2018-09-10 15:14:00,31.0,False,nan,3830880.0
In,2018-09-10 15:14:00,31.0,False,nan,3830880.0
In,2018-09-10 15:14:00,31.0,False,nan,3830880.0
In,2018-09-10 15:14:00,31.0,False,nan,3830880.0
In,2018-09-10 15:14:00,30.0,False,nan,3830880.0
In,2018-09-10 15:14:00,30.0,False,nan,3830880.0
In,2018-09-10 15:14:00,30.0,False,nan,3830880.0
In,2018-09-10 15:14:00,31.0,False,nan,3830880.0
In,2018-09-10 15:14:00,31.0,False,nan,3830880.0
In,2018-09-10 15:14:00,30.0,False,nan,3830880.0
In,2018-09-10 15:14:00,31.0,False,nan,3830880.0
In,2018-09-10 15:15:00,30.0,False,nan,3830940.0
In,2018-09-10 15:15:00,31.0,False,nan,3830940.0
In,2018-09-10 15:15:00,30.0,False,nan,3830940.0
In,2018-09-10 15:15:00,30.0,False,nan,3830940.0
In,2018-09-10 15:15:00,30.0,False,nan,3830940.0
In,2018-09-10 15:15:00,31.0,False,nan,3830940.0
In,2018-09-10 15:15:00,31.0,False,nan,3830940.0
In,2018-09-10 15:15:00,31.0,False,nan,3830940.0
In,2018-09-10 15:15:00,31.0,False,nan,3830940.0
In,2018-09-10 15:15:00,30.0,False,nan,3830940.0
In,2018-09-10 15:15:00,31.0,False,nan,3830940.0
In,2018-09-10 15:15:00,31.0,False,nan,3830940.0
In,2018-09-10 15:15:00,31.0,False,nan,3830940.0
In,2018-09-10 15:15:00,31.0,False,nan,3830940.0
In,2018-09-10 15:15:00,31.0,False,nan,3830940.0
In,2018-09-10 15:16:00,31.0,False,nan,3831000.0
In,2018-09-10 15:16:00,30.0,False,nan,3831000.0
In,2018-09-10 15:16:00,31.0,False,nan,3831000.0
In,2018-09-10 15:16:00,30.0,False,nan,3831000.0
In,2018-09-10 15:17:00,31.0,False,nan,3831060.0
In,2018-09-10 15:17:00,30.0,False,nan,3831060.0
In,2018-09-10 15:19:00,31.0,False,nan,3831180.0
In,2018-09-10 15:19:00,31.0,False,nan,3831180.0
In,2018-09-10 15:19:00,31.0,False,nan,3831180.0
In,2018-09-10 15:19:00,31.0,False,nan,3831180.0
In,2018-09-10 15:19:00,31.0,False,nan,3831180.0
In,2018-09-10 15:20:00,31.0,False,nan,3831240.0
In,2018-09-10 15:20:00,31.0,False,nan,3831240.0
In,2018-09-10 15:20:00,31.0,False,nan,3831240.0
In,2018-09-10 15:21:00,31.0,False,nan,3831300.0
In,2018-09-10 15:22:00,31.0,False,nan,3831360.0
In,2018-09-10 15:22:00,31.0,False,nan,3831360.0
In,2018-09-10 15:22:00,31.0,False,nan,3831360.0
In,2018-09-10 15:23:00,30.0,False,nan,3831420.0
In,2018-09-10 15:23:00,31.0,False,nan,3831420.0
In,2018-09-10 15:23:00,30.0,False,nan,3831420.0
In,2018-09-10 15:23:00,31.0,False,nan,3831420.0
In,2018-09-10 15:23:00,31.0,False,nan,3831420.0
In,2018-09-10 15:23:00,31.0,False,nan,3831420.0
In,2018-09-10 15:24:00,31.0,False,nan,3831480.0
In,2018-09-10 15:24:00,31.0,False,nan,3831480.0
In,2018-09-10 15:24:00,31.0,False,nan,3831480.0
In,2018-09-10 15:24:00,31.0,False,nan,3831480.0
In,2018-09-10 15:24:00,30.0,False,nan,3831480.0
In,2018-09-10 15:24:00,30.0,False,nan,3831480.0
In,2018-09-10 15:24:00,31.0,False,nan,3831480.0
In,2018-09-10 15:24:00,31.0,False,nan,3831480.0
In,2018-09-10 15:24:00,30.0,False,nan,3831480.0
In,2018-09-10 15:25:00,30.0,False,nan,3831540.0
In,2018-09-10 15:25:00,30.0,False,nan,3831540.0
In,2018-09-10 15:25:00,31.0,False,nan,3831540.0
In,2018-09-10 15:25:00,31.0,False,nan,3831540.0
In,2018-09-10 15:25:00,31.0,False,nan,3831540.0
In,2018-09-10 15:26:00,31.0,False,nan,3831600.0
In,2018-09-10 15:26:00,30.0,False,nan,3831600.0
In,2018-09-10 15:26:00,31.0,False,nan,3831600.0
In,2018-09-10 15:26:00,30.0,False,nan,3831600.0
In,2018-09-10 15:26:00,31.0,False,nan,3831600.0
In,2018-09-10 15:26:00,30.0,False,nan,3831600.0
In,2018-09-10 15:26:00,31.0,False,nan,3831600.0
In,2018-09-10 15:26:00,30.0,False,nan,3831600.0
In,2018-09-10 15:26:00,30.0,False,nan,3831600.0
In,2018-09-10 15:26:00,31.0,False,nan,3831600.0
In,2018-09-10 15:26:00,31.0,False,nan,3831600.0
In,2018-09-10 15:26:00,30.0,False,nan,3831600.0
In,2018-09-10 15:26:00,31.0,False,nan,3831600.0
In,2018-09-10 15:27:00,30.0,False,nan,3831660.0
In,2018-09-10 15:27:00,30.0,False,nan,3831660.0
In,2018-09-10 15:27:00,31.0,False,nan,3831660.0
In,2018-09-10 15:27:00,31.0,False,nan,3831660.0
In,2018-09-10 15:27:00,30.0,False,nan,3831660.0
In,2018-09-10 15:27:00,30.0,False,nan,3831660.0
In,2018-09-10 15:27:00,31.0,False,nan,3831660.0
In,2018-09-10 15:27:00,31.0,False,nan,3831660.0
In,2018-09-10 15:27:00,31.0,False,nan,3831660.0
In,2018-09-10 15:27:00,30.0,False,nan,3831660.0
In,2018-09-10 15:27:00,30.0,False,nan,3831660.0
In,2018-09-10 15:28:00,30.0,False,nan,3831720.0
In,2018-09-10 15:28:00,30.0,False,nan,3831720.0
In,2018-09-10 15:28:00,30.0,False,nan,3831720.0
In,2018-09-10 15:28:00,30.0,False,nan,3831720.0
In,2018-09-10 15:28:00,30.0,False,nan,3831720.0
In,2018-09-10 15:28:00,31.0,False,nan,3831720.0
In,2018-09-10 15:28:00,30.0,False,nan,3831720.0
In,2018-09-10 15:29:00,30.0,True,flatline,3831780.0
In,2018-09-10 15:29:00,30.0,False,nan,3831780.0
In,2018-09-10 15:29:00,30.0,False,nan,3831780.0
In,2018-09-10 15:29:00,30.0,False,nan,3831780.0
In,2018-09-10 15:29:00,30.0,False,nan,3831780.0
In,2018-09-10 15:29:00,30.0,True,flatline,3831780.0
In,2018-09-10 15:30:00,30.0,True,flatline,3831840.0
In,2018-09-10 15:30:00,30.0,True,flatline,3831840.0
In,2018-09-10 15:30:00,30.0,True,flatline,3831840.0
In,2018-09-10 15:31:00,30.0,True,flatline,3831900.0
In,2018-09-10 15:31:00,30.0,True,flatline,3831900.0
In,2018-09-10 15:31:00,30.0,True,flatline,3831900.0
In,2018-09-10 15:31:00,30.0,True,flatline,3831900.0
In,2018-09-10 15:31:00,30.0,True,flatline,3831900.0
In,2018-09-10 15:32:00,30.0,True,flatline,3831960.0
In,2018-09-10 15:33:00,30.0,True,flatline,3832020.0
In,2018-09-10 15:33:00,30.0,True,flatline,3832020.0
In,2018-09-10 15:33:00,30.0,True,flatline,3832020.0
In,2018-09-10 15:33:00,30.0,True,flatline,3832020.0
In,2018-09-10 15:33:00,30.0,True,flatline,3832020.0
In,2018-09-10 15:37:00,30.0,True,flatline,3832260.0
In,2018-09-10 15:37:00,30.0,True,flatline,3832260.0
In,2018-09-10 15:37:00,30.0,True,flatline,3832260.0
In,2018-09-10 15:37:00,30.0,True,flatline,3832260.0
In,2018-09-10 15:37:00,30.0,True,flatline,3832260.0
In,2018-09-10 15:38:00,30.0,True,flatline,3832320.0
In,2018-09-10 15:38:00,30.0,True,flatline,3832320.0
In,2018-09-10 15:38:00,30.0,True,flatline,3832320.0
In,2018-09-10 15:38:00,30.0,True,flatline,3832320.0
In,2018-09-10 15:38:00,30.0,True,flatline,3832320.0
In,2018-09-10 15:38:00,29.0,False,nan,3832320.0
In,2018-09-10 15:38:00,30.0,False,nan,3832320.0
In,2018-09-10 15:39:00,29.0,False,nan,3832380.0
In,2018-09-10 15:39:00,29.0,False,nan,3832380.0
In,2018-09-10 15:39:00,29.0,False,nan,3832380.0
In,2018-09-10 15:39:00,30.0,False,nan,3832380.0
In,2018-09-10 15:39:00,29.0,False,nan,3832380.0
In,2018-09-10 15:39:00,30.0,False,nan,3832380.0
In,2018-09-10 15:39:00,30.0,False,nan,3832380.0
In,2018-09-10 15:39:00,29.0,False,nan,3832380.0
In,2018-09-10 15:39:00,29.0,False,nan,3832380.0
In,2018-09-10 15:39:00,30.0,False,nan,3832380.0
In,2018-09-10 15:39:00,29.0,False,nan,3832380.0
In,2018-09-10 15:39:00,30.0,False,nan,3832380.0
In,2018-09-10 15:39:00,30.0,False,nan,3832380.0
In,2018-09-10 15:39:00,30.0,False,nan,3832380.0
In,2018-09-10 15:40:00,30.0,False,nan,3832440.0
In,2018-09-10 15:40:00,30.0,False,nan,3832440.0
In,2018-09-10 15:40:00,29.0,False,nan,3832440.0
In,2018-09-10 15:40:00,30.0,False,nan,3832440.0
In,2018-09-10 15:40:00,29.0,False,nan,3832440.0
In,2018-09-10 15:40:00,30.0,False,nan,3832440.0
In,2018-09-10 15:40:00,29.0,False,nan,3832440.0
In,2018-09-10 15:40:00,30.0,False,nan,3832440.0
In,2018-09-10 15:40:00,29.0,False,nan,3832440.0
In,2018-09-10 15:40:00,29.0,False,nan,3832440.0
In,2018-09-10 15:40:00,30.0,False,nan,3832440.0
In,2018-09-10 15:40:00,29.0,False,nan,3832440.0
In,2018-09-10 15:40:00,30.0,False,nan,3832440.0
In,2018-09-10 15:40:00,29.0,False,nan,3832440.0
In,2018-09-10 15:40:00,29.0,False,nan,3832440.0
In,2018-09-10 15:41:00,30.0,False,nan,3832500.0
In,2018-09-10 15:41:00,29.0,False,nan,3832500.0
In,2018-09-10 15:41:00,30.0,False,nan,3832500.0
In,2018-09-10 15:41:00,29.0,False,nan,3832500.0
In,2018-09-10 15:41:00,30.0,False,nan,3832500.0
In,2018-09-10 15:41:00,29.0,False,nan,3832500.0
In,2018-09-10 15:41:00,30.0,False,nan,3832500.0
In,2018-09-10 15:41:00,29.0,False,nan,3832500.0
In,2018-09-10 15:41:00,29.0,False,nan,3832500.0
In,2018-09-10 15:41:00,29.0,False,nan,3832500.0
In,2018-09-10 15:41:00,30.0,False,nan,3832500.0
In,2018-09-10 15:42:00,29.0,False,nan,3832560.0
In,2018-09-10 15:42:00,30.0,False,nan,3832560.0
In,2018-09-10 15:42:00,30.0,False,nan,3832560.0
In,2018-09-10 15:42:00,29.0,False,nan,3832560.0
In,2018-09-10 15:42:00,29.0,False,nan,3832560.0
In,2018-09-10 15:44:00,29.0,False,nan,3832680.0
In,2018-09-10 15:44:00,29.0,False,nan,3832680.0
In,2018-09-10 15:44:00,29.0,False,nan,3832680.0
In,2018-09-10 15:46:00,30.0,False,nan,3832800.0
In,2018-09-10 15:46:00,29.0,False,nan,3832800.0
In,2018-09-10 15:47:00,29.0,False,nan,3832860.0
In,2018-09-10 15:50:00,29.0,False,nan,3833040.0
In,2018-09-10 15:50:00,29.0,False,nan,3833040.0
In,2018-09-10 15:54:00,29.0,False,nan,3833280.0
In,2018-09-10 15:58:00,29.0,False,nan,3833520.0
In,2018-09-10 15:58:00,29.0,False,nan,3833520.0
In,2018-09-10 15:58:00,29.0,False,nan,3833520.0
In,2018-09-10 15:58:00,29.0,False,nan,3833520.0
In,2018-09-10 15:58:00,29.0,False,nan,3833520.0
In,2018-09-10 15:58:00,29.0,False,nan,3833520.0
In,2018-09-10 15:58:00,29.0,False,nan,3833520.0
In,2018-09-10 15:59:00,29.0,False,nan,3833580.0
In,2018-09-10 15:59:00,28.0,False,nan,3833580.0
In,2018-09-10 16:03:00,29.0,False,nan,3833820.0
In,2018-09-10 16:03:00,29.0,False,nan,3833820.0
In,2018-09-10 16:05:00,29.0,False,nan,3833940.0
In,2018-09-10 16:05:00,29.0,False,nan,3833940.0
In,2018-09-10 16:05:00,29.0,False,nan,3833940.0
In,2018-09-10 16:05:00,29.0,False,nan,3833940.0
In,2018-09-10 16:05:00,29.0,False,nan,3833940.0
In,2018-09-10 16:05:00,29.0,False,nan,3833940.0
In,2018-09-10 16:05:00,29.0,False,nan,3833940.0
In,2018-09-10 16:06:00,29.0,False,nan,3834000.0
In,2018-09-10 16:06:00,29.0,False,nan,3834000.0
In,2018-09-10 16:06:00,29.0,False,nan,3834000.0
In,2018-09-10 16:06:00,29.0,False,nan,3834000.0
In,2018-09-10 16:07:00,29.0,False,nan,3834060.0
In,2018-09-10 16:07:00,29.0,False,nan,3834060.0
In,2018-09-10 16:08:00,29.0,False,nan,3834120.0
In,2018-09-10 16:08:00,29.0,False,nan,3834120.0
In,2018-09-10 16:08:00,29.0,False,nan,3834120.0
In,2018-09-10 16:08:00,29.0,False,nan,3834120.0
In,2018-09-10 16:08:00,29.0,False,nan,3834120.0
In,2018-09-10 16:08:00,29.0,False,nan,3834120.0
In,2018-09-10 16:08:00,29.0,False,nan,3834120.0
In,2018-09-10 16:08:00,29.0,False,nan,3834120.0
In,2018-09-10 16:08:00,29.0,False,nan,3834120.0
In,2018-09-10 16:09:00,29.0,False,nan,3834180.0
In,2018-09-10 16:09:00,29.0,False,nan,3834180.0
In,2018-09-10 16:09:00,29.0,False,nan,3834180.0
In,2018-09-10 16:09:00,29.0,False,nan,3834180.0
In,2018-09-10 16:09:00,29.0,False,nan,3834180.0
In,2018-09-10 16:09:00,29.0,False,nan,3834180.0
In,2018-09-10 16:09:00,29.0,False,nan,3834180.0
In,2018-09-10 16:10:00,29.0,False,nan,3834240.0
In,2018-09-10 16:10:00,29.0,False,nan,3834240.0
In,2018-09-10 16:16:00,29.0,False,nan,3834600.0
In,2018-09-10 16:16:00,29.0,False,nan,3834600.0
In,2018-09-10 16:16:00,29.0,False,nan,3834600.0
In,2018-09-10 16:16:00,29.0,False,nan,3834600.0
In,2018-09-10 16:16:00,29.0,False,nan,3834600.0
In,2018-09-10 16:16:00,29.0,False,nan,3834600.0
In,2018-09-10 16:16:00,29.0,False,nan,3834600.0
In,2018-09-10 16:16:00,29.0,False,nan,3834600.0
In,2018-09-10 16:17:00,29.0,False,nan,3834660.0
In,2018-09-10 16:17:00,29.0,False,nan,3834660.0
In,2018-09-10 16:17:00,29.0,False,nan,3834660.0
In,2018-09-10 16:17:00,29.0,False,nan,3834660.0
In,2018-09-10 16:17:00,29.0,False,nan,3834660.0
In,2018-09-10 16:17:00,29.0,False,nan,3834660.0
In,2018-09-10 16:17:00,29.0,False,nan,3834660.0
In,2018-09-10 16:17:00,29.0,False,nan,3834660.0
In,2018-09-10 16:17:00,29.0,False,nan,3834660.0
In,2018-09-10 16:17:00,29.0,False,nan,3834660.0
In,2018-09-10 16:18:00,29.0,False,nan,3834720.0
In,2018-09-10 16:18:00,29.0,False,nan,3834720.0
In,2018-09-10 16:18:00,29.0,False,nan,3834720.0
In,2018-09-10 16:18:00,29.0,False,nan,3834720.0
In,2018-09-10 16:18:00,29.0,False,nan,3834720.0
In,2018-09-10 16:18:00,29.0,False,nan,3834720.0
In,2018-09-10 16:19:00,29.0,False,nan,3834780.0
In,2018-09-10 16:19:00,29.0,False,nan,3834780.0
In,2018-09-10 16:19:00,29.0,False,nan,3834780.0
In,2018-09-10 16:19:00,29.0,False,nan,3834780.0
In,2018-09-10 16:20:00,29.0,False,nan,3834840.0
In,2018-09-10 16:20:00,29.0,False,nan,3834840.0
In,2018-09-10 16:20:00,29.0,False,nan,3834840.0
In,2018-09-10 16:24:00,29.0,False,nan,3835080.0
In,2018-09-10 16:24:00,29.0,False,nan,3835080.0
In,2018-09-10 16:24:00,29.0,False,nan,3835080.0
In,2018-09-10 16:24:00,29.0,False,nan,3835080.0
In,2018-09-10 16:24:00,29.0,False,nan,3835080.0
In,2018-09-10 16:25:00,29.0,False,nan,3835140.0
In,2018-09-10 16:25:00,29.0,False,nan,3835140.0
In,2018-09-10 16:25:00,28.0,False,nan,3835140.0
In,2018-09-10 16:25:00,29.0,False,nan,3835140.0
In,2018-09-10 16:25:00,29.0,False,nan,3835140.0
In,2018-09-10 16:25:00,29.0,False,nan,3835140.0
In,2018-09-10 16:25:00,29.0,False,nan,3835140.0
In,2018-09-10 16:26:00,29.0,False,nan,3835200.0
In,2018-09-10 16:26:00,29.0,False,nan,3835200.0
In,2018-09-10 16:26:00,29.0,False,nan,3835200.0
In,2018-09-10 16:26:00,29.0,False,nan,3835200.0
In,2018-09-10 16:26:00,29.0,False,nan,3835200.0
In,2018-09-10 16:26:00,29.0,False,nan,3835200.0
In,2018-09-10 16:26:00,29.0,False,nan,3835200.0
In,2018-09-10 16:26:00,29.0,False,nan,3835200.0
In,2018-09-10 16:26:00,29.0,False,nan,3835200.0
In,2018-09-10 16:26:00,29.0,False,nan,3835200.0
In,2018-09-10 16:26:00,29.0,False,nan,3835200.0
In,2018-09-10 16:31:00,28.0,False,nan,3835500.0
In,2018-09-10 16:31:00,29.0,False,nan,3835500.0
In,2018-09-10 16:33:00,28.0,False,nan,3835620.0
In,2018-09-10 16:33:00,29.0,False,nan,3835620.0
In,2018-09-10 16:38:00,29.0,False,nan,3835920.0
In,2018-09-10 16:38:00,29.0,False,nan,3835920.0
In,2018-09-10 16:38:00,29.0,False,nan,3835920.0
In,2018-09-10 16:40:00,29.0,False,nan,3836040.0
In,2018-09-10 16:40:00,30.0,False,nan,3836040.0
In,2018-09-10 16:41:00,29.0,False,nan,3836100.0
In,2018-09-10 16:41:00,29.0,False,nan,3836100.0
In,2018-09-10 16:41:00,29.0,False,nan,3836100.0
In,2018-09-10 16:42:00,29.0,False,nan,3836160.0
In,2018-09-10 16:42:00,30.0,False,nan,3836160.0
In,2018-09-10 16:43:00,29.0,False,nan,3836220.0
In,2018-09-10 16:43:00,29.0,False,nan,3836220.0
In,2018-09-10 16:43:00,29.0,False,nan,3836220.0
In,2018-09-10 16:44:00,30.0,False,nan,3836280.0
In,2018-09-10 16:44:00,29.0,False,nan,3836280.0
In,2018-09-10 16:44:00,30.0,False,nan,3836280.0
In,2018-09-10 16:44:00,29.0,False,nan,3836280.0
In,2018-09-10 16:44:00,29.0,False,nan,3836280.0
In,2018-09-10 16:44:00,30.0,False,nan,3836280.0
In,2018-09-10 16:44:00,30.0,False,nan,3836280.0
In,2018-09-10 16:44:00,30.0,False,nan,3836280.0
In,2018-09-10 16:44:00,29.0,False,nan,3836280.0
In,2018-09-10 16:44:00,29.0,False,nan,3836280.0
In,2018-09-10 16:44:00,29.0,False,nan,3836280.0
In,2018-09-10 16:44:00,29.0,False,nan,3836280.0
In,2018-09-10 16:44:00,29.0,False,nan,3836280.0
In,2018-09-10 16:44:00,29.0,False,nan,3836280.0
In,2018-09-10 16:44:00,29.0,False,nan,3836280.0
In,2018-09-10 16:44:00,29.0,False,nan,3836280.0
In,2018-09-10 16:45:00,30.0,False,nan,3836340.0
In,2018-09-10 16:45:00,29.0,False,nan,3836340.0
In,2018-09-10 16:45:00,30.0,False,nan,3836340.0
In,2018-09-10 16:45:00,29.0,False,nan,3836340.0
In,2018-09-10 16:45:00,29.0,False,nan,3836340.0
In,2018-09-10 16:45:00,29.0,False,nan,3836340.0
In,2018-09-10 16:45:00,29.0,False,nan,3836340.0
In,2018-09-10 16:45:00,30.0,False,nan,3836340.0
In,2018-09-10 16:45:00,30.0,False,nan,3836340.0
In,2018-09-10 16:45:00,30.0,False,nan,3836340.0
In,2018-09-10 16:46:00,29.0,False,nan,3836400.0
In,2018-09-10 16:46:00,29.0,False,nan,3836400.0
In,2018-09-10 16:46:00,30.0,False,nan,3836400.0
In,2018-09-10 16:46:00,30.0,False,nan,3836400.0
In,2018-09-10 16:46:00,29.0,False,nan,3836400.0
In,2018-09-10 16:46:00,30.0,False,nan,3836400.0
In,2018-09-10 16:46:00,29.0,False,nan,3836400.0
In,2018-09-10 16:46:00,30.0,False,nan,3836400.0
In,2018-09-10 16:47:00,30.0,False,nan,3836460.0
In,2018-09-10 16:47:00,30.0,False,nan,3836460.0
In,2018-09-10 16:47:00,29.0,False,nan,3836460.0
In,2018-09-10 16:47:00,29.0,False,nan,3836460.0
In,2018-09-10 16:47:00,29.0,False,nan,3836460.0
In,2018-09-10 16:47:00,30.0,False,nan,3836460.0
In,2018-09-10 16:47:00,29.0,False,nan,3836460.0
In,2018-09-10 16:48:00,30.0,False,nan,3836520.0
In,2018-09-10 16:48:00,29.0,False,nan,3836520.0
In,2018-09-10 16:49:00,30.0,False,nan,3836580.0
In,2018-09-10 16:49:00,30.0,False,nan,3836580.0
In,2018-09-10 16:49:00,29.0,False,nan,3836580.0
In,2018-09-10 16:49:00,29.0,False,nan,3836580.0
In,2018-09-10 16:50:00,30.0,False,nan,3836640.0
In,2018-09-10 16:50:00,29.0,False,nan,3836640.0
In,2018-09-10 16:51:00,29.0,False,nan,3836700.0
In,2018-09-10 16:51:00,30.0,False,nan,3836700.0
In,2018-09-10 16:52:00,30.0,False,nan,3836760.0
In,2018-09-10 16:52:00,30.0,False,nan,3836760.0
In,2018-09-10 16:52:00,30.0,False,nan,3836760.0
In,2018-09-10 16:52:00,30.0,False,nan,3836760.0
In,2018-09-10 16:52:00,30.0,False,nan,3836760.0
In,2018-09-10 16:52:00,30.0,False,nan,3836760.0
In,2018-09-10 16:52:00,30.0,False,nan,3836760.0
In,2018-09-10 16:52:00,30.0,False,nan,3836760.0
In,2018-09-10 16:52:00,30.0,False,nan,3836760.0
In,2018-09-10 16:52:00,30.0,False,nan,3836760.0
In,2018-09-10 16:52:00,30.0,False,nan,3836760.0
In,2018-09-10 16:58:00,30.0,False,nan,3837120.0
In,2018-09-10 16:59:00,30.0,False,nan,3837180.0
In,2018-09-10 17:02:00,29.0,False,nan,3837360.0
In,2018-09-10 17:02:00,30.0,False,nan,3837360.0
In,2018-09-10 17:04:00,30.0,False,nan,3837480.0
In,2018-09-10 17:04:00,30.0,False,nan,3837480.0
In,2018-09-10 17:04:00,30.0,False,nan,3837480.0
In,2018-09-10 17:04:00,29.0,False,nan,3837480.0
In,2018-09-10 17:05:00,30.0,False,nan,3837540.0
In,2018-09-10 17:05:00,30.0,False,nan,3837540.0
In,2018-09-10 17:05:00,30.0,False,nan,3837540.0
In,2018-09-10 17:05:00,29.0,False,nan,3837540.0
In,2018-09-10 17:05:00,29.0,False,nan,3837540.0
In,2018-09-10 17:05:00,30.0,False,nan,3837540.0
In,2018-09-10 17:06:00,29.0,False,nan,3837600.0
In,2018-09-10 17:06:00,30.0,False,nan,3837600.0
In,2018-09-10 17:06:00,29.0,False,nan,3837600.0
In,2018-09-10 17:06:00,30.0,False,nan,3837600.0
In,2018-09-10 17:06:00,29.0,False,nan,3837600.0
In,2018-09-10 17:06:00,29.0,False,nan,3837600.0
In,2018-09-10 17:06:00,30.0,False,nan,3837600.0
In,2018-09-10 17:08:00,29.0,False,nan,3837720.0
In,2018-09-10 17:08:00,29.0,False,nan,3837720.0
In,2018-09-10 17:08:00,29.0,False,nan,3837720.0
In,2018-09-10 17:08:00,29.0,False,nan,3837720.0
In,2018-09-10 17:08:00,29.0,False,nan,3837720.0
In,2018-09-10 17:10:00,29.0,False,nan,3837840.0
In,2018-09-10 17:10:00,29.0,False,nan,3837840.0
In,2018-09-10 17:10:00,29.0,False,nan,3837840.0
In,2018-09-10 17:12:00,29.0,False,nan,3837960.0
In,2018-09-10 17:12:00,29.0,False,nan,3837960.0
In,2018-09-10 17:12:00,29.0,False,nan,3837960.0
In,2018-09-10 17:12:00,29.0,False,nan,3837960.0
In,2018-09-10 17:12:00,29.0,False,nan,3837960.0
In,2018-09-10 17:13:00,28.0,False,nan,3838020.0
In,2018-09-10 17:13:00,29.0,False,nan,3838020.0
In,2018-09-10 17:23:00,29.0,False,nan,3838620.0
In,2018-09-10 17:24:00,29.0,False,nan,3838680.0
In,2018-09-10 17:24:00,29.0,False,nan,3838680.0
In,2018-09-10 17:24:00,29.0,False,nan,3838680.0
In,2018-09-10 17:24:00,29.0,False,nan,3838680.0
In,2018-09-10 17:24:00,29.0,False,nan,3838680.0
In,2018-09-10 17:24:00,29.0,False,nan,3838680.0
In,2018-09-10 17:24:00,29.0,False,nan,3838680.0
In,2018-09-10 17:25:00,29.0,False,nan,3838740.0
In,2018-09-10 17:25:00,29.0,False,nan,3838740.0
In,2018-09-10 17:25:00,29.0,False,nan,3838740.0
In,2018-09-10 17:25:00,29.0,False,nan,3838740.0
In,2018-09-10 17:25:00,29.0,False,nan,3838740.0
In,2018-09-10 17:25:00,29.0,False,nan,3838740.0
In,2018-09-10 17:25:00,29.0,False,nan,3838740.0
In,2018-09-10 17:25:00,29.0,False,nan,3838740.0
In,2018-09-10 17:26:00,29.0,False,nan,3838800.0
In,2018-09-10 17:26:00,29.0,False,nan,3838800.0
In,2018-09-10 17:26:00,29.0,False,nan,3838800.0
In,2018-09-10 17:26:00,29.0,False,nan,3838800.0
In,2018-09-10 17:26:00,29.0,False,nan,3838800.0
In,2018-09-10 17:26:00,29.0,False,nan,3838800.0
In,2018-09-10 17:26:00,29.0,False,nan,3838800.0
In,2018-09-10 17:27:00,29.0,False,nan,3838860.0
In,2018-09-10 17:27:00,29.0,False,nan,3838860.0
In,2018-09-10 17:27:00,29.0,False,nan,3838860.0
In,2018-09-10 17:27:00,29.0,False,nan,3838860.0
In,2018-09-10 17:27:00,29.0,False,nan,3838860.0
In,2018-09-10 17:27:00,29.0,False,nan,3838860.0
In,2018-09-10 17:27:00,29.0,False,nan,3838860.0
In,2018-09-10 17:28:00,29.0,False,nan,3838920.0
In,2018-09-10 17:33:00,29.0,False,nan,3839220.0
In,2018-09-10 17:33:00,29.0,False,nan,3839220.0
In,2018-09-10 17:34:00,29.0,False,nan,3839280.0
In,2018-09-10 17:34:00,29.0,False,nan,3839280.0
In,2018-09-10 17:34:00,29.0,False,nan,3839280.0
In,2018-09-10 17:34:00,29.0,False,nan,3839280.0
In,2018-09-10 17:34:00,29.0,False,nan,3839280.0
In,2018-09-10 17:34:00,29.0,False,nan,3839280.0
In,2018-09-10 17:34:00,29.0,False,nan,3839280.0
In,2018-09-10 17:34:00,29.0,False,nan,3839280.0
In,2018-09-10 17:34:00,29.0,False,nan,3839280.0
In,2018-09-10 17:34:00,29.0,False,nan,3839280.0
In,2018-09-10 17:35:00,29.0,False,nan,3839340.0
In,2018-09-10 17:35:00,29.0,False,nan,3839340.0
In,2018-09-10 17:35:00,29.0,False,nan,3839340.0
In,2018-09-10 17:36:00,29.0,False,nan,3839400.0
In,2018-09-10 17:36:00,29.0,False,nan,3839400.0
In,2018-09-10 17:36:00,29.0,False,nan,3839400.0
In,2018-09-10 17:36:00,29.0,False,nan,3839400.0
In,2018-09-10 17:51:00,29.0,False,nan,3840300.0
In,2018-09-10 17:51:00,29.0,False,nan,3840300.0
In,2018-09-10 17:52:00,29.0,False,nan,3840360.0
In,2018-09-10 17:52:00,29.0,False,nan,3840360.0
In,2018-09-10 17:52:00,29.0,False,nan,3840360.0
In,2018-09-10 18:00:00,29.0,False,nan,3840840.0
In,2018-09-10 18:01:00,29.0,False,nan,3840900.0
In,2018-09-10 18:01:00,29.0,False,nan,3840900.0
In,2018-09-10 18:01:00,29.0,False,nan,3840900.0
In,2018-09-10 18:01:00,29.0,False,nan,3840900.0
In,2018-09-10 18:01:00,29.0,False,nan,3840900.0
In,2018-09-10 18:01:00,28.0,False,nan,3840900.0
In,2018-09-10 18:01:00,29.0,False,nan,3840900.0
In,2018-09-10 18:01:00,29.0,False,nan,3840900.0
In,2018-09-10 18:01:00,29.0,False,nan,3840900.0
In,2018-09-10 18:01:00,29.0,False,nan,3840900.0
In,2018-09-10 18:01:00,29.0,False,nan,3840900.0
In,2018-09-10 18:02:00,29.0,False,nan,3840960.0
In,2018-09-10 18:02:00,29.0,False,nan,3840960.0
In,2018-09-10 18:02:00,29.0,False,nan,3840960.0
In,2018-09-10 18:02:00,29.0,False,nan,3840960.0
In,2018-09-10 18:02:00,29.0,False,nan,3840960.0
In,2018-09-10 18:02:00,29.0,False,nan,3840960.0
In,2018-09-10 18:02:00,29.0,False,nan,3840960.0
In,2018-09-10 18:02:00,29.0,False,nan,3840960.0
In,2018-09-10 18:02:00,29.0,False,nan,3840960.0
In,2018-09-10 18:02:00,29.0,False,nan,3840960.0
In,2018-09-10 18:02:00,29.0,False,nan,3840960.0
In,2018-09-10 18:02:00,29.0,False,nan,3840960.0
In,2018-09-10 18:03:00,28.0,False,nan,3841020.0
In,2018-09-10 18:03:00,29.0,False,nan,3841020.0
In,2018-09-10 18:03:00,29.0,False,nan,3841020.0
In,2018-09-10 18:03:00,29.0,False,nan,3841020.0
In,2018-09-10 18:03:00,29.0,False,nan,3841020.0
In,2018-09-10 18:03:00,29.0,False,nan,3841020.0
In,2018-09-10 18:04:00,29.0,False,nan,3841080.0
In,2018-09-10 18:04:00,29.0,False,nan,3841080.0
In,2018-09-10 18:04:00,29.0,False,nan,3841080.0
In,2018-09-10 18:04:00,29.0,False,nan,3841080.0
In,2018-09-10 18:04:00,29.0,False,nan,3841080.0
In,2018-09-10 18:04:00,29.0,False,nan,3841080.0
In,2018-09-10 18:04:00,29.0,False,nan,3841080.0
In,2018-09-10 18:04:00,29.0,False,nan,3841080.0
In,2018-09-10 18:05:00,29.0,False,nan,3841140.0
In,2018-09-10 18:05:00,29.0,False,nan,3841140.0
In,2018-09-10 18:05:00,29.0,False,nan,3841140.0
In,2018-09-10 18:05:00,29.0,False,nan,3841140.0
In,2018-09-10 18:05:00,29.0,False,nan,3841140.0
In,2018-09-10 18:05:00,29.0,False,nan,3841140.0
In,2018-09-10 18:05:00,29.0,False,nan,3841140.0
In,2018-09-10 18:06:00,29.0,False,nan,3841200.0
In,2018-09-10 18:06:00,29.0,False,nan,3841200.0
In,2018-09-10 18:07:00,29.0,False,nan,3841260.0
In,2018-09-10 18:07:00,28.0,False,nan,3841260.0
In,2018-09-10 18:07:00,29.0,False,nan,3841260.0
In,2018-09-10 18:07:00,29.0,False,nan,3841260.0
In,2018-09-10 18:07:00,29.0,False,nan,3841260.0
In,2018-09-10 18:07:00,29.0,False,nan,3841260.0
In,2018-09-10 18:07:00,29.0,False,nan,3841260.0
In,2018-09-10 18:07:00,29.0,False,nan,3841260.0
In,2018-09-10 18:13:00,29.0,False,nan,3841620.0
In,2018-09-10 18:13:00,28.0,False,nan,3841620.0
In,2018-09-10 18:35:00,28.0,False,nan,3842940.0
In,2018-09-10 18:35:00,29.0,False,nan,3842940.0
In,2018-09-10 18:48:00,28.0,False,nan,3843720.0
In,2018-09-10 18:48:00,29.0,False,nan,3843720.0
In,2018-09-10 18:53:00,29.0,False,nan,3844020.0
In,2018-09-10 18:53:00,28.0,False,nan,3844020.0
In,2018-09-10 18:54:00,28.0,False,nan,3844080.0
In,2018-09-10 18:54:00,29.0,False,nan,3844080.0
In,2018-09-10 19:01:00,29.0,False,nan,3844500.0
In,2018-09-10 19:01:00,28.0,False,nan,3844500.0
In,2018-09-10 19:10:00,29.0,False,nan,3845040.0
In,2018-09-10 19:10:00,28.0,False,nan,3845040.0
In,2018-09-10 19:15:00,28.0,False,nan,3845340.0
In,2018-09-10 19:15:00,29.0,False,nan,3845340.0
In,2018-09-10 19:23:00,28.0,False,nan,3845820.0
In,2018-09-10 19:23:00,29.0,False,nan,3845820.0
In,2018-09-10 19:32:00,29.0,False,nan,3846360.0
In,2018-09-10 19:32:00,28.0,False,nan,3846360.0
In,2018-09-10 19:33:00,29.0,False,nan,3846420.0
In,2018-09-10 19:33:00,29.0,False,nan,3846420.0
In,2018-09-10 19:33:00,29.0,False,nan,3846420.0
In,2018-09-10 19:33:00,29.0,False,nan,3846420.0
In,2018-09-10 19:35:00,29.0,False,nan,3846540.0
In,2018-09-10 19:35:00,28.0,False,nan,3846540.0
In,2018-09-10 19:38:00,29.0,False,nan,3846720.0
In,2018-09-10 19:38:00,29.0,False,nan,3846720.0
In,2018-09-10 19:38:00,29.0,False,nan,3846720.0
In,2018-09-10 19:38:00,29.0,False,nan,3846720.0
In,2018-09-10 19:39:00,29.0,False,nan,3846780.0
In,2018-09-10 19:39:00,29.0,False,nan,3846780.0
In,2018-09-10 19:39:00,29.0,False,nan,3846780.0
In,2018-09-10 19:39:00,29.0,False,nan,3846780.0
In,2018-09-10 19:39:00,29.0,False,nan,3846780.0
In,2018-09-10 19:39:00,29.0,False,nan,3846780.0
In,2018-09-10 19:39:00,29.0,False,nan,3846780.0
In,2018-09-10 19:40:00,29.0,False,nan,3846840.0
In,2018-09-10 19:40:00,29.0,False,nan,3846840.0
In,2018-09-10 19:40:00,29.0,False,nan,3846840.0
In,2018-09-10 19:40:00,29.0,False,nan,3846840.0
In,2018-09-10 19:41:00,29.0,False,nan,3846900.0
In,2018-09-10 19:41:00,29.0,False,nan,3846900.0
In,2018-09-10 19:41:00,29.0,False,nan,3846900.0
In,2018-09-10 19:41:00,29.0,False,nan,3846900.0
In,2018-09-10 19:41:00,29.0,False,nan,3846900.0
In,2018-09-10 19:41:00,29.0,False,nan,3846900.0
In,2018-09-10 19:41:00,29.0,False,nan,3846900.0
In,2018-09-10 19:41:00,29.0,False,nan,3846900.0
In,2018-09-10 19:41:00,29.0,False,nan,3846900.0
In,2018-09-10 19:42:00,29.0,False,nan,3846960.0
In,2018-09-10 19:42:00,29.0,False,nan,3846960.0
In,2018-09-10 19:42:00,29.0,False,nan,3846960.0
In,2018-09-10 19:43:00,29.0,False,nan,3847020.0
In,2018-09-10 19:43:00,28.0,False,nan,3847020.0
In,2018-09-10 19:43:00,28.0,False,nan,3847020.0
In,2018-09-10 19:43:00,29.0,False,nan,3847020.0
In,2018-09-10 19:43:00,29.0,False,nan,3847020.0
In,2018-09-10 19:43:00,28.0,False,nan,3847020.0
In,2018-09-10 19:43:00,28.0,False,nan,3847020.0
In,2018-09-10 19:44:00,28.0,False,nan,3847080.0
In,2018-09-10 19:44:00,28.0,False,nan,3847080.0
In,2018-09-10 19:44:00,28.0,False,nan,3847080.0
In,2018-09-10 19:44:00,29.0,False,nan,3847080.0
In,2018-09-10 19:44:00,28.0,False,nan,3847080.0
In,2018-09-10 19:44:00,29.0,False,nan,3847080.0
In,2018-09-10 19:44:00,28.0,False,nan,3847080.0
In,2018-09-10 19:44:00,28.0,False,nan,3847080.0
In,2018-09-10 19:44:00,29.0,False,nan,3847080.0
In,2018-09-10 19:44:00,28.0,False,nan,3847080.0
In,2018-09-10 19:44:00,29.0,False,nan,3847080.0
In,2018-09-10 19:44:00,28.0,False,nan,3847080.0
In,2018-09-10 19:44:00,29.0,False,nan,3847080.0
In,2018-09-10 19:44:00,29.0,False,nan,3847080.0
In,2018-09-10 19:44:00,28.0,False,nan,3847080.0
In,2018-09-10 19:52:00,28.0,False,nan,3847560.0
In,2018-09-10 19:52:00,28.0,False,nan,3847560.0
In,2018-09-10 19:53:00,28.0,False,nan,3847620.0
In,2018-09-10 19:53:00,28.0,False,nan,3847620.0
In,2018-09-10 19:54:00,28.0,False,nan,3847680.0
In,2018-09-10 19:54:00,28.0,False,nan,3847680.0
In,2018-09-10 19:54:00,28.0,False,nan,3847680.0
In,2018-09-10 19:54:00,28.0,False,nan,3847680.0
In,2018-09-10 19:54:00,28.0,False,nan,3847680.0
In,2018-09-10 19:54:00,28.0,False,nan,3847680.0
In,2018-09-10 19:54:00,28.0,False,nan,3847680.0
In,2018-09-10 20:05:00,28.0,False,nan,3848340.0
In,2018-09-10 20:05:00,29.0,False,nan,3848340.0
In,2018-09-10 20:06:00,29.0,False,nan,3848400.0
In,2018-09-10 20:06:00,28.0,False,nan,3848400.0
In,2018-09-10 20:07:00,29.0,False,nan,3848460.0
In,2018-09-10 20:07:00,28.0,False,nan,3848460.0
In,2018-09-10 20:09:00,28.0,False,nan,3848580.0
In,2018-09-10 20:09:00,29.0,False,nan,3848580.0
In,2018-09-10 20:10:00,28.0,False,nan,3848640.0
In,2018-09-10 20:10:00,29.0,False,nan,3848640.0
In,2018-09-10 20:15:00,29.0,False,nan,3848940.0
In,2018-09-10 20:15:00,28.0,False,nan,3848940.0
In,2018-09-10 20:26:00,28.0,False,nan,3849600.0
In,2018-09-10 20:29:00,28.0,False,nan,3849780.0
In,2018-09-10 20:29:00,28.0,False,nan,3849780.0
In,2018-09-10 20:29:00,28.0,False,nan,3849780.0
In,2018-09-10 20:31:00,29.0,False,nan,3849900.0
In,2018-09-10 20:31:00,28.0,False,nan,3849900.0
In,2018-09-10 20:31:00,28.0,False,nan,3849900.0
In,2018-09-10 20:31:00,29.0,False,nan,3849900.0
In,2018-09-10 20:34:00,28.0,False,nan,3850080.0
In,2018-09-10 20:39:00,28.0,False,nan,3850380.0
In,2018-09-10 20:39:00,28.0,False,nan,3850380.0
In,2018-09-10 20:39:00,28.0,False,nan,3850380.0
In,2018-09-10 20:39:00,28.0,False,nan,3850380.0
In,2018-09-10 20:48:00,28.0,False,nan,3850920.0
In,2018-09-10 20:48:00,29.0,False,nan,3850920.0
In,2018-09-10 21:22:00,29.0,False,nan,3852960.0
In,2018-09-10 21:22:00,28.0,False,nan,3852960.0
In,2018-09-10 21:23:00,28.0,False,nan,3853020.0
In,2018-09-10 21:23:00,28.0,False,nan,3853020.0
In,2018-09-10 21:24:00,28.0,False,nan,3853080.0
In,2018-09-10 21:24:00,28.0,False,nan,3853080.0
In,2018-09-10 21:24:00,28.0,False,nan,3853080.0
In,2018-09-10 21:24:00,28.0,False,nan,3853080.0
In,2018-09-10 21:24:00,28.0,False,nan,3853080.0
In,2018-09-10 21:24:00,28.0,False,nan,3853080.0
In,2018-09-10 21:24:00,28.0,False,nan,3853080.0
In,2018-09-10 21:24:00,28.0,False,nan,3853080.0
In,2018-09-10 21:25:00,28.0,False,nan,3853140.0
In,2018-09-10 21:25:00,28.0,False,nan,3853140.0
In,2018-09-10 21:30:00,28.0,False,nan,3853440.0
In,2018-09-10 21:30:00,28.0,False,nan,3853440.0
In,2018-09-10 21:30:00,28.0,False,nan,3853440.0
In,2018-09-10 21:30:00,28.0,False,nan,3853440.0
In,2018-09-10 21:30:00,28.0,False,nan,3853440.0
In,2018-09-10 21:30:00,28.0,False,nan,3853440.0
In,2018-09-10 21:30:00,28.0,False,nan,3853440.0
In,2018-09-10 21:30:00,28.0,False,nan,3853440.0
In,2018-09-10 21:30:00,28.0,False,nan,3853440.0
In,2018-09-10 21:30:00,28.0,False,nan,3853440.0
In,2018-09-10 21:30:00,28.0,False,nan,3853440.0
In,2018-09-10 21:30:00,28.0,False,nan,3853440.0
In,2018-09-10 21:30:00,28.0,False,nan,3853440.0
In,2018-09-10 21:30:00,28.0,False,nan,3853440.0
In,2018-09-10 21:30:00,28.0,False,nan,3853440.0
In,2018-09-10 21:32:00,28.0,False,nan,3853560.0
In,2018-09-10 21:32:00,28.0,False,nan,3853560.0
In,2018-09-10 21:32:00,28.0,False,nan,3853560.0
In,2018-09-10 21:32:00,28.0,False,nan,3853560.0
In,2018-09-10 21:33:00,28.0,False,nan,3853620.0
In,2018-09-10 21:33:00,28.0,False,nan,3853620.0
In,2018-09-10 21:33:00,28.0,False,nan,3853620.0
In,2018-09-10 21:33:00,28.0,False,nan,3853620.0
In,2018-09-10 21:33:00,28.0,False,nan,3853620.0
In,2018-09-10 21:33:00,28.0,False,nan,3853620.0
In,2018-09-10 21:33:00,28.0,False,nan,3853620.0
In,2018-09-10 21:33:00,28.0,False,nan,3853620.0
In,2018-09-10 21:33:00,28.0,False,nan,3853620.0
In,2018-09-10 21:33:00,28.0,False,nan,3853620.0
In,2018-09-10 21:33:00,28.0,False,nan,3853620.0
In,2018-09-10 21:33:00,28.0,False,nan,3853620.0
In,2018-09-10 21:34:00,28.0,False,nan,3853680.0
In,2018-09-10 21:34:00,28.0,False,nan,3853680.0
In,2018-09-10 21:46:00,28.0,False,nan,3854400.0
In,2018-09-10 21:48:00,27.0,False,nan,3854520.0
In,2018-09-10 21:48:00,28.0,False,nan,3854520.0
In,2018-09-10 21:52:00,27.0,False,nan,3854760.0
In,2018-09-10 21:52:00,27.0,False,nan,3854760.0
In,2018-09-10 21:53:00,28.0,False,nan,3854820.0
In,2018-09-10 21:56:00,28.0,False,nan,3855000.0
In,2018-09-10 21:56:00,27.0,False,nan,3855000.0
In,2018-09-10 21:57:00,28.0,False,nan,3855060.0
In,2018-09-10 21:57:00,27.0,False,nan,3855060.0
In,2018-09-10 22:02:00,27.0,False,nan,3855360.0
In,2018-09-10 22:02:00,28.0,False,nan,3855360.0
In,2018-09-10 22:03:00,28.0,False,nan,3855420.0
In,2018-09-10 22:03:00,27.0,False,nan,3855420.0
In,2018-09-10 22:04:00,28.0,False,nan,3855480.0
In,2018-09-10 22:04:00,28.0,False,nan,3855480.0
In,2018-09-10 22:04:00,28.0,False,nan,3855480.0
In,2018-09-10 22:04:00,28.0,False,nan,3855480.0
In,2018-09-10 22:04:00,28.0,False,nan,3855480.0
In,2018-09-10 22:04:00,28.0,False,nan,3855480.0
In,2018-09-10 22:04:00,28.0,False,nan,3855480.0
In,2018-09-10 22:04:00,27.0,False,nan,3855480.0
In,2018-09-10 22:05:00,28.0,False,nan,3855540.0
In,2018-09-10 22:05:00,27.0,False,nan,3855540.0
In,2018-09-10 22:05:00,28.0,False,nan,3855540.0
In,2018-09-10 22:05:00,27.0,False,nan,3855540.0
In,2018-09-10 22:05:00,28.0,False,nan,3855540.0
In,2018-09-10 22:05:00,28.0,False,nan,3855540.0
In,2018-09-10 22:05:00,28.0,False,nan,3855540.0
In,2018-09-10 22:05:00,28.0,False,nan,3855540.0
In,2018-09-10 22:05:00,28.0,False,nan,3855540.0
In,2018-09-10 22:05:00,28.0,False,nan,3855540.0
In,2018-09-10 22:06:00,28.0,False,nan,3855600.0
In,2018-09-10 22:06:00,28.0,False,nan,3855600.0
In,2018-09-10 22:06:00,28.0,False,nan,3855600.0
In,2018-09-10 22:06:00,27.0,False,nan,3855600.0
In,2018-09-10 22:06:00,28.0,False,nan,3855600.0
In,2018-09-10 22:06:00,28.0,False,nan,3855600.0
In,2018-09-10 22:06:00,27.0,False,nan,3855600.0
In,2018-09-10 22:06:00,27.0,False,nan,3855600.0
In,2018-09-10 22:06:00,28.0,False,nan,3855600.0
In,2018-09-10 22:06:00,27.0,False,nan,3855600.0
In,2018-09-10 22:06:00,28.0,False,nan,3855600.0
In,2018-09-10 22:06:00,27.0,False,nan,3855600.0
In,2018-09-10 22:06:00,28.0,False,nan,3855600.0
In,2018-09-10 22:07:00,28.0,False,nan,3855660.0
In,2018-09-10 22:07:00,28.0,False,nan,3855660.0
In,2018-09-10 22:07:00,27.0,False,nan,3855660.0
In,2018-09-10 22:07:00,28.0,False,nan,3855660.0
In,2018-09-10 22:07:00,28.0,False,nan,3855660.0
In,2018-09-10 22:07:00,28.0,False,nan,3855660.0
In,2018-09-10 22:07:00,28.0,False,nan,3855660.0
In,2018-09-10 22:07:00,27.0,False,nan,3855660.0
In,2018-09-10 22:08:00,28.0,False,nan,3855720.0
In,2018-09-10 22:08:00,27.0,False,nan,3855720.0
In,2018-09-10 22:08:00,28.0,False,nan,3855720.0
In,2018-09-10 22:08:00,27.0,False,nan,3855720.0
In,2018-09-10 22:08:00,28.0,False,nan,3855720.0
In,2018-09-10 22:08:00,27.0,False,nan,3855720.0
In,2018-09-10 22:09:00,28.0,False,nan,3855780.0
In,2018-09-10 22:09:00,28.0,False,nan,3855780.0
In,2018-09-10 22:09:00,28.0,False,nan,3855780.0
In,2018-09-10 22:09:00,28.0,False,nan,3855780.0
In,2018-09-10 22:09:00,28.0,False,nan,3855780.0
In,2018-09-10 22:09:00,28.0,False,nan,3855780.0
In,2018-09-10 22:10:00,28.0,False,nan,3855840.0
In,2018-09-10 22:10:00,28.0,False,nan,3855840.0
In,2018-09-10 22:10:00,28.0,False,nan,3855840.0
In,2018-09-10 22:10:00,28.0,False,nan,3855840.0
In,2018-09-10 22:10:00,28.0,False,nan,3855840.0
In,2018-09-10 22:10:00,28.0,False,nan,3855840.0
In,2018-09-10 22:10:00,28.0,False,nan,3855840.0
In,2018-09-10 22:10:00,28.0,False,nan,3855840.0
In,2018-09-10 22:10:00,28.0,False,nan,3855840.0
In,2018-09-10 22:11:00,27.0,False,nan,3855900.0
In,2018-09-10 22:11:00,28.0,False,nan,3855900.0
In,2018-09-10 22:11:00,27.0,False,nan,3855900.0
In,2018-09-10 22:11:00,27.0,False,nan,3855900.0
In,2018-09-10 22:11:00,28.0,False,nan,3855900.0
In,2018-09-10 22:11:00,28.0,False,nan,3855900.0
In,2018-09-10 22:11:00,27.0,False,nan,3855900.0
In,2018-09-10 22:11:00,28.0,False,nan,3855900.0
In,2018-09-10 22:11:00,28.0,False,nan,3855900.0
In,2018-09-10 22:11:00,28.0,False,nan,3855900.0
In,2018-09-10 22:12:00,28.0,False,nan,3855960.0
In,2018-09-10 22:12:00,27.0,False,nan,3855960.0
In,2018-09-10 22:12:00,28.0,False,nan,3855960.0
In,2018-09-10 22:12:00,27.0,False,nan,3855960.0
In,2018-09-10 22:12:00,28.0,False,nan,3855960.0
In,2018-09-10 22:12:00,27.0,False,nan,3855960.0
In,2018-09-10 22:12:00,28.0,False,nan,3855960.0
In,2018-09-10 22:12:00,27.0,False,nan,3855960.0
In,2018-09-10 22:13:00,27.0,False,nan,3856020.0
In,2018-09-10 22:15:00,27.0,False,nan,3856140.0
In,2018-09-10 22:15:00,28.0,False,nan,3856140.0
In,2018-09-10 22:16:00,27.0,False,nan,3856200.0
In,2018-09-10 22:16:00,27.0,False,nan,3856200.0
In,2018-09-11 07:38:00,33.0,False,nan,3889920.0
In,2018-09-11 07:38:00,33.0,False,nan,3889920.0
In,2018-09-11 07:40:00,33.0,False,nan,3890040.0
In,2018-09-11 07:42:00,33.0,False,nan,3890160.0
In,2018-09-11 07:42:00,33.0,False,nan,3890160.0
In,2018-09-11 07:42:00,33.0,False,nan,3890160.0
In,2018-09-11 07:42:00,33.0,False,nan,3890160.0
In,2018-09-11 07:42:00,33.0,False,nan,3890160.0
In,2018-09-11 07:43:00,33.0,False,nan,3890220.0
In,2018-09-11 07:43:00,33.0,False,nan,3890220.0
In,2018-09-11 07:43:00,33.0,False,nan,3890220.0
In,2018-09-11 07:43:00,33.0,False,nan,3890220.0
In,2018-09-11 07:43:00,34.0,False,nan,3890220.0
In,2018-09-11 07:44:00,34.0,False,nan,3890280.0
In,2018-09-11 07:44:00,33.0,False,nan,3890280.0
In,2018-09-11 07:44:00,34.0,False,nan,3890280.0
In,2018-09-11 07:45:00,34.0,False,nan,3890340.0
In,2018-09-11 07:45:00,34.0,False,nan,3890340.0
In,2018-09-11 07:45:00,33.0,False,nan,3890340.0
In,2018-09-11 07:45:00,34.0,False,nan,3890340.0
In,2018-09-11 07:45:00,34.0,False,nan,3890340.0
In,2018-09-11 07:45:00,33.0,False,nan,3890340.0
In,2018-09-11 07:45:00,33.0,False,nan,3890340.0
In,2018-09-11 07:45:00,33.0,False,nan,3890340.0
In,2018-09-11 07:45:00,34.0,False,nan,3890340.0
In,2018-09-11 07:45:00,34.0,False,nan,3890340.0
In,2018-09-11 07:45:00,33.0,False,nan,3890340.0
In,2018-09-11 07:45:00,34.0,False,nan,3890340.0
In,2018-09-11 07:45:00,33.0,False,nan,3890340.0
In,2018-09-11 07:45:00,34.0,False,nan,3890340.0
In,2018-09-11 07:45:00,33.0,False,nan,3890340.0
In,2018-09-11 07:45:00,34.0,False,nan,3890340.0
In,2018-09-11 07:45:00,33.0,False,nan,3890340.0
In,2018-09-11 07:46:00,33.0,False,nan,3890400.0
In,2018-09-11 07:46:00,34.0,False,nan,3890400.0
In,2018-09-11 07:46:00,34.0,False,nan,3890400.0
In,2018-09-11 07:46:00,33.0,False,nan,3890400.0
In,2018-09-11 07:46:00,34.0,False,nan,3890400.0
In,2018-09-11 07:46:00,33.0,False,nan,3890400.0
In,2018-09-11 07:46:00,33.0,False,nan,3890400.0
In,2018-09-11 07:46:00,34.0,False,nan,3890400.0
In,2018-09-11 07:46:00,34.0,False,nan,3890400.0
In,2018-09-11 07:46:00,33.0,False,nan,3890400.0
In,2018-09-11 07:46:00,34.0,False,nan,3890400.0
In,2018-09-11 07:46:00,34.0,False,nan,3890400.0
In,2018-09-11 07:46:00,33.0,False,nan,3890400.0
In,2018-09-11 07:46:00,34.0,False,nan,3890400.0
In,2018-09-11 07:47:00,33.0,False,nan,3890460.0
In,2018-09-11 07:47:00,34.0,False,nan,3890460.0
In,2018-09-11 07:47:00,33.0,False,nan,3890460.0
In,2018-09-11 07:47:00,34.0,False,nan,3890460.0
In,2018-09-11 07:47:00,34.0,False,nan,3890460.0
In,2018-09-11 07:47:00,33.0,False,nan,3890460.0
In,2018-09-11 07:47:00,34.0,False,nan,3890460.0
In,2018-09-11 07:47:00,33.0,False,nan,3890460.0
In,2018-09-11 07:47:00,34.0,False,nan,3890460.0
In,2018-09-11 07:48:00,34.0,False,nan,3890520.0
In,2018-09-11 07:48:00,34.0,False,nan,3890520.0
In,2018-09-11 07:48:00,33.0,False,nan,3890520.0
In,2018-09-11 07:48:00,33.0,False,nan,3890520.0
In,2018-09-11 07:48:00,33.0,False,nan,3890520.0
In,2018-09-11 07:48:00,34.0,False,nan,3890520.0
In,2018-09-11 07:48:00,33.0,False,nan,3890520.0
In,2018-09-11 07:48:00,34.0,False,nan,3890520.0
In,2018-09-11 07:48:00,33.0,False,nan,3890520.0
In,2018-09-11 07:48:00,33.0,False,nan,3890520.0
In,2018-09-11 07:48:00,34.0,False,nan,3890520.0
In,2018-09-11 07:48:00,33.0,False,nan,3890520.0
In,2018-09-11 07:48:00,33.0,False,nan,3890520.0
In,2018-09-11 07:48:00,34.0,False,nan,3890520.0
In,2018-09-11 07:48:00,34.0,False,nan,3890520.0
In,2018-09-11 07:49:00,33.0,False,nan,3890580.0
In,2018-09-11 07:49:00,34.0,False,nan,3890580.0
In,2018-09-11 07:50:00,33.0,False,nan,3890640.0
In,2018-09-11 07:50:00,34.0,False,nan,3890640.0
In,2018-09-11 07:51:00,33.0,False,nan,3890700.0
In,2018-09-11 07:51:00,33.0,False,nan,3890700.0
In,2018-09-11 07:51:00,33.0,False,nan,3890700.0
In,2018-09-11 07:51:00,33.0,False,nan,3890700.0
In,2018-09-11 07:51:00,33.0,False,nan,3890700.0
In,2018-09-11 07:54:00,33.0,False,nan,3890880.0
In,2018-09-11 07:54:00,34.0,False,nan,3890880.0
In,2018-09-11 07:54:00,33.0,False,nan,3890880.0
In,2018-09-11 07:54:00,34.0,False,nan,3890880.0
In,2018-09-11 07:54:00,33.0,False,nan,3890880.0
In,2018-09-11 07:54:00,34.0,False,nan,3890880.0
In,2018-09-11 07:55:00,33.0,False,nan,3890940.0
In,2018-09-11 07:55:00,34.0,False,nan,3890940.0
In,2018-09-11 07:55:00,33.0,False,nan,3890940.0
In,2018-09-11 07:55:00,34.0,False,nan,3890940.0
In,2018-09-11 07:55:00,33.0,False,nan,3890940.0
In,2018-09-11 07:55:00,34.0,False,nan,3890940.0
In,2018-09-11 07:55:00,34.0,False,nan,3890940.0
In,2018-09-11 07:55:00,34.0,False,nan,3890940.0
In,2018-09-11 07:55:00,34.0,False,nan,3890940.0
In,2018-09-11 07:56:00,34.0,False,nan,3891000.0
In,2018-09-11 07:56:00,34.0,False,nan,3891000.0
In,2018-09-11 07:56:00,34.0,False,nan,3891000.0
In,2018-09-11 07:56:00,33.0,False,nan,3891000.0
In,2018-09-11 07:56:00,34.0,False,nan,3891000.0
In,2018-09-11 07:56:00,34.0,False,nan,3891000.0
In,2018-09-11 07:58:00,34.0,False,nan,3891120.0
In,2018-09-11 07:58:00,34.0,False,nan,3891120.0
In,2018-09-11 07:58:00,34.0,False,nan,3891120.0
In,2018-09-11 07:59:00,34.0,False,nan,3891180.0
In,2018-09-11 07:59:00,34.0,False,nan,3891180.0
In,2018-09-11 08:00:00,34.0,False,nan,3891240.0
In,2018-09-11 08:01:00,34.0,False,nan,3891300.0
In,2018-09-11 08:01:00,34.0,False,nan,3891300.0
In,2018-09-11 08:01:00,34.0,False,nan,3891300.0
In,2018-09-11 08:02:00,34.0,False,nan,3891360.0
In,2018-09-11 08:03:00,34.0,False,nan,3891420.0
In,2018-09-11 08:03:00,34.0,False,nan,3891420.0
In,2018-09-11 08:04:00,34.0,False,nan,3891480.0
In,2018-09-11 08:04:00,34.0,False,nan,3891480.0
In,2018-09-11 08:04:00,34.0,False,nan,3891480.0
In,2018-09-11 08:05:00,34.0,False,nan,3891540.0
In,2018-09-11 08:05:00,34.0,False,nan,3891540.0
In,2018-09-11 08:07:00,34.0,False,nan,3891660.0
In,2018-09-11 08:07:00,34.0,False,nan,3891660.0
In,2018-09-11 08:07:00,34.0,False,nan,3891660.0
In,2018-09-11 08:08:00,34.0,False,nan,3891720.0
In,2018-09-11 08:09:00,34.0,False,nan,3891780.0
In,2018-09-11 08:09:00,34.0,False,nan,3891780.0
In,2018-09-11 08:09:00,34.0,False,nan,3891780.0
In,2018-09-11 08:09:00,34.0,False,nan,3891780.0
In,2018-09-11 08:09:00,34.0,False,nan,3891780.0
In,2018-09-11 08:09:00,34.0,False,nan,3891780.0
In,2018-09-11 08:09:00,34.0,False,nan,3891780.0
In,2018-09-11 08:09:00,34.0,False,nan,3891780.0
In,2018-09-11 08:10:00,34.0,False,nan,3891840.0
In,2018-09-11 08:10:00,34.0,False,nan,3891840.0
In,2018-09-11 08:10:00,34.0,False,nan,3891840.0
In,2018-09-11 08:11:00,34.0,False,nan,3891900.0
In,2018-09-11 08:11:00,34.0,False,nan,3891900.0
In,2018-09-11 08:11:00,34.0,False,nan,3891900.0
In,2018-09-11 08:11:00,34.0,False,nan,3891900.0
In,2018-09-11 08:13:00,34.0,False,nan,3892020.0
In,2018-09-11 08:13:00,34.0,False,nan,3892020.0
In,2018-09-11 08:13:00,34.0,False,nan,3892020.0
In,2018-09-11 08:14:00,34.0,False,nan,3892080.0
In,2018-09-11 08:14:00,34.0,False,nan,3892080.0
In,2018-09-11 08:14:00,34.0,False,nan,3892080.0
In,2018-09-11 08:15:00,34.0,False,nan,3892140.0
In,2018-09-11 08:15:00,34.0,False,nan,3892140.0
In,2018-09-11 08:17:00,34.0,False,nan,3892260.0
In,2018-09-11 08:18:00,34.0,False,nan,3892320.0
In,2018-09-11 08:18:00,34.0,False,nan,3892320.0
In,2018-09-11 08:18:00,34.0,False,nan,3892320.0
In,2018-09-11 08:20:00,34.0,False,nan,3892440.0
In,2018-09-11 08:20:00,34.0,False,nan,3892440.0
In,2018-09-11 08:20:00,34.0,False,nan,3892440.0
In,2018-09-11 08:20:00,34.0,False,nan,3892440.0
In,2018-09-11 08:20:00,34.0,False,nan,3892440.0
In,2018-09-11 08:20:00,34.0,False,nan,3892440.0
In,2018-09-11 08:20:00,34.0,False,nan,3892440.0
In,2018-09-11 08:20:00,34.0,False,nan,3892440.0
In,2018-09-11 08:20:00,34.0,False,nan,3892440.0
In,2018-09-11 08:20:00,34.0,False,nan,3892440.0
In,2018-09-11 08:21:00,34.0,False,nan,3892500.0
In,2018-09-11 08:21:00,34.0,False,nan,3892500.0
In,2018-09-11 08:21:00,34.0,False,nan,3892500.0
In,2018-09-11 08:21:00,34.0,False,nan,3892500.0
In,2018-09-11 08:21:00,34.0,False,nan,3892500.0
In,2018-09-11 08:22:00,34.0,False,nan,3892560.0
In,2018-09-11 08:22:00,35.0,False,nan,3892560.0
In,2018-09-11 08:22:00,34.0,False,nan,3892560.0
In,2018-09-11 08:22:00,34.0,False,nan,3892560.0
In,2018-09-11 08:22:00,34.0,False,nan,3892560.0
In,2018-09-11 08:23:00,34.0,False,nan,3892620.0
In,2018-09-11 08:23:00,34.0,False,nan,3892620.0
In,2018-09-11 08:23:00,34.0,False,nan,3892620.0
In,2018-09-11 08:23:00,34.0,False,nan,3892620.0
In,2018-09-11 08:23:00,34.0,False,nan,3892620.0
In,2018-09-11 08:23:00,34.0,False,nan,3892620.0
In,2018-09-11 08:23:00,34.0,False,nan,3892620.0
In,2018-09-11 08:23:00,35.0,False,nan,3892620.0
In,2018-09-11 08:24:00,34.0,False,nan,3892680.0
In,2018-09-11 08:25:00,35.0,False,nan,3892740.0
In,2018-09-11 08:25:00,35.0,False,nan,3892740.0
In,2018-09-11 08:25:00,34.0,False,nan,3892740.0
In,2018-09-11 08:25:00,34.0,False,nan,3892740.0
In,2018-09-11 08:26:00,34.0,False,nan,3892800.0
In,2018-09-11 08:27:00,34.0,False,nan,3892860.0
In,2018-09-11 08:28:00,35.0,False,nan,3892920.0
In,2018-09-11 08:28:00,35.0,False,nan,3892920.0
In,2018-09-11 08:28:00,34.0,False,nan,3892920.0
In,2018-09-11 08:28:00,34.0,False,nan,3892920.0
In,2018-09-11 08:28:00,34.0,False,nan,3892920.0
In,2018-09-11 08:29:00,34.0,False,nan,3892980.0
In,2018-09-11 08:29:00,35.0,False,nan,3892980.0
In,2018-09-11 08:29:00,34.0,False,nan,3892980.0
In,2018-09-11 08:30:00,34.0,False,nan,3893040.0
In,2018-09-11 08:30:00,34.0,False,nan,3893040.0
In,2018-09-11 08:30:00,35.0,False,nan,3893040.0
In,2018-09-11 08:30:00,34.0,False,nan,3893040.0
In,2018-09-11 08:30:00,35.0,False,nan,3893040.0
In,2018-09-11 08:30:00,35.0,False,nan,3893040.0
In,2018-09-11 08:30:00,34.0,False,nan,3893040.0
In,2018-09-11 08:30:00,34.0,False,nan,3893040.0
In,2018-09-11 08:30:00,34.0,False,nan,3893040.0
In,2018-09-11 08:32:00,34.0,False,nan,3893160.0
In,2018-09-11 08:32:00,34.0,False,nan,3893160.0
In,2018-09-11 08:32:00,34.0,False,nan,3893160.0
In,2018-09-11 08:32:00,34.0,False,nan,3893160.0
In,2018-09-11 08:32:00,34.0,False,nan,3893160.0
In,2018-09-11 08:32:00,34.0,False,nan,3893160.0
In,2018-09-11 08:32:00,34.0,False,nan,3893160.0
In,2018-09-11 08:32:00,35.0,False,nan,3893160.0
In,2018-09-11 08:32:00,34.0,False,nan,3893160.0
In,2018-09-11 08:32:00,34.0,False,nan,3893160.0
In,2018-09-11 08:36:00,34.0,False,nan,3893400.0
In,2018-09-11 08:36:00,34.0,False,nan,3893400.0
In,2018-09-11 08:36:00,34.0,False,nan,3893400.0
In,2018-09-11 08:36:00,34.0,False,nan,3893400.0
In,2018-09-11 08:37:00,34.0,False,nan,3893460.0
In,2018-09-11 08:37:00,34.0,False,nan,3893460.0
In,2018-09-11 08:37:00,34.0,False,nan,3893460.0
In,2018-09-11 08:38:00,34.0,False,nan,3893520.0
In,2018-09-11 08:38:00,34.0,False,nan,3893520.0
In,2018-09-11 08:38:00,34.0,False,nan,3893520.0
In,2018-09-11 08:38:00,34.0,False,nan,3893520.0
In,2018-09-11 08:38:00,34.0,False,nan,3893520.0
In,2018-09-11 08:38:00,34.0,False,nan,3893520.0
In,2018-09-11 08:41:00,34.0,False,nan,3893700.0
In,2018-09-11 08:43:00,34.0,False,nan,3893820.0
In,2018-09-11 08:43:00,34.0,False,nan,3893820.0
In,2018-09-11 08:43:00,34.0,False,nan,3893820.0
In,2018-09-11 08:43:00,34.0,False,nan,3893820.0
In,2018-09-11 08:44:00,34.0,False,nan,3893880.0
In,2018-09-11 08:44:00,34.0,False,nan,3893880.0
In,2018-09-11 08:45:00,34.0,False,nan,3893940.0
In,2018-09-11 08:45:00,34.0,False,nan,3893940.0
In,2018-09-11 08:46:00,34.0,False,nan,3894000.0
In,2018-09-11 08:47:00,34.0,False,nan,3894060.0
In,2018-09-11 08:48:00,34.0,False,nan,3894120.0
In,2018-09-11 08:48:00,34.0,False,nan,3894120.0
In,2018-09-11 08:48:00,34.0,False,nan,3894120.0
In,2018-09-11 08:49:00,34.0,False,nan,3894180.0
In,2018-09-11 08:49:00,34.0,False,nan,3894180.0
In,2018-09-11 08:49:00,34.0,False,nan,3894180.0
In,2018-09-11 08:49:00,34.0,False,nan,3894180.0
In,2018-09-11 08:50:00,34.0,False,nan,3894240.0
In,2018-09-11 08:50:00,34.0,False,nan,3894240.0
In,2018-09-11 08:51:00,34.0,False,nan,3894300.0
In,2018-09-11 08:51:00,34.0,False,nan,3894300.0
In,2018-09-11 08:52:00,34.0,False,nan,3894360.0
In,2018-09-11 08:53:00,34.0,False,nan,3894420.0
In,2018-09-11 08:53:00,34.0,False,nan,3894420.0
In,2018-09-11 08:53:00,34.0,False,nan,3894420.0
In,2018-09-11 08:53:00,34.0,False,nan,3894420.0
In,2018-09-11 08:53:00,34.0,False,nan,3894420.0
In,2018-09-11 08:53:00,34.0,False,nan,3894420.0
In,2018-09-11 08:53:00,34.0,False,nan,3894420.0
In,2018-09-11 08:53:00,34.0,False,nan,3894420.0
In,2018-09-11 08:53:00,34.0,False,nan,3894420.0
In,2018-09-11 08:54:00,34.0,False,nan,3894480.0
In,2018-09-11 08:54:00,34.0,False,nan,3894480.0
In,2018-09-11 08:54:00,35.0,False,nan,3894480.0
In,2018-09-11 08:54:00,34.0,False,nan,3894480.0
In,2018-09-11 08:55:00,34.0,False,nan,3894540.0
In,2018-09-11 08:57:00,34.0,False,nan,3894660.0
In,2018-09-11 08:57:00,34.0,False,nan,3894660.0
In,2018-09-11 08:59:00,34.0,False,nan,3894780.0
In,2018-09-11 08:59:00,34.0,False,nan,3894780.0
In,2018-09-11 09:00:00,34.0,False,nan,3894840.0
In,2018-09-11 09:00:00,34.0,False,nan,3894840.0
In,2018-09-11 09:00:00,34.0,False,nan,3894840.0
In,2018-09-11 09:00:00,34.0,False,nan,3894840.0
In,2018-09-11 09:01:00,34.0,False,nan,3894900.0
In,2018-09-11 09:01:00,34.0,False,nan,3894900.0
In,2018-09-11 09:01:00,34.0,False,nan,3894900.0
In,2018-09-11 09:01:00,34.0,False,nan,3894900.0
In,2018-09-11 09:02:00,34.0,False,nan,3894960.0
In,2018-09-11 09:04:00,34.0,False,nan,3895080.0
In,2018-09-11 09:05:00,34.0,False,nan,3895140.0
In,2018-09-11 09:06:00,34.0,False,nan,3895200.0
In,2018-09-11 09:06:00,34.0,False,nan,3895200.0
In,2018-09-11 09:06:00,34.0,False,nan,3895200.0
In,2018-09-11 09:08:00,34.0,False,nan,3895320.0
In,2018-09-11 09:08:00,34.0,False,nan,3895320.0
In,2018-09-11 09:09:00,34.0,False,nan,3895380.0
In,2018-09-11 09:09:00,34.0,False,nan,3895380.0
In,2018-09-11 09:10:00,34.0,False,nan,3895440.0
In,2018-09-11 09:11:00,34.0,False,nan,3895500.0
In,2018-09-11 09:12:00,34.0,False,nan,3895560.0
In,2018-09-11 09:12:00,34.0,False,nan,3895560.0
In,2018-09-11 09:13:00,34.0,False,nan,3895620.0
In,2018-09-11 09:13:00,35.0,False,nan,3895620.0
In,2018-09-11 09:14:00,34.0,False,nan,3895680.0
In,2018-09-11 09:15:00,34.0,False,nan,3895740.0
In,2018-09-11 09:15:00,35.0,False,nan,3895740.0
In,2018-09-11 09:16:00,35.0,False,nan,3895800.0
In,2018-09-11 09:16:00,35.0,False,nan,3895800.0
In,2018-09-11 09:16:00,35.0,False,nan,3895800.0
In,2018-09-11 09:16:00,35.0,False,nan,3895800.0
In,2018-09-11 09:16:00,34.0,False,nan,3895800.0
In,2018-09-11 09:16:00,34.0,False,nan,3895800.0
In,2018-09-11 09:16:00,34.0,False,nan,3895800.0
In,2018-09-11 09:17:00,35.0,False,nan,3895860.0
In,2018-09-11 09:17:00,35.0,False,nan,3895860.0
In,2018-09-11 09:17:00,35.0,False,nan,3895860.0
In,2018-09-11 09:17:00,34.0,False,nan,3895860.0
In,2018-09-11 09:17:00,34.0,False,nan,3895860.0
In,2018-09-11 09:18:00,35.0,False,nan,3895920.0
In,2018-09-11 09:19:00,35.0,False,nan,3895980.0
In,2018-09-11 09:20:00,34.0,False,nan,3896040.0
In,2018-09-11 09:20:00,35.0,False,nan,3896040.0
In,2018-09-11 09:20:00,35.0,False,nan,3896040.0
In,2018-09-11 09:21:00,35.0,False,nan,3896100.0
In,2018-09-11 09:22:00,35.0,False,nan,3896160.0
In,2018-09-11 09:23:00,35.0,False,nan,3896220.0
In,2018-09-11 09:23:00,35.0,False,nan,3896220.0
In,2018-09-11 09:23:00,35.0,False,nan,3896220.0
In,2018-09-11 09:25:00,35.0,False,nan,3896340.0
In,2018-09-11 09:25:00,35.0,False,nan,3896340.0
In,2018-09-11 09:26:00,35.0,False,nan,3896400.0
In,2018-09-11 09:26:00,35.0,False,nan,3896400.0
In,2018-09-11 09:26:00,35.0,False,nan,3896400.0
In,2018-09-11 09:30:00,35.0,False,nan,3896640.0
In,2018-09-11 09:30:00,35.0,False,nan,3896640.0
In,2018-09-11 09:30:00,35.0,False,nan,3896640.0
In,2018-09-11 09:31:00,34.0,False,nan,3896700.0
In,2018-09-11 09:31:00,35.0,False,nan,3896700.0
In,2018-09-11 09:32:00,35.0,False,nan,3896760.0
In,2018-09-11 09:32:00,35.0,False,nan,3896760.0
In,2018-09-11 09:32:00,35.0,False,nan,3896760.0
In,2018-09-11 09:32:00,35.0,False,nan,3896760.0
In,2018-09-11 09:33:00,35.0,False,nan,3896820.0
In,2018-09-11 09:33:00,35.0,False,nan,3896820.0
In,2018-09-11 09:34:00,35.0,False,nan,3896880.0
In,2018-09-11 09:35:00,35.0,False,nan,3896940.0
In,2018-09-11 09:36:00,35.0,False,nan,3897000.0
In,2018-09-11 09:36:00,35.0,False,nan,3897000.0
In,2018-09-11 09:36:00,35.0,False,nan,3897000.0
In,2018-09-11 09:36:00,35.0,False,nan,3897000.0
In,2018-09-11 09:36:00,35.0,False,nan,3897000.0
In,2018-09-11 09:36:00,35.0,False,nan,3897000.0
In,2018-09-11 09:37:00,35.0,False,nan,3897060.0
In,2018-09-11 09:37:00,35.0,False,nan,3897060.0
In,2018-09-11 09:37:00,35.0,False,nan,3897060.0
In,2018-09-11 09:37:00,35.0,False,nan,3897060.0
In,2018-09-11 09:38:00,35.0,False,nan,3897120.0
In,2018-09-11 09:38:00,35.0,False,nan,3897120.0
In,2018-09-11 09:38:00,35.0,False,nan,3897120.0
In,2018-09-11 09:38:00,35.0,False,nan,3897120.0
In,2018-09-11 09:39:00,35.0,False,nan,3897180.0
In,2018-09-11 09:40:00,35.0,False,nan,3897240.0
In,2018-09-11 09:40:00,35.0,False,nan,3897240.0
In,2018-09-11 09:40:00,35.0,False,nan,3897240.0
In,2018-09-11 09:43:00,35.0,False,nan,3897420.0
In,2018-09-11 09:44:00,35.0,False,nan,3897480.0
In,2018-09-11 09:44:00,35.0,False,nan,3897480.0
In,2018-09-11 09:44:00,35.0,False,nan,3897480.0
In,2018-09-11 09:44:00,35.0,False,nan,3897480.0
In,2018-09-11 09:45:00,35.0,False,nan,3897540.0
In,2018-09-11 09:45:00,35.0,False,nan,3897540.0
In,2018-09-11 09:45:00,35.0,False,nan,3897540.0
In,2018-09-11 09:45:00,35.0,False,nan,3897540.0
In,2018-09-11 09:47:00,35.0,False,nan,3897660.0
In,2018-09-11 09:47:00,35.0,False,nan,3897660.0
In,2018-09-11 09:48:00,35.0,False,nan,3897720.0
In,2018-09-11 09:48:00,35.0,False,nan,3897720.0
In,2018-09-11 09:49:00,35.0,False,nan,3897780.0
In,2018-09-11 09:49:00,35.0,False,nan,3897780.0
In,2018-09-11 09:49:00,35.0,False,nan,3897780.0
In,2018-09-11 09:50:00,35.0,False,nan,3897840.0
In,2018-09-11 09:50:00,35.0,False,nan,3897840.0
In,2018-09-11 09:51:00,35.0,False,nan,3897900.0
In,2018-09-11 09:53:00,35.0,False,nan,3898020.0
In,2018-09-11 09:55:00,35.0,False,nan,3898140.0
In,2018-09-11 09:55:00,35.0,False,nan,3898140.0
In,2018-09-11 09:56:00,35.0,False,nan,3898200.0
In,2018-09-11 09:56:00,35.0,False,nan,3898200.0
In,2018-09-11 09:57:00,35.0,False,nan,3898260.0
In,2018-09-11 09:58:00,35.0,False,nan,3898320.0
In,2018-09-11 09:59:00,35.0,False,nan,3898380.0
In,2018-09-11 09:59:00,35.0,False,nan,3898380.0
In,2018-09-11 10:00:00,35.0,False,nan,3898440.0
In,2018-09-11 10:00:00,35.0,False,nan,3898440.0
In,2018-09-11 10:00:00,35.0,False,nan,3898440.0
In,2018-09-11 10:00:00,35.0,False,nan,3898440.0
In,2018-09-11 10:00:00,35.0,False,nan,3898440.0
In,2018-09-11 10:01:00,35.0,False,nan,3898500.0
In,2018-09-11 10:01:00,35.0,False,nan,3898500.0
In,2018-09-11 10:01:00,35.0,False,nan,3898500.0
In,2018-09-11 10:02:00,35.0,False,nan,3898560.0
In,2018-09-11 10:02:00,35.0,False,nan,3898560.0
In,2018-09-11 10:04:00,35.0,False,nan,3898680.0
In,2018-09-11 10:05:00,35.0,False,nan,3898740.0
In,2018-09-11 10:05:00,35.0,False,nan,3898740.0
In,2018-09-11 10:07:00,35.0,False,nan,3898860.0
In,2018-09-11 10:07:00,35.0,False,nan,3898860.0
In,2018-09-11 10:08:00,35.0,False,nan,3898920.0
In,2018-09-11 10:10:00,35.0,False,nan,3899040.0
In,2018-09-11 10:10:00,35.0,False,nan,3899040.0
In,2018-09-11 10:10:00,36.0,False,nan,3899040.0
In,2018-09-11 10:11:00,35.0,False,nan,3899100.0
In,2018-09-11 10:11:00,35.0,False,nan,3899100.0
In,2018-09-11 10:12:00,35.0,False,nan,3899160.0
In,2018-09-11 10:12:00,35.0,False,nan,3899160.0
In,2018-09-11 10:12:00,36.0,False,nan,3899160.0
In,2018-09-11 10:12:00,35.0,False,nan,3899160.0
In,2018-09-11 10:12:00,35.0,False,nan,3899160.0
In,2018-09-11 10:12:00,35.0,False,nan,3899160.0
In,2018-09-11 10:12:00,35.0,False,nan,3899160.0
In,2018-09-11 10:13:00,35.0,False,nan,3899220.0
In,2018-09-11 10:13:00,35.0,False,nan,3899220.0
In,2018-09-11 10:13:00,35.0,False,nan,3899220.0
In,2018-09-11 10:13:00,36.0,False,nan,3899220.0
In,2018-09-11 10:13:00,35.0,False,nan,3899220.0
In,2018-09-11 10:13:00,35.0,False,nan,3899220.0
In,2018-09-11 10:13:00,35.0,False,nan,3899220.0
In,2018-09-11 10:13:00,35.0,False,nan,3899220.0
In,2018-09-11 10:14:00,36.0,False,nan,3899280.0
In,2018-09-11 10:14:00,36.0,False,nan,3899280.0
In,2018-09-11 10:14:00,35.0,False,nan,3899280.0
In,2018-09-11 10:14:00,35.0,False,nan,3899280.0
In,2018-09-11 10:14:00,35.0,False,nan,3899280.0
In,2018-09-11 10:14:00,35.0,False,nan,3899280.0
In,2018-09-11 10:14:00,36.0,False,nan,3899280.0
In,2018-09-11 10:15:00,35.0,False,nan,3899340.0
In,2018-09-11 10:15:00,36.0,False,nan,3899340.0
In,2018-09-11 10:15:00,35.0,False,nan,3899340.0
In,2018-09-11 10:15:00,36.0,False,nan,3899340.0
In,2018-09-11 10:15:00,35.0,False,nan,3899340.0
In,2018-09-11 10:15:00,36.0,False,nan,3899340.0
In,2018-09-11 10:15:00,35.0,False,nan,3899340.0
In,2018-09-11 10:15:00,36.0,False,nan,3899340.0
In,2018-09-11 10:15:00,35.0,False,nan,3899340.0
In,2018-09-11 10:16:00,35.0,False,nan,3899400.0
In,2018-09-11 10:16:00,35.0,False,nan,3899400.0
In,2018-09-11 10:16:00,35.0,False,nan,3899400.0
In,2018-09-11 10:16:00,35.0,False,nan,3899400.0
In,2018-09-11 10:16:00,35.0,False,nan,3899400.0
In,2018-09-11 10:16:00,36.0,False,nan,3899400.0
In,2018-09-11 10:16:00,36.0,False,nan,3899400.0
In,2018-09-11 10:16:00,36.0,False,nan,3899400.0
In,2018-09-11 10:16:00,36.0,False,nan,3899400.0
In,2018-09-11 10:16:00,36.0,False,nan,3899400.0
In,2018-09-11 10:16:00,35.0,False,nan,3899400.0
In,2018-09-11 10:16:00,36.0,False,nan,3899400.0
In,2018-09-11 10:16:00,36.0,False,nan,3899400.0
In,2018-09-11 10:16:00,35.0,False,nan,3899400.0
In,2018-09-11 10:17:00,35.0,False,nan,3899460.0
In,2018-09-11 10:17:00,35.0,False,nan,3899460.0
In,2018-09-11 10:17:00,35.0,False,nan,3899460.0
In,2018-09-11 10:17:00,35.0,False,nan,3899460.0
In,2018-09-11 10:17:00,36.0,False,nan,3899460.0
In,2018-09-11 10:17:00,36.0,False,nan,3899460.0
In,2018-09-11 10:17:00,36.0,False,nan,3899460.0
In,2018-09-11 10:17:00,36.0,False,nan,3899460.0
In,2018-09-11 10:17:00,35.0,False,nan,3899460.0
In,2018-09-11 10:17:00,35.0,False,nan,3899460.0
In,2018-09-11 10:17:00,36.0,False,nan,3899460.0
In,2018-09-11 10:17:00,35.0,False,nan,3899460.0
In,2018-09-11 10:18:00,35.0,False,nan,3899520.0
In,2018-09-11 10:18:00,36.0,False,nan,3899520.0
In,2018-09-11 10:18:00,35.0,False,nan,3899520.0
In,2018-09-11 10:18:00,36.0,False,nan,3899520.0
In,2018-09-11 10:18:00,35.0,False,nan,3899520.0
In,2018-09-11 10:18:00,36.0,False,nan,3899520.0
In,2018-09-11 10:18:00,35.0,False,nan,3899520.0
In,2018-09-11 10:18:00,35.0,False,nan,3899520.0
In,2018-09-11 10:18:00,35.0,False,nan,3899520.0
In,2018-09-11 10:18:00,36.0,False,nan,3899520.0
In,2018-09-11 10:18:00,36.0,False,nan,3899520.0
In,2018-09-11 10:18:00,36.0,False,nan,3899520.0
In,2018-09-11 10:19:00,35.0,False,nan,3899580.0
In,2018-09-11 10:19:00,35.0,False,nan,3899580.0
In,2018-09-11 10:19:00,36.0,False,nan,3899580.0
In,2018-09-11 10:19:00,36.0,False,nan,3899580.0
In,2018-09-11 10:19:00,36.0,False,nan,3899580.0
In,2018-09-11 10:19:00,36.0,False,nan,3899580.0
In,2018-09-11 10:19:00,35.0,False,nan,3899580.0
In,2018-09-11 10:19:00,36.0,False,nan,3899580.0
In,2018-09-11 10:19:00,35.0,False,nan,3899580.0
In,2018-09-11 10:19:00,35.0,False,nan,3899580.0
In,2018-09-11 10:19:00,35.0,False,nan,3899580.0
In,2018-09-11 10:19:00,36.0,False,nan,3899580.0
In,2018-09-11 10:20:00,36.0,False,nan,3899640.0
In,2018-09-11 10:20:00,35.0,False,nan,3899640.0
In,2018-09-11 10:20:00,36.0,False,nan,3899640.0
In,2018-09-11 10:20:00,35.0,False,nan,3899640.0
In,2018-09-11 10:20:00,36.0,False,nan,3899640.0
In,2018-09-11 10:20:00,35.0,False,nan,3899640.0
In,2018-09-11 10:20:00,36.0,False,nan,3899640.0
In,2018-09-11 10:20:00,35.0,False,nan,3899640.0
In,2018-09-11 10:20:00,36.0,False,nan,3899640.0
In,2018-09-11 10:21:00,35.0,False,nan,3899700.0
In,2018-09-11 10:21:00,36.0,False,nan,3899700.0
In,2018-09-11 10:21:00,35.0,False,nan,3899700.0
In,2018-09-11 10:21:00,36.0,False,nan,3899700.0
In,2018-09-11 10:21:00,36.0,False,nan,3899700.0
In,2018-09-11 10:21:00,35.0,False,nan,3899700.0
In,2018-09-11 10:21:00,36.0,False,nan,3899700.0
In,2018-09-11 10:21:00,35.0,False,nan,3899700.0
In,2018-09-11 10:21:00,35.0,False,nan,3899700.0
In,2018-09-11 10:21:00,36.0,False,nan,3899700.0
In,2018-09-11 10:21:00,35.0,False,nan,3899700.0
In,2018-09-11 10:21:00,36.0,False,nan,3899700.0
In,2018-09-11 10:22:00,36.0,False,nan,3899760.0
In,2018-09-11 10:22:00,35.0,False,nan,3899760.0
In,2018-09-11 10:22:00,35.0,False,nan,3899760.0
In,2018-09-11 10:22:00,36.0,False,nan,3899760.0
In,2018-09-11 10:22:00,36.0,False,nan,3899760.0
In,2018-09-11 10:22:00,35.0,False,nan,3899760.0
In,2018-09-11 10:22:00,36.0,False,nan,3899760.0
In,2018-09-11 10:22:00,36.0,False,nan,3899760.0
In,2018-09-11 10:22:00,36.0,False,nan,3899760.0
In,2018-09-11 10:22:00,36.0,False,nan,3899760.0
In,2018-09-11 10:22:00,35.0,False,nan,3899760.0
In,2018-09-11 10:23:00,35.0,False,nan,3899820.0
In,2018-09-11 10:23:00,35.0,False,nan,3899820.0
In,2018-09-11 10:25:00,35.0,False,nan,3899940.0
In,2018-09-11 10:25:00,35.0,False,nan,3899940.0
In,2018-09-11 10:26:00,35.0,False,nan,3900000.0
In,2018-09-11 10:26:00,35.0,False,nan,3900000.0
In,2018-09-11 10:26:00,35.0,False,nan,3900000.0
In,2018-09-11 10:26:00,35.0,False,nan,3900000.0
In,2018-09-11 10:26:00,35.0,False,nan,3900000.0
In,2018-09-11 10:27:00,35.0,False,nan,3900060.0
In,2018-09-11 10:27:00,35.0,False,nan,3900060.0
In,2018-09-11 10:27:00,35.0,False,nan,3900060.0
In,2018-09-11 10:27:00,35.0,False,nan,3900060.0
In,2018-09-11 10:27:00,35.0,False,nan,3900060.0
In,2018-09-11 10:28:00,35.0,False,nan,3900120.0
In,2018-09-11 10:29:00,35.0,False,nan,3900180.0
In,2018-09-11 10:29:00,35.0,False,nan,3900180.0
In,2018-09-11 10:29:00,35.0,False,nan,3900180.0
In,2018-09-11 10:29:00,35.0,False,nan,3900180.0
In,2018-09-11 10:31:00,35.0,False,nan,3900300.0
In,2018-09-11 10:31:00,35.0,False,nan,3900300.0
In,2018-09-11 10:31:00,35.0,False,nan,3900300.0
In,2018-09-11 10:31:00,35.0,False,nan,3900300.0
In,2018-09-11 10:31:00,35.0,False,nan,3900300.0
In,2018-09-11 10:31:00,35.0,False,nan,3900300.0
In,2018-09-11 10:34:00,35.0,False,nan,3900480.0
In,2018-09-11 10:35:00,35.0,False,nan,3900540.0
In,2018-09-11 10:35:00,35.0,False,nan,3900540.0
In,2018-09-11 10:35:00,36.0,False,nan,3900540.0
In,2018-09-11 10:35:00,35.0,False,nan,3900540.0
In,2018-09-11 10:35:00,35.0,False,nan,3900540.0
In,2018-09-11 10:37:00,35.0,False,nan,3900660.0
In,2018-09-11 10:37:00,35.0,False,nan,3900660.0
In,2018-09-11 10:37:00,35.0,False,nan,3900660.0
In,2018-09-11 10:38:00,35.0,False,nan,3900720.0
In,2018-09-11 10:38:00,36.0,False,nan,3900720.0
In,2018-09-11 10:38:00,35.0,False,nan,3900720.0
In,2018-09-11 10:39:00,35.0,False,nan,3900780.0
In,2018-09-11 10:39:00,35.0,False,nan,3900780.0
In,2018-09-11 10:39:00,35.0,False,nan,3900780.0
In,2018-09-11 10:39:00,35.0,False,nan,3900780.0
In,2018-09-11 10:39:00,35.0,False,nan,3900780.0
In,2018-09-11 10:39:00,35.0,False,nan,3900780.0
In,2018-09-11 10:39:00,35.0,False,nan,3900780.0
In,2018-09-11 10:42:00,35.0,False,nan,3900960.0
In,2018-09-11 10:42:00,35.0,False,nan,3900960.0
In,2018-09-11 10:42:00,35.0,False,nan,3900960.0
In,2018-09-11 10:42:00,35.0,False,nan,3900960.0
In,2018-09-11 10:42:00,35.0,False,nan,3900960.0
In,2018-09-11 10:44:00,35.0,False,nan,3901080.0
In,2018-09-11 10:44:00,35.0,False,nan,3901080.0
In,2018-09-11 10:44:00,35.0,False,nan,3901080.0
In,2018-09-11 10:44:00,35.0,False,nan,3901080.0
In,2018-09-11 10:44:00,35.0,False,nan,3901080.0
In,2018-09-11 10:44:00,35.0,False,nan,3901080.0
In,2018-09-11 10:44:00,35.0,False,nan,3901080.0
In,2018-09-11 10:44:00,35.0,False,nan,3901080.0
In,2018-09-11 10:44:00,35.0,False,nan,3901080.0
In,2018-09-11 10:44:00,35.0,False,nan,3901080.0
In,2018-09-11 10:45:00,35.0,False,nan,3901140.0
In,2018-09-11 10:45:00,35.0,False,nan,3901140.0
In,2018-09-11 10:45:00,35.0,False,nan,3901140.0
In,2018-09-11 10:45:00,35.0,False,nan,3901140.0
In,2018-09-11 10:45:00,35.0,False,nan,3901140.0
In,2018-09-11 10:46:00,36.0,False,nan,3901200.0
In,2018-09-11 10:46:00,35.0,False,nan,3901200.0
In,2018-09-11 10:46:00,35.0,False,nan,3901200.0
In,2018-09-11 10:46:00,35.0,False,nan,3901200.0
In,2018-09-11 10:46:00,35.0,False,nan,3901200.0
In,2018-09-11 10:46:00,35.0,False,nan,3901200.0
In,2018-09-11 10:46:00,35.0,False,nan,3901200.0
In,2018-09-11 10:46:00,35.0,False,nan,3901200.0
In,2018-09-11 10:47:00,35.0,False,nan,3901260.0
In,2018-09-11 10:48:00,35.0,False,nan,3901320.0
In,2018-09-11 10:48:00,36.0,False,nan,3901320.0
In,2018-09-11 10:48:00,35.0,False,nan,3901320.0
In,2018-09-11 10:48:00,35.0,False,nan,3901320.0
In,2018-09-11 10:48:00,35.0,False,nan,3901320.0
In,2018-09-11 10:51:00,35.0,False,nan,3901500.0
In,2018-09-11 10:51:00,35.0,False,nan,3901500.0
In,2018-09-11 10:51:00,35.0,False,nan,3901500.0
In,2018-09-11 10:51:00,35.0,False,nan,3901500.0
In,2018-09-11 10:52:00,35.0,False,nan,3901560.0
In,2018-09-11 10:53:00,35.0,False,nan,3901620.0
In,2018-09-11 10:53:00,35.0,False,nan,3901620.0
In,2018-09-11 10:53:00,35.0,False,nan,3901620.0
In,2018-09-11 10:53:00,35.0,False,nan,3901620.0
In,2018-09-11 10:56:00,35.0,False,nan,3901800.0
In,2018-09-11 10:56:00,35.0,False,nan,3901800.0
In,2018-09-11 10:56:00,35.0,False,nan,3901800.0
In,2018-09-11 10:59:00,35.0,False,nan,3901980.0
In,2018-09-11 10:59:00,35.0,False,nan,3901980.0
In,2018-09-11 10:59:00,35.0,False,nan,3901980.0
In,2018-09-11 10:59:00,35.0,False,nan,3901980.0
In,2018-09-11 11:02:00,34.0,False,nan,3902160.0
In,2018-09-11 11:02:00,35.0,False,nan,3902160.0
In,2018-09-11 11:03:00,35.0,False,nan,3902220.0
In,2018-09-11 11:03:00,34.0,False,nan,3902220.0
In,2018-09-11 11:03:00,35.0,False,nan,3902220.0
In,2018-09-11 11:03:00,35.0,False,nan,3902220.0
In,2018-09-11 11:03:00,35.0,False,nan,3902220.0
In,2018-09-11 11:03:00,35.0,False,nan,3902220.0
In,2018-09-11 11:05:00,35.0,False,nan,3902340.0
In,2018-09-11 11:05:00,34.0,False,nan,3902340.0
In,2018-09-11 11:06:00,35.0,False,nan,3902400.0
In,2018-09-11 11:06:00,35.0,False,nan,3902400.0
In,2018-09-11 11:06:00,35.0,False,nan,3902400.0
In,2018-09-11 11:06:00,35.0,False,nan,3902400.0
In,2018-09-11 11:06:00,35.0,False,nan,3902400.0
In,2018-09-11 11:07:00,35.0,False,nan,3902460.0
In,2018-09-11 11:07:00,34.0,False,nan,3902460.0
In,2018-09-11 11:08:00,35.0,False,nan,3902520.0
In,2018-09-11 11:08:00,35.0,False,nan,3902520.0
In,2018-09-11 11:08:00,35.0,False,nan,3902520.0
In,2018-09-11 11:08:00,35.0,False,nan,3902520.0
In,2018-09-11 11:08:00,35.0,False,nan,3902520.0
In,2018-09-11 11:08:00,35.0,False,nan,3902520.0
In,2018-09-11 11:09:00,35.0,False,nan,3902580.0
In,2018-09-11 11:09:00,35.0,False,nan,3902580.0
In,2018-09-11 11:09:00,35.0,False,nan,3902580.0
In,2018-09-11 11:11:00,35.0,False,nan,3902700.0
In,2018-09-11 11:15:00,35.0,False,nan,3902940.0
In,2018-09-11 11:15:00,35.0,False,nan,3902940.0
In,2018-09-11 11:15:00,35.0,False,nan,3902940.0
In,2018-09-11 11:15:00,35.0,False,nan,3902940.0
In,2018-09-11 11:16:00,34.0,False,nan,3903000.0
In,2018-09-11 11:16:00,35.0,False,nan,3903000.0
In,2018-09-11 11:16:00,35.0,False,nan,3903000.0
In,2018-09-11 11:23:00,35.0,False,nan,3903420.0
In,2018-09-11 11:24:00,35.0,False,nan,3903480.0
In,2018-09-11 11:29:00,35.0,False,nan,3903780.0
In,2018-09-11 11:29:00,35.0,False,nan,3903780.0
In,2018-09-11 11:30:00,35.0,False,nan,3903840.0
In,2018-09-11 11:30:00,35.0,False,nan,3903840.0
In,2018-09-11 11:30:00,35.0,False,nan,3903840.0
In,2018-09-11 11:30:00,35.0,False,nan,3903840.0
In,2018-09-11 11:36:00,35.0,False,nan,3904200.0
In,2018-09-11 11:37:00,35.0,False,nan,3904260.0
In,2018-09-11 11:38:00,35.0,False,nan,3904320.0
In,2018-09-11 11:38:00,35.0,False,nan,3904320.0
In,2018-09-11 11:39:00,35.0,False,nan,3904380.0
In,2018-09-11 11:39:00,35.0,False,nan,3904380.0
In,2018-09-11 11:39:00,35.0,False,nan,3904380.0
In,2018-09-11 11:40:00,34.0,False,nan,3904440.0
In,2018-09-11 11:40:00,35.0,False,nan,3904440.0
In,2018-09-11 11:40:00,35.0,False,nan,3904440.0
In,2018-09-11 11:40:00,35.0,False,nan,3904440.0
In,2018-09-11 11:40:00,35.0,False,nan,3904440.0
In,2018-09-11 11:40:00,35.0,False,nan,3904440.0
In,2018-09-11 11:40:00,35.0,False,nan,3904440.0
In,2018-09-11 11:41:00,34.0,False,nan,3904500.0
In,2018-09-11 11:41:00,35.0,False,nan,3904500.0
In,2018-09-11 11:41:00,35.0,False,nan,3904500.0
In,2018-09-11 11:41:00,35.0,False,nan,3904500.0
In,2018-09-11 11:41:00,35.0,False,nan,3904500.0
In,2018-09-11 11:41:00,35.0,False,nan,3904500.0
In,2018-09-11 11:49:00,34.0,False,nan,3904980.0
In,2018-09-11 11:49:00,34.0,False,nan,3904980.0
In,2018-09-11 11:49:00,35.0,False,nan,3904980.0
In,2018-09-11 11:49:00,35.0,False,nan,3904980.0
In,2018-09-11 11:50:00,34.0,False,nan,3905040.0
In,2018-09-11 11:50:00,35.0,False,nan,3905040.0
In,2018-09-11 11:50:00,35.0,False,nan,3905040.0
In,2018-09-11 11:50:00,35.0,False,nan,3905040.0
In,2018-09-11 11:51:00,35.0,False,nan,3905100.0
In,2018-09-11 11:51:00,35.0,False,nan,3905100.0
In,2018-09-11 11:51:00,35.0,False,nan,3905100.0
In,2018-09-11 11:51:00,35.0,False,nan,3905100.0
In,2018-09-11 11:51:00,35.0,False,nan,3905100.0
In,2018-09-11 11:51:00,35.0,False,nan,3905100.0
In,2018-09-11 11:53:00,35.0,False,nan,3905220.0
In,2018-09-11 11:53:00,35.0,False,nan,3905220.0
In,2018-09-11 11:54:00,35.0,False,nan,3905280.0
In,2018-09-11 11:54:00,34.0,False,nan,3905280.0
In,2018-09-11 11:54:00,35.0,False,nan,3905280.0
In,2018-09-11 11:55:00,35.0,False,nan,3905340.0
In,2018-09-11 11:59:00,34.0,False,nan,3905580.0
In,2018-09-11 11:59:00,35.0,False,nan,3905580.0
In,2018-09-11 11:59:00,35.0,False,nan,3905580.0
In,2018-09-11 11:59:00,34.0,False,nan,3905580.0
In,2018-09-11 12:00:00,35.0,False,nan,3905640.0
In,2018-09-11 12:00:00,35.0,False,nan,3905640.0
In,2018-09-11 12:01:00,34.0,False,nan,3905700.0
In,2018-09-11 12:01:00,35.0,False,nan,3905700.0
In,2018-09-11 12:01:00,34.0,False,nan,3905700.0
In,2018-09-11 12:01:00,35.0,False,nan,3905700.0
In,2018-09-11 12:02:00,35.0,False,nan,3905760.0
In,2018-09-11 12:02:00,35.0,False,nan,3905760.0
In,2018-09-11 12:02:00,34.0,False,nan,3905760.0
In,2018-09-11 12:02:00,35.0,False,nan,3905760.0
In,2018-09-11 12:02:00,34.0,False,nan,3905760.0
In,2018-09-11 12:02:00,35.0,False,nan,3905760.0
In,2018-09-11 12:02:00,35.0,False,nan,3905760.0
In,2018-09-11 12:02:00,34.0,False,nan,3905760.0
In,2018-09-11 12:02:00,34.0,False,nan,3905760.0
In,2018-09-11 12:02:00,35.0,False,nan,3905760.0
In,2018-09-11 12:02:00,34.0,False,nan,3905760.0
In,2018-09-11 12:02:00,34.0,False,nan,3905760.0
In,2018-09-11 12:02:00,35.0,False,nan,3905760.0
In,2018-09-11 12:02:00,34.0,False,nan,3905760.0
In,2018-09-11 12:03:00,34.0,False,nan,3905820.0
In,2018-09-11 12:03:00,35.0,False,nan,3905820.0
In,2018-09-11 12:03:00,35.0,False,nan,3905820.0
In,2018-09-11 12:03:00,34.0,False,nan,3905820.0
In,2018-09-11 12:03:00,35.0,False,nan,3905820.0
In,2018-09-11 12:03:00,34.0,False,nan,3905820.0
In,2018-09-11 12:03:00,34.0,False,nan,3905820.0
In,2018-09-11 12:03:00,35.0,False,nan,3905820.0
In,2018-09-11 12:03:00,35.0,False,nan,3905820.0
In,2018-09-11 12:03:00,34.0,False,nan,3905820.0
In,2018-09-11 12:03:00,34.0,False,nan,3905820.0
In,2018-09-11 12:04:00,34.0,False,nan,3905880.0
In,2018-09-11 12:04:00,35.0,False,nan,3905880.0
In,2018-09-11 12:04:00,35.0,False,nan,3905880.0
In,2018-09-11 12:04:00,34.0,False,nan,3905880.0
In,2018-09-11 12:04:00,34.0,False,nan,3905880.0
In,2018-09-11 12:04:00,35.0,False,nan,3905880.0
In,2018-09-11 12:04:00,34.0,False,nan,3905880.0
In,2018-09-11 12:04:00,35.0,False,nan,3905880.0
In,2018-09-11 12:04:00,34.0,False,nan,3905880.0
In,2018-09-11 12:04:00,35.0,False,nan,3905880.0
In,2018-09-11 12:04:00,35.0,False,nan,3905880.0
In,2018-09-11 12:04:00,34.0,False,nan,3905880.0
In,2018-09-11 12:04:00,35.0,False,nan,3905880.0
In,2018-09-11 12:04:00,34.0,False,nan,3905880.0
In,2018-09-11 12:05:00,35.0,False,nan,3905940.0
In,2018-09-11 12:05:00,34.0,False,nan,3905940.0
In,2018-09-11 12:05:00,35.0,False,nan,3905940.0
In,2018-09-11 12:05:00,34.0,False,nan,3905940.0
In,2018-09-11 12:05:00,35.0,False,nan,3905940.0
In,2018-09-11 12:05:00,34.0,False,nan,3905940.0
In,2018-09-11 12:05:00,35.0,False,nan,3905940.0
In,2018-09-11 12:05:00,34.0,False,nan,3905940.0
In,2018-09-11 12:05:00,35.0,False,nan,3905940.0
In,2018-09-11 12:05:00,34.0,False,nan,3905940.0
In,2018-09-11 12:05:00,35.0,False,nan,3905940.0
In,2018-09-11 12:05:00,34.0,False,nan,3905940.0
In,2018-09-11 12:05:00,35.0,False,nan,3905940.0
In,2018-09-11 12:06:00,34.0,False,nan,3906000.0
In,2018-09-11 12:06:00,34.0,False,nan,3906000.0
In,2018-09-11 12:06:00,34.0,False,nan,3906000.0
In,2018-09-11 12:06:00,35.0,False,nan,3906000.0
In,2018-09-11 12:06:00,34.0,False,nan,3906000.0
In,2018-09-11 12:06:00,34.0,False,nan,3906000.0
In,2018-09-11 12:06:00,35.0,False,nan,3906000.0
In,2018-09-11 12:06:00,35.0,False,nan,3906000.0
In,2018-09-11 12:06:00,35.0,False,nan,3906000.0
In,2018-09-11 12:06:00,34.0,False,nan,3906000.0
In,2018-09-11 12:06:00,35.0,False,nan,3906000.0
In,2018-09-11 12:07:00,35.0,False,nan,3906060.0
In,2018-09-11 12:07:00,34.0,False,nan,3906060.0
In,2018-09-11 12:07:00,34.0,False,nan,3906060.0
In,2018-09-11 12:07:00,34.0,False,nan,3906060.0
In,2018-09-11 12:07:00,34.0,False,nan,3906060.0
In,2018-09-11 12:07:00,34.0,False,nan,3906060.0
In,2018-09-11 12:07:00,34.0,False,nan,3906060.0
In,2018-09-11 12:08:00,34.0,False,nan,3906120.0
In,2018-09-11 12:08:00,34.0,False,nan,3906120.0
In,2018-09-11 12:08:00,34.0,False,nan,3906120.0
In,2018-09-11 12:08:00,34.0,False,nan,3906120.0
In,2018-09-11 12:08:00,34.0,False,nan,3906120.0
In,2018-09-11 12:08:00,34.0,False,nan,3906120.0
In,2018-09-11 12:08:00,34.0,False,nan,3906120.0
In,2018-09-11 12:08:00,34.0,False,nan,3906120.0
In,2018-09-11 12:10:00,34.0,False,nan,3906240.0
In,2018-09-11 12:10:00,35.0,False,nan,3906240.0
In,2018-09-11 12:10:00,35.0,False,nan,3906240.0
In,2018-09-11 12:11:00,34.0,False,nan,3906300.0
In,2018-09-11 12:12:00,35.0,False,nan,3906360.0
In,2018-09-11 12:12:00,34.0,False,nan,3906360.0
In,2018-09-11 12:12:00,34.0,False,nan,3906360.0
In,2018-09-11 12:12:00,34.0,False,nan,3906360.0
In,2018-09-11 12:12:00,35.0,False,nan,3906360.0
In,2018-09-11 12:12:00,34.0,False,nan,3906360.0
In,2018-09-11 12:12:00,35.0,False,nan,3906360.0
In,2018-09-11 12:12:00,34.0,False,nan,3906360.0
In,2018-09-11 12:12:00,35.0,False,nan,3906360.0
In,2018-09-11 12:13:00,35.0,False,nan,3906420.0
In,2018-09-11 12:13:00,35.0,False,nan,3906420.0
In,2018-09-11 12:13:00,34.0,False,nan,3906420.0
In,2018-09-11 12:13:00,34.0,False,nan,3906420.0
In,2018-09-11 12:13:00,35.0,False,nan,3906420.0
In,2018-09-11 12:14:00,34.0,False,nan,3906480.0
In,2018-09-11 12:14:00,34.0,False,nan,3906480.0
In,2018-09-11 12:14:00,35.0,False,nan,3906480.0
In,2018-09-11 12:14:00,35.0,False,nan,3906480.0
In,2018-09-11 12:14:00,34.0,False,nan,3906480.0
In,2018-09-11 12:14:00,34.0,False,nan,3906480.0
In,2018-09-11 12:14:00,34.0,False,nan,3906480.0
In,2018-09-11 12:14:00,34.0,False,nan,3906480.0
In,2018-09-11 12:14:00,34.0,False,nan,3906480.0
In,2018-09-11 12:14:00,34.0,False,nan,3906480.0
In,2018-09-11 12:14:00,35.0,False,nan,3906480.0
In,2018-09-11 12:14:00,34.0,False,nan,3906480.0
In,2018-09-11 12:14:00,34.0,False,nan,3906480.0
In,2018-09-11 12:14:00,35.0,False,nan,3906480.0
In,2018-09-11 12:14:00,34.0,False,nan,3906480.0
In,2018-09-11 12:15:00,35.0,False,nan,3906540.0
In,2018-09-11 12:15:00,34.0,False,nan,3906540.0
In,2018-09-11 12:15:00,35.0,False,nan,3906540.0
In,2018-09-11 12:15:00,34.0,False,nan,3906540.0
In,2018-09-11 12:16:00,35.0,False,nan,3906600.0
In,2018-09-11 12:16:00,34.0,False,nan,3906600.0
In,2018-09-11 12:16:00,34.0,False,nan,3906600.0
In,2018-09-11 12:16:00,35.0,False,nan,3906600.0
In,2018-09-11 12:16:00,35.0,False,nan,3906600.0
In,2018-09-11 12:16:00,34.0,False,nan,3906600.0
In,2018-09-11 12:16:00,34.0,False,nan,3906600.0
In,2018-09-11 12:16:00,34.0,False,nan,3906600.0
In,2018-09-11 12:16:00,35.0,False,nan,3906600.0
In,2018-09-11 12:16:00,35.0,False,nan,3906600.0
In,2018-09-11 12:16:00,35.0,False,nan,3906600.0
In,2018-09-11 12:16:00,34.0,False,nan,3906600.0
In,2018-09-11 12:16:00,35.0,False,nan,3906600.0
In,2018-09-11 12:17:00,34.0,False,nan,3906660.0
In,2018-09-11 12:17:00,35.0,False,nan,3906660.0
In,2018-09-11 12:17:00,35.0,False,nan,3906660.0
In,2018-09-11 12:17:00,34.0,False,nan,3906660.0
In,2018-09-11 12:18:00,34.0,False,nan,3906720.0
In,2018-09-11 12:18:00,35.0,False,nan,3906720.0
In,2018-09-11 12:20:00,34.0,False,nan,3906840.0
In,2018-09-11 12:20:00,35.0,False,nan,3906840.0
In,2018-09-11 12:21:00,35.0,False,nan,3906900.0
In,2018-09-11 12:24:00,35.0,False,nan,3907080.0
In,2018-09-11 12:24:00,34.0,False,nan,3907080.0
In,2018-09-11 12:25:00,34.0,False,nan,3907140.0
In,2018-09-11 12:25:00,34.0,False,nan,3907140.0
In,2018-09-11 12:25:00,35.0,False,nan,3907140.0
In,2018-09-11 12:25:00,34.0,False,nan,3907140.0
In,2018-09-11 12:25:00,35.0,False,nan,3907140.0
In,2018-09-11 12:25:00,35.0,False,nan,3907140.0
In,2018-09-11 12:25:00,35.0,False,nan,3907140.0
In,2018-09-11 12:26:00,35.0,False,nan,3907200.0
In,2018-09-11 12:26:00,34.0,False,nan,3907200.0
In,2018-09-11 12:26:00,35.0,False,nan,3907200.0
In,2018-09-11 12:26:00,35.0,False,nan,3907200.0
In,2018-09-11 12:26:00,35.0,False,nan,3907200.0
In,2018-09-11 12:26:00,35.0,False,nan,3907200.0
In,2018-09-11 12:27:00,34.0,False,nan,3907260.0
In,2018-09-11 12:27:00,34.0,False,nan,3907260.0
In,2018-09-11 12:27:00,35.0,False,nan,3907260.0
In,2018-09-11 12:27:00,34.0,False,nan,3907260.0
In,2018-09-11 12:27:00,35.0,False,nan,3907260.0
In,2018-09-11 12:27:00,35.0,False,nan,3907260.0
In,2018-09-11 12:28:00,35.0,False,nan,3907320.0
In,2018-09-11 12:28:00,34.0,False,nan,3907320.0
In,2018-09-11 12:28:00,34.0,False,nan,3907320.0
In,2018-09-11 12:28:00,34.0,False,nan,3907320.0
In,2018-09-11 12:28:00,35.0,False,nan,3907320.0
In,2018-09-11 12:28:00,34.0,False,nan,3907320.0
In,2018-09-11 12:29:00,34.0,False,nan,3907380.0
In,2018-09-11 12:29:00,35.0,False,nan,3907380.0
In,2018-09-11 12:29:00,35.0,False,nan,3907380.0
In,2018-09-11 12:29:00,34.0,False,nan,3907380.0
In,2018-09-11 12:29:00,35.0,False,nan,3907380.0
In,2018-09-11 12:29:00,35.0,False,nan,3907380.0
In,2018-09-11 12:29:00,34.0,False,nan,3907380.0
In,2018-09-11 12:30:00,34.0,False,nan,3907440.0
In,2018-09-11 12:30:00,34.0,False,nan,3907440.0
In,2018-09-11 12:30:00,35.0,False,nan,3907440.0
In,2018-09-11 12:30:00,35.0,False,nan,3907440.0
In,2018-09-11 12:30:00,35.0,False,nan,3907440.0
In,2018-09-11 12:30:00,35.0,False,nan,3907440.0
In,2018-09-11 12:30:00,35.0,False,nan,3907440.0
In,2018-09-11 12:30:00,34.0,False,nan,3907440.0
In,2018-09-11 12:30:00,34.0,False,nan,3907440.0
In,2018-09-11 12:31:00,35.0,False,nan,3907500.0
In,2018-09-11 12:31:00,34.0,False,nan,3907500.0
In,2018-09-11 12:31:00,35.0,False,nan,3907500.0
In,2018-09-11 12:31:00,35.0,False,nan,3907500.0
In,2018-09-11 12:31:00,34.0,False,nan,3907500.0
In,2018-09-11 12:31:00,34.0,False,nan,3907500.0
In,2018-09-11 12:32:00,34.0,False,nan,3907560.0
In,2018-09-11 12:32:00,35.0,False,nan,3907560.0
In,2018-09-11 12:32:00,34.0,False,nan,3907560.0
In,2018-09-11 12:32:00,35.0,False,nan,3907560.0
In,2018-09-11 12:32:00,35.0,False,nan,3907560.0
In,2018-09-11 12:32:00,34.0,False,nan,3907560.0
In,2018-09-11 12:33:00,35.0,False,nan,3907620.0
In,2018-09-11 12:33:00,35.0,False,nan,3907620.0
In,2018-09-11 12:33:00,35.0,False,nan,3907620.0
In,2018-09-11 12:33:00,34.0,False,nan,3907620.0
In,2018-09-11 12:33:00,34.0,False,nan,3907620.0
In,2018-09-11 12:33:00,34.0,False,nan,3907620.0
In,2018-09-11 12:33:00,35.0,False,nan,3907620.0
In,2018-09-11 12:33:00,34.0,False,nan,3907620.0
In,2018-09-11 12:33:00,34.0,False,nan,3907620.0
In,2018-09-11 12:33:00,35.0,False,nan,3907620.0
In,2018-09-11 12:33:00,34.0,False,nan,3907620.0
In,2018-09-11 12:33:00,34.0,False,nan,3907620.0
In,2018-09-11 12:33:00,35.0,False,nan,3907620.0
In,2018-09-11 12:34:00,35.0,False,nan,3907680.0
In,2018-09-11 12:34:00,35.0,False,nan,3907680.0
In,2018-09-11 12:34:00,35.0,False,nan,3907680.0
In,2018-09-11 12:34:00,34.0,False,nan,3907680.0
In,2018-09-11 12:34:00,35.0,False,nan,3907680.0
In,2018-09-11 12:34:00,35.0,False,nan,3907680.0
In,2018-09-11 12:34:00,34.0,False,nan,3907680.0
In,2018-09-11 12:34:00,34.0,False,nan,3907680.0
In,2018-09-11 12:34:00,34.0,False,nan,3907680.0
In,2018-09-11 12:34:00,35.0,False,nan,3907680.0
In,2018-09-11 12:34:00,34.0,False,nan,3907680.0
In,2018-09-11 12:35:00,34.0,False,nan,3907740.0
In,2018-09-11 12:35:00,35.0,False,nan,3907740.0
In,2018-09-11 12:35:00,34.0,False,nan,3907740.0
In,2018-09-11 12:35:00,35.0,False,nan,3907740.0
In,2018-09-11 12:35:00,34.0,False,nan,3907740.0
In,2018-09-11 12:35:00,35.0,False,nan,3907740.0
In,2018-09-11 12:35:00,34.0,False,nan,3907740.0
In,2018-09-11 12:35:00,35.0,False,nan,3907740.0
In,2018-09-11 12:35:00,34.0,False,nan,3907740.0
In,2018-09-11 12:35:00,35.0,False,nan,3907740.0
In,2018-09-11 12:35:00,34.0,False,nan,3907740.0
In,2018-09-11 12:36:00,34.0,False,nan,3907800.0
In,2018-09-11 12:36:00,35.0,False,nan,3907800.0
In,2018-09-11 12:37:00,35.0,False,nan,3907860.0
In,2018-09-11 12:37:00,35.0,False,nan,3907860.0
In,2018-09-11 12:37:00,35.0,False,nan,3907860.0
In,2018-09-11 12:37:00,34.0,False,nan,3907860.0
In,2018-09-11 12:37:00,34.0,False,nan,3907860.0
In,2018-09-11 12:37:00,34.0,False,nan,3907860.0
In,2018-09-11 12:37:00,35.0,False,nan,3907860.0
In,2018-09-11 12:38:00,35.0,False,nan,3907920.0
In,2018-09-11 12:38:00,34.0,False,nan,3907920.0
In,2018-09-11 12:38:00,35.0,False,nan,3907920.0
In,2018-09-11 12:38:00,34.0,False,nan,3907920.0
In,2018-09-11 12:38:00,35.0,False,nan,3907920.0
In,2018-09-11 12:38:00,34.0,False,nan,3907920.0
In,2018-09-11 12:38:00,35.0,False,nan,3907920.0
In,2018-09-11 12:38:00,34.0,False,nan,3907920.0
In,2018-09-11 12:38:00,34.0,False,nan,3907920.0
In,2018-09-11 12:38:00,35.0,False,nan,3907920.0
In,2018-09-11 12:39:00,34.0,False,nan,3907980.0
In,2018-09-11 12:39:00,34.0,False,nan,3907980.0
In,2018-09-11 12:39:00,35.0,False,nan,3907980.0
In,2018-09-11 12:39:00,35.0,False,nan,3907980.0
In,2018-09-11 12:39:00,34.0,False,nan,3907980.0
In,2018-09-11 12:40:00,34.0,False,nan,3908040.0
In,2018-09-11 12:40:00,35.0,False,nan,3908040.0
In,2018-09-11 12:40:00,34.0,False,nan,3908040.0
In,2018-09-11 12:40:00,34.0,False,nan,3908040.0
In,2018-09-11 12:40:00,34.0,False,nan,3908040.0
In,2018-09-11 12:40:00,34.0,False,nan,3908040.0
In,2018-09-11 12:40:00,35.0,False,nan,3908040.0
In,2018-09-11 12:41:00,34.0,False,nan,3908100.0
In,2018-09-11 12:41:00,34.0,False,nan,3908100.0
In,2018-09-11 12:41:00,34.0,False,nan,3908100.0
In,2018-09-11 12:41:00,34.0,False,nan,3908100.0
In,2018-09-11 12:41:00,34.0,False,nan,3908100.0
In,2018-09-11 12:41:00,35.0,False,nan,3908100.0
In,2018-09-11 12:41:00,34.0,False,nan,3908100.0
In,2018-09-11 12:41:00,35.0,False,nan,3908100.0
In,2018-09-11 12:41:00,34.0,False,nan,3908100.0
In,2018-09-11 12:41:00,34.0,False,nan,3908100.0
In,2018-09-11 12:42:00,34.0,False,nan,3908160.0
In,2018-09-11 12:42:00,35.0,False,nan,3908160.0
In,2018-09-11 12:42:00,34.0,False,nan,3908160.0
In,2018-09-11 12:43:00,34.0,False,nan,3908220.0
In,2018-09-11 12:43:00,34.0,False,nan,3908220.0
In,2018-09-11 12:44:00,34.0,False,nan,3908280.0
In,2018-09-11 12:44:00,34.0,False,nan,3908280.0
In,2018-09-11 12:44:00,34.0,False,nan,3908280.0
In,2018-09-11 12:44:00,34.0,False,nan,3908280.0
In,2018-09-11 12:44:00,34.0,False,nan,3908280.0
In,2018-09-11 12:44:00,34.0,False,nan,3908280.0
In,2018-09-11 12:44:00,34.0,False,nan,3908280.0
In,2018-09-11 12:45:00,34.0,False,nan,3908340.0
In,2018-09-11 12:46:00,35.0,False,nan,3908400.0
In,2018-09-11 12:46:00,34.0,False,nan,3908400.0
In,2018-09-11 12:47:00,34.0,False,nan,3908460.0
In,2018-09-11 12:47:00,35.0,False,nan,3908460.0
In,2018-09-11 12:48:00,35.0,False,nan,3908520.0
In,2018-09-11 12:48:00,34.0,False,nan,3908520.0
In,2018-09-11 12:50:00,34.0,False,nan,3908640.0
In,2018-09-11 12:50:00,35.0,False,nan,3908640.0
In,2018-09-11 12:51:00,34.0,False,nan,3908700.0
In,2018-09-11 12:51:00,34.0,False,nan,3908700.0
In,2018-09-11 12:51:00,34.0,False,nan,3908700.0
In,2018-09-11 12:51:00,34.0,False,nan,3908700.0
In,2018-09-11 12:51:00,34.0,False,nan,3908700.0
In,2018-09-11 12:52:00,34.0,False,nan,3908760.0
In,2018-09-11 12:52:00,34.0,False,nan,3908760.0
In,2018-09-11 12:53:00,34.0,False,nan,3908820.0
In,2018-09-11 12:53:00,35.0,False,nan,3908820.0
In,2018-09-11 12:53:00,34.0,False,nan,3908820.0
In,2018-09-11 12:53:00,34.0,False,nan,3908820.0
In,2018-09-11 12:53:00,34.0,False,nan,3908820.0
In,2018-09-11 12:53:00,34.0,False,nan,3908820.0
In,2018-09-11 12:54:00,34.0,False,nan,3908880.0
In,2018-09-11 12:54:00,34.0,False,nan,3908880.0
In,2018-09-11 12:54:00,34.0,False,nan,3908880.0
In,2018-09-11 12:54:00,34.0,False,nan,3908880.0
In,2018-09-11 12:55:00,34.0,False,nan,3908940.0
In,2018-09-11 12:55:00,34.0,False,nan,3908940.0
In,2018-09-11 12:55:00,34.0,False,nan,3908940.0
In,2018-09-11 12:55:00,34.0,False,nan,3908940.0
In,2018-09-11 12:56:00,34.0,False,nan,3909000.0
In,2018-09-11 12:56:00,34.0,False,nan,3909000.0
In,2018-09-11 12:56:00,34.0,False,nan,3909000.0
In,2018-09-11 12:59:00,34.0,False,nan,3909180.0
In,2018-09-11 12:59:00,34.0,False,nan,3909180.0
In,2018-09-11 12:59:00,34.0,False,nan,3909180.0
In,2018-09-11 12:59:00,34.0,False,nan,3909180.0
In,2018-09-11 13:00:00,35.0,False,nan,3909240.0
In,2018-09-11 13:00:00,34.0,False,nan,3909240.0
In,2018-09-11 13:06:00,34.0,False,nan,3909600.0
In,2018-09-11 13:06:00,34.0,False,nan,3909600.0
In,2018-09-11 13:06:00,34.0,False,nan,3909600.0
In,2018-09-11 13:09:00,34.0,False,nan,3909780.0
In,2018-09-11 13:09:00,34.0,False,nan,3909780.0
In,2018-09-11 13:09:00,34.0,False,nan,3909780.0
In,2018-09-11 13:11:00,34.0,False,nan,3909900.0
In,2018-09-11 13:12:00,34.0,False,nan,3909960.0
In,2018-09-11 13:12:00,34.0,False,nan,3909960.0
In,2018-09-11 13:13:00,34.0,False,nan,3910020.0
In,2018-09-11 13:14:00,34.0,False,nan,3910080.0
In,2018-09-11 13:14:00,34.0,False,nan,3910080.0
In,2018-09-11 13:14:00,34.0,False,nan,3910080.0
In,2018-09-11 13:15:00,34.0,False,nan,3910140.0
In,2018-09-11 13:16:00,34.0,False,nan,3910200.0
In,2018-09-11 13:16:00,34.0,False,nan,3910200.0
In,2018-09-11 13:17:00,34.0,False,nan,3910260.0
In,2018-09-11 13:17:00,34.0,False,nan,3910260.0
In,2018-09-11 13:17:00,34.0,False,nan,3910260.0
In,2018-09-11 13:17:00,34.0,False,nan,3910260.0
In,2018-09-11 13:17:00,34.0,False,nan,3910260.0
In,2018-09-11 13:17:00,34.0,False,nan,3910260.0
In,2018-09-11 13:18:00,34.0,False,nan,3910320.0
In,2018-09-11 13:18:00,34.0,False,nan,3910320.0
In,2018-09-11 13:18:00,34.0,False,nan,3910320.0
In,2018-09-11 13:19:00,34.0,False,nan,3910380.0
In,2018-09-11 13:19:00,34.0,False,nan,3910380.0
In,2018-09-11 13:19:00,34.0,False,nan,3910380.0
In,2018-09-11 13:19:00,34.0,False,nan,3910380.0
In,2018-09-11 13:20:00,34.0,False,nan,3910440.0
In,2018-09-11 13:20:00,34.0,False,nan,3910440.0
In,2018-09-11 13:20:00,34.0,False,nan,3910440.0
In,2018-09-11 13:21:00,34.0,False,nan,3910500.0
In,2018-09-11 13:21:00,34.0,False,nan,3910500.0
In,2018-09-11 13:21:00,34.0,False,nan,3910500.0
In,2018-09-11 13:22:00,34.0,False,nan,3910560.0
In,2018-09-11 13:22:00,34.0,False,nan,3910560.0
In,2018-09-11 13:22:00,34.0,False,nan,3910560.0
In,2018-09-11 13:22:00,34.0,False,nan,3910560.0
In,2018-09-11 13:23:00,34.0,False,nan,3910620.0
In,2018-09-11 13:23:00,34.0,False,nan,3910620.0
In,2018-09-11 13:23:00,34.0,False,nan,3910620.0
In,2018-09-11 13:23:00,34.0,False,nan,3910620.0
In,2018-09-11 13:24:00,34.0,False,nan,3910680.0
In,2018-09-11 13:24:00,34.0,False,nan,3910680.0
In,2018-09-11 13:24:00,34.0,False,nan,3910680.0
In,2018-09-11 13:24:00,34.0,False,nan,3910680.0
In,2018-09-11 13:24:00,34.0,False,nan,3910680.0
In,2018-09-11 13:25:00,34.0,False,nan,3910740.0
In,2018-09-11 13:25:00,33.0,False,nan,3910740.0
In,2018-09-11 13:25:00,34.0,False,nan,3910740.0
In,2018-09-11 13:25:00,34.0,False,nan,3910740.0
In,2018-09-11 13:25:00,33.0,False,nan,3910740.0
In,2018-09-11 13:25:00,34.0,False,nan,3910740.0
In,2018-09-11 13:25:00,34.0,False,nan,3910740.0
In,2018-09-11 13:25:00,33.0,False,nan,3910740.0
In,2018-09-11 13:26:00,33.0,False,nan,3910800.0
In,2018-09-11 13:26:00,34.0,False,nan,3910800.0
In,2018-09-11 13:26:00,34.0,False,nan,3910800.0
In,2018-09-11 13:26:00,33.0,False,nan,3910800.0
In,2018-09-11 13:26:00,34.0,False,nan,3910800.0
In,2018-09-11 13:26:00,34.0,False,nan,3910800.0
In,2018-09-11 13:26:00,33.0,False,nan,3910800.0
In,2018-09-11 13:26:00,34.0,False,nan,3910800.0
In,2018-09-11 13:26:00,33.0,False,nan,3910800.0
In,2018-09-11 13:26:00,34.0,False,nan,3910800.0
In,2018-09-11 13:26:00,33.0,False,nan,3910800.0
In,2018-09-11 13:26:00,34.0,False,nan,3910800.0
In,2018-09-11 13:26:00,33.0,False,nan,3910800.0
In,2018-09-11 13:27:00,34.0,False,nan,3910860.0
In,2018-09-11 13:27:00,33.0,False,nan,3910860.0
In,2018-09-11 13:27:00,33.0,False,nan,3910860.0
In,2018-09-11 13:28:00,33.0,False,nan,3910920.0
In,2018-09-11 13:28:00,33.0,False,nan,3910920.0
In,2018-09-11 13:28:00,33.0,False,nan,3910920.0
In,2018-09-11 13:28:00,33.0,False,nan,3910920.0
In,2018-09-11 13:28:00,34.0,False,nan,3910920.0
In,2018-09-11 13:28:00,34.0,False,nan,3910920.0
In,2018-09-11 13:29:00,33.0,False,nan,3910980.0
In,2018-09-11 13:35:00,33.0,False,nan,3911340.0
In,2018-09-11 13:35:00,33.0,False,nan,3911340.0
In,2018-09-11 13:37:00,33.0,False,nan,3911460.0
In,2018-09-11 13:39:00,33.0,False,nan,3911580.0
In,2018-09-11 13:39:00,33.0,False,nan,3911580.0
In,2018-09-11 13:40:00,33.0,False,nan,3911640.0
In,2018-09-11 13:43:00,33.0,False,nan,3911820.0
In,2018-09-11 13:43:00,33.0,False,nan,3911820.0
In,2018-09-11 13:43:00,33.0,False,nan,3911820.0
In,2018-09-11 13:43:00,33.0,False,nan,3911820.0
In,2018-09-11 13:43:00,33.0,False,nan,3911820.0
In,2018-09-11 13:44:00,33.0,False,nan,3911880.0
In,2018-09-11 13:46:00,33.0,False,nan,3912000.0
In,2018-09-11 13:47:00,33.0,False,nan,3912060.0
In,2018-09-11 13:47:00,33.0,False,nan,3912060.0
In,2018-09-11 13:48:00,33.0,False,nan,3912120.0
In,2018-09-11 13:49:00,33.0,False,nan,3912180.0
In,2018-09-11 13:49:00,33.0,False,nan,3912180.0
In,2018-09-11 13:50:00,33.0,False,nan,3912240.0
In,2018-09-11 13:50:00,33.0,False,nan,3912240.0
In,2018-09-11 13:50:00,33.0,False,nan,3912240.0
In,2018-09-11 13:50:00,32.0,False,nan,3912240.0
In,2018-09-11 13:51:00,33.0,False,nan,3912300.0
In,2018-09-11 13:51:00,33.0,False,nan,3912300.0
In,2018-09-11 13:51:00,33.0,False,nan,3912300.0
In,2018-09-11 13:51:00,33.0,False,nan,3912300.0
In,2018-09-11 13:51:00,33.0,False,nan,3912300.0
In,2018-09-11 13:51:00,33.0,False,nan,3912300.0
In,2018-09-11 13:52:00,33.0,False,nan,3912360.0
In,2018-09-11 13:52:00,33.0,False,nan,3912360.0
In,2018-09-11 13:53:00,33.0,False,nan,3912420.0
In,2018-09-11 13:53:00,33.0,False,nan,3912420.0
In,2018-09-11 13:53:00,33.0,False,nan,3912420.0
In,2018-09-11 13:53:00,33.0,False,nan,3912420.0
In,2018-09-11 13:54:00,33.0,False,nan,3912480.0
In,2018-09-11 13:54:00,33.0,False,nan,3912480.0
In,2018-09-11 13:55:00,33.0,True,drift,3912540.0
In,2018-09-11 13:55:00,33.40017334456016,True,drift,3912540.0
In,2018-09-11 13:56:00,33.80034668912031,True,drift,3912600.0
In,2018-09-11 13:56:00,34.20052003368047,True,drift,3912600.0
In,2018-09-11 13:56:00,34.60069337824062,True,drift,3912600.0
In,2018-09-11 13:56:00,35.00086672280078,True,drift,3912600.0
In,2018-09-11 13:56:00,35.40104006736093,True,drift,3912600.0
In,2018-09-11 13:56:00,35.80121341192109,True,drift,3912600.0
In,2018-09-11 13:57:00,36.20138675648124,True,drift,3912660.0
In,2018-09-11 13:57:00,36.6015601010414,True,drift,3912660.0
In,2018-09-11 13:57:00,38.00173344560155,True,drift,3912660.0
In,2018-09-11 14:01:00,37.40190679016171,True,drift,3912900.0
In,2018-09-11 14:01:00,37.80208013472186,True,drift,3912900.0
In,2018-09-11 14:02:00,41.003466891203104,True,drift,3912960.0
In,2018-09-11 14:02:00,38.20225347928202,True,drift,3912960.0
In,2018-09-11 14:02:00,38.60242682384217,True,drift,3912960.0
In,2018-09-11 14:02:00,39.00260016840233,True,drift,3912960.0
In,2018-09-11 14:02:00,39.40277351296248,True,drift,3912960.0
In,2018-09-11 14:02:00,38.80294685752264,True,drift,3912960.0
In,2018-09-11 14:02:00,40.20312020208279,True,drift,3912960.0
In,2018-09-11 14:02:00,40.60329354664295,True,drift,3912960.0
In,2018-09-11 14:03:00,41.40364023576326,True,drift,3913020.0
In,2018-09-11 14:03:00,33.0,False,nan,3913020.0
In,2018-09-11 14:05:00,33.0,False,nan,3913140.0
In,2018-09-11 14:05:00,32.0,False,nan,3913140.0
In,2018-09-11 14:05:00,33.0,False,nan,3913140.0
In,2018-09-11 14:05:00,32.0,False,nan,3913140.0
In,2018-09-11 14:05:00,32.0,False,nan,3913140.0
In,2018-09-11 14:05:00,32.0,False,nan,3913140.0
In,2018-09-11 14:06:00,32.0,False,nan,3913200.0
In,2018-09-11 14:06:00,32.0,False,nan,3913200.0
In,2018-09-11 14:06:00,32.0,False,nan,3913200.0
In,2018-09-11 14:06:00,32.0,False,nan,3913200.0
In,2018-09-11 14:06:00,32.0,False,nan,3913200.0
In,2018-09-11 14:07:00,32.0,False,nan,3913260.0
In,2018-09-11 14:07:00,32.0,False,nan,3913260.0
In,2018-09-11 14:07:00,32.0,False,nan,3913260.0
In,2018-09-11 14:07:00,32.0,False,nan,3913260.0
In,2018-09-11 14:09:00,32.0,False,nan,3913380.0
In,2018-09-11 14:09:00,32.0,False,nan,3913380.0
In,2018-09-11 14:13:00,33.0,False,nan,3913620.0
In,2018-09-11 14:13:00,32.0,False,nan,3913620.0
In,2018-09-11 14:13:00,32.0,False,nan,3913620.0
In,2018-09-11 14:18:00,32.0,False,nan,3913920.0
In,2018-09-11 14:18:00,32.0,False,nan,3913920.0
In,2018-09-11 14:20:00,32.0,False,nan,3914040.0
In,2018-09-11 14:20:00,32.0,False,nan,3914040.0
In,2018-09-11 14:20:00,32.0,False,nan,3914040.0
In,2018-09-11 14:20:00,32.0,False,nan,3914040.0
In,2018-09-11 14:25:00,32.0,False,nan,3914340.0
In,2018-09-11 14:27:00,32.0,False,nan,3914460.0
In,2018-09-11 14:27:00,32.0,False,nan,3914460.0
In,2018-09-11 14:29:00,32.0,False,nan,3914580.0
In,2018-09-11 14:29:00,32.0,False,nan,3914580.0
In,2018-09-11 14:29:00,32.0,False,nan,3914580.0
In,2018-09-11 14:29:00,32.0,False,nan,3914580.0
In,2018-09-11 14:29:00,32.0,False,nan,3914580.0
In,2018-09-11 14:29:00,32.0,False,nan,3914580.0
In,2018-09-11 14:29:00,32.0,False,nan,3914580.0
In,2018-09-11 14:29:00,32.0,False,nan,3914580.0
In,2018-09-11 14:30:00,32.0,False,nan,3914640.0
In,2018-09-11 14:30:00,32.0,False,nan,3914640.0
In,2018-09-11 14:30:00,32.0,False,nan,3914640.0
In,2018-09-11 14:30:00,32.0,False,nan,3914640.0
In,2018-09-11 14:46:00,32.0,False,nan,3915600.0
In,2018-09-11 14:46:00,32.0,False,nan,3915600.0
In,2018-09-11 14:47:00,32.0,False,nan,3915660.0
In,2018-09-11 14:47:00,32.0,False,nan,3915660.0
In,2018-09-11 14:47:00,32.0,False,nan,3915660.0
In,2018-09-11 14:47:00,32.0,False,nan,3915660.0
In,2018-09-11 14:47:00,32.0,False,nan,3915660.0
In,2018-09-11 14:47:00,32.0,False,nan,3915660.0
In,2018-09-11 14:47:00,32.0,False,nan,3915660.0
In,2018-09-11 14:47:00,32.0,False,nan,3915660.0
In,2018-09-11 14:47:00,32.0,False,nan,3915660.0
In,2018-09-11 14:47:00,32.0,False,nan,3915660.0
In,2018-09-11 14:49:00,32.0,False,nan,3915780.0
In,2018-09-11 14:49:00,32.0,False,nan,3915780.0
In,2018-09-11 14:49:00,32.0,False,nan,3915780.0
In,2018-09-11 14:49:00,32.0,False,nan,3915780.0
In,2018-09-11 14:49:00,32.0,False,nan,3915780.0
In,2018-09-11 14:49:00,32.0,False,nan,3915780.0
In,2018-09-11 14:50:00,32.0,False,nan,3915840.0
In,2018-09-11 14:50:00,32.0,False,nan,3915840.0
In,2018-09-11 14:50:00,32.0,False,nan,3915840.0
In,2018-09-11 14:50:00,32.0,False,nan,3915840.0
In,2018-09-11 14:50:00,32.0,False,nan,3915840.0
In,2018-09-11 14:50:00,32.0,False,nan,3915840.0
In,2018-09-11 14:50:00,32.0,False,nan,3915840.0
In,2018-09-11 14:50:00,32.0,False,nan,3915840.0
In,2018-09-11 14:50:00,32.0,False,nan,3915840.0
In,2018-09-11 14:50:00,32.0,False,nan,3915840.0
In,2018-09-11 14:50:00,32.0,False,nan,3915840.0
In,2018-09-11 14:50:00,32.0,False,nan,3915840.0
In,2018-09-11 14:50:00,32.0,False,nan,3915840.0
In,2018-09-11 14:50:00,32.0,False,nan,3915840.0
In,2018-09-11 14:50:00,32.0,False,nan,3915840.0
In,2018-09-11 14:50:00,32.0,False,nan,3915840.0
In,2018-09-11 14:51:00,32.0,False,nan,3915900.0
In,2018-09-11 14:51:00,32.0,False,nan,3915900.0
In,2018-09-11 14:51:00,32.0,False,nan,3915900.0
In,2018-09-11 14:51:00,32.0,False,nan,3915900.0
In,2018-09-11 14:51:00,32.0,False,nan,3915900.0
In,2018-09-11 14:51:00,32.0,False,nan,3915900.0
In,2018-09-11 14:51:00,32.0,False,nan,3915900.0
In,2018-09-11 14:51:00,32.0,False,nan,3915900.0
In,2018-09-11 14:52:00,32.0,False,nan,3915960.0
In,2018-09-11 14:52:00,32.0,False,nan,3915960.0
In,2018-09-11 14:52:00,32.0,False,nan,3915960.0
In,2018-09-11 14:52:00,32.0,False,nan,3915960.0
In,2018-09-11 14:52:00,32.0,False,nan,3915960.0
In,2018-09-11 14:53:00,32.0,False,nan,3916020.0
In,2018-09-11 14:53:00,32.0,False,nan,3916020.0
In,2018-09-11 14:53:00,32.0,False,nan,3916020.0
In,2018-09-11 14:53:00,32.0,False,nan,3916020.0
In,2018-09-11 14:53:00,32.0,False,nan,3916020.0
In,2018-09-11 14:53:00,32.0,False,nan,3916020.0
In,2018-09-11 14:53:00,32.0,False,nan,3916020.0
In,2018-09-11 14:53:00,32.0,False,nan,3916020.0
In,2018-09-11 14:53:00,32.0,False,nan,3916020.0
In,2018-09-11 14:53:00,32.0,False,nan,3916020.0
In,2018-09-11 14:54:00,32.0,False,nan,3916080.0
In,2018-09-11 14:54:00,32.0,False,nan,3916080.0
In,2018-09-11 14:54:00,32.0,False,nan,3916080.0
In,2018-09-11 14:55:00,32.0,False,nan,3916140.0
In,2018-09-11 14:55:00,32.0,False,nan,3916140.0
In,2018-09-11 14:56:00,32.0,False,nan,3916200.0
In,2018-09-11 14:56:00,32.0,False,nan,3916200.0
In,2018-09-11 14:56:00,32.0,False,nan,3916200.0
In,2018-09-11 14:56:00,32.0,False,nan,3916200.0
In,2018-09-11 14:56:00,32.0,False,nan,3916200.0
In,2018-09-11 14:56:00,32.0,False,nan,3916200.0
In,2018-09-11 14:57:00,32.0,False,nan,3916260.0
In,2018-09-11 14:57:00,32.0,False,nan,3916260.0
In,2018-09-11 14:57:00,32.0,False,nan,3916260.0
In,2018-09-11 14:57:00,32.0,False,nan,3916260.0
In,2018-09-11 14:57:00,32.0,False,nan,3916260.0
In,2018-09-11 14:57:00,32.0,False,nan,3916260.0
In,2018-09-11 14:57:00,32.0,False,nan,3916260.0
In,2018-09-11 14:57:00,32.0,False,nan,3916260.0
In,2018-09-11 14:57:00,32.0,False,nan,3916260.0
In,2018-09-11 14:57:00,32.0,False,nan,3916260.0
In,2018-09-11 14:57:00,32.0,False,nan,3916260.0
In,2018-09-11 14:57:00,32.0,False,nan,3916260.0
In,2018-09-11 14:57:00,32.0,False,nan,3916260.0
In,2018-09-11 14:58:00,32.0,False,nan,3916320.0
In,2018-09-11 14:58:00,32.0,False,nan,3916320.0
In,2018-09-11 14:58:00,32.0,False,nan,3916320.0
In,2018-09-11 14:58:00,32.0,False,nan,3916320.0
In,2018-09-11 14:58:00,32.0,False,nan,3916320.0
In,2018-09-11 14:58:00,32.0,False,nan,3916320.0
In,2018-09-11 14:58:00,32.0,False,nan,3916320.0
In,2018-09-11 14:58:00,32.0,False,nan,3916320.0
In,2018-09-11 14:58:00,32.0,False,nan,3916320.0
In,2018-09-11 14:58:00,32.0,False,nan,3916320.0
In,2018-09-11 14:58:00,32.0,False,nan,3916320.0
In,2018-09-11 14:59:00,32.0,False,nan,3916380.0
In,2018-09-11 14:59:00,32.0,False,nan,3916380.0
In,2018-09-11 14:59:00,32.0,False,nan,3916380.0
In,2018-09-11 14:59:00,32.0,False,nan,3916380.0
In,2018-09-11 14:59:00,32.0,False,nan,3916380.0
In,2018-09-11 14:59:00,32.0,False,nan,3916380.0
In,2018-09-11 14:59:00,32.0,False,nan,3916380.0
In,2018-09-11 14:59:00,32.0,False,nan,3916380.0
In,2018-09-11 14:59:00,32.0,False,nan,3916380.0
In,2018-09-11 14:59:00,32.0,False,nan,3916380.0
In,2018-09-11 14:59:00,32.0,False,nan,3916380.0
In,2018-09-11 15:00:00,32.0,False,nan,3916440.0
In,2018-09-11 15:00:00,32.0,False,nan,3916440.0
In,2018-09-11 15:09:00,32.0,False,nan,3916980.0
In,2018-09-11 15:09:00,32.0,False,nan,3916980.0
In,2018-09-11 15:10:00,32.0,False,nan,3917040.0
In,2018-09-11 15:14:00,32.0,False,nan,3917280.0
In,2018-09-11 15:14:00,32.0,False,nan,3917280.0
In,2018-09-11 15:14:00,32.0,False,nan,3917280.0
In,2018-09-11 15:14:00,32.0,False,nan,3917280.0
In,2018-09-11 15:23:00,32.0,False,nan,3917820.0
In,2018-09-11 15:23:00,32.0,False,nan,3917820.0
In,2018-09-11 15:23:00,32.0,False,nan,3917820.0
In,2018-09-11 15:23:00,32.0,False,nan,3917820.0
In,2018-09-11 15:24:00,32.0,False,nan,3917880.0
In,2018-09-11 15:24:00,32.0,False,nan,3917880.0
In,2018-09-11 15:31:00,32.0,False,nan,3918300.0
In,2018-09-11 15:31:00,32.0,False,nan,3918300.0
In,2018-09-11 15:31:00,32.0,False,nan,3918300.0
In,2018-09-11 15:31:00,32.0,False,nan,3918300.0
In,2018-09-11 15:31:00,32.0,False,nan,3918300.0
In,2018-09-11 15:31:00,32.0,False,nan,3918300.0
In,2018-09-11 15:31:00,32.0,False,nan,3918300.0
In,2018-09-11 15:32:00,32.0,False,nan,3918360.0
In,2018-09-11 15:32:00,32.0,False,nan,3918360.0
In,2018-09-11 15:32:00,32.0,False,nan,3918360.0
In,2018-09-11 15:32:00,32.0,False,nan,3918360.0
In,2018-09-11 15:32:00,32.0,False,nan,3918360.0
In,2018-09-11 15:32:00,32.0,False,nan,3918360.0
In,2018-09-11 15:32:00,32.0,False,nan,3918360.0
In,2018-09-11 15:32:00,32.0,False,nan,3918360.0
In,2018-09-11 15:32:00,32.0,False,nan,3918360.0
In,2018-09-11 15:32:00,32.0,False,nan,3918360.0
In,2018-09-11 15:32:00,32.0,False,nan,3918360.0
In,2018-09-11 15:33:00,32.0,False,nan,3918420.0
In,2018-09-11 15:33:00,32.0,False,nan,3918420.0
In,2018-09-11 15:33:00,32.0,False,nan,3918420.0
In,2018-09-11 15:33:00,32.0,False,nan,3918420.0
In,2018-09-11 15:33:00,32.0,False,nan,3918420.0
In,2018-09-11 15:33:00,32.0,False,nan,3918420.0
In,2018-09-11 15:33:00,32.0,False,nan,3918420.0
In,2018-09-11 15:33:00,32.0,False,nan,3918420.0
In,2018-09-11 15:33:00,32.0,False,nan,3918420.0
In,2018-09-11 15:34:00,32.0,False,nan,3918480.0
In,2018-09-11 15:34:00,32.0,False,nan,3918480.0
In,2018-09-11 15:34:00,32.0,False,nan,3918480.0
In,2018-09-11 15:34:00,32.0,False,nan,3918480.0
In,2018-09-11 15:34:00,32.0,False,nan,3918480.0
In,2018-09-11 15:34:00,32.0,False,nan,3918480.0
In,2018-09-11 15:35:00,32.0,False,nan,3918540.0
In,2018-09-11 15:35:00,32.0,False,nan,3918540.0
In,2018-09-11 15:36:00,32.0,False,nan,3918600.0
In,2018-09-11 15:36:00,32.0,False,nan,3918600.0
In,2018-09-11 15:36:00,32.0,False,nan,3918600.0
In,2018-09-11 15:36:00,32.0,False,nan,3918600.0
In,2018-09-11 15:38:00,32.0,False,nan,3918720.0
In,2018-09-11 15:41:00,31.0,False,nan,3918900.0
In,2018-09-11 15:41:00,32.0,False,nan,3918900.0
In,2018-09-11 15:48:00,32.0,False,nan,3919320.0
In,2018-09-11 15:48:00,32.0,False,nan,3919320.0
In,2018-09-11 15:48:00,32.0,False,nan,3919320.0
In,2018-09-11 15:48:00,32.0,False,nan,3919320.0
In,2018-09-11 15:48:00,32.0,False,nan,3919320.0
In,2018-09-11 15:48:00,32.0,False,nan,3919320.0
In,2018-09-11 15:48:00,32.0,False,nan,3919320.0
In,2018-09-11 15:48:00,31.0,False,nan,3919320.0
In,2018-09-11 15:49:00,32.0,False,nan,3919380.0
In,2018-09-11 15:49:00,32.0,False,nan,3919380.0
In,2018-09-11 15:49:00,32.0,False,nan,3919380.0
In,2018-09-11 15:49:00,32.0,False,nan,3919380.0
In,2018-09-11 15:49:00,32.0,False,nan,3919380.0
In,2018-09-11 15:49:00,32.0,False,nan,3919380.0
In,2018-09-11 15:49:00,32.0,False,nan,3919380.0
In,2018-09-11 15:49:00,32.0,False,nan,3919380.0
In,2018-09-11 15:49:00,32.0,False,nan,3919380.0
In,2018-09-11 15:49:00,31.0,False,nan,3919380.0
In,2018-09-11 15:50:00,32.0,False,nan,3919440.0
In,2018-09-11 15:50:00,32.0,False,nan,3919440.0
In,2018-09-11 15:50:00,32.0,False,nan,3919440.0
In,2018-09-11 15:50:00,32.0,False,nan,3919440.0
In,2018-09-11 15:50:00,32.0,False,nan,3919440.0
In,2018-09-11 15:50:00,32.0,False,nan,3919440.0
In,2018-09-11 15:50:00,32.0,False,nan,3919440.0
In,2018-09-11 15:50:00,32.0,False,nan,3919440.0
In,2018-09-11 15:50:00,32.0,False,nan,3919440.0
In,2018-09-11 15:50:00,32.0,False,nan,3919440.0
In,2018-09-11 15:51:00,32.0,False,nan,3919500.0
In,2018-09-11 15:51:00,32.0,False,nan,3919500.0
In,2018-09-11 15:51:00,32.0,False,nan,3919500.0
In,2018-09-11 15:51:00,32.0,False,nan,3919500.0
In,2018-09-11 15:51:00,32.0,False,nan,3919500.0
In,2018-09-11 15:51:00,32.0,False,nan,3919500.0
In,2018-09-11 15:51:00,32.0,False,nan,3919500.0
In,2018-09-11 15:51:00,32.0,False,nan,3919500.0
In,2018-09-11 15:51:00,32.0,False,nan,3919500.0
In,2018-09-11 15:51:00,32.0,False,nan,3919500.0
In,2018-09-11 15:51:00,32.0,False,nan,3919500.0
In,2018-09-11 15:51:00,32.0,False,nan,3919500.0
In,2018-09-11 15:51:00,32.0,False,nan,3919500.0
In,2018-09-11 15:52:00,32.0,False,nan,3919560.0
In,2018-09-11 15:52:00,32.0,False,nan,3919560.0
In,2018-09-11 15:52:00,32.0,False,nan,3919560.0
In,2018-09-11 15:52:00,32.0,False,nan,3919560.0
In,2018-09-11 15:52:00,32.0,False,nan,3919560.0
In,2018-09-11 15:53:00,32.0,False,nan,3919620.0
In,2018-09-11 15:53:00,32.0,False,nan,3919620.0
In,2018-09-11 15:53:00,32.0,False,nan,3919620.0
In,2018-09-11 15:53:00,32.0,False,nan,3919620.0
In,2018-09-11 15:53:00,32.0,False,nan,3919620.0
In,2018-09-11 15:53:00,32.0,False,nan,3919620.0
In,2018-09-11 15:53:00,32.0,False,nan,3919620.0
In,2018-09-11 15:53:00,32.0,False,nan,3919620.0
In,2018-09-11 15:53:00,32.0,False,nan,3919620.0
In,2018-09-11 15:54:00,32.0,False,nan,3919680.0
In,2018-09-11 15:54:00,32.0,False,nan,3919680.0
In,2018-09-11 15:54:00,32.0,False,nan,3919680.0
In,2018-09-11 15:54:00,32.0,False,nan,3919680.0
In,2018-09-11 15:54:00,32.0,False,nan,3919680.0
In,2018-09-11 15:54:00,32.0,False,nan,3919680.0
In,2018-09-11 15:54:00,32.0,False,nan,3919680.0
In,2018-09-11 15:54:00,32.0,False,nan,3919680.0
In,2018-09-11 15:54:00,32.0,False,nan,3919680.0
In,2018-09-11 15:54:00,32.0,False,nan,3919680.0
In,2018-09-11 15:54:00,32.0,False,nan,3919680.0
In,2018-09-11 15:54:00,32.0,False,nan,3919680.0
In,2018-09-11 15:54:00,32.0,False,nan,3919680.0
In,2018-09-11 15:54:00,32.0,False,nan,3919680.0
In,2018-09-11 15:54:00,32.0,False,nan,3919680.0
In,2018-09-11 15:55:00,32.0,False,nan,3919740.0
In,2018-09-11 15:55:00,32.0,False,nan,3919740.0
In,2018-09-11 15:55:00,32.0,False,nan,3919740.0
In,2018-09-11 15:55:00,32.0,False,nan,3919740.0
In,2018-09-11 15:55:00,32.0,False,nan,3919740.0
In,2018-09-11 15:55:00,32.0,False,nan,3919740.0
In,2018-09-11 15:55:00,32.0,False,nan,3919740.0
In,2018-09-11 15:55:00,32.0,False,nan,3919740.0
In,2018-09-11 15:56:00,32.0,False,nan,3919800.0
In,2018-09-11 15:56:00,32.0,False,nan,3919800.0
In,2018-09-11 15:56:00,31.0,False,nan,3919800.0
In,2018-09-11 15:56:00,32.0,False,nan,3919800.0
In,2018-09-11 15:57:00,32.0,False,nan,3919860.0
In,2018-09-11 15:57:00,32.0,False,nan,3919860.0
In,2018-09-11 16:01:00,32.0,False,nan,3920100.0
In,2018-09-11 16:01:00,32.0,False,nan,3920100.0
In,2018-09-11 16:01:00,32.0,False,nan,3920100.0
In,2018-09-11 16:01:00,32.0,False,nan,3920100.0
In,2018-09-11 16:02:00,32.0,False,nan,3920160.0
In,2018-09-11 16:02:00,32.0,False,nan,3920160.0
In,2018-09-11 16:02:00,32.0,False,nan,3920160.0
In,2018-09-11 16:02:00,32.0,False,nan,3920160.0
In,2018-09-11 16:02:00,32.0,False,nan,3920160.0
In,2018-09-11 16:02:00,32.0,False,nan,3920160.0
In,2018-09-11 16:03:00,32.0,False,nan,3920220.0
In,2018-09-11 16:03:00,32.0,False,nan,3920220.0
In,2018-09-11 16:03:00,32.0,False,nan,3920220.0
In,2018-09-11 16:03:00,32.0,False,nan,3920220.0
In,2018-09-11 16:03:00,32.0,False,nan,3920220.0
In,2018-09-11 16:03:00,32.0,False,nan,3920220.0
In,2018-09-11 16:03:00,32.0,False,nan,3920220.0
In,2018-09-11 16:03:00,32.0,False,nan,3920220.0
In,2018-09-11 16:03:00,32.0,False,nan,3920220.0
In,2018-09-11 16:03:00,32.0,False,nan,3920220.0
In,2018-09-11 16:03:00,32.0,False,nan,3920220.0
In,2018-09-11 16:03:00,32.0,False,nan,3920220.0
In,2018-09-11 16:04:00,32.0,False,nan,3920280.0
In,2018-09-11 16:04:00,32.0,False,nan,3920280.0
In,2018-09-11 16:04:00,32.0,False,nan,3920280.0
In,2018-09-11 16:04:00,32.0,False,nan,3920280.0
In,2018-09-11 16:04:00,32.0,False,nan,3920280.0
In,2018-09-11 16:04:00,32.0,False,nan,3920280.0
In,2018-09-11 16:04:00,32.0,False,nan,3920280.0
In,2018-09-11 16:04:00,32.0,False,nan,3920280.0
In,2018-09-11 16:04:00,32.0,False,nan,3920280.0
In,2018-09-11 16:05:00,32.0,False,nan,3920340.0
In,2018-09-11 16:05:00,32.0,False,nan,3920340.0
In,2018-09-11 16:05:00,32.0,False,nan,3920340.0
In,2018-09-11 16:05:00,32.0,False,nan,3920340.0
In,2018-09-11 16:05:00,32.0,False,nan,3920340.0
In,2018-09-11 16:05:00,32.0,False,nan,3920340.0
In,2018-09-11 16:05:00,32.0,False,nan,3920340.0
In,2018-09-11 16:06:00,32.0,False,nan,3920400.0
In,2018-09-11 16:06:00,32.0,False,nan,3920400.0
In,2018-09-11 16:08:00,32.0,False,nan,3920520.0
In,2018-09-11 16:08:00,32.0,False,nan,3920520.0
In,2018-09-11 16:08:00,32.0,False,nan,3920520.0
In,2018-09-11 16:08:00,32.0,False,nan,3920520.0
In,2018-09-11 16:08:00,32.0,False,nan,3920520.0
In,2018-09-11 16:08:00,32.0,False,nan,3920520.0
In,2018-09-11 16:08:00,32.0,False,nan,3920520.0
In,2018-09-11 16:08:00,32.0,False,nan,3920520.0
In,2018-09-11 16:09:00,32.0,False,nan,3920580.0
In,2018-09-11 16:09:00,32.0,False,nan,3920580.0
In,2018-09-11 16:09:00,32.0,False,nan,3920580.0
In,2018-09-11 16:10:00,31.0,False,nan,3920640.0
In,2018-09-11 16:10:00,31.0,False,nan,3920640.0
In,2018-09-11 16:10:00,31.0,False,nan,3920640.0
In,2018-09-11 16:10:00,31.0,False,nan,3920640.0
In,2018-09-11 16:10:00,32.0,False,nan,3920640.0
In,2018-09-11 16:10:00,31.0,False,nan,3920640.0
In,2018-09-11 16:10:00,32.0,False,nan,3920640.0
In,2018-09-11 16:10:00,32.0,False,nan,3920640.0
In,2018-09-11 16:10:00,32.0,False,nan,3920640.0
In,2018-09-11 16:11:00,31.0,False,nan,3920700.0
In,2018-09-11 16:11:00,32.0,False,nan,3920700.0
In,2018-09-11 16:11:00,31.0,False,nan,3920700.0
In,2018-09-11 16:11:00,31.0,False,nan,3920700.0
In,2018-09-11 16:11:00,32.0,False,nan,3920700.0
In,2018-09-11 16:11:00,32.0,False,nan,3920700.0
In,2018-09-11 16:11:00,32.0,False,nan,3920700.0
In,2018-09-11 16:11:00,31.0,False,nan,3920700.0
In,2018-09-11 16:11:00,32.0,False,nan,3920700.0
In,2018-09-11 16:12:00,31.0,False,nan,3920760.0
In,2018-09-11 16:12:00,32.0,False,nan,3920760.0
In,2018-09-11 16:12:00,31.0,False,nan,3920760.0
In,2018-09-11 16:12:00,32.0,False,nan,3920760.0
In,2018-09-11 16:12:00,31.0,False,nan,3920760.0
In,2018-09-11 16:12:00,32.0,False,nan,3920760.0
In,2018-09-11 16:12:00,31.0,False,nan,3920760.0
In,2018-09-11 16:12:00,32.0,False,nan,3920760.0
In,2018-09-11 16:12:00,32.0,False,nan,3920760.0
In,2018-09-11 16:12:00,31.0,False,nan,3920760.0
In,2018-09-11 16:12:00,32.0,False,nan,3920760.0
In,2018-09-11 16:12:00,31.0,False,nan,3920760.0
In,2018-09-11 16:12:00,32.0,False,nan,3920760.0
In,2018-09-11 16:12:00,31.0,False,nan,3920760.0
In,2018-09-11 16:12:00,32.0,False,nan,3920760.0
In,2018-09-11 16:13:00,31.0,False,nan,3920820.0
In,2018-09-11 16:13:00,32.0,False,nan,3920820.0
In,2018-09-11 16:13:00,32.0,False,nan,3920820.0
In,2018-09-11 16:13:00,31.0,False,nan,3920820.0
In,2018-09-11 16:13:00,31.0,False,nan,3920820.0
In,2018-09-11 16:13:00,32.0,False,nan,3920820.0
In,2018-09-11 16:14:00,31.0,False,nan,3920880.0
In,2018-09-11 16:14:00,32.0,False,nan,3920880.0
In,2018-09-11 16:16:00,32.0,False,nan,3921000.0
In,2018-09-11 16:16:00,32.0,False,nan,3921000.0
In,2018-09-11 16:16:00,32.0,False,nan,3921000.0
In,2018-09-11 16:16:00,32.0,False,nan,3921000.0
In,2018-09-11 16:16:00,32.0,False,nan,3921000.0
In,2018-09-11 16:16:00,32.0,False,nan,3921000.0
In,2018-09-11 16:16:00,32.0,False,nan,3921000.0
In,2018-09-11 16:16:00,32.0,False,nan,3921000.0
In,2018-09-11 16:16:00,32.0,False,nan,3921000.0
In,2018-09-11 16:16:00,32.0,False,nan,3921000.0
In,2018-09-11 16:17:00,32.0,False,nan,3921060.0
In,2018-09-11 16:17:00,32.0,False,nan,3921060.0
In,2018-09-11 16:17:00,32.0,False,nan,3921060.0
In,2018-09-11 16:17:00,32.0,False,nan,3921060.0
In,2018-09-11 16:17:00,32.0,False,nan,3921060.0
In,2018-09-11 16:17:00,32.0,False,nan,3921060.0
In,2018-09-11 16:17:00,32.0,False,nan,3921060.0
In,2018-09-11 16:17:00,32.0,False,nan,3921060.0
In,2018-09-11 16:18:00,32.0,False,nan,3921120.0
In,2018-09-11 16:18:00,32.0,False,nan,3921120.0
In,2018-09-11 16:18:00,32.0,False,nan,3921120.0
In,2018-09-11 16:18:00,32.0,False,nan,3921120.0
In,2018-09-11 16:18:00,32.0,False,nan,3921120.0
In,2018-09-11 16:18:00,32.0,False,nan,3921120.0
In,2018-09-11 16:28:00,31.0,False,nan,3921720.0
In,2018-09-11 16:28:00,31.0,False,nan,3921720.0
In,2018-09-11 16:28:00,32.0,False,nan,3921720.0
In,2018-09-11 16:28:00,32.0,False,nan,3921720.0
In,2018-09-11 16:28:00,31.0,False,nan,3921720.0
In,2018-09-11 16:28:00,31.0,False,nan,3921720.0
In,2018-09-11 16:30:00,31.0,False,nan,3921840.0
In,2018-09-11 16:30:00,31.0,False,nan,3921840.0
In,2018-09-11 16:30:00,31.0,False,nan,3921840.0
In,2018-09-11 16:33:00,31.0,False,nan,3922020.0
In,2018-09-11 16:33:00,31.0,False,nan,3922020.0
In,2018-09-11 16:34:00,31.0,False,nan,3922080.0
In,2018-09-11 16:34:00,31.0,False,nan,3922080.0
In,2018-09-11 16:34:00,31.0,False,nan,3922080.0
In,2018-09-11 16:34:00,31.0,False,nan,3922080.0
In,2018-09-11 16:34:00,31.0,False,nan,3922080.0
In,2018-09-11 16:34:00,31.0,False,nan,3922080.0
In,2018-09-11 16:34:00,31.0,False,nan,3922080.0
In,2018-09-11 16:35:00,31.0,False,nan,3922140.0
In,2018-09-11 16:35:00,31.0,False,nan,3922140.0
In,2018-09-11 16:35:00,31.0,False,nan,3922140.0
In,2018-09-11 16:35:00,31.0,False,nan,3922140.0
In,2018-09-11 16:36:00,30.0,False,nan,3922200.0
In,2018-09-11 16:36:00,31.0,False,nan,3922200.0
In,2018-09-11 16:37:00,30.0,False,nan,3922260.0
In,2018-09-11 16:37:00,31.0,False,nan,3922260.0
In,2018-09-11 16:38:00,31.0,False,nan,3922320.0
In,2018-09-11 16:38:00,31.0,False,nan,3922320.0
In,2018-09-11 16:38:00,31.0,False,nan,3922320.0
In,2018-09-11 16:39:00,30.0,False,nan,3922380.0
In,2018-09-11 16:39:00,31.0,False,nan,3922380.0
In,2018-09-11 16:40:00,31.0,False,nan,3922440.0
In,2018-09-11 16:40:00,31.0,False,nan,3922440.0
In,2018-09-11 16:40:00,30.0,False,nan,3922440.0
In,2018-09-11 16:40:00,31.0,False,nan,3922440.0
In,2018-09-11 16:40:00,30.0,False,nan,3922440.0
In,2018-09-11 16:40:00,31.0,False,nan,3922440.0
In,2018-09-11 16:40:00,30.0,False,nan,3922440.0
In,2018-09-11 16:40:00,30.0,False,nan,3922440.0
In,2018-09-11 16:40:00,31.0,False,nan,3922440.0
In,2018-09-11 16:40:00,30.0,False,nan,3922440.0
In,2018-09-11 16:40:00,30.0,False,nan,3922440.0
In,2018-09-11 16:41:00,31.0,False,nan,3922500.0
In,2018-09-11 16:41:00,30.0,False,nan,3922500.0
In,2018-09-11 16:41:00,31.0,False,nan,3922500.0
In,2018-09-11 16:41:00,30.0,False,nan,3922500.0
In,2018-09-11 16:41:00,30.0,False,nan,3922500.0
In,2018-09-11 16:41:00,30.0,False,nan,3922500.0
In,2018-09-11 16:41:00,31.0,False,nan,3922500.0
In,2018-09-11 16:41:00,31.0,False,nan,3922500.0
In,2018-09-11 16:41:00,30.0,False,nan,3922500.0
In,2018-09-11 16:41:00,31.0,False,nan,3922500.0
In,2018-09-11 16:42:00,31.0,False,nan,3922560.0
In,2018-09-11 16:42:00,30.0,False,nan,3922560.0
In,2018-09-11 16:42:00,30.0,False,nan,3922560.0
In,2018-09-11 16:42:00,30.0,False,nan,3922560.0
In,2018-09-11 16:42:00,31.0,False,nan,3922560.0
In,2018-09-11 16:42:00,31.0,False,nan,3922560.0
In,2018-09-11 16:42:00,31.0,False,nan,3922560.0
In,2018-09-11 16:42:00,30.0,False,nan,3922560.0
In,2018-09-11 16:43:00,31.0,False,nan,3922620.0
In,2018-09-11 16:43:00,30.0,False,nan,3922620.0
In,2018-09-11 16:43:00,30.0,False,nan,3922620.0
In,2018-09-11 16:43:00,31.0,False,nan,3922620.0
In,2018-09-11 16:43:00,30.0,False,nan,3922620.0
In,2018-09-11 16:43:00,31.0,False,nan,3922620.0
In,2018-09-11 16:44:00,31.0,False,nan,3922680.0
In,2018-09-11 16:44:00,30.0,False,nan,3922680.0
In,2018-09-11 16:44:00,31.0,False,nan,3922680.0
In,2018-09-11 16:44:00,31.0,False,nan,3922680.0
In,2018-09-11 16:44:00,30.0,False,nan,3922680.0
In,2018-09-11 16:44:00,31.0,False,nan,3922680.0
In,2018-09-11 16:44:00,30.0,False,nan,3922680.0
In,2018-09-11 16:44:00,31.0,False,nan,3922680.0
In,2018-09-11 16:45:00,30.0,False,nan,3922740.0
In,2018-09-11 16:45:00,31.0,False,nan,3922740.0
In,2018-09-11 16:45:00,31.0,False,nan,3922740.0
In,2018-09-11 16:45:00,30.0,False,nan,3922740.0
In,2018-09-11 16:45:00,30.0,False,nan,3922740.0
In,2018-09-11 16:45:00,30.0,False,nan,3922740.0
In,2018-09-11 16:45:00,31.0,False,nan,3922740.0
In,2018-09-11 16:45:00,30.0,False,nan,3922740.0
In,2018-09-11 16:45:00,31.0,False,nan,3922740.0
In,2018-09-11 16:45:00,30.0,False,nan,3922740.0
In,2018-09-11 16:45:00,31.0,False,nan,3922740.0
In,2018-09-11 16:46:00,30.0,False,nan,3922800.0
In,2018-09-11 16:46:00,30.0,False,nan,3922800.0
In,2018-09-11 16:46:00,31.0,False,nan,3922800.0
In,2018-09-11 16:46:00,30.0,False,nan,3922800.0
In,2018-09-11 16:46:00,31.0,False,nan,3922800.0
In,2018-09-11 16:46:00,31.0,False,nan,3922800.0
In,2018-09-11 16:47:00,31.0,False,nan,3922860.0
In,2018-09-11 16:47:00,30.0,False,nan,3922860.0
In,2018-09-11 16:48:00,31.0,False,nan,3922920.0
In,2018-09-11 16:48:00,30.0,False,nan,3922920.0
In,2018-09-11 16:55:00,30.0,False,nan,3923340.0
In,2018-09-11 16:56:00,31.0,False,nan,3923400.0
In,2018-09-11 16:56:00,30.0,False,nan,3923400.0
In,2018-09-11 16:58:00,30.0,False,nan,3923520.0
In,2018-09-11 16:58:00,31.0,False,nan,3923520.0
In,2018-09-11 17:04:00,30.0,False,nan,3923880.0
In,2018-09-11 17:04:00,31.0,False,nan,3923880.0
In,2018-09-11 17:05:00,30.0,False,nan,3923940.0
In,2018-09-11 17:05:00,30.0,False,nan,3923940.0
In,2018-09-11 17:05:00,30.0,False,nan,3923940.0
In,2018-09-11 17:05:00,30.0,False,nan,3923940.0
In,2018-09-11 17:05:00,30.0,False,nan,3923940.0
In,2018-09-11 17:05:00,30.0,False,nan,3923940.0
In,2018-09-11 17:05:00,30.0,False,nan,3923940.0
In,2018-09-11 17:05:00,30.0,False,nan,3923940.0
In,2018-09-11 17:05:00,30.0,False,nan,3923940.0
In,2018-09-11 17:05:00,30.0,False,nan,3923940.0
In,2018-09-11 17:05:00,30.0,False,nan,3923940.0
In,2018-09-11 17:06:00,30.0,False,nan,3924000.0
In,2018-09-11 17:06:00,30.0,False,nan,3924000.0
In,2018-09-11 17:17:00,30.0,False,nan,3924660.0
In,2018-09-11 17:17:00,30.0,False,nan,3924660.0
In,2018-09-11 17:17:00,30.0,False,nan,3924660.0
In,2018-09-11 17:22:00,30.0,False,nan,3924960.0
In,2018-09-11 17:27:00,30.0,False,nan,3925260.0
In,2018-09-11 17:27:00,30.0,False,nan,3925260.0
In,2018-09-11 17:28:00,30.0,False,nan,3925320.0
In,2018-09-11 17:32:00,30.0,False,nan,3925560.0
In,2018-09-11 17:32:00,29.0,False,nan,3925560.0
In,2018-09-11 17:36:00,30.0,False,nan,3925800.0
In,2018-09-11 17:36:00,30.0,False,nan,3925800.0
In,2018-09-11 17:37:00,29.0,False,nan,3925860.0
In,2018-09-11 17:37:00,30.0,False,nan,3925860.0
In,2018-09-11 17:37:00,30.0,False,nan,3925860.0
In,2018-09-11 17:37:00,30.0,False,nan,3925860.0
In,2018-09-11 17:37:00,30.0,False,nan,3925860.0
In,2018-09-11 17:37:00,30.0,False,nan,3925860.0
In,2018-09-11 17:37:00,30.0,False,nan,3925860.0
In,2018-09-11 17:37:00,30.0,False,nan,3925860.0
In,2018-09-11 17:37:00,30.0,False,nan,3925860.0
In,2018-09-11 17:38:00,29.0,False,nan,3925920.0
In,2018-09-11 17:38:00,30.0,False,nan,3925920.0
In,2018-09-11 17:38:00,29.0,False,nan,3925920.0
In,2018-09-11 17:38:00,30.0,False,nan,3925920.0
In,2018-09-11 17:38:00,29.0,False,nan,3925920.0
In,2018-09-11 17:38:00,30.0,False,nan,3925920.0
In,2018-09-11 17:39:00,30.0,False,nan,3925980.0
In,2018-09-11 17:39:00,30.0,False,nan,3925980.0
In,2018-09-11 17:39:00,29.0,False,nan,3925980.0
In,2018-09-11 17:39:00,30.0,False,nan,3925980.0
In,2018-09-11 17:39:00,30.0,False,nan,3925980.0
In,2018-09-11 17:39:00,30.0,False,nan,3925980.0
In,2018-09-11 17:39:00,30.0,False,nan,3925980.0
In,2018-09-11 17:39:00,30.0,False,nan,3925980.0
In,2018-09-11 17:40:00,29.0,False,nan,3926040.0
In,2018-09-11 17:40:00,30.0,False,nan,3926040.0
In,2018-09-11 17:40:00,29.0,False,nan,3926040.0
In,2018-09-11 17:40:00,30.0,False,nan,3926040.0
In,2018-09-11 17:41:00,29.0,False,nan,3926100.0
In,2018-09-11 17:41:00,30.0,False,nan,3926100.0
In,2018-09-11 17:41:00,29.0,False,nan,3926100.0
In,2018-09-11 17:41:00,29.0,False,nan,3926100.0
In,2018-09-11 17:41:00,30.0,False,nan,3926100.0
In,2018-09-11 17:42:00,30.0,False,nan,3926160.0
In,2018-09-11 17:42:00,29.0,False,nan,3926160.0
In,2018-09-11 17:42:00,29.0,False,nan,3926160.0
In,2018-09-11 17:42:00,30.0,False,nan,3926160.0
In,2018-09-11 17:42:00,30.0,False,nan,3926160.0
In,2018-09-11 17:42:00,29.0,False,nan,3926160.0
In,2018-09-11 17:42:00,29.0,False,nan,3926160.0
In,2018-09-11 17:42:00,30.0,False,nan,3926160.0
In,2018-09-11 17:42:00,29.0,False,nan,3926160.0
In,2018-09-11 17:42:00,30.0,False,nan,3926160.0
In,2018-09-11 17:43:00,29.0,False,nan,3926220.0
In,2018-09-11 17:43:00,30.0,False,nan,3926220.0
In,2018-09-11 17:43:00,29.0,False,nan,3926220.0
In,2018-09-11 17:43:00,30.0,False,nan,3926220.0
In,2018-09-11 17:43:00,29.0,False,nan,3926220.0
In,2018-09-11 17:43:00,30.0,False,nan,3926220.0
In,2018-09-11 17:43:00,30.0,False,nan,3926220.0
In,2018-09-11 17:43:00,30.0,False,nan,3926220.0
In,2018-09-11 17:43:00,29.0,False,nan,3926220.0
In,2018-09-11 17:43:00,30.0,False,nan,3926220.0
In,2018-09-11 17:43:00,29.0,False,nan,3926220.0
In,2018-09-11 17:43:00,30.0,False,nan,3926220.0
In,2018-09-11 17:43:00,29.0,False,nan,3926220.0
In,2018-09-11 17:44:00,29.0,False,nan,3926280.0
In,2018-09-11 17:44:00,30.0,False,nan,3926280.0
In,2018-09-11 17:44:00,29.0,False,nan,3926280.0
In,2018-09-11 17:44:00,29.0,False,nan,3926280.0
In,2018-09-11 17:44:00,30.0,False,nan,3926280.0
In,2018-09-11 17:44:00,30.0,False,nan,3926280.0
In,2018-09-11 17:44:00,29.0,False,nan,3926280.0
In,2018-09-11 17:44:00,30.0,False,nan,3926280.0
In,2018-09-11 17:44:00,29.0,False,nan,3926280.0
In,2018-09-11 17:44:00,30.0,False,nan,3926280.0
In,2018-09-11 17:45:00,30.0,False,nan,3926340.0
In,2018-09-11 17:45:00,30.0,False,nan,3926340.0
In,2018-09-11 17:45:00,29.0,False,nan,3926340.0
In,2018-09-11 17:45:00,30.0,False,nan,3926340.0
In,2018-09-11 17:45:00,30.0,False,nan,3926340.0
In,2018-09-11 17:45:00,29.0,False,nan,3926340.0
In,2018-09-11 17:45:00,30.0,False,nan,3926340.0
In,2018-09-11 17:45:00,29.0,False,nan,3926340.0
In,2018-09-11 17:45:00,29.0,False,nan,3926340.0
In,2018-09-11 17:45:00,29.0,False,nan,3926340.0
In,2018-09-11 17:45:00,30.0,False,nan,3926340.0
In,2018-09-11 17:45:00,29.0,False,nan,3926340.0
In,2018-09-11 17:45:00,30.0,False,nan,3926340.0
In,2018-09-11 17:45:00,29.0,False,nan,3926340.0
In,2018-09-11 17:45:00,29.0,False,nan,3926340.0
In,2018-09-11 17:46:00,30.0,False,nan,3926400.0
In,2018-09-11 17:46:00,30.0,False,nan,3926400.0
In,2018-09-11 17:46:00,29.0,False,nan,3926400.0
In,2018-09-11 17:46:00,30.0,False,nan,3926400.0
In,2018-09-11 17:46:00,30.0,False,nan,3926400.0
In,2018-09-11 17:46:00,29.0,False,nan,3926400.0
In,2018-09-11 17:46:00,29.0,False,nan,3926400.0
In,2018-09-11 17:46:00,30.0,False,nan,3926400.0
In,2018-09-11 17:46:00,29.0,False,nan,3926400.0
In,2018-09-11 17:46:00,30.0,False,nan,3926400.0
In,2018-09-11 17:46:00,29.0,False,nan,3926400.0
In,2018-09-11 17:47:00,29.0,False,nan,3926460.0
In,2018-09-11 17:48:00,29.0,False,nan,3926520.0
In,2018-09-11 17:48:00,30.0,False,nan,3926520.0
In,2018-09-11 17:51:00,30.0,False,nan,3926700.0
In,2018-09-11 17:51:00,29.0,False,nan,3926700.0
In,2018-09-11 18:08:00,30.0,False,nan,3927720.0
In,2018-09-11 18:08:00,29.0,False,nan,3927720.0
In,2018-09-11 18:16:00,29.0,False,nan,3928200.0
In,2018-09-11 18:16:00,30.0,False,nan,3928200.0
In,2018-09-11 18:21:00,29.0,False,nan,3928500.0
In,2018-09-11 18:21:00,30.0,False,nan,3928500.0
In,2018-09-11 18:21:00,30.0,False,nan,3928500.0
In,2018-09-11 18:21:00,29.0,False,nan,3928500.0
In,2018-09-11 18:21:00,29.0,False,nan,3928500.0
In,2018-09-11 18:21:00,29.0,False,nan,3928500.0
In,2018-09-11 18:21:00,29.0,False,nan,3928500.0
In,2018-09-11 18:21:00,29.0,False,nan,3928500.0
In,2018-09-11 18:21:00,29.0,False,nan,3928500.0
In,2018-09-11 18:21:00,29.0,False,nan,3928500.0
In,2018-09-11 18:35:00,30.0,False,nan,3929340.0
In,2018-09-11 18:35:00,29.0,False,nan,3929340.0
In,2018-09-11 18:44:00,29.0,False,nan,3929880.0
In,2018-09-11 18:45:00,29.0,False,nan,3929940.0
In,2018-09-11 18:45:00,29.0,False,nan,3929940.0
In,2018-09-11 18:45:00,29.0,False,nan,3929940.0
In,2018-09-11 18:45:00,29.0,False,nan,3929940.0
In,2018-09-11 18:46:00,29.0,False,nan,3930000.0
In,2018-09-11 18:46:00,29.0,False,nan,3930000.0
In,2018-09-11 18:46:00,29.0,False,nan,3930000.0
In,2018-09-11 18:47:00,30.0,False,nan,3930060.0
In,2018-09-11 18:47:00,29.0,False,nan,3930060.0
In,2018-09-11 18:47:00,30.0,False,nan,3930060.0
In,2018-09-11 18:47:00,29.0,False,nan,3930060.0
In,2018-09-11 18:50:00,29.0,False,nan,3930240.0
In,2018-09-11 18:50:00,30.0,False,nan,3930240.0
In,2018-09-11 19:07:00,29.0,False,nan,3931260.0
In,2018-09-11 19:07:00,29.0,False,nan,3931260.0
In,2018-09-11 19:07:00,29.0,False,nan,3931260.0
In,2018-09-11 19:14:00,29.0,False,nan,3931680.0
In,2018-09-11 19:14:00,29.0,False,nan,3931680.0
In,2018-09-11 19:14:00,29.0,False,nan,3931680.0
In,2018-09-11 19:16:00,29.0,False,nan,3931800.0
In,2018-09-11 19:16:00,29.0,False,nan,3931800.0
In,2018-09-11 19:16:00,29.0,False,nan,3931800.0
In,2018-09-11 19:16:00,29.0,False,nan,3931800.0
In,2018-09-11 19:16:00,29.0,False,nan,3931800.0
In,2018-09-11 19:16:00,29.0,False,nan,3931800.0
In,2018-09-11 19:16:00,29.0,False,nan,3931800.0
In,2018-09-11 19:16:00,29.0,False,nan,3931800.0
In,2018-09-11 19:17:00,29.0,False,nan,3931860.0
In,2018-09-11 19:17:00,29.0,False,nan,3931860.0
In,2018-09-11 19:17:00,29.0,False,nan,3931860.0
In,2018-09-11 19:17:00,29.0,False,nan,3931860.0
In,2018-09-11 19:17:00,29.0,False,nan,3931860.0
In,2018-09-11 19:18:00,29.0,False,nan,3931920.0
In,2018-09-11 19:18:00,29.0,False,nan,3931920.0
In,2018-09-11 19:18:00,29.0,False,nan,3931920.0
In,2018-09-11 19:18:00,29.0,False,nan,3931920.0
In,2018-09-11 19:19:00,30.0,False,nan,3931980.0
In,2018-09-11 19:19:00,29.0,False,nan,3931980.0
In,2018-09-11 19:19:00,29.0,False,nan,3931980.0
In,2018-09-11 19:19:00,29.0,False,nan,3931980.0
In,2018-09-11 19:19:00,29.0,False,nan,3931980.0
In,2018-09-11 19:19:00,29.0,False,nan,3931980.0
In,2018-09-11 19:19:00,29.0,False,nan,3931980.0
In,2018-09-11 19:19:00,29.0,False,nan,3931980.0
In,2018-09-11 19:19:00,29.0,False,nan,3931980.0
In,2018-09-11 19:20:00,29.0,False,nan,3932040.0
In,2018-09-11 19:20:00,29.0,False,nan,3932040.0
In,2018-09-11 19:20:00,29.0,False,nan,3932040.0
In,2018-09-11 19:20:00,29.0,False,nan,3932040.0
In,2018-09-11 19:20:00,29.0,False,nan,3932040.0
In,2018-09-11 19:20:00,29.0,False,nan,3932040.0
In,2018-09-11 19:21:00,29.0,False,nan,3932100.0
In,2018-09-11 19:21:00,29.0,False,nan,3932100.0
In,2018-09-11 19:21:00,29.0,False,nan,3932100.0
In,2018-09-11 19:21:00,29.0,False,nan,3932100.0
In,2018-09-11 19:21:00,29.0,False,nan,3932100.0
In,2018-09-11 19:25:00,29.0,False,nan,3932340.0
In,2018-09-11 19:25:00,30.0,False,nan,3932340.0
In,2018-09-11 19:26:00,30.0,False,nan,3932400.0
In,2018-09-11 19:26:00,29.0,False,nan,3932400.0
In,2018-09-11 19:33:00,29.0,False,nan,3932820.0
In,2018-09-11 19:33:00,30.0,False,nan,3932820.0
In,2018-09-11 19:36:00,29.0,False,nan,3933000.0
In,2018-09-11 19:36:00,29.0,False,nan,3933000.0
In,2018-09-11 19:36:00,29.0,False,nan,3933000.0
In,2018-09-11 19:36:00,29.0,False,nan,3933000.0
In,2018-09-11 19:36:00,29.0,False,nan,3933000.0
In,2018-09-11 19:41:00,30.0,False,nan,3933300.0
In,2018-09-11 19:41:00,29.0,False,nan,3933300.0
In,2018-09-11 19:42:00,29.0,False,nan,3933360.0
In,2018-09-11 19:42:00,29.0,False,nan,3933360.0
In,2018-09-11 19:42:00,29.0,False,nan,3933360.0
In,2018-09-11 19:42:00,29.0,False,nan,3933360.0
In,2018-09-11 19:42:00,29.0,False,nan,3933360.0
In,2018-09-11 19:42:00,29.0,False,nan,3933360.0
In,2018-09-11 19:42:00,29.0,False,nan,3933360.0
In,2018-09-11 19:42:00,29.0,False,nan,3933360.0
In,2018-09-11 19:42:00,29.0,False,nan,3933360.0
In,2018-09-11 19:42:00,29.0,False,nan,3933360.0
In,2018-09-11 19:42:00,29.0,False,nan,3933360.0
In,2018-09-11 19:42:00,29.0,False,nan,3933360.0
In,2018-09-11 19:42:00,29.0,False,nan,3933360.0
In,2018-09-11 19:42:00,29.0,False,nan,3933360.0
In,2018-09-11 19:42:00,29.0,False,nan,3933360.0
In,2018-09-11 19:42:00,29.0,False,nan,3933360.0
In,2018-09-11 19:42:00,29.0,False,nan,3933360.0
In,2018-09-11 19:42:00,29.0,False,nan,3933360.0
In,2018-09-11 19:42:00,29.0,False,nan,3933360.0
In,2018-09-11 19:43:00,29.0,False,nan,3933420.0
In,2018-09-11 19:43:00,29.0,False,nan,3933420.0
In,2018-09-11 19:43:00,29.0,False,nan,3933420.0
In,2018-09-11 19:43:00,29.0,False,nan,3933420.0
In,2018-09-11 19:43:00,29.0,False,nan,3933420.0
In,2018-09-11 20:05:00,29.0,False,nan,3934740.0
In,2018-09-11 20:06:00,29.0,False,nan,3934800.0
In,2018-09-11 20:09:00,29.0,False,nan,3934980.0
In,2018-09-11 20:09:00,29.0,False,nan,3934980.0
In,2018-09-11 20:09:00,29.0,False,nan,3934980.0
In,2018-09-11 20:09:00,29.0,False,nan,3934980.0
In,2018-09-11 20:09:00,29.0,False,nan,3934980.0
In,2018-09-11 20:09:00,29.0,False,nan,3934980.0
In,2018-09-11 20:09:00,29.0,False,nan,3934980.0
In,2018-09-11 20:09:00,29.0,False,nan,3934980.0
In,2018-09-11 20:09:00,29.0,False,nan,3934980.0
In,2018-09-11 20:23:00,29.0,False,nan,3935820.0
In,2018-09-11 20:23:00,29.0,False,nan,3935820.0
In,2018-09-11 20:23:00,29.0,False,nan,3935820.0
In,2018-09-11 20:23:00,29.0,False,nan,3935820.0
In,2018-09-11 20:23:00,29.0,False,nan,3935820.0
In,2018-09-11 20:23:00,29.0,False,nan,3935820.0
In,2018-09-11 20:23:00,29.0,False,nan,3935820.0
In,2018-09-11 20:35:00,29.0,False,nan,3936540.0
In,2018-09-11 20:35:00,28.0,False,nan,3936540.0
In,2018-09-11 20:41:00,29.0,False,nan,3936900.0
In,2018-09-11 20:41:00,29.0,False,nan,3936900.0
In,2018-09-11 20:43:00,29.0,False,nan,3937020.0
In,2018-09-11 20:43:00,29.0,False,nan,3937020.0
In,2018-09-11 20:43:00,29.0,False,nan,3937020.0
In,2018-09-11 20:43:00,29.0,False,nan,3937020.0
In,2018-09-11 20:43:00,29.0,False,nan,3937020.0
In,2018-09-11 20:43:00,29.0,False,nan,3937020.0
In,2018-09-11 20:43:00,29.0,False,nan,3937020.0
In,2018-09-11 20:43:00,29.0,False,nan,3937020.0
In,2018-09-11 20:44:00,29.0,False,nan,3937080.0
In,2018-09-11 20:44:00,29.0,False,nan,3937080.0
In,2018-09-11 20:44:00,29.0,False,nan,3937080.0
In,2018-09-11 20:44:00,29.0,False,nan,3937080.0
In,2018-09-11 20:44:00,29.0,False,nan,3937080.0
In,2018-09-11 20:44:00,29.0,False,nan,3937080.0
In,2018-09-11 20:44:00,29.0,False,nan,3937080.0
In,2018-09-11 20:44:00,29.0,False,nan,3937080.0
In,2018-09-11 20:44:00,29.0,False,nan,3937080.0
In,2018-09-11 20:44:00,29.0,False,nan,3937080.0
In,2018-09-11 20:47:00,29.0,False,nan,3937260.0
In,2018-09-11 20:47:00,29.0,False,nan,3937260.0
In,2018-09-11 20:47:00,29.0,False,nan,3937260.0
In,2018-09-11 20:50:00,29.0,False,nan,3937440.0
In,2018-09-11 20:50:00,29.0,False,nan,3937440.0
In,2018-09-11 20:54:00,28.0,False,nan,3937680.0
In,2018-09-11 20:54:00,29.0,False,nan,3937680.0
In,2018-09-11 20:57:00,28.0,False,nan,3937860.0
In,2018-09-11 20:57:00,29.0,False,nan,3937860.0
In,2018-09-11 20:58:00,29.0,False,nan,3937920.0
In,2018-09-11 20:58:00,28.0,False,nan,3937920.0
In,2018-09-11 20:59:00,29.0,False,nan,3937980.0
In,2018-09-11 20:59:00,28.0,False,nan,3937980.0
In,2018-09-11 20:59:00,29.0,False,nan,3937980.0
In,2018-09-11 20:59:00,29.0,False,nan,3937980.0
In,2018-09-11 20:59:00,29.0,False,nan,3937980.0
In,2018-09-11 20:59:00,29.0,False,nan,3937980.0
In,2018-09-11 20:59:00,29.0,False,nan,3937980.0
In,2018-09-11 20:59:00,28.0,False,nan,3937980.0
In,2018-09-11 20:59:00,29.0,False,nan,3937980.0
In,2018-09-11 20:59:00,29.0,False,nan,3937980.0
In,2018-09-11 20:59:00,29.0,False,nan,3937980.0
In,2018-09-11 20:59:00,29.0,False,nan,3937980.0
In,2018-09-11 20:59:00,29.0,False,nan,3937980.0
In,2018-09-11 20:59:00,29.0,False,nan,3937980.0
In,2018-09-11 21:00:00,28.0,False,nan,3938040.0
In,2018-09-11 21:00:00,29.0,False,nan,3938040.0
In,2018-09-11 21:00:00,29.0,False,nan,3938040.0
In,2018-09-11 21:00:00,28.0,False,nan,3938040.0
In,2018-09-11 21:00:00,28.0,False,nan,3938040.0
In,2018-09-11 21:00:00,28.0,False,nan,3938040.0
In,2018-09-11 21:00:00,28.0,False,nan,3938040.0
In,2018-09-11 21:00:00,29.0,False,nan,3938040.0
In,2018-09-11 21:00:00,29.0,False,nan,3938040.0
In,2018-09-11 21:00:00,29.0,False,nan,3938040.0
In,2018-09-11 21:00:00,29.0,False,nan,3938040.0
In,2018-09-11 21:01:00,28.0,False,nan,3938100.0
In,2018-09-11 21:01:00,29.0,False,nan,3938100.0
In,2018-09-11 21:01:00,29.0,False,nan,3938100.0
In,2018-09-11 21:01:00,28.0,False,nan,3938100.0
In,2018-09-11 21:01:00,29.0,False,nan,3938100.0
In,2018-09-11 21:01:00,29.0,False,nan,3938100.0
In,2018-09-11 21:01:00,28.0,False,nan,3938100.0
In,2018-09-11 21:01:00,29.0,False,nan,3938100.0
In,2018-09-11 21:02:00,28.0,False,nan,3938160.0
In,2018-09-11 21:02:00,29.0,False,nan,3938160.0
In,2018-09-11 21:02:00,29.0,False,nan,3938160.0
In,2018-09-11 21:02:00,28.0,False,nan,3938160.0
In,2018-09-11 21:02:00,28.0,False,nan,3938160.0
In,2018-09-11 21:02:00,29.0,False,nan,3938160.0
In,2018-09-11 21:02:00,28.0,False,nan,3938160.0
In,2018-09-11 21:02:00,29.0,False,nan,3938160.0
In,2018-09-11 21:02:00,29.0,False,nan,3938160.0
In,2018-09-11 21:02:00,28.0,False,nan,3938160.0
In,2018-09-11 21:03:00,29.0,False,nan,3938220.0
In,2018-09-11 21:03:00,28.0,False,nan,3938220.0
In,2018-09-11 21:03:00,28.0,False,nan,3938220.0
In,2018-09-11 21:03:00,29.0,False,nan,3938220.0
In,2018-09-11 21:03:00,29.0,False,nan,3938220.0
In,2018-09-11 21:03:00,28.0,False,nan,3938220.0
In,2018-09-11 21:06:00,28.0,False,nan,3938400.0
In,2018-09-11 21:06:00,29.0,False,nan,3938400.0
In,2018-09-11 21:10:00,29.0,False,nan,3938640.0
In,2018-09-11 21:10:00,28.0,False,nan,3938640.0
In,2018-09-11 21:14:00,28.0,False,nan,3938880.0
In,2018-09-11 21:14:00,28.0,False,nan,3938880.0
In,2018-09-11 21:14:00,28.0,False,nan,3938880.0
In,2018-09-11 21:14:00,28.0,False,nan,3938880.0
In,2018-09-11 21:17:00,28.0,False,nan,3939060.0
In,2018-09-11 21:17:00,29.0,False,nan,3939060.0
In,2018-09-11 21:17:00,28.0,False,nan,3939060.0
In,2018-09-11 21:17:00,29.0,False,nan,3939060.0
In,2018-09-11 21:19:00,28.0,False,nan,3939180.0
In,2018-09-11 21:20:00,28.0,False,nan,3939240.0
In,2018-09-11 21:20:00,28.0,False,nan,3939240.0
In,2018-09-11 21:20:00,28.0,False,nan,3939240.0
In,2018-09-11 21:20:00,28.0,False,nan,3939240.0
In,2018-09-11 21:20:00,28.0,False,nan,3939240.0
In,2018-09-11 21:20:00,28.0,False,nan,3939240.0
In,2018-09-11 21:20:00,28.0,False,nan,3939240.0
In,2018-09-11 21:20:00,28.0,False,nan,3939240.0
In,2018-09-11 21:40:00,28.0,False,nan,3940440.0
In,2018-09-11 21:40:00,28.0,False,nan,3940440.0
In,2018-09-11 21:40:00,28.0,False,nan,3940440.0
In,2018-09-11 21:40:00,28.0,False,nan,3940440.0
In,2018-09-11 21:40:00,28.0,False,nan,3940440.0
In,2018-09-11 21:40:00,28.0,False,nan,3940440.0
In,2018-09-11 21:40:00,28.0,False,nan,3940440.0
In,2018-09-11 21:41:00,28.0,False,nan,3940500.0
In,2018-09-11 21:41:00,28.0,False,nan,3940500.0
In,2018-09-11 21:41:00,28.0,False,nan,3940500.0
In,2018-09-11 21:41:00,28.0,False,nan,3940500.0
In,2018-09-11 21:41:00,28.0,False,nan,3940500.0
In,2018-09-11 21:43:00,28.0,False,nan,3940620.0
In,2018-09-11 21:43:00,28.0,False,nan,3940620.0
In,2018-09-11 21:43:00,28.0,False,nan,3940620.0
In,2018-09-11 21:43:00,28.0,False,nan,3940620.0
In,2018-09-11 21:43:00,28.0,False,nan,3940620.0
In,2018-09-11 21:44:00,28.0,False,nan,3940680.0
In,2018-09-11 21:44:00,28.0,False,nan,3940680.0
In,2018-09-11 21:44:00,28.0,False,nan,3940680.0
In,2018-09-11 21:45:00,28.0,False,nan,3940740.0
In,2018-09-11 21:45:00,28.0,False,nan,3940740.0
In,2018-09-11 21:45:00,28.0,False,nan,3940740.0
In,2018-09-11 21:45:00,28.0,False,nan,3940740.0
In,2018-09-11 21:46:00,28.0,False,nan,3940800.0
In,2018-09-11 21:46:00,28.0,False,nan,3940800.0
In,2018-09-11 21:47:00,28.0,False,nan,3940860.0
In,2018-09-11 21:47:00,28.0,False,nan,3940860.0
In,2018-09-11 21:57:00,28.0,False,nan,3941460.0
In,2018-09-11 21:57:00,28.0,False,nan,3941460.0
In,2018-09-11 21:57:00,28.0,False,nan,3941460.0
In,2018-09-11 21:57:00,28.0,False,nan,3941460.0
In,2018-09-11 21:57:00,28.0,False,nan,3941460.0
In,2018-09-11 21:57:00,28.0,False,nan,3941460.0
In,2018-09-11 21:57:00,28.0,False,nan,3941460.0
In,2018-09-11 21:58:00,28.0,False,nan,3941520.0
In,2018-09-11 21:58:00,29.0,False,nan,3941520.0
In,2018-09-11 22:11:00,29.0,False,nan,3942300.0
In,2018-09-11 22:11:00,28.0,False,nan,3942300.0
In,2018-09-11 22:12:00,29.0,False,nan,3942360.0
In,2018-09-11 22:12:00,29.0,False,nan,3942360.0
In,2018-09-11 22:12:00,28.0,False,nan,3942360.0
In,2018-09-11 22:12:00,28.0,False,nan,3942360.0
In,2018-09-11 22:12:00,29.0,False,nan,3942360.0
In,2018-09-11 22:12:00,28.0,False,nan,3942360.0
In,2018-09-11 22:12:00,28.0,False,nan,3942360.0
In,2018-09-11 22:12:00,28.0,False,nan,3942360.0
In,2018-09-11 22:13:00,29.0,False,nan,3942420.0
In,2018-09-11 22:13:00,28.0,False,nan,3942420.0
In,2018-09-11 22:13:00,28.0,False,nan,3942420.0
In,2018-09-11 22:13:00,28.0,False,nan,3942420.0
In,2018-09-11 22:13:00,28.0,False,nan,3942420.0
In,2018-09-11 22:13:00,28.0,False,nan,3942420.0
In,2018-09-11 22:13:00,28.0,False,nan,3942420.0
In,2018-09-11 22:14:00,29.0,False,nan,3942480.0
In,2018-09-11 22:14:00,28.0,False,nan,3942480.0
In,2018-09-11 22:15:00,29.0,False,nan,3942540.0
In,2018-09-11 22:15:00,28.0,False,nan,3942540.0
In,2018-09-11 22:15:00,29.0,False,nan,3942540.0
In,2018-09-11 22:16:00,28.0,False,nan,3942600.0
In,2018-09-11 22:16:00,28.0,False,nan,3942600.0
In,2018-09-11 22:16:00,28.0,False,nan,3942600.0
In,2018-09-11 22:17:00,28.0,False,nan,3942660.0
In,2018-09-11 22:18:00,28.0,False,nan,3942720.0
In,2018-09-11 22:18:00,28.0,False,nan,3942720.0
In,2018-09-11 22:18:00,28.0,False,nan,3942720.0
In,2018-09-11 22:18:00,28.0,False,nan,3942720.0
In,2018-09-11 22:18:00,28.0,False,nan,3942720.0
In,2018-09-11 22:19:00,28.0,False,nan,3942780.0
In,2018-09-11 22:20:00,28.0,False,nan,3942840.0
In,2018-09-11 22:20:00,28.0,False,nan,3942840.0
In,2018-09-11 22:20:00,28.0,False,nan,3942840.0
In,2018-09-11 22:20:00,28.0,False,nan,3942840.0
In,2018-09-11 22:20:00,28.0,False,nan,3942840.0
In,2018-09-11 22:21:00,28.0,False,nan,3942900.0
In,2018-09-11 22:21:00,29.0,False,nan,3942900.0
In,2018-09-11 22:21:00,28.0,False,nan,3942900.0
In,2018-09-11 22:21:00,28.0,False,nan,3942900.0
In,2018-09-11 22:22:00,28.0,False,nan,3942960.0
In,2018-09-11 22:22:00,28.0,False,nan,3942960.0
In,2018-09-11 22:22:00,28.0,False,nan,3942960.0
In,2018-09-11 22:22:00,28.0,False,nan,3942960.0
In,2018-09-11 22:23:00,28.0,False,nan,3943020.0
In,2018-09-11 22:23:00,28.0,False,nan,3943020.0
In,2018-09-11 22:24:00,28.0,False,nan,3943080.0
In,2018-09-11 22:24:00,28.0,False,nan,3943080.0
In,2018-09-11 22:24:00,28.0,False,nan,3943080.0
In,2018-09-11 22:25:00,28.0,False,nan,3943140.0
In,2018-09-11 22:25:00,28.0,False,nan,3943140.0
In,2018-09-11 22:25:00,28.0,False,nan,3943140.0
In,2018-09-11 22:25:00,28.0,False,nan,3943140.0
In,2018-09-11 22:26:00,28.0,False,nan,3943200.0
In,2018-09-11 22:26:00,28.0,False,nan,3943200.0
In,2018-09-11 22:26:00,28.0,False,nan,3943200.0
In,2018-09-11 22:27:00,28.0,False,nan,3943260.0
In,2018-09-11 22:27:00,28.0,False,nan,3943260.0
In,2018-09-11 22:27:00,28.0,False,nan,3943260.0
In,2018-09-11 22:27:00,28.0,False,nan,3943260.0
In,2018-09-11 22:27:00,28.0,False,nan,3943260.0
In,2018-09-11 22:35:00,28.0,False,nan,3943740.0
In,2018-09-11 22:35:00,28.0,False,nan,3943740.0
In,2018-09-11 22:36:00,28.0,False,nan,3943800.0
In,2018-09-11 22:36:00,28.0,False,nan,3943800.0
In,2018-09-11 22:36:00,28.0,False,nan,3943800.0
In,2018-09-11 22:36:00,28.0,False,nan,3943800.0
In,2018-09-11 22:36:00,28.0,False,nan,3943800.0
In,2018-09-11 23:04:00,28.0,False,nan,3945480.0
In,2018-09-11 23:06:00,28.0,False,nan,3945600.0
In,2018-09-11 23:06:00,28.0,False,nan,3945600.0
In,2018-09-11 23:13:00,28.0,False,nan,3946020.0
In,2018-09-11 23:13:00,28.0,False,nan,3946020.0
In,2018-09-11 23:13:00,28.0,False,nan,3946020.0
In,2018-09-11 23:13:00,28.0,False,nan,3946020.0
In,2018-09-11 23:13:00,28.0,False,nan,3946020.0
In,2018-09-11 23:13:00,28.0,False,nan,3946020.0
In,2018-09-11 23:22:00,28.0,False,nan,3946560.0
In,2018-09-11 23:22:00,28.0,False,nan,3946560.0
In,2018-09-11 23:22:00,28.0,False,nan,3946560.0
In,2018-09-11 23:22:00,28.0,False,nan,3946560.0
In,2018-09-11 23:23:00,28.0,False,nan,3946620.0
In,2018-09-11 23:23:00,28.0,False,nan,3946620.0
In,2018-09-11 23:38:00,28.0,False,nan,3947520.0
In,2018-09-11 23:38:00,27.0,False,nan,3947520.0
In,2018-09-11 23:40:00,28.0,False,nan,3947640.0
In,2018-09-11 23:40:00,27.0,False,nan,3947640.0
In,2018-09-11 23:41:00,28.0,False,nan,3947700.0
In,2018-09-11 23:41:00,27.0,False,nan,3947700.0
In,2018-09-11 23:42:00,28.0,False,nan,3947760.0
In,2018-09-11 23:42:00,27.0,False,nan,3947760.0
In,2018-09-11 23:43:00,27.0,False,nan,3947820.0
In,2018-09-11 23:43:00,27.0,False,nan,3947820.0
In,2018-09-11 23:43:00,28.0,False,nan,3947820.0
In,2018-09-11 23:43:00,27.0,False,nan,3947820.0
In,2018-09-11 23:43:00,27.0,False,nan,3947820.0
In,2018-09-11 23:43:00,28.0,False,nan,3947820.0
In,2018-09-11 23:43:00,27.0,False,nan,3947820.0
In,2018-09-11 23:43:00,28.0,False,nan,3947820.0
In,2018-09-11 23:43:00,28.0,False,nan,3947820.0
In,2018-09-11 23:43:00,28.0,False,nan,3947820.0
In,2018-09-11 23:43:00,27.0,False,nan,3947820.0
In,2018-09-11 23:44:00,28.0,False,nan,3947880.0
In,2018-09-11 23:44:00,28.0,False,nan,3947880.0
In,2018-09-11 23:44:00,28.0,False,nan,3947880.0
In,2018-09-11 23:44:00,27.0,False,nan,3947880.0
In,2018-09-11 23:44:00,28.0,False,nan,3947880.0
In,2018-09-11 23:44:00,27.0,False,nan,3947880.0
In,2018-09-11 23:44:00,27.0,False,nan,3947880.0
In,2018-09-11 23:44:00,27.0,False,nan,3947880.0
In,2018-09-11 23:44:00,27.0,False,nan,3947880.0
In,2018-09-11 23:44:00,27.0,False,nan,3947880.0
In,2018-09-11 23:44:00,27.0,False,nan,3947880.0
In,2018-09-11 23:44:00,28.0,False,nan,3947880.0
In,2018-09-11 23:44:00,28.0,False,nan,3947880.0
In,2018-09-11 23:44:00,28.0,False,nan,3947880.0
In,2018-09-11 23:45:00,27.0,False,nan,3947940.0
In,2018-09-11 23:45:00,27.0,False,nan,3947940.0
In,2018-09-11 23:45:00,28.0,False,nan,3947940.0
In,2018-09-11 23:45:00,28.0,False,nan,3947940.0
In,2018-09-11 23:45:00,27.0,False,nan,3947940.0
In,2018-09-11 23:45:00,28.0,False,nan,3947940.0
In,2018-09-11 23:45:00,28.0,False,nan,3947940.0
In,2018-09-11 23:45:00,27.0,False,nan,3947940.0
In,2018-09-11 23:45:00,27.0,False,nan,3947940.0
In,2018-09-11 23:46:00,27.0,False,nan,3948000.0
In,2018-09-11 23:46:00,27.0,False,nan,3948000.0
In,2018-09-11 23:46:00,27.0,False,nan,3948000.0
In,2018-09-11 23:47:00,28.0,False,nan,3948060.0
In,2018-09-11 23:47:00,27.0,False,nan,3948060.0
In,2018-09-11 23:47:00,28.0,False,nan,3948060.0
In,2018-09-11 23:47:00,27.0,False,nan,3948060.0
In,2018-09-11 23:47:00,27.0,False,nan,3948060.0
In,2018-09-11 23:47:00,27.0,False,nan,3948060.0
In,2018-09-11 23:47:00,27.0,False,nan,3948060.0
In,2018-09-11 23:47:00,27.0,False,nan,3948060.0
In,2018-09-11 23:47:00,27.0,False,nan,3948060.0
In,2018-09-11 23:47:00,27.0,False,nan,3948060.0
In,2018-09-11 23:47:00,28.0,False,nan,3948060.0
In,2018-09-11 23:48:00,28.0,False,nan,3948120.0
In,2018-09-11 23:48:00,27.0,False,nan,3948120.0
In,2018-09-11 23:48:00,28.0,False,nan,3948120.0
In,2018-09-11 23:48:00,27.0,False,nan,3948120.0
In,2018-09-11 23:49:00,28.0,False,nan,3948180.0
In,2018-09-11 23:49:00,27.0,False,nan,3948180.0
In,2018-09-11 23:50:00,27.0,False,nan,3948240.0
In,2018-09-11 23:50:00,27.0,False,nan,3948240.0
In,2018-09-11 23:50:00,28.0,False,nan,3948240.0
In,2018-09-11 23:50:00,28.0,False,nan,3948240.0
In,2018-09-11 23:51:00,27.0,False,nan,3948300.0
In,2018-09-11 23:51:00,27.0,False,nan,3948300.0
In,2018-09-11 23:51:00,28.0,False,nan,3948300.0
In,2018-09-11 23:51:00,27.0,False,nan,3948300.0
In,2018-09-11 23:51:00,28.0,False,nan,3948300.0
In,2018-09-11 23:51:00,28.0,False,nan,3948300.0
In,2018-09-11 23:51:00,27.0,False,nan,3948300.0
In,2018-09-11 23:51:00,27.0,False,nan,3948300.0
In,2018-09-11 23:51:00,28.0,False,nan,3948300.0
In,2018-09-11 23:52:00,27.0,False,nan,3948360.0
In,2018-09-11 23:52:00,28.0,False,nan,3948360.0
In,2018-09-11 23:52:00,28.0,False,nan,3948360.0
In,2018-09-11 23:52:00,27.0,False,nan,3948360.0
In,2018-09-11 23:52:00,28.0,False,nan,3948360.0
In,2018-09-11 23:52:00,27.0,False,nan,3948360.0
In,2018-09-11 23:53:00,27.0,False,nan,3948420.0
In,2018-09-11 23:53:00,28.0,False,nan,3948420.0
In,2018-09-11 23:55:00,28.0,False,nan,3948540.0
In,2018-09-11 23:55:00,27.0,False,nan,3948540.0
In,2018-09-11 23:57:00,27.0,False,nan,3948660.0
In,2018-09-11 23:57:00,28.0,False,nan,3948660.0
In,2018-09-11 23:58:00,27.0,False,nan,3948720.0
In,2018-09-11 23:58:00,28.0,False,nan,3948720.0
In,2018-09-11 23:59:00,28.0,False,nan,3948780.0
In,2018-09-11 23:59:00,27.0,False,nan,3948780.0
In,2018-09-12 00:01:00,27.0,False,nan,3948900.0
In,2018-09-12 00:01:00,28.0,False,nan,3948900.0
In,2018-09-12 00:01:00,28.0,False,nan,3948900.0
In,2018-09-12 00:01:00,27.0,False,nan,3948900.0
In,2018-09-12 00:01:00,27.0,False,nan,3948900.0
In,2018-09-12 00:01:00,28.0,False,nan,3948900.0
In,2018-09-12 00:02:00,28.0,False,nan,3948960.0
In,2018-09-12 00:02:00,28.0,False,nan,3948960.0
In,2018-09-12 00:02:00,27.0,False,nan,3948960.0
In,2018-09-12 00:02:00,27.0,False,nan,3948960.0
In,2018-09-12 00:03:00,28.0,False,nan,3949020.0
In,2018-09-12 00:03:00,27.0,False,nan,3949020.0
In,2018-09-12 00:03:00,28.0,False,nan,3949020.0
In,2018-09-12 00:03:00,27.0,False,nan,3949020.0
In,2018-09-12 00:03:00,28.0,False,nan,3949020.0
In,2018-09-12 00:03:00,27.0,False,nan,3949020.0
In,2018-09-12 00:03:00,27.0,False,nan,3949020.0
In,2018-09-12 00:03:00,28.0,False,nan,3949020.0
In,2018-09-12 00:03:00,28.0,False,nan,3949020.0
In,2018-09-12 00:03:00,27.0,False,nan,3949020.0
In,2018-09-12 00:03:00,27.0,False,nan,3949020.0
In,2018-09-12 00:04:00,28.0,False,nan,3949080.0
In,2018-09-12 00:04:00,27.0,False,nan,3949080.0
In,2018-09-12 00:04:00,28.0,False,nan,3949080.0
In,2018-09-12 00:04:00,28.0,False,nan,3949080.0
In,2018-09-12 00:04:00,27.0,False,nan,3949080.0
In,2018-09-12 00:04:00,28.0,False,nan,3949080.0
In,2018-09-12 00:04:00,27.0,False,nan,3949080.0
In,2018-09-12 00:04:00,28.0,False,nan,3949080.0
In,2018-09-12 00:04:00,27.0,False,nan,3949080.0
In,2018-09-12 00:04:00,27.0,False,nan,3949080.0
In,2018-09-12 00:04:00,27.0,False,nan,3949080.0
In,2018-09-12 00:04:00,28.0,False,nan,3949080.0
In,2018-09-12 00:04:00,27.0,False,nan,3949080.0
In,2018-09-12 00:04:00,28.0,False,nan,3949080.0
In,2018-09-12 00:04:00,28.0,False,nan,3949080.0
In,2018-09-12 00:04:00,27.0,False,nan,3949080.0
In,2018-09-12 00:04:00,28.0,False,nan,3949080.0
In,2018-09-12 00:05:00,28.0,False,nan,3949140.0
In,2018-09-12 00:05:00,27.0,False,nan,3949140.0
In,2018-09-12 00:05:00,28.0,False,nan,3949140.0
In,2018-09-12 00:05:00,28.0,False,nan,3949140.0
In,2018-09-12 00:05:00,28.0,False,nan,3949140.0
In,2018-09-12 00:05:00,27.0,False,nan,3949140.0
In,2018-09-12 00:05:00,28.0,False,nan,3949140.0
In,2018-09-12 00:05:00,28.0,False,nan,3949140.0
In,2018-09-12 00:05:00,27.0,False,nan,3949140.0
In,2018-09-12 00:05:00,27.0,False,nan,3949140.0
In,2018-09-12 00:05:00,27.0,False,nan,3949140.0
In,2018-09-12 00:05:00,27.0,False,nan,3949140.0
In,2018-09-12 00:06:00,28.0,False,nan,3949200.0
In,2018-09-12 00:06:00,27.0,False,nan,3949200.0
In,2018-09-12 00:06:00,28.0,False,nan,3949200.0
In,2018-09-12 00:06:00,28.0,False,nan,3949200.0
In,2018-09-12 00:06:00,28.0,False,nan,3949200.0
In,2018-09-12 00:06:00,27.0,False,nan,3949200.0
In,2018-09-12 00:06:00,28.0,False,nan,3949200.0
In,2018-09-12 00:06:00,28.0,False,nan,3949200.0
In,2018-09-12 00:06:00,28.0,False,nan,3949200.0
In,2018-09-12 00:06:00,27.0,False,nan,3949200.0
In,2018-09-12 00:06:00,27.0,False,nan,3949200.0
In,2018-09-12 00:07:00,27.0,False,nan,3949260.0
In,2018-09-12 00:07:00,27.0,False,nan,3949260.0
In,2018-09-12 00:07:00,27.0,False,nan,3949260.0
In,2018-09-12 00:07:00,27.0,False,nan,3949260.0
In,2018-09-12 00:07:00,27.0,False,nan,3949260.0
In,2018-09-12 00:07:00,27.0,False,nan,3949260.0
In,2018-09-12 00:07:00,28.0,False,nan,3949260.0
In,2018-09-12 00:07:00,27.0,False,nan,3949260.0
In,2018-09-12 00:07:00,28.0,False,nan,3949260.0
In,2018-09-12 00:07:00,28.0,False,nan,3949260.0
In,2018-09-12 00:07:00,27.0,False,nan,3949260.0
In,2018-09-12 00:07:00,28.0,False,nan,3949260.0
In,2018-09-12 00:07:00,28.0,False,nan,3949260.0
In,2018-09-12 00:07:00,27.0,False,nan,3949260.0
In,2018-09-12 00:07:00,28.0,False,nan,3949260.0
In,2018-09-12 00:07:00,27.0,False,nan,3949260.0
In,2018-09-12 00:08:00,27.0,False,nan,3949320.0
In,2018-09-12 00:08:00,27.0,False,nan,3949320.0
In,2018-09-12 00:08:00,27.0,False,nan,3949320.0
In,2018-09-12 00:08:00,27.0,False,nan,3949320.0
In,2018-09-12 00:08:00,28.0,False,nan,3949320.0
In,2018-09-12 00:08:00,28.0,False,nan,3949320.0
In,2018-09-12 00:08:00,27.0,False,nan,3949320.0
In,2018-09-12 00:08:00,27.0,False,nan,3949320.0
In,2018-09-12 00:08:00,28.0,False,nan,3949320.0
In,2018-09-12 00:09:00,28.0,False,nan,3949380.0
In,2018-09-12 00:09:00,28.0,False,nan,3949380.0
In,2018-09-12 00:09:00,27.0,False,nan,3949380.0
In,2018-09-12 00:09:00,27.0,False,nan,3949380.0
In,2018-09-12 00:09:00,27.0,False,nan,3949380.0
In,2018-09-12 00:09:00,28.0,False,nan,3949380.0
In,2018-09-12 00:10:00,28.0,False,nan,3949440.0
In,2018-09-12 00:10:00,28.0,False,nan,3949440.0
In,2018-09-12 00:10:00,28.0,False,nan,3949440.0
In,2018-09-12 00:10:00,27.0,False,nan,3949440.0
In,2018-09-12 00:10:00,27.0,False,nan,3949440.0
In,2018-09-12 00:10:00,27.0,False,nan,3949440.0
In,2018-09-12 00:10:00,28.0,False,nan,3949440.0
In,2018-09-12 00:10:00,27.0,False,nan,3949440.0
In,2018-09-12 00:10:00,28.0,False,nan,3949440.0
In,2018-09-12 00:10:00,27.0,False,nan,3949440.0
In,2018-09-12 00:10:00,27.0,False,nan,3949440.0
In,2018-09-12 00:10:00,27.0,False,nan,3949440.0
In,2018-09-12 00:10:00,28.0,False,nan,3949440.0
In,2018-09-12 00:10:00,27.0,False,nan,3949440.0
In,2018-09-12 00:10:00,28.0,False,nan,3949440.0
In,2018-09-12 00:10:00,28.0,False,nan,3949440.0
In,2018-09-12 00:11:00,28.0,False,nan,3949500.0
In,2018-09-12 00:11:00,27.0,False,nan,3949500.0
In,2018-09-12 00:11:00,28.0,False,nan,3949500.0
In,2018-09-12 00:11:00,27.0,False,nan,3949500.0
In,2018-09-12 00:11:00,28.0,False,nan,3949500.0
In,2018-09-12 00:11:00,27.0,False,nan,3949500.0
In,2018-09-12 00:11:00,27.0,False,nan,3949500.0
In,2018-09-12 00:11:00,28.0,False,nan,3949500.0
In,2018-09-12 00:11:00,28.0,False,nan,3949500.0
In,2018-09-12 00:11:00,27.0,False,nan,3949500.0
In,2018-09-12 00:12:00,27.0,False,nan,3949560.0
In,2018-09-12 00:12:00,27.0,False,nan,3949560.0
In,2018-09-12 00:12:00,28.0,False,nan,3949560.0
In,2018-09-12 00:12:00,28.0,False,nan,3949560.0
In,2018-09-12 00:12:00,27.0,False,nan,3949560.0
In,2018-09-12 00:13:00,28.0,False,nan,3949620.0
In,2018-09-12 00:13:00,28.0,False,nan,3949620.0
In,2018-09-12 00:13:00,27.0,False,nan,3949620.0
In,2018-09-12 00:13:00,28.0,False,nan,3949620.0
In,2018-09-12 00:13:00,27.0,False,nan,3949620.0
In,2018-09-12 00:13:00,27.0,False,nan,3949620.0
In,2018-09-12 00:13:00,28.0,False,nan,3949620.0
In,2018-09-12 00:14:00,28.0,False,nan,3949680.0
In,2018-09-12 00:14:00,27.0,False,nan,3949680.0
In,2018-09-12 00:14:00,28.0,False,nan,3949680.0
In,2018-09-12 00:14:00,27.0,False,nan,3949680.0
In,2018-09-12 00:15:00,27.0,False,nan,3949740.0
In,2018-09-12 00:16:00,28.0,False,nan,3949800.0
In,2018-09-12 00:16:00,27.0,False,nan,3949800.0
In,2018-09-12 00:16:00,28.0,False,nan,3949800.0
In,2018-09-12 00:17:00,27.0,False,nan,3949860.0
In,2018-09-12 00:17:00,28.0,False,nan,3949860.0
In,2018-09-12 00:17:00,27.0,False,nan,3949860.0
In,2018-09-12 00:17:00,28.0,False,nan,3949860.0
In,2018-09-12 00:17:00,28.0,False,nan,3949860.0
In,2018-09-12 00:17:00,27.0,False,nan,3949860.0
In,2018-09-12 00:18:00,28.0,False,nan,3949920.0
In,2018-09-12 00:18:00,27.0,False,nan,3949920.0
In,2018-09-12 00:20:00,27.0,False,nan,3950040.0
In,2018-09-12 00:20:00,28.0,False,nan,3950040.0
In,2018-09-12 00:21:00,27.0,False,nan,3950100.0
In,2018-09-12 00:21:00,28.0,False,nan,3950100.0
In,2018-09-12 00:24:00,27.0,False,nan,3950280.0
In,2018-09-12 00:24:00,28.0,False,nan,3950280.0
In,2018-09-12 00:27:00,28.0,False,nan,3950460.0
In,2018-09-12 00:27:00,27.0,False,nan,3950460.0
In,2018-09-12 00:31:00,28.0,False,nan,3950700.0
In,2018-09-12 00:31:00,27.0,False,nan,3950700.0
In,2018-09-12 00:31:00,28.0,False,nan,3950700.0
In,2018-09-12 00:31:00,27.0,False,nan,3950700.0
In,2018-09-12 00:32:00,27.0,False,nan,3950760.0
In,2018-09-12 00:32:00,28.0,False,nan,3950760.0
In,2018-09-12 00:32:00,28.0,False,nan,3950760.0
In,2018-09-12 00:32:00,27.0,False,nan,3950760.0
In,2018-09-12 00:32:00,28.0,False,nan,3950760.0
In,2018-09-12 00:32:00,28.0,False,nan,3950760.0
In,2018-09-12 00:32:00,27.0,False,nan,3950760.0
In,2018-09-12 00:32:00,27.0,False,nan,3950760.0
In,2018-09-12 00:33:00,27.0,False,nan,3950820.0
In,2018-09-12 00:33:00,27.0,False,nan,3950820.0
In,2018-09-12 00:33:00,28.0,False,nan,3950820.0
In,2018-09-12 00:33:00,28.0,False,nan,3950820.0
In,2018-09-12 00:34:00,27.0,False,nan,3950880.0
In,2018-09-12 00:34:00,27.0,False,nan,3950880.0
In,2018-09-12 00:34:00,28.0,False,nan,3950880.0
In,2018-09-12 00:34:00,28.0,False,nan,3950880.0
In,2018-09-12 00:35:00,28.0,False,nan,3950940.0
In,2018-09-12 00:35:00,28.0,False,nan,3950940.0
In,2018-09-12 00:35:00,27.0,False,nan,3950940.0
In,2018-09-12 00:35:00,28.0,False,nan,3950940.0
In,2018-09-12 00:35:00,27.0,False,nan,3950940.0
In,2018-09-12 00:35:00,27.0,False,nan,3950940.0
In,2018-09-12 00:38:00,27.0,False,nan,3951120.0
In,2018-09-12 00:38:00,28.0,False,nan,3951120.0
In,2018-09-12 00:38:00,28.0,False,nan,3951120.0
In,2018-09-12 00:38:00,27.0,False,nan,3951120.0
In,2018-09-12 00:38:00,28.0,False,nan,3951120.0
In,2018-09-12 00:38:00,27.0,False,nan,3951120.0
In,2018-09-12 00:39:00,27.0,False,nan,3951180.0
In,2018-09-12 00:39:00,28.0,False,nan,3951180.0
In,2018-09-12 00:39:00,27.0,False,nan,3951180.0
In,2018-09-12 00:39:00,28.0,False,nan,3951180.0
In,2018-09-12 00:39:00,27.0,False,nan,3951180.0
In,2018-09-12 00:39:00,27.0,False,nan,3951180.0
In,2018-09-12 00:39:00,28.0,False,nan,3951180.0
In,2018-09-12 00:39:00,27.0,False,nan,3951180.0
In,2018-09-12 00:39:00,27.0,False,nan,3951180.0
In,2018-09-12 00:39:00,28.0,False,nan,3951180.0
In,2018-09-12 00:39:00,28.0,False,nan,3951180.0
In,2018-09-12 00:39:00,28.0,False,nan,3951180.0
In,2018-09-12 00:40:00,27.0,False,nan,3951240.0
In,2018-09-12 00:40:00,28.0,False,nan,3951240.0
In,2018-09-12 00:40:00,27.0,False,nan,3951240.0
In,2018-09-12 00:40:00,27.0,False,nan,3951240.0
In,2018-09-12 00:40:00,28.0,False,nan,3951240.0
In,2018-09-12 00:40:00,27.0,False,nan,3951240.0
In,2018-09-12 00:40:00,28.0,False,nan,3951240.0
In,2018-09-12 00:40:00,27.0,False,nan,3951240.0
In,2018-09-12 00:40:00,28.0,False,nan,3951240.0
In,2018-09-12 00:41:00,27.0,False,nan,3951300.0
In,2018-09-12 00:41:00,28.0,False,nan,3951300.0
In,2018-09-12 00:41:00,27.0,False,nan,3951300.0
In,2018-09-12 00:41:00,27.0,False,nan,3951300.0
In,2018-09-12 00:41:00,27.0,False,nan,3951300.0
In,2018-09-12 00:41:00,28.0,False,nan,3951300.0
In,2018-09-12 00:41:00,28.0,False,nan,3951300.0
In,2018-09-12 00:41:00,28.0,False,nan,3951300.0
In,2018-09-12 00:41:00,28.0,False,nan,3951300.0
In,2018-09-12 00:41:00,28.0,False,nan,3951300.0
In,2018-09-12 00:41:00,27.0,False,nan,3951300.0
In,2018-09-12 00:41:00,27.0,False,nan,3951300.0
In,2018-09-12 00:41:00,28.0,False,nan,3951300.0
In,2018-09-12 00:42:00,27.0,False,nan,3951360.0
In,2018-09-12 00:42:00,27.0,False,nan,3951360.0
In,2018-09-12 00:42:00,28.0,False,nan,3951360.0
In,2018-09-12 00:42:00,27.0,False,nan,3951360.0
In,2018-09-12 00:42:00,28.0,False,nan,3951360.0
In,2018-09-12 00:42:00,28.0,False,nan,3951360.0
In,2018-09-12 00:42:00,27.0,False,nan,3951360.0
In,2018-09-12 00:42:00,28.0,False,nan,3951360.0
In,2018-09-12 00:42:00,27.0,False,nan,3951360.0
In,2018-09-12 00:42:00,27.0,False,nan,3951360.0
In,2018-09-12 00:42:00,28.0,False,nan,3951360.0
In,2018-09-12 00:42:00,28.0,False,nan,3951360.0
In,2018-09-12 00:42:00,28.0,False,nan,3951360.0
In,2018-09-12 00:42:00,27.0,False,nan,3951360.0
In,2018-09-12 00:42:00,27.0,False,nan,3951360.0
In,2018-09-12 00:42:00,28.0,False,nan,3951360.0
In,2018-09-12 00:43:00,27.0,False,nan,3951420.0
In,2018-09-12 00:43:00,28.0,False,nan,3951420.0
In,2018-09-12 00:43:00,28.0,False,nan,3951420.0
In,2018-09-12 00:43:00,28.0,False,nan,3951420.0
In,2018-09-12 00:43:00,27.0,False,nan,3951420.0
In,2018-09-12 00:43:00,27.0,False,nan,3951420.0
In,2018-09-12 00:43:00,28.0,False,nan,3951420.0
In,2018-09-12 00:43:00,27.0,False,nan,3951420.0
In,2018-09-12 00:43:00,28.0,False,nan,3951420.0
In,2018-09-12 00:43:00,27.0,False,nan,3951420.0
In,2018-09-12 00:43:00,27.0,False,nan,3951420.0
In,2018-09-12 00:43:00,28.0,False,nan,3951420.0
In,2018-09-12 00:43:00,27.0,False,nan,3951420.0
In,2018-09-12 00:43:00,28.0,False,nan,3951420.0
In,2018-09-12 00:43:00,27.0,False,nan,3951420.0
In,2018-09-12 00:44:00,27.0,False,nan,3951480.0
In,2018-09-12 00:44:00,28.0,False,nan,3951480.0
In,2018-09-12 00:44:00,28.0,False,nan,3951480.0
In,2018-09-12 00:44:00,27.0,False,nan,3951480.0
In,2018-09-12 00:44:00,27.0,False,nan,3951480.0
In,2018-09-12 00:44:00,28.0,False,nan,3951480.0
In,2018-09-12 00:44:00,28.0,False,nan,3951480.0
In,2018-09-12 00:44:00,28.0,False,nan,3951480.0
In,2018-09-12 00:44:00,27.0,False,nan,3951480.0
In,2018-09-12 00:45:00,27.0,False,nan,3951540.0
In,2018-09-12 00:45:00,28.0,False,nan,3951540.0
In,2018-09-12 00:45:00,28.0,False,nan,3951540.0
In,2018-09-12 00:45:00,27.0,False,nan,3951540.0
In,2018-09-12 00:45:00,27.0,False,nan,3951540.0
In,2018-09-12 00:45:00,28.0,False,nan,3951540.0
In,2018-09-12 00:45:00,28.0,False,nan,3951540.0
In,2018-09-12 00:45:00,27.0,False,nan,3951540.0
In,2018-09-12 00:45:00,28.0,False,nan,3951540.0
In,2018-09-12 00:45:00,27.0,False,nan,3951540.0
In,2018-09-12 00:46:00,28.0,False,nan,3951600.0
In,2018-09-12 00:46:00,27.0,False,nan,3951600.0
In,2018-09-12 00:46:00,27.0,False,nan,3951600.0
In,2018-09-12 00:46:00,28.0,False,nan,3951600.0
In,2018-09-12 00:46:00,28.0,False,nan,3951600.0
In,2018-09-12 00:46:00,28.0,False,nan,3951600.0
In,2018-09-12 00:46:00,27.0,False,nan,3951600.0
In,2018-09-12 00:46:00,27.0,False,nan,3951600.0
In,2018-09-12 00:46:00,27.0,False,nan,3951600.0
In,2018-09-12 00:46:00,28.0,False,nan,3951600.0
In,2018-09-12 00:46:00,28.0,False,nan,3951600.0
In,2018-09-12 00:46:00,27.0,False,nan,3951600.0
In,2018-09-12 00:46:00,27.0,False,nan,3951600.0
In,2018-09-12 00:47:00,27.0,False,nan,3951660.0
In,2018-09-12 00:47:00,27.0,False,nan,3951660.0
In,2018-09-12 00:47:00,27.0,False,nan,3951660.0
In,2018-09-12 00:47:00,27.0,False,nan,3951660.0
In,2018-09-12 00:47:00,27.0,False,nan,3951660.0
In,2018-09-12 00:48:00,27.0,False,nan,3951720.0
In,2018-09-12 00:48:00,27.0,False,nan,3951720.0
In,2018-09-12 00:48:00,27.0,False,nan,3951720.0
In,2018-09-12 00:48:00,27.0,False,nan,3951720.0
In,2018-09-12 00:48:00,27.0,False,nan,3951720.0
In,2018-09-12 00:48:00,27.0,False,nan,3951720.0
In,2018-09-12 00:48:00,28.0,False,nan,3951720.0
In,2018-09-12 00:48:00,27.0,False,nan,3951720.0
In,2018-09-12 00:49:00,28.0,False,nan,3951780.0
In,2018-09-12 00:49:00,27.0,False,nan,3951780.0
In,2018-09-12 00:52:00,27.0,False,nan,3951960.0
In,2018-09-12 00:52:00,28.0,False,nan,3951960.0
In,2018-09-12 00:53:00,27.0,False,nan,3952020.0
In,2018-09-12 00:53:00,28.0,False,nan,3952020.0
In,2018-09-12 00:55:00,27.0,False,nan,3952140.0
In,2018-09-12 00:55:00,28.0,False,nan,3952140.0
In,2018-09-12 01:02:00,28.0,False,nan,3952560.0
In,2018-09-12 01:02:00,27.0,False,nan,3952560.0
In,2018-09-12 01:12:00,27.0,False,nan,3953160.0
In,2018-09-12 01:12:00,27.0,False,nan,3953160.0
In,2018-09-12 01:12:00,27.0,False,nan,3953160.0
In,2018-09-12 01:18:00,27.0,False,nan,3953520.0
In,2018-09-12 01:18:00,28.0,False,nan,3953520.0
In,2018-09-12 01:27:00,27.0,False,nan,3954060.0
In,2018-09-12 01:27:00,27.0,False,nan,3954060.0
In,2018-09-12 01:28:00,27.0,False,nan,3954120.0
In,2018-09-12 01:28:00,27.0,False,nan,3954120.0
In,2018-09-12 01:28:00,27.0,False,nan,3954120.0
In,2018-09-12 01:29:00,27.0,False,nan,3954180.0
In,2018-09-12 01:29:00,27.0,False,nan,3954180.0
In,2018-09-12 01:30:00,27.0,False,nan,3954240.0
In,2018-09-12 01:30:00,27.0,False,nan,3954240.0
In,2018-09-12 01:30:00,27.0,False,nan,3954240.0
In,2018-09-12 01:30:00,27.0,False,nan,3954240.0
In,2018-09-12 01:30:00,27.0,False,nan,3954240.0
In,2018-09-12 01:30:00,27.0,False,nan,3954240.0
In,2018-09-12 01:30:00,27.0,False,nan,3954240.0
In,2018-09-12 01:30:00,27.0,False,nan,3954240.0
In,2018-09-12 01:30:00,27.0,False,nan,3954240.0
In,2018-09-12 01:30:00,27.0,False,nan,3954240.0
In,2018-09-12 01:31:00,27.0,False,nan,3954300.0
In,2018-09-12 01:31:00,27.0,False,nan,3954300.0
In,2018-09-12 01:31:00,27.0,False,nan,3954300.0
In,2018-09-12 01:31:00,27.0,False,nan,3954300.0
In,2018-09-12 01:31:00,27.0,False,nan,3954300.0
In,2018-09-12 01:31:00,27.0,False,nan,3954300.0
In,2018-09-12 01:31:00,27.0,False,nan,3954300.0
In,2018-09-12 01:31:00,27.0,False,nan,3954300.0
In,2018-09-12 01:31:00,27.0,False,nan,3954300.0
In,2018-09-12 01:31:00,27.0,False,nan,3954300.0
In,2018-09-12 01:32:00,27.0,False,nan,3954360.0
In,2018-09-12 01:32:00,27.0,False,nan,3954360.0
In,2018-09-12 01:32:00,27.0,False,nan,3954360.0
In,2018-09-12 01:32:00,27.0,False,nan,3954360.0
In,2018-09-12 01:33:00,27.0,False,nan,3954420.0
In,2018-09-12 01:33:00,27.0,False,nan,3954420.0
In,2018-09-12 01:34:00,27.0,False,nan,3954480.0
In,2018-09-12 01:41:00,27.0,False,nan,3954900.0
In,2018-09-12 01:41:00,27.0,False,nan,3954900.0
In,2018-09-12 01:41:00,27.0,False,nan,3954900.0
In,2018-09-12 01:41:00,27.0,False,nan,3954900.0
In,2018-09-12 01:42:00,27.0,False,nan,3954960.0
In,2018-09-12 01:42:00,27.0,False,nan,3954960.0
In,2018-09-12 01:42:00,27.0,False,nan,3954960.0
In,2018-09-12 01:42:00,27.0,False,nan,3954960.0
In,2018-09-12 01:42:00,27.0,False,nan,3954960.0
In,2018-09-12 01:42:00,27.0,False,nan,3954960.0
In,2018-09-12 01:42:00,27.0,False,nan,3954960.0
In,2018-09-12 01:42:00,27.0,False,nan,3954960.0
In,2018-09-12 01:42:00,27.0,False,nan,3954960.0
In,2018-09-12 01:42:00,27.0,False,nan,3954960.0
In,2018-09-12 01:43:00,27.0,False,nan,3955020.0
In,2018-09-12 01:43:00,27.0,False,nan,3955020.0
In,2018-09-12 01:44:00,27.0,False,nan,3955080.0
In,2018-09-12 01:44:00,27.0,False,nan,3955080.0
In,2018-09-12 01:44:00,27.0,False,nan,3955080.0
In,2018-09-12 01:44:00,27.0,False,nan,3955080.0
In,2018-09-12 01:44:00,27.0,False,nan,3955080.0
In,2018-09-12 01:44:00,27.0,False,nan,3955080.0
In,2018-09-12 01:44:00,27.0,False,nan,3955080.0
In,2018-09-12 01:45:00,27.0,False,nan,3955140.0
In,2018-09-12 01:45:00,27.0,False,nan,3955140.0
In,2018-09-12 01:46:00,27.0,False,nan,3955200.0
In,2018-09-12 01:46:00,27.0,False,nan,3955200.0
In,2018-09-12 01:46:00,28.0,False,nan,3955200.0
In,2018-09-12 01:46:00,27.0,False,nan,3955200.0
In,2018-09-12 01:46:00,27.0,False,nan,3955200.0
In,2018-09-12 01:46:00,28.0,False,nan,3955200.0
In,2018-09-12 01:46:00,28.0,False,nan,3955200.0
In,2018-09-12 01:46:00,28.0,False,nan,3955200.0
In,2018-09-12 01:46:00,28.0,False,nan,3955200.0
In,2018-09-12 01:46:00,27.0,False,nan,3955200.0
In,2018-09-12 01:46:00,28.0,False,nan,3955200.0
In,2018-09-12 01:47:00,28.0,False,nan,3955260.0
In,2018-09-12 01:47:00,28.0,False,nan,3955260.0
In,2018-09-12 01:47:00,28.0,False,nan,3955260.0
In,2018-09-12 01:47:00,27.0,False,nan,3955260.0
In,2018-09-12 01:47:00,28.0,False,nan,3955260.0
In,2018-09-12 01:47:00,27.0,False,nan,3955260.0
In,2018-09-12 01:47:00,28.0,False,nan,3955260.0
In,2018-09-12 01:47:00,27.0,False,nan,3955260.0
In,2018-09-12 01:47:00,27.0,False,nan,3955260.0
In,2018-09-12 01:47:00,27.0,False,nan,3955260.0
In,2018-09-12 01:47:00,27.0,False,nan,3955260.0
In,2018-09-12 01:47:00,28.0,False,nan,3955260.0
In,2018-09-12 01:47:00,28.0,False,nan,3955260.0
In,2018-09-12 01:47:00,27.0,False,nan,3955260.0
In,2018-09-12 01:47:00,27.0,False,nan,3955260.0
In,2018-09-12 01:48:00,28.0,False,nan,3955320.0
In,2018-09-12 01:48:00,28.0,False,nan,3955320.0
In,2018-09-12 01:48:00,27.0,False,nan,3955320.0
In,2018-09-12 01:48:00,28.0,False,nan,3955320.0
In,2018-09-12 01:49:00,28.0,False,nan,3955380.0
In,2018-09-12 01:49:00,27.0,False,nan,3955380.0
In,2018-09-12 01:49:00,28.0,False,nan,3955380.0
In,2018-09-12 01:49:00,27.0,False,nan,3955380.0
In,2018-09-12 01:49:00,28.0,False,nan,3955380.0
In,2018-09-12 01:49:00,28.0,False,nan,3955380.0
In,2018-09-12 01:49:00,27.0,False,nan,3955380.0
In,2018-09-12 01:50:00,28.0,False,nan,3955440.0
In,2018-09-12 01:50:00,27.0,False,nan,3955440.0
In,2018-09-12 01:50:00,27.0,False,nan,3955440.0
In,2018-09-12 01:50:00,28.0,False,nan,3955440.0
In,2018-09-12 01:50:00,27.0,False,nan,3955440.0
In,2018-09-12 01:50:00,28.0,False,nan,3955440.0
In,2018-09-12 01:53:00,28.0,False,nan,3955620.0
In,2018-09-12 01:53:00,27.0,False,nan,3955620.0
In,2018-09-12 01:53:00,28.0,False,nan,3955620.0
In,2018-09-12 01:53:00,27.0,False,nan,3955620.0
In,2018-09-12 02:01:00,28.0,False,nan,3956100.0
In,2018-09-12 02:01:00,27.0,False,nan,3956100.0
In,2018-09-12 02:02:00,27.0,False,nan,3956160.0
In,2018-09-12 02:02:00,28.0,False,nan,3956160.0
In,2018-09-12 02:10:00,28.0,False,nan,3956640.0
In,2018-09-12 02:10:00,28.0,False,nan,3956640.0
In,2018-09-12 02:10:00,28.0,False,nan,3956640.0
In,2018-09-12 02:10:00,28.0,False,nan,3956640.0
In,2018-09-12 02:16:00,28.0,False,nan,3957000.0
In,2018-09-12 02:16:00,28.0,False,nan,3957000.0
In,2018-09-12 02:18:00,28.0,False,nan,3957120.0
In,2018-09-12 02:18:00,27.0,False,nan,3957120.0
In,2018-09-12 02:19:00,28.0,False,nan,3957180.0
In,2018-09-12 02:19:00,28.0,False,nan,3957180.0
In,2018-09-12 02:19:00,28.0,False,nan,3957180.0
In,2018-09-12 02:20:00,28.0,False,nan,3957240.0
In,2018-09-12 02:20:00,28.0,False,nan,3957240.0
In,2018-09-12 02:20:00,28.0,False,nan,3957240.0
In,2018-09-12 02:20:00,28.0,False,nan,3957240.0
In,2018-09-12 02:20:00,28.0,False,nan,3957240.0
In,2018-09-12 02:20:00,28.0,False,nan,3957240.0
In,2018-09-12 02:20:00,28.0,False,nan,3957240.0
In,2018-09-12 02:20:00,28.0,False,nan,3957240.0
In,2018-09-12 02:20:00,28.0,False,nan,3957240.0
In,2018-09-12 02:20:00,28.0,False,nan,3957240.0
In,2018-09-12 02:20:00,28.0,False,nan,3957240.0
In,2018-09-12 02:20:00,28.0,False,nan,3957240.0
In,2018-09-12 02:20:00,28.0,False,nan,3957240.0
In,2018-09-12 02:22:00,28.0,False,nan,3957360.0
In,2018-09-12 02:22:00,28.0,False,nan,3957360.0
In,2018-09-12 02:22:00,28.0,False,nan,3957360.0
In,2018-09-12 02:22:00,28.0,False,nan,3957360.0
In,2018-09-12 02:23:00,27.0,False,nan,3957420.0
In,2018-09-12 02:23:00,28.0,False,nan,3957420.0
In,2018-09-12 02:23:00,28.0,False,nan,3957420.0
In,2018-09-12 02:26:00,28.0,False,nan,3957600.0
In,2018-09-12 02:26:00,28.0,False,nan,3957600.0
In,2018-09-12 02:26:00,28.0,False,nan,3957600.0
In,2018-09-12 02:26:00,28.0,False,nan,3957600.0
In,2018-09-12 02:26:00,28.0,False,nan,3957600.0
In,2018-09-12 02:26:00,28.0,False,nan,3957600.0
In,2018-09-12 02:27:00,28.0,False,nan,3957660.0
In,2018-09-12 02:27:00,28.0,False,nan,3957660.0
In,2018-09-12 02:27:00,28.0,False,nan,3957660.0
In,2018-09-12 02:27:00,28.0,False,nan,3957660.0
In,2018-09-12 02:27:00,28.0,False,nan,3957660.0
In,2018-09-12 02:27:00,28.0,False,nan,3957660.0
In,2018-09-12 02:27:00,28.0,False,nan,3957660.0
In,2018-09-12 02:27:00,28.0,False,nan,3957660.0
In,2018-09-12 02:27:00,28.0,False,nan,3957660.0
In,2018-09-12 02:27:00,28.0,False,nan,3957660.0
In,2018-09-12 02:27:00,28.0,False,nan,3957660.0
In,2018-09-12 02:27:00,28.0,False,nan,3957660.0
In,2018-09-12 02:28:00,28.0,False,nan,3957720.0
In,2018-09-12 02:28:00,28.0,False,nan,3957720.0
In,2018-09-12 02:28:00,28.0,False,nan,3957720.0
In,2018-09-12 02:28:00,28.0,False,nan,3957720.0
In,2018-09-12 02:28:00,28.0,False,nan,3957720.0
In,2018-09-12 02:28:00,28.0,False,nan,3957720.0
In,2018-09-12 02:28:00,28.0,False,nan,3957720.0
In,2018-09-12 02:29:00,28.0,False,nan,3957780.0
In,2018-09-12 02:29:00,28.0,False,nan,3957780.0
In,2018-09-12 02:30:00,28.0,False,nan,3957840.0
In,2018-09-12 02:30:00,28.0,False,nan,3957840.0
In,2018-09-12 02:30:00,28.0,False,nan,3957840.0
In,2018-09-12 02:30:00,28.0,False,nan,3957840.0
In,2018-09-12 02:30:00,28.0,False,nan,3957840.0
In,2018-09-12 02:30:00,28.0,False,nan,3957840.0
In,2018-09-12 02:30:00,28.0,False,nan,3957840.0
In,2018-09-12 02:30:00,28.0,False,nan,3957840.0
In,2018-09-12 02:31:00,28.0,False,nan,3957900.0
In,2018-09-12 02:31:00,28.0,False,nan,3957900.0
In,2018-09-12 02:38:00,28.0,False,nan,3958320.0
In,2018-09-12 02:38:00,27.0,False,nan,3958320.0
In,2018-09-12 02:40:00,28.0,False,nan,3958440.0
In,2018-09-12 02:40:00,27.0,False,nan,3958440.0
In,2018-09-12 02:44:00,28.0,False,nan,3958680.0
In,2018-09-12 02:44:00,28.0,False,nan,3958680.0
In,2018-09-12 02:46:00,28.0,False,nan,3958800.0
In,2018-09-12 02:48:00,28.0,False,nan,3958920.0
In,2018-09-12 02:48:00,29.0,False,nan,3958920.0
In,2018-09-12 02:49:00,28.0,False,nan,3958980.0
In,2018-09-12 02:49:00,29.0,False,nan,3958980.0
In,2018-09-12 02:52:00,28.0,False,nan,3959160.0
In,2018-09-12 02:52:00,28.0,False,nan,3959160.0
In,2018-09-12 02:52:00,28.0,False,nan,3959160.0
In,2018-09-12 02:52:00,28.0,False,nan,3959160.0
In,2018-09-12 02:52:00,28.0,False,nan,3959160.0
In,2018-09-12 02:52:00,28.0,False,nan,3959160.0
In,2018-09-12 03:00:00,28.0,False,nan,3959640.0
In,2018-09-12 03:00:00,29.0,False,nan,3959640.0
In,2018-09-12 03:01:00,28.0,False,nan,3959700.0
In,2018-09-12 03:01:00,28.0,False,nan,3959700.0
In,2018-09-12 03:01:00,28.0,False,nan,3959700.0
In,2018-09-12 03:01:00,28.0,False,nan,3959700.0
In,2018-09-12 03:01:00,28.0,False,nan,3959700.0
In,2018-09-12 03:02:00,28.0,False,nan,3959760.0
In,2018-09-12 03:02:00,28.0,False,nan,3959760.0
In,2018-09-12 03:02:00,28.0,False,nan,3959760.0
In,2018-09-12 03:02:00,28.0,False,nan,3959760.0
In,2018-09-12 03:02:00,28.0,False,nan,3959760.0
In,2018-09-12 03:02:00,28.0,False,nan,3959760.0
In,2018-09-12 03:02:00,28.0,False,nan,3959760.0
In,2018-09-12 03:03:00,28.0,False,nan,3959820.0
In,2018-09-12 03:03:00,29.0,False,nan,3959820.0
In,2018-09-12 03:04:00,29.0,False,nan,3959880.0
In,2018-09-12 03:07:00,29.0,False,nan,3960060.0
In,2018-09-12 03:07:00,28.0,False,nan,3960060.0
In,2018-09-12 03:08:00,28.0,False,nan,3960120.0
In,2018-09-12 03:08:00,29.0,False,nan,3960120.0
In,2018-09-12 03:08:00,28.0,False,nan,3960120.0
In,2018-09-12 03:08:00,28.0,False,nan,3960120.0
In,2018-09-12 03:08:00,29.0,False,nan,3960120.0
In,2018-09-12 03:08:00,28.0,False,nan,3960120.0
In,2018-09-12 03:08:00,29.0,False,nan,3960120.0
In,2018-09-12 03:08:00,28.0,False,nan,3960120.0
In,2018-09-12 03:08:00,29.0,False,nan,3960120.0
In,2018-09-12 03:08:00,29.0,False,nan,3960120.0
In,2018-09-12 03:09:00,29.0,False,nan,3960180.0
In,2018-09-12 03:09:00,29.0,False,nan,3960180.0
In,2018-09-12 03:09:00,29.0,False,nan,3960180.0
In,2018-09-12 03:09:00,28.0,False,nan,3960180.0
In,2018-09-12 03:09:00,28.0,False,nan,3960180.0
In,2018-09-12 03:09:00,29.0,False,nan,3960180.0
In,2018-09-12 03:09:00,28.0,False,nan,3960180.0
In,2018-09-12 03:09:00,28.0,False,nan,3960180.0
In,2018-09-12 03:09:00,28.0,False,nan,3960180.0
In,2018-09-12 03:09:00,28.0,False,nan,3960180.0
In,2018-09-12 03:09:00,29.0,False,nan,3960180.0
In,2018-09-12 03:09:00,28.0,False,nan,3960180.0
In,2018-09-12 03:09:00,28.0,False,nan,3960180.0
In,2018-09-12 03:09:00,28.0,False,nan,3960180.0
In,2018-09-12 03:09:00,29.0,False,nan,3960180.0
In,2018-09-12 03:09:00,29.0,False,nan,3960180.0
In,2018-09-12 03:09:00,29.0,False,nan,3960180.0
In,2018-09-12 03:09:00,29.0,False,nan,3960180.0
In,2018-09-12 03:09:00,28.0,False,nan,3960180.0
In,2018-09-12 03:10:00,29.0,False,nan,3960240.0
In,2018-09-12 03:10:00,28.0,False,nan,3960240.0
In,2018-09-12 03:10:00,28.0,False,nan,3960240.0
In,2018-09-12 03:10:00,29.0,False,nan,3960240.0
In,2018-09-12 03:10:00,28.0,False,nan,3960240.0
In,2018-09-12 03:10:00,28.0,False,nan,3960240.0
In,2018-09-12 03:10:00,28.0,False,nan,3960240.0
In,2018-09-12 03:10:00,29.0,False,nan,3960240.0
In,2018-09-12 03:10:00,29.0,False,nan,3960240.0
In,2018-09-12 03:10:00,29.0,False,nan,3960240.0
In,2018-09-12 03:10:00,29.0,False,nan,3960240.0
In,2018-09-12 03:10:00,29.0,False,nan,3960240.0
In,2018-09-12 03:10:00,29.0,False,nan,3960240.0
In,2018-09-12 03:10:00,28.0,False,nan,3960240.0
In,2018-09-12 03:10:00,29.0,False,nan,3960240.0
In,2018-09-12 03:10:00,28.0,False,nan,3960240.0
In,2018-09-12 03:10:00,28.0,False,nan,3960240.0
In,2018-09-12 03:10:00,29.0,False,nan,3960240.0
In,2018-09-12 03:11:00,28.0,False,nan,3960300.0
In,2018-09-12 03:11:00,29.0,False,nan,3960300.0
In,2018-09-12 03:11:00,28.0,False,nan,3960300.0
In,2018-09-12 03:11:00,29.0,False,nan,3960300.0
In,2018-09-12 03:12:00,29.0,False,nan,3960360.0
In,2018-09-12 03:12:00,29.0,False,nan,3960360.0
In,2018-09-12 03:12:00,29.0,False,nan,3960360.0
In,2018-09-12 03:12:00,29.0,False,nan,3960360.0
In,2018-09-12 03:12:00,29.0,False,nan,3960360.0
In,2018-09-12 03:12:00,29.0,False,nan,3960360.0
In,2018-09-12 03:12:00,29.0,False,nan,3960360.0
In,2018-09-12 03:12:00,29.0,False,nan,3960360.0
In,2018-09-12 03:12:00,29.0,False,nan,3960360.0
In,2018-09-12 03:12:00,29.0,False,nan,3960360.0
In,2018-09-12 03:12:00,29.0,False,nan,3960360.0
In,2018-09-12 03:12:00,29.0,False,nan,3960360.0
In,2018-09-12 03:13:00,29.0,False,nan,3960420.0
In,2018-09-12 03:13:00,29.0,False,nan,3960420.0
In,2018-09-12 03:13:00,29.0,False,nan,3960420.0
In,2018-09-12 03:14:00,28.0,False,nan,3960480.0
In,2018-09-12 03:14:00,28.0,False,nan,3960480.0
In,2018-09-12 03:14:00,29.0,False,nan,3960480.0
In,2018-09-12 03:14:00,29.0,False,nan,3960480.0
In,2018-09-12 03:15:00,29.0,False,nan,3960540.0
In,2018-09-12 03:15:00,29.0,False,nan,3960540.0
In,2018-09-12 03:16:00,29.0,False,nan,3960600.0
In,2018-09-12 03:16:00,28.0,False,nan,3960600.0
In,2018-09-12 03:17:00,29.0,False,nan,3960660.0
In,2018-09-12 03:17:00,29.0,False,nan,3960660.0
In,2018-09-12 03:18:00,28.0,False,nan,3960720.0
In,2018-09-12 03:18:00,29.0,False,nan,3960720.0
In,2018-09-12 03:19:00,29.0,False,nan,3960780.0
In,2018-09-12 03:19:00,29.0,False,nan,3960780.0
In,2018-09-12 03:19:00,29.0,False,nan,3960780.0
In,2018-09-12 03:19:00,29.0,False,nan,3960780.0
In,2018-09-12 03:19:00,28.0,False,nan,3960780.0
In,2018-09-12 03:20:00,28.0,False,nan,3960840.0
In,2018-09-12 03:26:00,29.0,False,nan,3961200.0
In,2018-09-12 03:26:00,28.0,False,nan,3961200.0
In,2018-09-12 03:28:00,29.0,False,nan,3961320.0
In,2018-09-12 03:28:00,29.0,False,nan,3961320.0
In,2018-09-12 03:28:00,29.0,False,nan,3961320.0
In,2018-09-12 03:28:00,29.0,False,nan,3961320.0
In,2018-09-12 03:28:00,29.0,False,nan,3961320.0
In,2018-09-12 03:28:00,29.0,False,nan,3961320.0
In,2018-09-12 03:29:00,29.0,False,nan,3961380.0
In,2018-09-12 03:29:00,29.0,False,nan,3961380.0
In,2018-09-12 03:30:00,29.0,False,nan,3961440.0
In,2018-09-12 03:32:00,29.0,False,nan,3961560.0
In,2018-09-12 03:32:00,29.0,False,nan,3961560.0
In,2018-09-12 03:32:00,29.0,False,nan,3961560.0
In,2018-09-12 03:32:00,29.0,False,nan,3961560.0
In,2018-09-12 03:33:00,29.0,False,nan,3961620.0
In,2018-09-12 03:33:00,29.0,False,nan,3961620.0
In,2018-09-12 03:33:00,29.0,False,nan,3961620.0
In,2018-09-12 03:33:00,29.0,False,nan,3961620.0
In,2018-09-12 03:40:00,29.0,False,nan,3962040.0
In,2018-09-12 03:45:00,29.0,False,nan,3962340.0
In,2018-09-12 03:45:00,29.0,False,nan,3962340.0
In,2018-09-12 03:45:00,29.0,False,nan,3962340.0
In,2018-09-12 03:45:00,29.0,False,nan,3962340.0
In,2018-09-12 03:45:00,29.0,False,nan,3962340.0
In,2018-09-12 03:46:00,29.0,False,nan,3962400.0
In,2018-09-12 03:46:00,29.0,False,nan,3962400.0
In,2018-09-12 03:46:00,29.0,False,nan,3962400.0
In,2018-09-12 03:46:00,29.0,False,nan,3962400.0
In,2018-09-12 03:46:00,29.0,False,nan,3962400.0
In,2018-09-12 03:46:00,29.0,False,nan,3962400.0
In,2018-09-12 03:46:00,29.0,False,nan,3962400.0
In,2018-09-12 03:46:00,29.0,False,nan,3962400.0
In,2018-09-12 03:46:00,29.0,False,nan,3962400.0
In,2018-09-12 03:46:00,29.0,False,nan,3962400.0
In,2018-09-12 03:46:00,29.0,False,nan,3962400.0
In,2018-09-12 03:47:00,30.0,False,nan,3962460.0
In,2018-09-12 03:47:00,29.0,False,nan,3962460.0
In,2018-09-12 03:51:00,29.0,False,nan,3962700.0
In,2018-09-12 03:51:00,30.0,False,nan,3962700.0
In,2018-09-12 03:53:00,29.0,False,nan,3962820.0
In,2018-09-12 03:53:00,30.0,False,nan,3962820.0
In,2018-09-12 03:53:00,30.0,False,nan,3962820.0
In,2018-09-12 03:53:00,29.0,False,nan,3962820.0
In,2018-09-12 03:53:00,29.0,False,nan,3962820.0
In,2018-09-12 03:53:00,30.0,False,nan,3962820.0
In,2018-09-12 03:56:00,30.0,False,nan,3963000.0
In,2018-09-12 03:56:00,30.0,False,nan,3963000.0
In,2018-09-12 03:56:00,29.0,False,nan,3963000.0
In,2018-09-12 03:56:00,29.0,False,nan,3963000.0
In,2018-09-12 03:56:00,30.0,False,nan,3963000.0
In,2018-09-12 03:56:00,29.0,False,nan,3963000.0
In,2018-09-12 03:56:00,30.0,False,nan,3963000.0
In,2018-09-12 03:56:00,29.0,False,nan,3963000.0
In,2018-09-12 03:56:00,30.0,False,nan,3963000.0
In,2018-09-12 03:56:00,29.0,False,nan,3963000.0
In,2018-09-12 03:56:00,29.0,False,nan,3963000.0
In,2018-09-12 03:56:00,29.0,False,nan,3963000.0
In,2018-09-12 03:56:00,30.0,False,nan,3963000.0
In,2018-09-12 03:56:00,29.0,False,nan,3963000.0
In,2018-09-12 03:56:00,30.0,False,nan,3963000.0
In,2018-09-12 03:56:00,30.0,False,nan,3963000.0
In,2018-09-12 03:57:00,30.0,False,nan,3963060.0
In,2018-09-12 03:57:00,30.0,False,nan,3963060.0
In,2018-09-12 03:57:00,29.0,False,nan,3963060.0
In,2018-09-12 03:57:00,29.0,False,nan,3963060.0
In,2018-09-12 03:57:00,30.0,False,nan,3963060.0
In,2018-09-12 03:57:00,29.0,False,nan,3963060.0
In,2018-09-12 03:57:00,29.0,False,nan,3963060.0
In,2018-09-12 03:57:00,29.0,False,nan,3963060.0
In,2018-09-12 03:57:00,29.0,False,nan,3963060.0
In,2018-09-12 03:57:00,30.0,False,nan,3963060.0
In,2018-09-12 03:57:00,29.0,False,nan,3963060.0
In,2018-09-12 03:57:00,30.0,False,nan,3963060.0
In,2018-09-12 03:57:00,30.0,False,nan,3963060.0
In,2018-09-12 03:58:00,29.0,False,nan,3963120.0
In,2018-09-12 03:58:00,29.0,False,nan,3963120.0
In,2018-09-12 03:58:00,30.0,False,nan,3963120.0
In,2018-09-12 03:58:00,29.0,False,nan,3963120.0
In,2018-09-12 03:58:00,29.0,False,nan,3963120.0
In,2018-09-12 03:58:00,30.0,False,nan,3963120.0
In,2018-09-12 03:58:00,29.0,False,nan,3963120.0
In,2018-09-12 03:58:00,30.0,False,nan,3963120.0
In,2018-09-12 03:58:00,30.0,False,nan,3963120.0
In,2018-09-12 03:58:00,29.0,False,nan,3963120.0
In,2018-09-12 03:58:00,29.0,False,nan,3963120.0
In,2018-09-12 03:58:00,29.0,False,nan,3963120.0
In,2018-09-12 03:58:00,29.0,False,nan,3963120.0
In,2018-09-12 03:59:00,30.0,False,nan,3963180.0
In,2018-09-12 03:59:00,29.0,False,nan,3963180.0
In,2018-09-12 03:59:00,30.0,False,nan,3963180.0
In,2018-09-12 03:59:00,29.0,False,nan,3963180.0
In,2018-09-12 03:59:00,30.0,False,nan,3963180.0
In,2018-09-12 03:59:00,30.0,False,nan,3963180.0
In,2018-09-12 03:59:00,29.0,False,nan,3963180.0
In,2018-09-12 03:59:00,30.0,False,nan,3963180.0
In,2018-09-12 03:59:00,29.0,False,nan,3963180.0
In,2018-09-12 03:59:00,29.0,False,nan,3963180.0
In,2018-09-12 03:59:00,30.0,False,nan,3963180.0
In,2018-09-12 03:59:00,29.0,False,nan,3963180.0
In,2018-09-12 03:59:00,30.0,False,nan,3963180.0
In,2018-09-12 03:59:00,29.0,False,nan,3963180.0
In,2018-09-12 03:59:00,30.0,False,nan,3963180.0
In,2018-09-12 04:00:00,30.0,False,nan,3963240.0
In,2018-09-12 04:00:00,30.0,False,nan,3963240.0
In,2018-09-12 04:00:00,29.0,False,nan,3963240.0
In,2018-09-12 04:00:00,30.0,False,nan,3963240.0
In,2018-09-12 04:00:00,29.0,False,nan,3963240.0
In,2018-09-12 04:00:00,30.0,False,nan,3963240.0
In,2018-09-12 04:00:00,29.0,False,nan,3963240.0
In,2018-09-12 04:00:00,29.0,False,nan,3963240.0
In,2018-09-12 04:01:00,29.0,False,nan,3963300.0
In,2018-09-12 04:01:00,30.0,False,nan,3963300.0
In,2018-09-12 04:01:00,30.0,False,nan,3963300.0
In,2018-09-12 04:01:00,29.0,False,nan,3963300.0
In,2018-09-12 04:01:00,30.0,False,nan,3963300.0
In,2018-09-12 04:01:00,29.0,False,nan,3963300.0
In,2018-09-12 04:01:00,29.0,False,nan,3963300.0
In,2018-09-12 04:01:00,30.0,False,nan,3963300.0
In,2018-09-12 04:01:00,29.0,False,nan,3963300.0
In,2018-09-12 04:01:00,30.0,False,nan,3963300.0
In,2018-09-12 04:01:00,29.0,False,nan,3963300.0
In,2018-09-12 04:01:00,29.0,False,nan,3963300.0
In,2018-09-12 04:01:00,30.0,False,nan,3963300.0
In,2018-09-12 04:01:00,30.0,False,nan,3963300.0
In,2018-09-12 04:02:00,30.0,False,nan,3963360.0
In,2018-09-12 04:02:00,29.0,False,nan,3963360.0
In,2018-09-12 04:02:00,30.0,False,nan,3963360.0
In,2018-09-12 04:02:00,29.0,False,nan,3963360.0
In,2018-09-12 04:02:00,30.0,False,nan,3963360.0
In,2018-09-12 04:02:00,29.0,False,nan,3963360.0
In,2018-09-12 04:03:00,29.0,False,nan,3963420.0
In,2018-09-12 04:03:00,30.0,False,nan,3963420.0
In,2018-09-12 04:04:00,30.0,False,nan,3963480.0
In,2018-09-12 04:04:00,30.0,False,nan,3963480.0
In,2018-09-12 04:04:00,29.0,False,nan,3963480.0
In,2018-09-12 04:05:00,29.0,False,nan,3963540.0
In,2018-09-12 04:05:00,30.0,False,nan,3963540.0
In,2018-09-12 04:05:00,29.0,False,nan,3963540.0
In,2018-09-12 04:05:00,30.0,False,nan,3963540.0
In,2018-09-12 04:07:00,30.0,False,nan,3963660.0
In,2018-09-12 04:07:00,29.0,False,nan,3963660.0
In,2018-09-12 04:07:00,30.0,False,nan,3963660.0
In,2018-09-12 04:07:00,30.0,False,nan,3963660.0
In,2018-09-12 04:07:00,29.0,False,nan,3963660.0
In,2018-09-12 04:07:00,29.0,False,nan,3963660.0
In,2018-09-12 04:09:00,30.0,False,nan,3963780.0
In,2018-09-12 04:09:00,30.0,False,nan,3963780.0
In,2018-09-12 04:09:00,30.0,False,nan,3963780.0
In,2018-09-12 04:09:00,30.0,False,nan,3963780.0
In,2018-09-12 04:11:00,30.0,False,nan,3963900.0
In,2018-09-12 04:16:00,30.0,False,nan,3964200.0
In,2018-09-12 04:16:00,31.0,False,nan,3964200.0
In,2018-09-12 04:17:00,30.0,False,nan,3964260.0
In,2018-09-12 04:17:00,30.0,False,nan,3964260.0
In,2018-09-12 04:17:00,30.0,False,nan,3964260.0
In,2018-09-12 04:18:00,30.0,False,nan,3964320.0
In,2018-09-12 04:18:00,30.0,False,nan,3964320.0
In,2018-09-12 04:18:00,31.0,False,nan,3964320.0
In,2018-09-12 04:18:00,30.0,False,nan,3964320.0
In,2018-09-12 04:18:00,31.0,False,nan,3964320.0
In,2018-09-12 04:22:00,30.0,False,nan,3964560.0
In,2018-09-12 04:22:00,30.0,False,nan,3964560.0
In,2018-09-12 04:22:00,30.0,False,nan,3964560.0
In,2018-09-12 04:24:00,30.0,False,nan,3964680.0
In,2018-09-12 04:24:00,30.0,False,nan,3964680.0
In,2018-09-12 04:24:00,30.0,False,nan,3964680.0
In,2018-09-12 04:24:00,30.0,False,nan,3964680.0
In,2018-09-12 04:25:00,30.0,False,nan,3964740.0
In,2018-09-12 04:25:00,31.0,False,nan,3964740.0
In,2018-09-12 04:25:00,30.0,False,nan,3964740.0
In,2018-09-12 04:25:00,31.0,False,nan,3964740.0
In,2018-09-12 04:25:00,31.0,False,nan,3964740.0
In,2018-09-12 04:26:00,31.0,False,nan,3964800.0
In,2018-09-12 04:26:00,30.0,False,nan,3964800.0
In,2018-09-12 04:26:00,31.0,False,nan,3964800.0
In,2018-09-12 04:26:00,31.0,False,nan,3964800.0
In,2018-09-12 04:26:00,31.0,False,nan,3964800.0
In,2018-09-12 04:26:00,30.0,False,nan,3964800.0
In,2018-09-12 04:26:00,30.0,False,nan,3964800.0
In,2018-09-12 04:26:00,31.0,False,nan,3964800.0
In,2018-09-12 04:26:00,30.0,False,nan,3964800.0
In,2018-09-12 04:26:00,31.0,False,nan,3964800.0
In,2018-09-12 04:26:00,30.0,False,nan,3964800.0
In,2018-09-12 04:26:00,30.0,False,nan,3964800.0
In,2018-09-12 04:27:00,30.0,False,nan,3964860.0
In,2018-09-12 04:27:00,30.0,False,nan,3964860.0
In,2018-09-12 04:27:00,30.0,False,nan,3964860.0
In,2018-09-12 04:27:00,31.0,False,nan,3964860.0
In,2018-09-12 04:27:00,30.0,False,nan,3964860.0
In,2018-09-12 04:27:00,31.0,False,nan,3964860.0
In,2018-09-12 04:27:00,30.0,False,nan,3964860.0
In,2018-09-12 04:27:00,31.0,False,nan,3964860.0
In,2018-09-12 04:27:00,31.0,False,nan,3964860.0
In,2018-09-12 04:27:00,31.0,False,nan,3964860.0
In,2018-09-12 04:27:00,30.0,False,nan,3964860.0
In,2018-09-12 04:27:00,31.0,False,nan,3964860.0
In,2018-09-12 04:27:00,31.0,False,nan,3964860.0
In,2018-09-12 04:28:00,30.0,False,nan,3964920.0
In,2018-09-12 04:28:00,31.0,False,nan,3964920.0
In,2018-09-12 04:29:00,31.0,False,nan,3964980.0
In,2018-09-12 04:29:00,31.0,False,nan,3964980.0
In,2018-09-12 04:29:00,31.0,False,nan,3964980.0
In,2018-09-12 04:29:00,31.0,False,nan,3964980.0
In,2018-09-12 04:29:00,31.0,False,nan,3964980.0
In,2018-09-12 04:30:00,31.0,False,nan,3965040.0
In,2018-09-12 04:30:00,31.0,False,nan,3965040.0
In,2018-09-12 04:31:00,31.0,False,nan,3965100.0
In,2018-09-12 04:32:00,30.0,False,nan,3965160.0
In,2018-09-12 04:32:00,31.0,False,nan,3965160.0
In,2018-09-12 04:32:00,31.0,False,nan,3965160.0
In,2018-09-12 04:32:00,30.0,False,nan,3965160.0
In,2018-09-12 04:32:00,31.0,False,nan,3965160.0
In,2018-09-12 04:32:00,30.0,False,nan,3965160.0
In,2018-09-12 04:32:00,31.0,False,nan,3965160.0
In,2018-09-12 04:32:00,30.0,False,nan,3965160.0
In,2018-09-12 04:33:00,31.0,False,nan,3965220.0
In,2018-09-12 04:33:00,31.0,False,nan,3965220.0
In,2018-09-12 04:33:00,30.0,False,nan,3965220.0
In,2018-09-12 04:33:00,31.0,False,nan,3965220.0
In,2018-09-12 04:33:00,30.0,False,nan,3965220.0
In,2018-09-12 04:33:00,31.0,False,nan,3965220.0
In,2018-09-12 04:33:00,30.0,False,nan,3965220.0
In,2018-09-12 04:33:00,30.0,False,nan,3965220.0
In,2018-09-12 04:33:00,31.0,False,nan,3965220.0
In,2018-09-12 04:33:00,30.0,False,nan,3965220.0
In,2018-09-12 04:33:00,30.0,False,nan,3965220.0
In,2018-09-12 04:33:00,30.0,False,nan,3965220.0
In,2018-09-12 04:33:00,31.0,False,nan,3965220.0
In,2018-09-12 04:34:00,31.0,False,nan,3965280.0
In,2018-09-12 04:34:00,30.0,False,nan,3965280.0
In,2018-09-12 04:34:00,30.0,False,nan,3965280.0
In,2018-09-12 04:34:00,30.0,False,nan,3965280.0
In,2018-09-12 04:34:00,31.0,False,nan,3965280.0
In,2018-09-12 04:34:00,31.0,False,nan,3965280.0
In,2018-09-12 04:34:00,30.0,False,nan,3965280.0
In,2018-09-12 04:34:00,30.0,False,nan,3965280.0
In,2018-09-12 04:34:00,31.0,False,nan,3965280.0
In,2018-09-12 04:34:00,31.0,False,nan,3965280.0
In,2018-09-12 04:34:00,30.0,False,nan,3965280.0
In,2018-09-12 04:34:00,31.0,False,nan,3965280.0
In,2018-09-12 04:34:00,31.0,False,nan,3965280.0
In,2018-09-12 04:34:00,30.0,False,nan,3965280.0
In,2018-09-12 04:34:00,31.0,False,nan,3965280.0
In,2018-09-12 04:34:00,30.0,False,nan,3965280.0
In,2018-09-12 04:35:00,31.0,False,nan,3965340.0
In,2018-09-12 04:35:00,30.0,False,nan,3965340.0
In,2018-09-12 04:35:00,30.0,False,nan,3965340.0
In,2018-09-12 04:35:00,31.0,False,nan,3965340.0
In,2018-09-12 04:35:00,31.0,False,nan,3965340.0
In,2018-09-12 04:35:00,30.0,False,nan,3965340.0
In,2018-09-12 04:35:00,31.0,False,nan,3965340.0
In,2018-09-12 04:35:00,31.0,False,nan,3965340.0
In,2018-09-12 04:37:00,30.0,False,nan,3965460.0
In,2018-09-12 04:37:00,31.0,False,nan,3965460.0
In,2018-09-12 04:38:00,31.0,False,nan,3965520.0
In,2018-09-12 04:41:00,30.0,False,nan,3965700.0
In,2018-09-12 04:41:00,31.0,False,nan,3965700.0
In,2018-09-12 04:44:00,31.0,False,nan,3965880.0
In,2018-09-12 04:45:00,31.0,False,nan,3965940.0
In,2018-09-12 04:47:00,31.0,False,nan,3966060.0
In,2018-09-12 04:49:00,31.0,False,nan,3966180.0
In,2018-09-12 04:49:00,31.0,False,nan,3966180.0
In,2018-09-12 04:50:00,31.0,False,nan,3966240.0
In,2018-09-12 04:50:00,31.0,False,nan,3966240.0
In,2018-09-12 04:50:00,31.0,False,nan,3966240.0
In,2018-09-12 04:50:00,31.0,False,nan,3966240.0
In,2018-09-12 04:50:00,31.0,False,nan,3966240.0
In,2018-09-12 04:51:00,31.0,False,nan,3966300.0
In,2018-09-12 04:52:00,31.0,False,nan,3966360.0
In,2018-09-12 04:52:00,31.0,False,nan,3966360.0
In,2018-09-12 04:52:00,31.0,False,nan,3966360.0
In,2018-09-12 04:55:00,31.0,False,nan,3966540.0
In,2018-09-12 04:55:00,31.0,False,nan,3966540.0
In,2018-09-12 04:58:00,31.0,False,nan,3966720.0
In,2018-09-12 04:58:00,31.0,False,nan,3966720.0
In,2018-09-12 04:58:00,31.0,False,nan,3966720.0
In,2018-09-12 04:59:00,31.0,False,nan,3966780.0
In,2018-09-12 05:00:00,31.0,False,nan,3966840.0
In,2018-09-12 05:02:00,31.0,False,nan,3966960.0
In,2018-09-12 05:02:00,32.0,False,nan,3966960.0
In,2018-09-12 05:02:00,32.0,False,nan,3966960.0
In,2018-09-12 05:02:00,31.0,False,nan,3966960.0
In,2018-09-12 05:03:00,32.0,False,nan,3967020.0
In,2018-09-12 05:03:00,31.0,False,nan,3967020.0
In,2018-09-12 05:03:00,32.0,False,nan,3967020.0
In,2018-09-12 05:03:00,31.0,False,nan,3967020.0
In,2018-09-12 05:03:00,31.0,False,nan,3967020.0
In,2018-09-12 05:03:00,32.0,False,nan,3967020.0
In,2018-09-12 05:03:00,32.0,False,nan,3967020.0
In,2018-09-12 05:03:00,31.0,False,nan,3967020.0
In,2018-09-12 05:03:00,32.0,False,nan,3967020.0
In,2018-09-12 05:03:00,31.0,False,nan,3967020.0
In,2018-09-12 05:04:00,31.0,False,nan,3967080.0
In,2018-09-12 05:04:00,31.0,False,nan,3967080.0
In,2018-09-12 05:04:00,32.0,False,nan,3967080.0
In,2018-09-12 05:04:00,31.0,False,nan,3967080.0
In,2018-09-12 05:04:00,32.0,False,nan,3967080.0
In,2018-09-12 05:04:00,32.0,False,nan,3967080.0
In,2018-09-12 05:04:00,32.0,False,nan,3967080.0
In,2018-09-12 05:04:00,31.0,False,nan,3967080.0
In,2018-09-12 05:04:00,32.0,False,nan,3967080.0
In,2018-09-12 05:04:00,32.0,False,nan,3967080.0
In,2018-09-12 05:04:00,32.0,False,nan,3967080.0
In,2018-09-12 05:04:00,32.0,False,nan,3967080.0
In,2018-09-12 05:04:00,32.0,False,nan,3967080.0
In,2018-09-12 05:04:00,31.0,False,nan,3967080.0
In,2018-09-12 05:04:00,31.0,False,nan,3967080.0
In,2018-09-12 05:04:00,31.0,False,nan,3967080.0
In,2018-09-12 05:04:00,31.0,False,nan,3967080.0
In,2018-09-12 05:04:00,31.0,False,nan,3967080.0
In,2018-09-12 05:05:00,31.0,False,nan,3967140.0
In,2018-09-12 05:05:00,32.0,False,nan,3967140.0
In,2018-09-12 05:05:00,31.0,False,nan,3967140.0
In,2018-09-12 05:05:00,32.0,False,nan,3967140.0
In,2018-09-12 05:05:00,31.0,False,nan,3967140.0
In,2018-09-12 05:05:00,32.0,False,nan,3967140.0
In,2018-09-12 05:05:00,32.0,False,nan,3967140.0
In,2018-09-12 05:05:00,32.0,False,nan,3967140.0
In,2018-09-12 05:05:00,32.0,False,nan,3967140.0
In,2018-09-12 05:05:00,32.0,False,nan,3967140.0
In,2018-09-12 05:06:00,31.0,False,nan,3967200.0
In,2018-09-12 05:06:00,31.0,False,nan,3967200.0
In,2018-09-12 05:06:00,31.0,False,nan,3967200.0
In,2018-09-12 05:06:00,32.0,False,nan,3967200.0
In,2018-09-12 05:06:00,31.0,False,nan,3967200.0
In,2018-09-12 05:06:00,32.0,False,nan,3967200.0
In,2018-09-12 05:06:00,32.0,False,nan,3967200.0
In,2018-09-12 05:06:00,32.0,False,nan,3967200.0
In,2018-09-12 05:06:00,32.0,False,nan,3967200.0
In,2018-09-12 05:06:00,31.0,False,nan,3967200.0
In,2018-09-12 05:06:00,32.0,False,nan,3967200.0
In,2018-09-12 05:06:00,31.0,False,nan,3967200.0
In,2018-09-12 05:07:00,32.0,False,nan,3967260.0
In,2018-09-12 05:07:00,32.0,False,nan,3967260.0
In,2018-09-12 05:07:00,32.0,False,nan,3967260.0
In,2018-09-12 05:07:00,32.0,False,nan,3967260.0
In,2018-09-12 05:07:00,31.0,False,nan,3967260.0
In,2018-09-12 05:07:00,31.0,False,nan,3967260.0
In,2018-09-12 05:07:00,31.0,False,nan,3967260.0
In,2018-09-12 05:07:00,32.0,False,nan,3967260.0
In,2018-09-12 05:07:00,32.0,False,nan,3967260.0
In,2018-09-12 05:07:00,32.0,False,nan,3967260.0
In,2018-09-12 05:07:00,31.0,False,nan,3967260.0
In,2018-09-12 05:07:00,31.0,False,nan,3967260.0
In,2018-09-12 05:08:00,32.0,False,nan,3967320.0
In,2018-09-12 05:08:00,32.0,False,nan,3967320.0
In,2018-09-12 05:08:00,31.0,False,nan,3967320.0
In,2018-09-12 05:08:00,31.0,False,nan,3967320.0
In,2018-09-12 05:08:00,32.0,False,nan,3967320.0
In,2018-09-12 05:08:00,32.0,False,nan,3967320.0
In,2018-09-12 05:08:00,31.0,False,nan,3967320.0
In,2018-09-12 05:08:00,32.0,False,nan,3967320.0
In,2018-09-12 05:09:00,32.0,False,nan,3967380.0
In,2018-09-12 05:09:00,32.0,False,nan,3967380.0
In,2018-09-12 05:09:00,32.0,False,nan,3967380.0
In,2018-09-12 05:09:00,32.0,False,nan,3967380.0
In,2018-09-12 05:09:00,32.0,False,nan,3967380.0
In,2018-09-12 05:09:00,32.0,False,nan,3967380.0
In,2018-09-12 05:09:00,32.0,False,nan,3967380.0
In,2018-09-12 05:09:00,32.0,False,nan,3967380.0
In,2018-09-12 05:10:00,32.0,False,nan,3967440.0
In,2018-09-12 05:10:00,32.0,False,nan,3967440.0
In,2018-09-12 05:10:00,32.0,False,nan,3967440.0
In,2018-09-12 05:10:00,32.0,False,nan,3967440.0
In,2018-09-12 05:10:00,31.0,False,nan,3967440.0
In,2018-09-12 05:10:00,32.0,False,nan,3967440.0
In,2018-09-12 05:10:00,32.0,False,nan,3967440.0
In,2018-09-12 05:10:00,32.0,False,nan,3967440.0
In,2018-09-12 05:10:00,32.0,False,nan,3967440.0
In,2018-09-12 05:10:00,32.0,False,nan,3967440.0
In,2018-09-12 05:11:00,31.0,False,nan,3967500.0
In,2018-09-12 05:11:00,32.0,False,nan,3967500.0
In,2018-09-12 05:11:00,32.0,False,nan,3967500.0
In,2018-09-12 05:12:00,31.0,False,nan,3967560.0
In,2018-09-12 05:12:00,32.0,False,nan,3967560.0
In,2018-09-12 05:12:00,32.0,False,nan,3967560.0
In,2018-09-12 05:12:00,32.0,False,nan,3967560.0
In,2018-09-12 05:12:00,32.0,False,nan,3967560.0
In,2018-09-12 05:13:00,32.0,False,nan,3967620.0
In,2018-09-12 05:13:00,31.0,False,nan,3967620.0
In,2018-09-12 05:14:00,33.0,False,nan,3967680.0
In,2018-09-12 05:14:00,32.0,False,nan,3967680.0
In,2018-09-12 05:14:00,32.0,False,nan,3967680.0
In,2018-09-12 05:15:00,32.0,False,nan,3967740.0
In,2018-09-12 05:15:00,32.0,False,nan,3967740.0
In,2018-09-12 05:15:00,31.0,False,nan,3967740.0
In,2018-09-12 05:15:00,32.0,False,nan,3967740.0
In,2018-09-12 05:15:00,32.0,False,nan,3967740.0
In,2018-09-12 05:15:00,32.0,False,nan,3967740.0
In,2018-09-12 05:15:00,32.0,False,nan,3967740.0
In,2018-09-12 05:16:00,32.0,False,nan,3967800.0
In,2018-09-12 05:17:00,32.0,False,nan,3967860.0
In,2018-09-12 05:17:00,32.0,False,nan,3967860.0
In,2018-09-12 05:17:00,31.0,False,nan,3967860.0
In,2018-09-12 05:17:00,32.0,False,nan,3967860.0
In,2018-09-12 05:17:00,32.0,False,nan,3967860.0
In,2018-09-12 05:17:00,31.0,False,nan,3967860.0
In,2018-09-12 05:19:00,31.0,False,nan,3967980.0
In,2018-09-12 05:19:00,32.0,False,nan,3967980.0
In,2018-09-12 05:19:00,32.0,False,nan,3967980.0
In,2018-09-12 05:22:00,32.0,False,nan,3968160.0
In,2018-09-12 05:22:00,32.0,False,nan,3968160.0
In,2018-09-12 05:23:00,32.0,False,nan,3968220.0
In,2018-09-12 05:24:00,32.0,False,nan,3968280.0
In,2018-09-12 05:25:00,32.0,False,nan,3968340.0
In,2018-09-12 05:25:00,32.0,False,nan,3968340.0
In,2018-09-12 05:26:00,32.0,False,nan,3968400.0
In,2018-09-12 05:26:00,32.0,False,nan,3968400.0
In,2018-09-12 05:26:00,32.0,False,nan,3968400.0
In,2018-09-12 05:26:00,32.0,False,nan,3968400.0
In,2018-09-12 05:26:00,31.0,False,nan,3968400.0
In,2018-09-12 05:26:00,32.0,False,nan,3968400.0
In,2018-09-12 05:27:00,31.0,False,nan,3968460.0
In,2018-09-12 05:27:00,32.0,False,nan,3968460.0
In,2018-09-12 05:27:00,32.0,False,nan,3968460.0
In,2018-09-12 05:27:00,32.0,False,nan,3968460.0
In,2018-09-12 05:27:00,31.0,False,nan,3968460.0
In,2018-09-12 05:29:00,32.0,False,nan,3968580.0
In,2018-09-12 05:30:00,32.0,False,nan,3968640.0
In,2018-09-12 05:30:00,32.0,False,nan,3968640.0
In,2018-09-12 05:30:00,32.0,False,nan,3968640.0
In,2018-09-12 05:30:00,32.0,False,nan,3968640.0
In,2018-09-12 05:30:00,32.0,False,nan,3968640.0
In,2018-09-12 05:31:00,32.0,False,nan,3968700.0
In,2018-09-12 05:32:00,32.0,False,nan,3968760.0
In,2018-09-12 05:32:00,32.0,False,nan,3968760.0
In,2018-09-12 05:33:00,32.0,False,nan,3968820.0
In,2018-09-12 05:33:00,32.0,False,nan,3968820.0
In,2018-09-12 05:34:00,32.0,False,nan,3968880.0
In,2018-09-12 05:37:00,32.0,False,nan,3969060.0
In,2018-09-12 05:37:00,32.0,False,nan,3969060.0
In,2018-09-12 05:38:00,32.0,False,nan,3969120.0
In,2018-09-12 05:39:00,32.0,False,nan,3969180.0
In,2018-09-12 05:39:00,32.0,False,nan,3969180.0
In,2018-09-12 05:39:00,32.0,False,nan,3969180.0
In,2018-09-12 05:39:00,32.0,False,nan,3969180.0
In,2018-09-12 05:39:00,32.0,False,nan,3969180.0
In,2018-09-12 05:39:00,32.0,False,nan,3969180.0
In,2018-09-12 05:39:00,32.0,False,nan,3969180.0
In,2018-09-12 05:39:00,32.0,False,nan,3969180.0
In,2018-09-12 05:39:00,32.0,False,nan,3969180.0
In,2018-09-12 05:40:00,31.0,False,nan,3969240.0
In,2018-09-12 05:40:00,32.0,False,nan,3969240.0
In,2018-09-12 05:40:00,32.0,False,nan,3969240.0
In,2018-09-12 05:40:00,32.0,False,nan,3969240.0
In,2018-09-12 05:40:00,32.0,False,nan,3969240.0
In,2018-09-12 05:42:00,31.0,False,nan,3969360.0
In,2018-09-12 05:42:00,32.0,False,nan,3969360.0
In,2018-09-12 05:43:00,31.0,False,nan,3969420.0
In,2018-09-12 05:43:00,32.0,False,nan,3969420.0
In,2018-09-12 05:43:00,31.0,False,nan,3969420.0
In,2018-09-12 05:43:00,31.0,False,nan,3969420.0
In,2018-09-12 05:43:00,32.0,False,nan,3969420.0
In,2018-09-12 05:43:00,32.0,False,nan,3969420.0
In,2018-09-12 05:43:00,32.0,False,nan,3969420.0
In,2018-09-12 05:44:00,32.0,False,nan,3969480.0
In,2018-09-12 05:44:00,31.0,False,nan,3969480.0
In,2018-09-12 05:44:00,32.0,False,nan,3969480.0
In,2018-09-12 05:44:00,31.0,False,nan,3969480.0
In,2018-09-12 05:44:00,32.0,False,nan,3969480.0
In,2018-09-12 05:44:00,31.0,False,nan,3969480.0
In,2018-09-12 05:44:00,32.0,False,nan,3969480.0
In,2018-09-12 05:44:00,31.0,False,nan,3969480.0
In,2018-09-12 05:44:00,32.0,False,nan,3969480.0
In,2018-09-12 05:45:00,32.0,False,nan,3969540.0
In,2018-09-12 05:45:00,32.0,False,nan,3969540.0
In,2018-09-12 05:45:00,31.0,False,nan,3969540.0
In,2018-09-12 05:45:00,31.0,False,nan,3969540.0
In,2018-09-12 05:45:00,32.0,False,nan,3969540.0
In,2018-09-12 05:45:00,31.0,False,nan,3969540.0
In,2018-09-12 05:45:00,32.0,False,nan,3969540.0
In,2018-09-12 05:45:00,31.0,False,nan,3969540.0
In,2018-09-12 05:45:00,31.0,False,nan,3969540.0
In,2018-09-12 05:46:00,31.0,False,nan,3969600.0
In,2018-09-12 05:46:00,32.0,False,nan,3969600.0
In,2018-09-12 05:46:00,32.0,False,nan,3969600.0
In,2018-09-12 05:46:00,32.0,False,nan,3969600.0
In,2018-09-12 05:46:00,32.0,False,nan,3969600.0
In,2018-09-12 05:46:00,31.0,False,nan,3969600.0
In,2018-09-12 05:46:00,32.0,False,nan,3969600.0
In,2018-09-12 05:46:00,32.0,False,nan,3969600.0
In,2018-09-12 05:46:00,32.0,False,nan,3969600.0
In,2018-09-12 05:47:00,31.0,False,nan,3969660.0
In,2018-09-12 05:47:00,32.0,False,nan,3969660.0
In,2018-09-12 05:48:00,32.0,False,nan,3969720.0
In,2018-09-12 05:48:00,32.0,False,nan,3969720.0
In,2018-09-12 05:50:00,32.0,False,nan,3969840.0
In,2018-09-12 05:50:00,32.0,False,nan,3969840.0
In,2018-09-12 05:50:00,32.0,False,nan,3969840.0
In,2018-09-12 05:50:00,32.0,False,nan,3969840.0
In,2018-09-12 05:50:00,32.0,False,nan,3969840.0
In,2018-09-12 05:50:00,32.0,False,nan,3969840.0
In,2018-09-12 05:52:00,32.0,False,nan,3969960.0
In,2018-09-12 05:53:00,32.0,False,nan,3970020.0
In,2018-09-12 05:53:00,32.0,False,nan,3970020.0
In,2018-09-12 05:54:00,32.0,False,nan,3970080.0
In,2018-09-12 05:55:00,32.0,False,nan,3970140.0
In,2018-09-12 05:55:00,32.0,False,nan,3970140.0
In,2018-09-12 06:00:00,32.0,False,nan,3970440.0
In,2018-09-12 06:00:00,33.0,False,nan,3970440.0
In,2018-09-12 06:00:00,33.0,False,nan,3970440.0
In,2018-09-12 06:00:00,32.0,False,nan,3970440.0
In,2018-09-12 06:00:00,33.0,False,nan,3970440.0
In,2018-09-12 06:00:00,32.0,False,nan,3970440.0
In,2018-09-12 06:00:00,33.0,False,nan,3970440.0
In,2018-09-12 06:00:00,32.0,False,nan,3970440.0
In,2018-09-12 06:00:00,32.0,False,nan,3970440.0
In,2018-09-12 06:00:00,32.0,False,nan,3970440.0
In,2018-09-12 06:00:00,33.0,False,nan,3970440.0
In,2018-09-12 06:00:00,33.0,False,nan,3970440.0
In,2018-09-12 06:00:00,33.0,False,nan,3970440.0
In,2018-09-12 06:00:00,32.0,False,nan,3970440.0
In,2018-09-12 06:01:00,32.0,False,nan,3970500.0
In,2018-09-12 06:01:00,33.0,False,nan,3970500.0
In,2018-09-12 06:03:00,33.0,False,nan,3970620.0
In,2018-09-12 06:03:00,33.0,False,nan,3970620.0
In,2018-09-12 06:03:00,33.0,False,nan,3970620.0
In,2018-09-12 06:03:00,33.0,False,nan,3970620.0
In,2018-09-12 06:03:00,33.0,False,nan,3970620.0
In,2018-09-12 06:03:00,32.0,False,nan,3970620.0
In,2018-09-12 06:03:00,33.0,False,nan,3970620.0
In,2018-09-12 06:03:00,33.0,False,nan,3970620.0
In,2018-09-12 06:03:00,33.0,False,nan,3970620.0
In,2018-09-12 06:04:00,32.0,False,nan,3970680.0
In,2018-09-12 06:04:00,33.0,False,nan,3970680.0
In,2018-09-12 06:04:00,33.0,False,nan,3970680.0
In,2018-09-12 06:05:00,33.0,False,nan,3970740.0
In,2018-09-12 06:05:00,33.0,False,nan,3970740.0
In,2018-09-12 06:05:00,33.0,False,nan,3970740.0
In,2018-09-12 06:05:00,32.0,False,nan,3970740.0
In,2018-09-12 06:05:00,33.0,False,nan,3970740.0
In,2018-09-12 06:05:00,33.0,False,nan,3970740.0
In,2018-09-12 06:07:00,33.0,False,nan,3970860.0
In,2018-09-12 06:07:00,33.0,False,nan,3970860.0
In,2018-09-12 06:09:00,33.0,False,nan,3970980.0
In,2018-09-12 06:10:00,32.0,False,nan,3971040.0
In,2018-09-12 06:10:00,33.0,False,nan,3971040.0
In,2018-09-12 06:10:00,33.0,False,nan,3971040.0
In,2018-09-12 06:10:00,32.0,False,nan,3971040.0
In,2018-09-12 06:10:00,33.0,False,nan,3971040.0
In,2018-09-12 06:10:00,33.0,False,nan,3971040.0
In,2018-09-12 06:10:00,32.0,False,nan,3971040.0
In,2018-09-12 06:10:00,33.0,False,nan,3971040.0
In,2018-09-12 06:10:00,32.0,False,nan,3971040.0
In,2018-09-12 06:10:00,33.0,False,nan,3971040.0
In,2018-09-12 06:11:00,32.0,False,nan,3971100.0
In,2018-09-12 06:11:00,33.0,False,nan,3971100.0
In,2018-09-12 06:11:00,32.0,False,nan,3971100.0
In,2018-09-12 06:11:00,32.0,False,nan,3971100.0
In,2018-09-12 06:11:00,32.0,False,nan,3971100.0
In,2018-09-12 06:11:00,33.0,False,nan,3971100.0
In,2018-09-12 06:11:00,32.0,False,nan,3971100.0
In,2018-09-12 06:11:00,33.0,False,nan,3971100.0
In,2018-09-12 06:11:00,32.0,False,nan,3971100.0
In,2018-09-12 06:11:00,33.0,False,nan,3971100.0
In,2018-09-12 06:11:00,32.0,False,nan,3971100.0
In,2018-09-12 06:11:00,33.0,False,nan,3971100.0
In,2018-09-12 06:12:00,32.0,False,nan,3971160.0
In,2018-09-12 06:12:00,33.0,False,nan,3971160.0
In,2018-09-12 06:12:00,32.0,False,nan,3971160.0
In,2018-09-12 06:12:00,32.0,False,nan,3971160.0
In,2018-09-12 06:13:00,32.0,False,nan,3971220.0
In,2018-09-12 06:14:00,32.0,False,nan,3971280.0
In,2018-09-12 06:14:00,32.0,False,nan,3971280.0
In,2018-09-12 06:14:00,32.0,False,nan,3971280.0
In,2018-09-12 06:14:00,33.0,False,nan,3971280.0
In,2018-09-12 06:15:00,32.0,False,nan,3971340.0
In,2018-09-12 06:15:00,32.0,False,nan,3971340.0
In,2018-09-12 06:16:00,32.0,False,nan,3971400.0
In,2018-09-12 06:16:00,33.0,False,nan,3971400.0
In,2018-09-12 06:16:00,32.0,False,nan,3971400.0
In,2018-09-12 06:16:00,33.0,False,nan,3971400.0
In,2018-09-12 06:16:00,32.0,False,nan,3971400.0
In,2018-09-12 06:16:00,33.0,False,nan,3971400.0
In,2018-09-12 06:17:00,32.0,False,nan,3971460.0
In,2018-09-12 06:17:00,32.0,False,nan,3971460.0
In,2018-09-12 06:17:00,32.0,False,nan,3971460.0
In,2018-09-12 06:17:00,33.0,False,nan,3971460.0
In,2018-09-12 06:17:00,33.0,False,nan,3971460.0
In,2018-09-12 06:17:00,33.0,False,nan,3971460.0
In,2018-09-12 06:17:00,32.0,False,nan,3971460.0
In,2018-09-12 06:17:00,33.0,False,nan,3971460.0
In,2018-09-12 06:17:00,33.0,False,nan,3971460.0
In,2018-09-12 06:17:00,32.0,False,nan,3971460.0
In,2018-09-12 06:17:00,33.0,False,nan,3971460.0
In,2018-09-12 06:17:00,33.0,False,nan,3971460.0
In,2018-09-12 06:17:00,32.0,False,nan,3971460.0
In,2018-09-12 06:18:00,32.0,False,nan,3971520.0
In,2018-09-12 06:18:00,32.0,False,nan,3971520.0
In,2018-09-12 06:18:00,33.0,False,nan,3971520.0
In,2018-09-12 06:18:00,33.0,False,nan,3971520.0
In,2018-09-12 06:18:00,33.0,False,nan,3971520.0
In,2018-09-12 06:18:00,32.0,False,nan,3971520.0
In,2018-09-12 06:18:00,33.0,False,nan,3971520.0
In,2018-09-12 06:18:00,33.0,False,nan,3971520.0
In,2018-09-12 06:18:00,32.0,False,nan,3971520.0
In,2018-09-12 06:18:00,33.0,False,nan,3971520.0
In,2018-09-12 06:20:00,33.0,False,nan,3971640.0
In,2018-09-12 06:20:00,33.0,False,nan,3971640.0
In,2018-09-12 06:20:00,33.0,False,nan,3971640.0
In,2018-09-12 06:21:00,33.0,False,nan,3971700.0
In,2018-09-12 06:22:00,33.0,False,nan,3971760.0
In,2018-09-12 06:23:00,33.0,False,nan,3971820.0
In,2018-09-12 06:23:00,33.0,False,nan,3971820.0
In,2018-09-12 06:23:00,33.0,False,nan,3971820.0
In,2018-09-12 06:23:00,33.0,False,nan,3971820.0
In,2018-09-12 06:24:00,33.0,False,nan,3971880.0
In,2018-09-12 06:24:00,33.0,False,nan,3971880.0
In,2018-09-12 06:24:00,33.0,False,nan,3971880.0
In,2018-09-12 06:25:00,33.0,False,nan,3971940.0
In,2018-09-12 06:25:00,33.0,False,nan,3971940.0
In,2018-09-12 06:25:00,33.0,False,nan,3971940.0
In,2018-09-12 06:25:00,33.0,False,nan,3971940.0
In,2018-09-12 06:26:00,33.0,False,nan,3972000.0
In,2018-09-12 06:28:00,33.0,False,nan,3972120.0
In,2018-09-12 06:29:00,33.0,False,nan,3972180.0
In,2018-09-12 06:29:00,33.0,False,nan,3972180.0
In,2018-09-12 06:29:00,33.0,False,nan,3972180.0
In,2018-09-12 06:29:00,33.0,False,nan,3972180.0
In,2018-09-12 06:30:00,33.0,False,nan,3972240.0
In,2018-09-12 06:30:00,33.0,False,nan,3972240.0
In,2018-09-12 06:30:00,33.0,False,nan,3972240.0
In,2018-09-12 06:32:00,33.0,False,nan,3972360.0
In,2018-09-12 06:33:00,33.0,False,nan,3972420.0
In,2018-09-12 06:33:00,33.0,False,nan,3972420.0
In,2018-09-12 06:33:00,33.0,False,nan,3972420.0
In,2018-09-12 06:33:00,34.0,False,nan,3972420.0
In,2018-09-12 06:33:00,33.0,False,nan,3972420.0
In,2018-09-12 06:33:00,33.0,False,nan,3972420.0
In,2018-09-12 06:36:00,33.0,False,nan,3972600.0
In,2018-09-12 06:36:00,33.0,False,nan,3972600.0
In,2018-09-12 06:36:00,33.0,False,nan,3972600.0
In,2018-09-12 06:37:00,33.0,False,nan,3972660.0
In,2018-09-12 06:37:00,32.0,False,nan,3972660.0
In,2018-09-12 06:37:00,33.0,False,nan,3972660.0
In,2018-09-12 06:38:00,32.0,False,nan,3972720.0
In,2018-09-12 06:38:00,33.0,False,nan,3972720.0
In,2018-09-12 06:39:00,33.0,False,nan,3972780.0
In,2018-09-12 06:39:00,32.0,False,nan,3972780.0
In,2018-09-12 06:39:00,33.0,False,nan,3972780.0
In,2018-09-12 06:40:00,33.0,False,nan,3972840.0
In,2018-09-12 06:40:00,33.0,False,nan,3972840.0
In,2018-09-12 06:40:00,32.0,False,nan,3972840.0
In,2018-09-12 06:40:00,33.0,False,nan,3972840.0
In,2018-09-12 06:40:00,33.0,False,nan,3972840.0
In,2018-09-12 06:40:00,33.0,False,nan,3972840.0
In,2018-09-12 06:40:00,32.0,False,nan,3972840.0
In,2018-09-12 06:40:00,33.0,False,nan,3972840.0
In,2018-09-12 06:40:00,32.0,False,nan,3972840.0
In,2018-09-12 06:40:00,33.0,False,nan,3972840.0
In,2018-09-12 06:40:00,33.0,False,nan,3972840.0
In,2018-09-12 06:40:00,33.0,False,nan,3972840.0
In,2018-09-12 06:40:00,33.0,False,nan,3972840.0
In,2018-09-12 06:40:00,33.0,False,nan,3972840.0
In,2018-09-12 06:41:00,32.0,False,nan,3972900.0
In,2018-09-12 06:41:00,33.0,False,nan,3972900.0
In,2018-09-12 06:41:00,32.0,False,nan,3972900.0
In,2018-09-12 06:41:00,33.0,False,nan,3972900.0
In,2018-09-12 06:41:00,32.0,False,nan,3972900.0
In,2018-09-12 06:41:00,32.0,False,nan,3972900.0
In,2018-09-12 06:41:00,33.0,False,nan,3972900.0
In,2018-09-12 06:41:00,32.0,False,nan,3972900.0
In,2018-09-12 06:41:00,33.0,False,nan,3972900.0
In,2018-09-12 06:41:00,33.0,False,nan,3972900.0
In,2018-09-12 06:41:00,33.0,False,nan,3972900.0
In,2018-09-12 06:41:00,32.0,False,nan,3972900.0
In,2018-09-12 06:41:00,33.0,False,nan,3972900.0
In,2018-09-12 06:41:00,33.0,False,nan,3972900.0
In,2018-09-12 06:41:00,33.0,False,nan,3972900.0
In,2018-09-12 06:41:00,32.0,False,nan,3972900.0
In,2018-09-12 06:41:00,32.0,False,nan,3972900.0
In,2018-09-12 06:41:00,32.0,False,nan,3972900.0
In,2018-09-12 06:41:00,33.0,False,nan,3972900.0
In,2018-09-12 06:42:00,33.0,False,nan,3972960.0
In,2018-09-12 06:42:00,32.0,False,nan,3972960.0
In,2018-09-12 06:42:00,33.0,False,nan,3972960.0
In,2018-09-12 06:42:00,33.0,False,nan,3972960.0
In,2018-09-12 06:42:00,32.0,False,nan,3972960.0
In,2018-09-12 06:42:00,32.0,False,nan,3972960.0
In,2018-09-12 06:42:00,32.0,False,nan,3972960.0
In,2018-09-12 06:42:00,32.0,False,nan,3972960.0
In,2018-09-12 06:43:00,33.0,False,nan,3973020.0
In,2018-09-12 06:43:00,32.0,False,nan,3973020.0
In,2018-09-12 06:43:00,32.0,False,nan,3973020.0
In,2018-09-12 06:43:00,33.0,False,nan,3973020.0
In,2018-09-12 06:43:00,32.0,False,nan,3973020.0
In,2018-09-12 06:43:00,33.0,False,nan,3973020.0
In,2018-09-12 06:44:00,33.0,False,nan,3973080.0
In,2018-09-12 06:44:00,32.0,False,nan,3973080.0
In,2018-09-12 06:45:00,32.0,False,nan,3973140.0
In,2018-09-12 06:45:00,33.0,False,nan,3973140.0
In,2018-09-12 06:45:00,32.0,False,nan,3973140.0
In,2018-09-12 06:45:00,33.0,False,nan,3973140.0
In,2018-09-12 06:45:00,33.0,False,nan,3973140.0
In,2018-09-12 06:46:00,32.0,False,nan,3973200.0
In,2018-09-12 06:46:00,33.0,False,nan,3973200.0
In,2018-09-12 06:46:00,32.0,False,nan,3973200.0
In,2018-09-12 06:46:00,33.0,False,nan,3973200.0
In,2018-09-12 06:46:00,32.0,False,nan,3973200.0
In,2018-09-12 06:46:00,33.0,False,nan,3973200.0
In,2018-09-12 06:46:00,33.0,False,nan,3973200.0
In,2018-09-12 06:46:00,32.0,False,nan,3973200.0
In,2018-09-12 06:47:00,33.0,False,nan,3973260.0
In,2018-09-12 06:47:00,33.0,False,nan,3973260.0
In,2018-09-12 06:47:00,33.0,False,nan,3973260.0
In,2018-09-12 06:48:00,33.0,False,nan,3973320.0
In,2018-09-12 06:48:00,33.0,False,nan,3973320.0
In,2018-09-12 06:48:00,33.0,False,nan,3973320.0
In,2018-09-12 06:48:00,33.0,False,nan,3973320.0
In,2018-09-12 06:48:00,32.0,False,nan,3973320.0
In,2018-09-12 06:49:00,33.0,False,nan,3973380.0
In,2018-09-12 06:49:00,33.0,False,nan,3973380.0
In,2018-09-12 06:49:00,33.0,False,nan,3973380.0
In,2018-09-12 06:49:00,32.0,False,nan,3973380.0
In,2018-09-12 06:49:00,33.0,False,nan,3973380.0
In,2018-09-12 06:49:00,32.0,False,nan,3973380.0
In,2018-09-12 06:49:00,33.0,False,nan,3973380.0
In,2018-09-12 06:50:00,33.0,False,nan,3973440.0
In,2018-09-12 06:50:00,33.0,False,nan,3973440.0
In,2018-09-12 06:51:00,33.0,False,nan,3973500.0
In,2018-09-12 06:51:00,33.0,False,nan,3973500.0
In,2018-09-12 06:51:00,33.0,False,nan,3973500.0
In,2018-09-12 06:52:00,33.0,False,nan,3973560.0
In,2018-09-12 06:52:00,33.0,False,nan,3973560.0
In,2018-09-12 06:52:00,33.0,False,nan,3973560.0
In,2018-09-12 06:53:00,33.0,False,nan,3973620.0
In,2018-09-12 06:53:00,33.0,False,nan,3973620.0
In,2018-09-12 06:53:00,33.0,False,nan,3973620.0
In,2018-09-12 06:53:00,33.0,False,nan,3973620.0
In,2018-09-12 06:54:00,33.0,False,nan,3973680.0
In,2018-09-12 06:54:00,33.0,False,nan,3973680.0
In,2018-09-12 06:54:00,33.0,False,nan,3973680.0
In,2018-09-12 06:54:00,33.0,False,nan,3973680.0
In,2018-09-12 06:54:00,33.0,False,nan,3973680.0
In,2018-09-12 06:54:00,33.0,False,nan,3973680.0
In,2018-09-12 06:54:00,33.0,False,nan,3973680.0
In,2018-09-12 06:56:00,33.0,False,nan,3973800.0
In,2018-09-12 06:56:00,32.0,False,nan,3973800.0
In,2018-09-12 06:56:00,33.0,False,nan,3973800.0
In,2018-09-12 06:58:00,33.0,False,nan,3973920.0
In,2018-09-12 06:59:00,33.0,False,nan,3973980.0
In,2018-09-12 07:00:00,33.0,False,nan,3974040.0
In,2018-09-12 07:00:00,33.0,False,nan,3974040.0
In,2018-09-12 07:00:00,33.0,False,nan,3974040.0
In,2018-09-12 07:00:00,33.0,False,nan,3974040.0
In,2018-09-12 07:01:00,33.0,False,nan,3974100.0
In,2018-09-12 07:01:00,33.0,False,nan,3974100.0
In,2018-09-12 07:01:00,33.0,False,nan,3974100.0
In,2018-09-12 07:01:00,33.0,False,nan,3974100.0
In,2018-09-12 07:02:00,32.0,False,nan,3974160.0
In,2018-09-12 07:02:00,33.0,False,nan,3974160.0
In,2018-09-12 07:02:00,32.0,False,nan,3974160.0
In,2018-09-12 07:02:00,33.0,False,nan,3974160.0
In,2018-09-12 07:03:00,33.0,False,nan,3974220.0
In,2018-09-12 07:03:00,33.0,False,nan,3974220.0
In,2018-09-12 07:04:00,33.0,False,nan,3974280.0
In,2018-09-12 07:04:00,32.0,False,nan,3974280.0
In,2018-09-12 07:07:00,33.0,False,nan,3974460.0
In,2018-09-12 07:07:00,33.0,False,nan,3974460.0
In,2018-09-12 07:07:00,33.0,False,nan,3974460.0
In,2018-09-12 07:07:00,33.0,False,nan,3974460.0
In,2018-09-12 07:07:00,33.0,False,nan,3974460.0
In,2018-09-12 07:08:00,33.0,False,nan,3974520.0
In,2018-09-12 07:10:00,33.0,False,nan,3974640.0
In,2018-09-12 07:10:00,33.0,False,nan,3974640.0
In,2018-09-12 07:10:00,33.0,False,nan,3974640.0
In,2018-09-12 07:10:00,33.0,False,nan,3974640.0
In,2018-09-12 07:11:00,33.0,False,nan,3974700.0
In,2018-09-12 07:11:00,33.0,False,nan,3974700.0
In,2018-09-12 07:12:00,33.0,False,nan,3974760.0
In,2018-09-12 07:12:00,33.0,False,nan,3974760.0
In,2018-09-12 07:12:00,33.0,False,nan,3974760.0
In,2018-09-12 07:15:00,33.0,False,nan,3974940.0
In,2018-09-12 07:15:00,33.0,False,nan,3974940.0
In,2018-09-12 07:15:00,34.0,False,nan,3974940.0
In,2018-09-12 07:16:00,33.0,False,nan,3975000.0
In,2018-09-12 07:17:00,33.0,False,nan,3975060.0
In,2018-09-12 07:17:00,33.0,False,nan,3975060.0
In,2018-09-12 07:17:00,33.0,False,nan,3975060.0
In,2018-09-12 07:18:00,33.0,False,nan,3975120.0
In,2018-09-12 07:18:00,34.0,False,nan,3975120.0
In,2018-09-12 07:18:00,33.0,False,nan,3975120.0
In,2018-09-12 07:19:00,33.0,False,nan,3975180.0
In,2018-09-12 07:19:00,34.0,False,nan,3975180.0
In,2018-09-12 07:20:00,34.0,False,nan,3975240.0
In,2018-09-12 07:20:00,33.0,False,nan,3975240.0
In,2018-09-12 07:20:00,33.0,False,nan,3975240.0
In,2018-09-12 07:20:00,33.0,False,nan,3975240.0
In,2018-09-12 07:21:00,34.0,False,nan,3975300.0
In,2018-09-12 07:21:00,33.0,False,nan,3975300.0
In,2018-09-12 07:21:00,34.0,False,nan,3975300.0
In,2018-09-12 07:22:00,33.0,False,nan,3975360.0
In,2018-09-12 07:22:00,33.0,False,nan,3975360.0
In,2018-09-12 07:22:00,34.0,False,nan,3975360.0
In,2018-09-12 07:22:00,33.0,False,nan,3975360.0
In,2018-09-12 07:22:00,34.0,False,nan,3975360.0
In,2018-09-12 07:22:00,34.0,False,nan,3975360.0
In,2018-09-12 07:22:00,33.0,False,nan,3975360.0
In,2018-09-12 07:22:00,34.0,False,nan,3975360.0
In,2018-09-12 07:22:00,33.0,False,nan,3975360.0
In,2018-09-12 07:22:00,33.0,False,nan,3975360.0
In,2018-09-12 07:22:00,34.0,False,nan,3975360.0
In,2018-09-12 07:22:00,34.0,False,nan,3975360.0
In,2018-09-12 07:22:00,34.0,False,nan,3975360.0
In,2018-09-12 07:23:00,34.0,False,nan,3975420.0
In,2018-09-12 07:23:00,33.0,False,nan,3975420.0
In,2018-09-12 07:23:00,34.0,False,nan,3975420.0
In,2018-09-12 07:23:00,34.0,False,nan,3975420.0
In,2018-09-12 07:23:00,34.0,False,nan,3975420.0
In,2018-09-12 07:23:00,33.0,False,nan,3975420.0
In,2018-09-12 07:23:00,34.0,False,nan,3975420.0
In,2018-09-12 07:23:00,34.0,False,nan,3975420.0
In,2018-09-12 07:23:00,33.0,False,nan,3975420.0
In,2018-09-12 07:23:00,34.0,False,nan,3975420.0
In,2018-09-12 07:23:00,34.0,False,nan,3975420.0
In,2018-09-12 07:23:00,34.0,False,nan,3975420.0
In,2018-09-12 07:23:00,34.0,False,nan,3975420.0
In,2018-09-12 07:23:00,34.0,False,nan,3975420.0
In,2018-09-12 07:23:00,34.0,False,nan,3975420.0
In,2018-09-12 07:24:00,34.0,False,nan,3975480.0
In,2018-09-12 07:24:00,34.0,False,nan,3975480.0
In,2018-09-12 07:24:00,34.0,False,nan,3975480.0
In,2018-09-12 07:24:00,33.0,False,nan,3975480.0
In,2018-09-12 07:24:00,34.0,False,nan,3975480.0
In,2018-09-12 07:24:00,34.0,False,nan,3975480.0
In,2018-09-12 07:24:00,34.0,False,nan,3975480.0
In,2018-09-12 07:24:00,34.0,False,nan,3975480.0
In,2018-09-12 07:24:00,34.0,False,nan,3975480.0
In,2018-09-12 07:24:00,33.0,False,nan,3975480.0
In,2018-09-12 07:25:00,34.0,False,nan,3975540.0
In,2018-09-12 07:25:00,34.0,False,nan,3975540.0
In,2018-09-12 07:26:00,33.0,False,nan,3975600.0
In,2018-09-12 07:26:00,33.0,False,nan,3975600.0
In,2018-09-12 07:26:00,34.0,False,nan,3975600.0
In,2018-09-12 07:26:00,33.0,False,nan,3975600.0
In,2018-09-12 07:26:00,34.0,False,nan,3975600.0
In,2018-09-12 07:26:00,34.0,False,nan,3975600.0
In,2018-09-12 07:27:00,34.0,False,nan,3975660.0
In,2018-09-12 07:27:00,33.0,False,nan,3975660.0
In,2018-09-12 07:27:00,33.0,False,nan,3975660.0
In,2018-09-12 07:27:00,34.0,False,nan,3975660.0
In,2018-09-12 07:27:00,33.0,False,nan,3975660.0
In,2018-09-12 07:27:00,33.0,False,nan,3975660.0
In,2018-09-12 07:27:00,34.0,False,nan,3975660.0
In,2018-09-12 07:27:00,33.0,False,nan,3975660.0
In,2018-09-12 07:27:00,33.0,False,nan,3975660.0
In,2018-09-12 07:27:00,33.0,False,nan,3975660.0
In,2018-09-12 07:27:00,34.0,False,nan,3975660.0
In,2018-09-12 07:27:00,33.0,False,nan,3975660.0
In,2018-09-12 07:27:00,34.0,False,nan,3975660.0
In,2018-09-12 07:27:00,33.0,False,nan,3975660.0
In,2018-09-12 07:27:00,34.0,False,nan,3975660.0
In,2018-09-12 07:28:00,33.0,False,nan,3975720.0
In,2018-09-12 07:28:00,33.0,False,nan,3975720.0
In,2018-09-12 07:28:00,33.0,False,nan,3975720.0
In,2018-09-12 07:28:00,33.0,False,nan,3975720.0
In,2018-09-12 07:29:00,33.0,False,nan,3975780.0
In,2018-09-12 07:29:00,33.0,False,nan,3975780.0
In,2018-09-12 07:29:00,33.0,False,nan,3975780.0
In,2018-09-12 07:29:00,33.0,False,nan,3975780.0
In,2018-09-12 07:29:00,33.0,False,nan,3975780.0
In,2018-09-12 07:29:00,33.0,False,nan,3975780.0
In,2018-09-12 07:29:00,33.0,False,nan,3975780.0
In,2018-09-12 07:33:00,33.0,False,nan,3976020.0
In,2018-09-12 07:33:00,33.0,False,nan,3976020.0
In,2018-09-12 07:33:00,33.0,False,nan,3976020.0
In,2018-09-12 07:36:00,33.0,False,nan,3976200.0
In,2018-09-12 07:36:00,34.0,False,nan,3976200.0
In,2018-09-12 07:37:00,33.0,False,nan,3976260.0
In,2018-09-12 07:37:00,33.0,False,nan,3976260.0
In,2018-09-12 07:38:00,33.0,False,nan,3976320.0
In,2018-09-12 07:40:00,33.0,False,nan,3976440.0
In,2018-09-12 07:41:00,33.0,False,nan,3976500.0
In,2018-09-12 07:41:00,33.0,False,nan,3976500.0
In,2018-09-12 07:41:00,33.0,False,nan,3976500.0
In,2018-09-12 07:42:00,33.0,False,nan,3976560.0
In,2018-09-12 07:44:00,33.0,False,nan,3976680.0
In,2018-09-12 07:44:00,33.0,False,nan,3976680.0
In,2018-09-12 07:44:00,33.0,False,nan,3976680.0
In,2018-09-12 07:44:00,33.0,False,nan,3976680.0
In,2018-09-12 07:44:00,33.0,False,nan,3976680.0
In,2018-09-12 07:44:00,33.0,False,nan,3976680.0
In,2018-09-12 07:44:00,33.0,False,nan,3976680.0
In,2018-09-12 07:45:00,33.0,False,nan,3976740.0
In,2018-09-12 07:45:00,33.0,False,nan,3976740.0
In,2018-09-12 07:45:00,33.0,False,nan,3976740.0
In,2018-09-12 07:45:00,32.0,False,nan,3976740.0
In,2018-09-12 07:45:00,33.0,False,nan,3976740.0
In,2018-09-12 07:45:00,33.0,False,nan,3976740.0
In,2018-09-12 07:46:00,33.0,False,nan,3976800.0
In,2018-09-12 07:46:00,33.0,False,nan,3976800.0
In,2018-09-12 07:46:00,33.0,False,nan,3976800.0
In,2018-09-12 07:46:00,33.0,False,nan,3976800.0
In,2018-09-12 07:46:00,33.0,False,nan,3976800.0
In,2018-09-12 07:46:00,33.0,False,nan,3976800.0
In,2018-09-12 07:46:00,33.0,False,nan,3976800.0
In,2018-09-12 07:46:00,33.0,False,nan,3976800.0
In,2018-09-12 07:46:00,33.0,False,nan,3976800.0
In,2018-09-12 07:48:00,33.0,False,nan,3976920.0
In,2018-09-12 07:48:00,33.0,False,nan,3976920.0
In,2018-09-12 07:48:00,33.0,False,nan,3976920.0
In,2018-09-12 07:48:00,33.0,False,nan,3976920.0
In,2018-09-12 07:49:00,33.0,False,nan,3976980.0
In,2018-09-12 07:49:00,33.0,False,nan,3976980.0
In,2018-09-12 07:49:00,33.0,False,nan,3976980.0
In,2018-09-12 07:49:00,33.0,False,nan,3976980.0
In,2018-09-12 07:49:00,33.0,False,nan,3976980.0
In,2018-09-12 07:49:00,32.0,False,nan,3976980.0
In,2018-09-12 07:49:00,33.0,False,nan,3976980.0
In,2018-09-12 07:49:00,33.0,False,nan,3976980.0
In,2018-09-12 07:49:00,33.0,False,nan,3976980.0
In,2018-09-12 07:49:00,33.0,False,nan,3976980.0
In,2018-09-12 07:49:00,33.0,False,nan,3976980.0
In,2018-09-12 07:53:00,33.0,False,nan,3977220.0
In,2018-09-12 07:53:00,33.0,False,nan,3977220.0
In,2018-09-12 07:53:00,33.0,False,nan,3977220.0
In,2018-09-12 07:53:00,33.0,False,nan,3977220.0
In,2018-09-12 07:53:00,33.0,False,nan,3977220.0
In,2018-09-12 07:56:00,33.0,False,nan,3977400.0
In,2018-09-12 07:56:00,32.0,False,nan,3977400.0
In,2018-09-12 07:58:00,33.0,False,nan,3977520.0
In,2018-09-12 07:58:00,34.0,False,nan,3977520.0
In,2018-09-12 08:04:00,33.0,False,nan,3977880.0
In,2018-09-12 08:05:00,33.0,False,nan,3977940.0
In,2018-09-12 08:05:00,33.0,False,nan,3977940.0
In,2018-09-12 08:05:00,33.0,False,nan,3977940.0
In,2018-09-12 08:05:00,33.0,False,nan,3977940.0
In,2018-09-12 08:05:00,33.0,False,nan,3977940.0
In,2018-09-12 08:05:00,33.0,False,nan,3977940.0
In,2018-09-12 08:10:00,33.0,False,nan,3978240.0
In,2018-09-12 08:10:00,34.0,False,nan,3978240.0
In,2018-09-12 08:12:00,33.0,False,nan,3978360.0
In,2018-09-12 08:12:00,33.0,False,nan,3978360.0
In,2018-09-12 08:12:00,33.0,False,nan,3978360.0
In,2018-09-12 08:12:00,33.0,False,nan,3978360.0
In,2018-09-12 08:12:00,33.0,False,nan,3978360.0
In,2018-09-12 08:12:00,34.0,False,nan,3978360.0
In,2018-09-12 08:13:00,33.0,False,nan,3978420.0
In,2018-09-12 08:13:00,33.0,False,nan,3978420.0
In,2018-09-12 08:13:00,33.0,False,nan,3978420.0
In,2018-09-12 08:13:00,33.0,False,nan,3978420.0
In,2018-09-12 08:14:00,33.0,False,nan,3978480.0
In,2018-09-12 08:14:00,33.0,False,nan,3978480.0
In,2018-09-12 08:14:00,33.0,False,nan,3978480.0
In,2018-09-12 08:14:00,33.0,False,nan,3978480.0
In,2018-09-12 08:15:00,33.0,False,nan,3978540.0
In,2018-09-12 08:15:00,34.0,False,nan,3978540.0
In,2018-09-12 08:15:00,33.0,False,nan,3978540.0
In,2018-09-12 08:15:00,33.0,False,nan,3978540.0
In,2018-09-12 08:15:00,33.0,False,nan,3978540.0
In,2018-09-12 08:15:00,33.0,False,nan,3978540.0
In,2018-09-12 08:15:00,33.0,False,nan,3978540.0
In,2018-09-12 08:15:00,33.0,False,nan,3978540.0
In,2018-09-12 08:15:00,33.0,False,nan,3978540.0
In,2018-09-12 08:15:00,33.0,False,nan,3978540.0
In,2018-09-12 08:15:00,33.0,False,nan,3978540.0
In,2018-09-12 08:16:00,33.0,False,nan,3978600.0
In,2018-09-12 08:16:00,33.0,False,nan,3978600.0
In,2018-09-12 08:16:00,33.0,False,nan,3978600.0
In,2018-09-12 08:16:00,33.0,False,nan,3978600.0
In,2018-09-12 08:16:00,33.0,False,nan,3978600.0
In,2018-09-12 08:16:00,33.0,False,nan,3978600.0
In,2018-09-12 08:21:00,33.0,False,nan,3978900.0
In,2018-09-12 08:21:00,33.0,False,nan,3978900.0
In,2018-09-12 08:21:00,33.0,False,nan,3978900.0
In,2018-09-12 08:23:00,33.0,False,nan,3979020.0
In,2018-09-12 08:23:00,33.0,False,nan,3979020.0
In,2018-09-12 08:23:00,33.0,False,nan,3979020.0
In,2018-09-12 08:23:00,34.0,False,nan,3979020.0
In,2018-09-12 08:23:00,33.0,False,nan,3979020.0
In,2018-09-12 08:23:00,33.0,False,nan,3979020.0
In,2018-09-12 08:23:00,33.0,False,nan,3979020.0
In,2018-09-12 08:23:00,33.0,False,nan,3979020.0
In,2018-09-12 08:23:00,33.0,False,nan,3979020.0
In,2018-09-12 08:23:00,33.0,False,nan,3979020.0
In,2018-09-12 08:24:00,33.0,False,nan,3979080.0
In,2018-09-12 08:24:00,33.0,False,nan,3979080.0
In,2018-09-12 08:24:00,33.0,False,nan,3979080.0
In,2018-09-12 08:25:00,33.0,False,nan,3979140.0
In,2018-09-12 08:25:00,33.0,False,nan,3979140.0
In,2018-09-12 08:25:00,33.0,False,nan,3979140.0
In,2018-09-12 08:26:00,33.0,False,nan,3979200.0
In,2018-09-12 08:26:00,33.0,False,nan,3979200.0
In,2018-09-12 08:26:00,33.0,False,nan,3979200.0
In,2018-09-12 08:26:00,33.0,False,nan,3979200.0
In,2018-09-12 08:26:00,33.0,False,nan,3979200.0
In,2018-09-12 08:27:00,32.0,False,nan,3979260.0
In,2018-09-12 08:27:00,33.0,False,nan,3979260.0
In,2018-09-12 08:35:00,32.0,False,nan,3979740.0
In,2018-09-12 08:35:00,33.0,False,nan,3979740.0
In,2018-09-12 08:35:00,33.0,False,nan,3979740.0
In,2018-09-12 08:37:00,33.0,False,nan,3979860.0
In,2018-09-12 08:37:00,33.0,False,nan,3979860.0
In,2018-09-12 08:38:00,33.0,False,nan,3979920.0
In,2018-09-12 08:38:00,33.0,False,nan,3979920.0
In,2018-09-12 08:38:00,32.0,False,nan,3979920.0
In,2018-09-12 08:38:00,33.0,False,nan,3979920.0
In,2018-09-12 08:39:00,32.0,False,nan,3979980.0
In,2018-09-12 08:39:00,33.0,False,nan,3979980.0
In,2018-09-12 08:39:00,33.0,False,nan,3979980.0
In,2018-09-12 08:39:00,33.0,False,nan,3979980.0
In,2018-09-12 08:39:00,33.0,False,nan,3979980.0
In,2018-09-12 08:39:00,33.0,False,nan,3979980.0
In,2018-09-12 08:39:00,33.0,False,nan,3979980.0
In,2018-09-12 08:40:00,33.0,False,nan,3980040.0
In,2018-09-12 08:40:00,33.0,False,nan,3980040.0
In,2018-09-12 08:40:00,33.0,False,nan,3980040.0
In,2018-09-12 08:40:00,33.0,False,nan,3980040.0
In,2018-09-12 08:40:00,33.0,False,nan,3980040.0
In,2018-09-12 08:40:00,33.0,False,nan,3980040.0
In,2018-09-12 08:42:00,33.0,False,nan,3980160.0
In,2018-09-12 08:42:00,33.0,False,nan,3980160.0
In,2018-09-12 08:43:00,33.0,False,nan,3980220.0
In,2018-09-12 08:43:00,33.0,False,nan,3980220.0
In,2018-09-12 08:45:00,33.0,False,nan,3980340.0
In,2018-09-12 08:49:00,33.0,False,nan,3980580.0
In,2018-09-12 08:49:00,33.0,False,nan,3980580.0
In,2018-09-12 08:51:00,33.0,False,nan,3980700.0
In,2018-09-12 08:52:00,33.0,False,nan,3980760.0
In,2018-09-12 08:52:00,33.0,False,nan,3980760.0
In,2018-09-12 08:52:00,33.0,False,nan,3980760.0
In,2018-09-12 08:52:00,33.0,False,nan,3980760.0
In,2018-09-12 08:52:00,33.0,False,nan,3980760.0
In,2018-09-12 08:52:00,33.0,False,nan,3980760.0
In,2018-09-12 08:52:00,33.0,False,nan,3980760.0
In,2018-09-12 08:52:00,33.0,False,nan,3980760.0
In,2018-09-12 08:52:00,33.0,False,nan,3980760.0
In,2018-09-12 08:53:00,33.0,False,nan,3980820.0
In,2018-09-12 08:53:00,33.0,False,nan,3980820.0
In,2018-09-12 08:53:00,33.0,False,nan,3980820.0
In,2018-09-12 08:53:00,33.0,False,nan,3980820.0
In,2018-09-12 08:53:00,33.0,False,nan,3980820.0
In,2018-09-12 08:53:00,33.0,False,nan,3980820.0
In,2018-09-12 08:54:00,33.0,False,nan,3980880.0
In,2018-09-12 08:54:00,34.0,False,nan,3980880.0
In,2018-09-12 08:56:00,33.0,False,nan,3981000.0
In,2018-09-12 08:58:00,33.0,False,nan,3981120.0
In,2018-09-12 09:00:00,33.0,False,nan,3981240.0
In,2018-09-12 09:00:00,33.0,False,nan,3981240.0
In,2018-09-12 09:00:00,33.0,False,nan,3981240.0
In,2018-09-12 09:01:00,33.0,False,nan,3981300.0
In,2018-09-12 09:02:00,33.0,False,nan,3981360.0
In,2018-09-12 09:02:00,33.0,False,nan,3981360.0
In,2018-09-12 09:02:00,33.0,False,nan,3981360.0
In,2018-09-12 09:03:00,33.0,False,nan,3981420.0
In,2018-09-12 09:05:00,33.0,False,nan,3981540.0
In,2018-09-12 09:06:00,33.0,False,nan,3981600.0
In,2018-09-12 09:06:00,33.0,False,nan,3981600.0
In,2018-09-12 09:06:00,33.0,False,nan,3981600.0
In,2018-09-12 09:06:00,33.0,False,nan,3981600.0
In,2018-09-12 09:06:00,33.0,False,nan,3981600.0
In,2018-09-12 09:06:00,33.0,False,nan,3981600.0
In,2018-09-12 09:06:00,33.0,False,nan,3981600.0
In,2018-09-12 09:06:00,34.0,False,nan,3981600.0
In,2018-09-12 09:08:00,33.0,False,nan,3981720.0
In,2018-09-12 09:08:00,33.0,False,nan,3981720.0
In,2018-09-12 09:08:00,33.0,False,nan,3981720.0
In,2018-09-12 09:08:00,33.0,False,nan,3981720.0
In,2018-09-12 09:08:00,33.0,False,nan,3981720.0
In,2018-09-12 09:09:00,33.0,False,nan,3981780.0
In,2018-09-12 09:11:00,33.0,False,nan,3981900.0
In,2018-09-12 09:11:00,33.0,False,nan,3981900.0
In,2018-09-12 09:11:00,34.0,False,nan,3981900.0
In,2018-09-12 09:11:00,34.0,False,nan,3981900.0
In,2018-09-12 09:11:00,33.0,False,nan,3981900.0
In,2018-09-12 09:11:00,33.0,False,nan,3981900.0
In,2018-09-12 09:11:00,34.0,False,nan,3981900.0
In,2018-09-12 09:12:00,34.0,False,nan,3981960.0
In,2018-09-12 09:12:00,33.0,False,nan,3981960.0
In,2018-09-12 09:12:00,34.0,False,nan,3981960.0
In,2018-09-12 09:12:00,34.0,False,nan,3981960.0
In,2018-09-12 09:12:00,33.0,False,nan,3981960.0
In,2018-09-12 09:12:00,33.0,False,nan,3981960.0
In,2018-09-12 09:12:00,33.0,False,nan,3981960.0
In,2018-09-12 09:13:00,34.0,False,nan,3982020.0
In,2018-09-12 09:13:00,33.0,False,nan,3982020.0
In,2018-09-12 09:13:00,33.0,False,nan,3982020.0
In,2018-09-12 09:13:00,34.0,False,nan,3982020.0
In,2018-09-12 09:13:00,33.0,False,nan,3982020.0
In,2018-09-12 09:13:00,33.0,False,nan,3982020.0
In,2018-09-12 09:13:00,34.0,False,nan,3982020.0
In,2018-09-12 09:13:00,33.0,False,nan,3982020.0
In,2018-09-12 09:13:00,34.0,False,nan,3982020.0
In,2018-09-12 09:13:00,33.0,False,nan,3982020.0
In,2018-09-12 09:14:00,34.0,False,nan,3982080.0
In,2018-09-12 09:14:00,34.0,False,nan,3982080.0
In,2018-09-12 09:14:00,34.0,False,nan,3982080.0
In,2018-09-12 09:15:00,34.0,False,nan,3982140.0
In,2018-09-12 09:16:00,34.0,False,nan,3982200.0
In,2018-09-12 09:17:00,34.0,False,nan,3982260.0
In,2018-09-12 09:20:00,33.0,False,nan,3982440.0
In,2018-09-12 09:20:00,34.0,False,nan,3982440.0
In,2018-09-12 09:21:00,34.0,False,nan,3982500.0
In,2018-09-12 09:21:00,34.0,False,nan,3982500.0
In,2018-09-12 09:21:00,34.0,False,nan,3982500.0
In,2018-09-12 09:23:00,34.0,False,nan,3982620.0
In,2018-09-12 09:23:00,34.0,False,nan,3982620.0
In,2018-09-12 09:23:00,34.0,False,nan,3982620.0
In,2018-09-12 09:23:00,34.0,False,nan,3982620.0
In,2018-09-12 09:24:00,34.0,False,nan,3982680.0
In,2018-09-12 09:24:00,34.0,False,nan,3982680.0
In,2018-09-12 09:24:00,34.0,False,nan,3982680.0
In,2018-09-12 09:24:00,34.0,False,nan,3982680.0
In,2018-09-12 09:24:00,34.0,False,nan,3982680.0
In,2018-09-12 09:27:00,34.0,False,nan,3982860.0
In,2018-09-12 09:28:00,34.0,False,nan,3982920.0
In,2018-09-12 09:28:00,34.0,False,nan,3982920.0
In,2018-09-12 09:28:00,34.0,False,nan,3982920.0
In,2018-09-12 09:28:00,34.0,False,nan,3982920.0
In,2018-09-12 09:28:00,34.0,False,nan,3982920.0
In,2018-09-12 09:28:00,34.0,False,nan,3982920.0
In,2018-09-12 09:28:00,34.0,False,nan,3982920.0
In,2018-09-12 09:28:00,34.0,False,nan,3982920.0
In,2018-09-12 09:28:00,34.0,False,nan,3982920.0
In,2018-09-12 09:29:00,34.0,False,nan,3982980.0
In,2018-09-12 09:29:00,34.0,False,nan,3982980.0
In,2018-09-12 09:29:00,34.0,False,nan,3982980.0
In,2018-09-12 09:29:00,34.0,False,nan,3982980.0
In,2018-09-12 09:51:00,28.0,False,nan,3984300.0
In,2018-09-12 09:51:00,28.0,False,nan,3984300.0
In,2018-09-12 09:53:00,28.0,False,nan,3984420.0
In,2018-09-12 09:59:00,28.0,False,nan,3984780.0
In,2018-09-12 10:01:00,29.0,False,nan,3984900.0
In,2018-09-12 10:03:00,30.0,False,nan,3985020.0
In,2018-09-12 10:05:00,31.0,False,nan,3985140.0
In,2018-09-12 10:07:00,32.0,False,nan,3985260.0
In,2018-09-12 10:11:00,32.0,False,nan,3985500.0
In,2018-09-12 10:13:00,32.0,False,nan,3985620.0
In,2018-09-12 10:15:00,33.0,False,nan,3985740.0
In,2018-09-12 10:23:00,33.0,False,nan,3986220.0
In,2018-09-12 10:25:00,33.0,False,nan,3986340.0
In,2018-09-12 10:29:00,33.0,False,nan,3986580.0
In,2018-09-12 10:33:00,33.0,False,nan,3986820.0
In,2018-09-12 10:53:00,33.0,False,nan,3988020.0
In,2018-09-12 10:55:00,33.0,False,nan,3988140.0
In,2018-09-12 10:57:00,33.0,False,nan,3988260.0
In,2018-09-12 11:01:00,33.0,False,nan,3988500.0
In,2018-09-12 11:09:00,33.0,False,nan,3988980.0
In,2018-09-12 11:11:00,33.0,False,nan,3989100.0
In,2018-09-12 11:13:00,33.0,False,nan,3989220.0
In,2018-09-12 11:15:00,33.0,False,nan,3989340.0
In,2018-09-12 11:19:00,32.0,False,nan,3989580.0
In,2018-09-12 11:21:00,32.0,False,nan,3989700.0
In,2018-09-12 11:23:00,33.0,False,nan,3989820.0
In,2018-09-12 11:25:00,32.0,False,nan,3989940.0
In,2018-09-12 11:27:00,33.0,False,nan,3990060.0
In,2018-09-12 11:29:00,32.0,False,nan,3990180.0
In,2018-09-12 11:31:00,33.0,False,nan,3990300.0
In,2018-09-12 11:33:00,33.0,False,nan,3990420.0
In,2018-09-12 11:35:00,32.0,False,nan,3990540.0
In,2018-09-12 11:37:00,33.0,False,nan,3990660.0
In,2018-09-12 11:43:00,33.0,False,nan,3991020.0
In,2018-09-12 11:49:00,33.0,False,nan,3991380.0
In,2018-09-12 11:51:00,33.0,False,nan,3991500.0
In,2018-09-12 11:55:00,32.0,False,nan,3991740.0
In,2018-09-12 11:57:00,33.0,False,nan,3991860.0
In,2018-09-12 12:01:00,32.0,False,nan,3992100.0
In,2018-09-12 12:05:00,33.0,False,nan,3992340.0
In,2018-09-12 12:07:00,32.0,False,nan,3992460.0
In,2018-09-12 12:09:00,33.0,False,nan,3992580.0
In,2018-09-12 12:11:00,32.0,False,nan,3992700.0
In,2018-09-12 12:29:00,32.0,False,nan,3993780.0
In,2018-09-12 12:33:00,32.0,False,nan,3994020.0
In,2018-09-12 12:35:00,32.0,False,nan,3994140.0
In,2018-09-12 12:39:00,32.0,False,nan,3994380.0
In,2018-09-12 12:43:00,32.0,False,nan,3994620.0
In,2018-09-12 12:47:00,32.0,False,nan,3994860.0
In,2018-09-12 12:55:00,33.0,False,nan,3995340.0
In,2018-09-12 12:57:00,32.0,False,nan,3995460.0
In,2018-09-12 13:09:00,32.0,False,nan,3996180.0
In,2018-09-12 13:13:00,32.0,False,nan,3996420.0
In,2018-09-12 13:15:00,32.0,False,nan,3996540.0
In,2018-09-12 13:25:00,32.0,False,nan,3997140.0
In,2018-09-12 13:27:00,32.0,False,nan,3997260.0
In,2018-09-12 13:31:00,32.0,False,nan,3997500.0
In,2018-09-12 13:33:00,32.0,False,nan,3997620.0
In,2018-09-12 13:44:00,32.0,False,nan,3998280.0
In,2018-09-12 13:52:00,32.0,False,nan,3998760.0
In,2018-09-12 13:54:00,32.0,False,nan,3998880.0
In,2018-09-12 13:56:00,32.0,False,nan,3999000.0
In,2018-09-12 13:58:00,31.0,False,nan,3999120.0
In,2018-09-12 14:00:00,32.0,False,nan,3999240.0
In,2018-09-12 14:02:00,32.0,False,nan,3999360.0
In,2018-09-12 14:04:00,32.0,False,nan,3999480.0
In,2018-09-12 14:11:00,31.0,False,nan,3999900.0
In,2018-09-12 14:17:00,31.0,False,nan,4000260.0
In,2018-09-12 14:19:00,31.0,False,nan,4000380.0
In,2018-09-12 14:21:00,31.0,False,nan,4000500.0
In,2018-09-12 14:25:00,31.0,False,nan,4000740.0
In,2018-09-12 14:27:00,31.0,False,nan,4000860.0
In,2018-09-12 14:29:00,31.0,False,nan,4000980.0
In,2018-09-12 14:31:00,31.0,False,nan,4001100.0
In,2018-09-12 14:35:00,31.0,False,nan,4001340.0
In,2018-09-12 14:43:00,30.0,False,nan,4001820.0
In,2018-09-12 15:05:00,30.0,False,nan,4003140.0
In,2018-09-12 15:15:00,29.0,False,nan,4003740.0
In,2018-09-12 15:17:00,30.0,False,nan,4003860.0
In,2018-09-12 15:21:00,29.0,False,nan,4004100.0
In,2018-09-12 15:25:00,30.0,False,nan,4004340.0
In,2018-09-12 15:27:00,29.0,False,nan,4004460.0
In,2018-09-12 15:31:00,30.0,False,nan,4004700.0
In,2018-09-12 15:33:00,29.0,False,nan,4004820.0
In,2018-09-12 15:37:00,29.0,False,nan,4005060.0
In,2018-09-12 15:45:00,29.0,False,nan,4005540.0
In,2018-09-12 15:57:00,29.0,False,nan,4006260.0
In,2018-09-12 16:11:00,29.0,False,nan,4007100.0
In,2018-09-12 16:13:00,29.0,False,nan,4007220.0
In,2018-09-12 16:28:00,29.0,False,nan,4008120.0
In,2018-09-12 16:30:00,28.0,False,nan,4008240.0
In,2018-09-12 16:44:00,28.0,False,nan,4009080.0
In,2018-09-12 16:48:00,29.0,False,nan,4009320.0
In,2018-09-12 16:50:00,28.0,False,nan,4009440.0
In,2018-09-12 16:54:00,28.0,False,nan,4009680.0
In,2018-09-12 16:56:00,28.0,False,nan,4009800.0
In,2018-09-12 16:58:00,28.0,False,nan,4009920.0
In,2018-09-12 17:14:00,28.0,False,nan,4010880.0
In,2018-09-12 17:22:00,28.0,False,nan,4011360.0
In,2018-09-12 18:32:00,28.0,False,nan,4015560.0
In,2018-09-12 18:42:00,27.0,False,nan,4016160.0
In,2018-09-12 18:44:00,28.0,False,nan,4016280.0
In,2018-09-12 18:48:00,27.0,False,nan,4016520.0
In,2018-09-12 19:14:00,27.0,False,nan,4018080.0
In,2018-09-12 19:20:00,27.0,False,nan,4018440.0
In,2018-09-12 19:34:00,27.0,False,nan,4019280.0
In,2018-09-12 19:50:00,27.0,False,nan,4020240.0
In,2018-09-12 19:52:00,27.0,False,nan,4020360.0
In,2018-09-12 19:54:00,27.0,False,nan,4020480.0
In,2018-09-12 19:56:00,27.0,False,nan,4020600.0
In,2018-09-13 06:52:00,31.0,False,nan,4059960.0
In,2018-09-13 06:54:00,30.0,False,nan,4060080.0
In,2018-09-13 07:18:00,31.0,False,nan,4061520.0
In,2018-09-13 07:20:00,30.0,False,nan,4061640.0
In,2018-09-13 07:22:00,31.0,False,nan,4061760.0
In,2018-09-13 07:24:00,30.0,False,nan,4061880.0
In,2018-09-13 07:28:00,31.0,False,nan,4062120.0
In,2018-09-13 07:30:00,31.0,False,nan,4062240.0
In,2018-09-13 07:36:00,31.0,False,nan,4062600.0
In,2018-09-13 07:40:00,31.0,False,nan,4062840.0
In,2018-09-13 07:42:00,31.0,False,nan,4062960.0
In,2018-09-13 07:44:00,31.0,False,nan,4063080.0
In,2018-09-13 07:48:00,31.0,False,nan,4063320.0
In,2018-09-13 07:50:00,31.0,False,nan,4063440.0
In,2018-09-13 07:52:00,31.0,False,nan,4063560.0
In,2018-09-13 07:56:00,31.0,False,nan,4063800.0
In,2018-09-13 07:58:00,31.0,False,nan,4063920.0
In,2018-09-13 08:00:00,31.0,False,nan,4064040.0
In,2018-09-13 08:06:00,31.0,False,nan,4064400.0
In,2018-09-13 08:12:00,32.0,False,nan,4064760.0
In,2018-09-13 08:14:00,32.0,False,nan,4064880.0
In,2018-09-13 08:16:00,32.0,False,nan,4065000.0
In,2018-09-13 08:18:00,32.0,False,nan,4065120.0
In,2018-09-13 08:22:00,32.0,False,nan,4065360.0
In,2018-09-13 08:24:00,32.0,False,nan,4065480.0
In,2018-09-13 08:26:00,32.0,False,nan,4065600.0
In,2018-09-13 08:30:00,32.0,False,nan,4065840.0
In,2018-09-13 08:34:00,32.0,False,nan,4066080.0
In,2018-09-13 08:36:00,32.0,False,nan,4066200.0
In,2018-09-13 08:38:00,32.0,False,nan,4066320.0
In,2018-09-13 08:42:00,32.0,False,nan,4066560.0
In,2018-09-13 08:46:00,32.0,False,nan,4066800.0
In,2018-09-13 08:54:00,32.0,False,nan,4067280.0
In,2018-09-13 08:58:00,32.0,False,nan,4067520.0
In,2018-09-13 09:06:00,32.0,False,nan,4068000.0
In,2018-09-13 09:10:00,32.0,False,nan,4068240.0
In,2018-09-13 09:14:00,32.0,False,nan,4068480.0
In,2018-09-13 09:16:00,32.0,False,nan,4068600.0
In,2018-09-13 09:18:00,32.0,False,nan,4068720.0
In,2018-09-13 09:24:00,32.0,False,nan,4069080.0
In,2018-09-13 09:30:00,33.0,False,nan,4069440.0
In,2018-09-13 09:36:00,33.0,False,nan,4069800.0
In,2018-09-13 09:38:00,33.0,False,nan,4069920.0
In,2018-09-13 09:40:00,32.0,False,nan,4070040.0
In,2018-09-13 09:44:00,33.0,False,nan,4070280.0
In,2018-09-13 09:48:00,33.0,False,nan,4070520.0
In,2018-09-13 09:50:00,33.0,False,nan,4070640.0
In,2018-09-13 09:58:00,33.0,False,nan,4071120.0
In,2018-09-13 10:00:00,33.0,False,nan,4071240.0
In,2018-09-13 10:06:00,33.0,False,nan,4071600.0
In,2018-09-13 10:08:00,33.0,False,nan,4071720.0
In,2018-09-13 10:10:00,33.0,False,nan,4071840.0
In,2018-09-13 10:16:00,33.0,False,nan,4072200.0
In,2018-09-13 10:20:00,33.0,False,nan,4072440.0
In,2018-09-13 10:24:00,33.0,False,nan,4072680.0
In,2018-09-13 10:26:00,33.0,False,nan,4072800.0
In,2018-09-13 10:30:00,33.0,False,nan,4073040.0
In,2018-09-13 10:36:00,33.0,False,nan,4073400.0
In,2018-09-13 10:44:00,33.0,False,nan,4073880.0
In,2018-09-13 10:46:00,33.0,False,nan,4074000.0
In,2018-09-13 10:54:00,33.0,False,nan,4074480.0
In,2018-09-13 10:56:00,33.0,False,nan,4074600.0
In,2018-09-13 11:10:00,33.0,False,nan,4075440.0
In,2018-09-13 11:16:00,33.0,False,nan,4075800.0
In,2018-09-13 11:22:00,33.0,False,nan,4076160.0
In,2018-09-13 11:28:00,33.0,False,nan,4076520.0
In,2018-09-13 11:30:00,33.0,False,nan,4076640.0
In,2018-09-13 11:36:00,33.0,False,nan,4077000.0
In,2018-09-13 11:38:00,33.0,False,nan,4077120.0
In,2018-09-13 11:42:00,33.0,False,nan,4077360.0
In,2018-09-13 11:44:00,33.0,False,nan,4077480.0
In,2018-09-13 11:46:00,33.0,False,nan,4077600.0
In,2018-09-13 11:52:00,33.0,False,nan,4077960.0
In,2018-09-13 11:54:00,33.0,False,nan,4078080.0
In,2018-09-13 11:56:00,32.0,False,nan,4078200.0
In,2018-09-13 11:58:00,33.0,False,nan,4078320.0
In,2018-09-13 12:00:00,32.0,False,nan,4078440.0
In,2018-09-13 12:04:00,32.0,False,nan,4078680.0
In,2018-09-13 12:06:00,32.0,False,nan,4078800.0
In,2018-09-13 12:14:00,32.0,False,nan,4079280.0
In,2018-09-13 12:32:00,32.0,False,nan,4080360.0
In,2018-09-13 12:34:00,32.0,False,nan,4080480.0
In,2018-09-13 12:40:00,32.0,False,nan,4080840.0
In,2018-09-13 12:42:00,32.0,False,nan,4080960.0
In,2018-09-13 12:44:00,32.0,False,nan,4081080.0
In,2018-09-13 12:52:00,31.0,False,nan,4081560.0
In,2018-09-13 13:04:00,32.0,False,nan,4082280.0
In,2018-09-13 13:06:00,31.0,False,nan,4082400.0
In,2018-09-13 13:14:00,31.0,False,nan,4082880.0
In,2018-09-13 13:24:00,31.0,False,nan,4083480.0
In,2018-09-13 13:30:00,31.0,False,nan,4083840.0
In,2018-09-13 13:32:00,31.0,False,nan,4083960.0
In,2018-09-13 13:34:00,31.0,False,nan,4084080.0
In,2018-09-13 13:36:00,31.0,False,nan,4084200.0
In,2018-09-13 13:38:00,31.0,False,nan,4084320.0
In,2018-09-13 13:54:00,31.0,False,nan,4085280.0
In,2018-09-13 13:56:00,30.0,False,nan,4085400.0
In,2018-09-13 13:58:00,31.0,False,nan,4085520.0
In,2018-09-13 14:06:00,30.0,False,nan,4086000.0
In,2018-09-13 14:08:00,31.0,False,nan,4086120.0
In,2018-09-13 14:12:00,30.0,False,nan,4086360.0
In,2018-09-13 14:16:00,30.0,False,nan,4086600.0
In,2018-09-13 14:20:00,31.0,False,nan,4086840.0
In,2018-09-13 14:22:00,30.0,False,nan,4086960.0
In,2018-09-13 14:33:00,30.0,False,nan,4087620.0
In,2018-09-13 14:41:00,30.0,False,nan,4088100.0
In,2018-09-13 14:53:00,30.0,False,nan,4088820.0
In,2018-09-13 15:25:00,30.0,False,nan,4090740.0
In,2018-09-13 15:29:00,30.0,False,nan,4090980.0
In,2018-09-13 15:33:00,30.0,False,nan,4091220.0
In,2018-09-13 15:49:00,30.0,False,nan,4092180.0
In,2018-09-13 16:11:00,30.0,False,nan,4093500.0
In,2018-09-13 16:27:00,29.0,False,nan,4094460.0
In,2018-09-13 16:37:00,29.0,False,nan,4095060.0
In,2018-09-13 16:45:00,29.0,False,nan,4095540.0
In,2018-09-13 17:07:00,29.0,False,nan,4096860.0
In,2018-09-13 17:11:00,29.0,False,nan,4097100.0
In,2018-09-13 17:33:00,29.0,False,nan,4098420.0
In,2018-09-13 17:35:00,28.0,False,nan,4098540.0
In,2018-09-13 17:37:00,28.0,False,nan,4098660.0
In,2018-09-13 17:41:00,29.0,False,nan,4098900.0
In,2018-09-13 17:43:00,28.0,False,nan,4099020.0
In,2018-09-13 17:45:00,29.0,False,nan,4099140.0
In,2018-09-13 17:47:00,28.0,False,nan,4099260.0
In,2018-09-13 17:57:00,28.0,False,nan,4099860.0
In,2018-09-13 18:05:00,28.0,False,nan,4100340.0
In,2018-09-13 18:07:00,28.0,False,nan,4100460.0
In,2018-09-13 18:09:00,28.0,False,nan,4100580.0
In,2018-09-13 18:25:00,28.0,False,nan,4101540.0
In,2018-09-13 18:39:00,28.0,False,nan,4102380.0
In,2018-09-13 18:49:00,27.0,False,nan,4102980.0
In,2018-09-13 18:53:00,27.0,False,nan,4103220.0
In,2018-09-13 19:09:00,27.0,False,nan,4104180.0
In,2018-09-13 19:25:00,27.0,False,nan,4105140.0
In,2018-09-13 19:45:00,27.0,False,nan,4106340.0
In,2018-09-13 19:59:00,27.0,False,nan,4107180.0
In,2018-09-13 20:09:00,26.0,False,nan,4107780.0
In,2018-09-13 20:11:00,27.0,False,nan,4107900.0
In,2018-09-13 20:15:00,27.0,False,nan,4108140.0
In,2018-09-13 20:23:00,26.0,False,nan,4108620.0
In,2018-09-13 20:31:00,27.0,False,nan,4109100.0
In,2018-09-13 20:33:00,26.0,False,nan,4109220.0
In,2018-09-13 20:35:00,27.0,False,nan,4109340.0
In,2018-09-13 20:37:00,26.0,False,nan,4109460.0
In,2018-09-13 20:45:00,26.0,False,nan,4109940.0
In,2018-09-13 20:55:00,26.0,False,nan,4110540.0
In,2018-09-13 21:11:00,26.0,False,nan,4111500.0
In,2018-09-13 21:19:00,26.0,False,nan,4111980.0
In,2018-09-13 21:21:00,26.0,False,nan,4112100.0
In,2018-09-13 21:23:00,26.0,False,nan,4112220.0
In,2018-09-13 21:49:00,26.0,False,nan,4113780.0
In,2018-09-13 21:53:00,27.0,False,nan,4114020.0
In,2018-09-13 21:55:00,26.0,False,nan,4114140.0
In,2018-09-13 22:03:00,26.0,False,nan,4114620.0
In,2018-09-13 22:07:00,26.0,False,nan,4114860.0
In,2018-09-13 22:51:00,26.0,False,nan,4117500.0
In,2018-09-13 23:01:00,26.0,False,nan,4118100.0
In,2018-09-13 23:09:00,25.0,False,nan,4118580.0
In,2018-09-13 23:11:00,26.0,False,nan,4118700.0
In,2018-09-13 23:18:00,26.0,False,nan,4119120.0
In,2018-09-13 23:20:00,25.0,False,nan,4119240.0
In,2018-09-13 23:22:00,26.0,False,nan,4119360.0
In,2018-09-13 23:38:00,25.0,False,nan,4120320.0
In,2018-09-13 23:40:00,26.0,False,nan,4120440.0
In,2018-09-13 23:44:00,26.0,False,nan,4120680.0
In,2018-09-13 23:56:00,25.0,False,nan,4121400.0
In,2018-09-13 23:58:00,26.0,False,nan,4121520.0
In,2018-09-14 00:12:00,25.0,False,nan,4122360.0
In,2018-09-14 00:14:00,26.0,False,nan,4122480.0
In,2018-09-14 00:22:00,26.0,False,nan,4122960.0
In,2018-09-14 00:26:00,26.0,False,nan,4123200.0
In,2018-09-14 00:32:00,26.0,False,nan,4123560.0
In,2018-09-14 00:36:00,26.0,False,nan,4123800.0
In,2018-09-14 00:38:00,26.0,False,nan,4123920.0
In,2018-09-14 00:50:00,27.0,False,nan,4124640.0
In,2018-09-14 00:52:00,26.0,False,nan,4124760.0
In,2018-09-14 01:00:00,27.0,False,nan,4125240.0
In,2018-09-14 01:02:00,26.0,False,nan,4125360.0
In,2018-09-14 01:04:00,26.0,False,nan,4125480.0
In,2018-09-14 01:08:00,27.0,False,nan,4125720.0
In,2018-09-14 01:10:00,27.0,False,nan,4125840.0
In,2018-09-14 01:16:00,27.0,False,nan,4126200.0
In,2018-09-14 01:26:00,27.0,False,nan,4126800.0
In,2018-09-14 01:40:00,27.0,False,nan,4127640.0
In,2018-09-14 01:44:00,27.0,False,nan,4127880.0
In,2018-09-14 01:50:00,26.0,False,nan,4128240.0
In,2018-09-14 01:52:00,27.0,False,nan,4128360.0
In,2018-09-14 01:54:00,27.0,False,nan,4128480.0
In,2018-09-14 01:56:00,26.0,False,nan,4128600.0
In,2018-09-14 02:00:00,26.0,False,nan,4128840.0
In,2018-09-14 02:06:00,26.0,False,nan,4129200.0
In,2018-09-14 02:16:00,26.0,False,nan,4129800.0
In,2018-09-14 02:20:00,27.0,False,nan,4130040.0
In,2018-09-14 02:22:00,26.0,False,nan,4130160.0
In,2018-09-14 02:26:00,27.0,False,nan,4130400.0
In,2018-09-14 02:30:00,26.0,False,nan,4130640.0
In,2018-09-14 02:34:00,26.0,False,nan,4130880.0
In,2018-09-14 02:38:00,27.0,False,nan,4131120.0
In,2018-09-14 02:44:00,27.0,False,nan,4131480.0
In,2018-09-14 02:52:00,27.0,False,nan,4131960.0
In,2018-09-14 02:58:00,27.0,False,nan,4132320.0
In,2018-09-14 03:10:00,27.0,False,nan,4133040.0
In,2018-09-14 03:12:00,27.0,False,nan,4133160.0
In,2018-09-14 03:14:00,27.0,False,nan,4133280.0
In,2018-09-14 03:22:00,28.0,False,nan,4133760.0
In,2018-09-14 03:24:00,27.0,False,nan,4133880.0
In,2018-09-14 03:28:00,28.0,False,nan,4134120.0
In,2018-09-14 03:32:00,28.0,False,nan,4134360.0
In,2018-09-14 03:36:00,28.0,False,nan,4134600.0
In,2018-09-14 03:50:00,28.0,False,nan,4135440.0
In,2018-09-14 03:54:00,28.0,False,nan,4135680.0
In,2018-09-14 03:56:00,28.0,False,nan,4135800.0
In,2018-09-14 04:08:00,28.0,False,nan,4136520.0
In,2018-09-14 04:14:00,28.0,False,nan,4136880.0
In,2018-09-14 04:18:00,29.0,False,nan,4137120.0
In,2018-09-14 04:20:00,29.0,False,nan,4137240.0
In,2018-09-14 04:22:00,29.0,False,nan,4137360.0
In,2018-09-14 04:26:00,29.0,False,nan,4137600.0
In,2018-09-14 04:28:00,29.0,False,nan,4137720.0
In,2018-09-14 04:30:00,29.0,False,nan,4137840.0
In,2018-09-14 04:32:00,29.0,False,nan,4137960.0
In,2018-09-14 04:34:00,29.0,False,nan,4138080.0
In,2018-09-14 04:36:00,29.0,False,nan,4138200.0
In,2018-09-14 04:44:00,29.0,False,nan,4138680.0
In,2018-09-14 04:50:00,29.0,False,nan,4139040.0
In,2018-09-14 04:52:00,29.0,False,nan,4139160.0
In,2018-09-14 04:56:00,29.0,False,nan,4139400.0
In,2018-09-14 04:58:00,30.0,False,nan,4139520.0
In,2018-09-14 05:00:00,29.0,False,nan,4139640.0
In,2018-09-14 05:02:00,30.0,False,nan,4139760.0
In,2018-09-14 05:04:00,29.0,False,nan,4139880.0
In,2018-09-14 05:06:00,30.0,False,nan,4140000.0
In,2018-09-14 05:12:00,30.0,False,nan,4140360.0
In,2018-09-14 05:20:00,30.0,False,nan,4140840.0
In,2018-09-14 05:24:00,30.0,False,nan,4141080.0
In,2018-09-14 05:26:00,30.0,False,nan,4141200.0
In,2018-09-14 05:28:00,30.0,False,nan,4141320.0
In,2018-09-14 05:30:00,30.0,False,nan,4141440.0
In,2018-09-14 05:34:00,30.0,False,nan,4141680.0
In,2018-09-14 05:44:00,30.0,False,nan,4142280.0
In,2018-09-14 05:50:00,30.0,False,nan,4142640.0
In,2018-09-14 05:52:00,30.0,False,nan,4142760.0
In,2018-09-14 05:54:00,30.0,False,nan,4142880.0
In,2018-09-14 05:56:00,30.0,False,nan,4143000.0
In,2018-09-14 05:58:00,30.0,False,nan,4143120.0
In,2018-09-14 06:00:00,31.0,False,nan,4143240.0
In,2018-09-14 06:02:00,31.0,False,nan,4143360.0
In,2018-09-14 06:04:00,31.0,False,nan,4143480.0
In,2018-09-14 06:08:00,31.0,False,nan,4143720.0
In,2018-09-14 06:14:00,31.0,False,nan,4144080.0
In,2018-09-14 06:24:00,31.0,False,nan,4144680.0
In,2018-09-14 06:32:00,31.0,False,nan,4145160.0
In,2018-09-14 06:36:00,31.0,False,nan,4145400.0
In,2018-09-14 06:38:00,31.0,False,nan,4145520.0
In,2018-09-14 06:40:00,31.0,False,nan,4145640.0
In,2018-09-14 06:54:00,31.0,False,nan,4146480.0
In,2018-09-14 06:56:00,31.0,False,nan,4146600.0
In,2018-09-14 07:00:00,31.0,False,nan,4146840.0
In,2018-09-14 07:02:00,31.0,False,nan,4146960.0
In,2018-09-14 07:04:00,31.0,False,nan,4147080.0
In,2018-09-14 07:06:00,32.0,False,nan,4147200.0
In,2018-09-14 07:14:00,32.0,False,nan,4147680.0
In,2018-09-14 07:16:00,32.0,False,nan,4147800.0
In,2018-09-14 07:22:00,32.0,False,nan,4148160.0
In,2018-09-14 07:24:00,32.0,False,nan,4148280.0
In,2018-09-14 07:26:00,32.0,False,nan,4148400.0
In,2018-09-14 07:30:00,32.0,False,nan,4148640.0
In,2018-09-14 07:32:00,32.0,False,nan,4148760.0
In,2018-09-14 07:34:00,32.0,False,nan,4148880.0
In,2018-09-14 07:36:00,32.0,False,nan,4149000.0
In,2018-09-14 07:42:00,32.0,False,nan,4149360.0
In,2018-09-14 07:50:00,32.0,False,nan,4149840.0
In,2018-09-14 07:56:00,32.0,False,nan,4150200.0
In,2018-09-14 08:00:00,32.0,False,nan,4150440.0
In,2018-09-14 08:09:00,32.0,False,nan,4150980.0
In,2018-09-14 08:11:00,33.0,False,nan,4151100.0
In,2018-09-14 08:13:00,33.0,False,nan,4151220.0
In,2018-09-14 08:19:00,32.0,False,nan,4151580.0
In,2018-09-14 08:21:00,32.0,False,nan,4151700.0
In,2018-09-14 08:23:00,33.0,False,nan,4151820.0
In,2018-09-14 08:25:00,33.0,False,nan,4151940.0
In,2018-09-14 08:33:00,33.0,False,nan,4152420.0
In,2018-09-14 08:37:00,33.0,False,nan,4152660.0
In,2018-09-14 08:39:00,33.0,False,nan,4152780.0
In,2018-09-14 08:41:00,33.0,False,nan,4152900.0
In,2018-09-14 08:43:00,33.0,False,nan,4153020.0
In,2018-09-14 08:47:00,34.0,False,nan,4153260.0
In,2018-09-14 08:51:00,34.0,False,nan,4153500.0
In,2018-09-14 08:53:00,34.0,False,nan,4153620.0
In,2018-09-14 08:55:00,34.0,False,nan,4153740.0
In,2018-09-14 09:05:00,34.0,False,nan,4154340.0
In,2018-09-14 09:09:00,34.0,False,nan,4154580.0
In,2018-09-14 09:15:00,34.0,False,nan,4154940.0
In,2018-09-14 09:19:00,34.0,False,nan,4155180.0
In,2018-09-14 09:23:00,34.0,False,nan,4155420.0
In,2018-09-14 09:29:00,34.0,False,nan,4155780.0
In,2018-09-14 09:31:00,33.0,False,nan,4155900.0
In,2018-09-14 09:33:00,34.0,False,nan,4156020.0
In,2018-09-14 09:35:00,34.0,False,nan,4156140.0
In,2018-09-14 09:39:00,34.0,False,nan,4156380.0
In,2018-09-14 09:43:00,34.0,False,nan,4156620.0
In,2018-09-14 09:49:00,34.0,False,nan,4156980.0
In,2018-09-14 09:53:00,34.0,False,nan,4157220.0
In,2018-09-14 09:57:00,34.0,False,nan,4157460.0
In,2018-09-14 09:59:00,34.0,False,nan,4157580.0
In,2018-09-14 10:05:00,34.0,False,nan,4157940.0
In,2018-09-14 10:07:00,34.0,False,nan,4158060.0
In,2018-09-14 10:09:00,34.0,False,nan,4158180.0
In,2018-09-14 10:15:00,34.0,False,nan,4158540.0
In,2018-09-14 10:17:00,34.0,False,nan,4158660.0
In,2018-09-14 10:21:00,34.0,False,nan,4158900.0
In,2018-09-14 10:23:00,34.0,False,nan,4159020.0
In,2018-09-14 10:29:00,34.0,False,nan,4159380.0
In,2018-09-14 10:35:00,33.0,False,nan,4159740.0
In,2018-09-14 10:39:00,34.0,False,nan,4159980.0
In,2018-09-14 10:41:00,33.0,False,nan,4160100.0
In,2018-09-14 10:45:00,33.0,False,nan,4160340.0
In,2018-09-15 15:23:00,28.0,False,nan,4263420.0
In,2018-09-15 15:25:00,28.0,False,nan,4263540.0
In,2018-09-15 15:29:00,28.0,False,nan,4263780.0
In,2018-09-15 15:33:00,28.0,False,nan,4264020.0
In,2018-09-15 16:32:00,29.0,False,nan,4267560.0
In,2018-09-15 17:57:00,31.0,False,nan,4272660.0
In,2018-09-15 18:04:00,31.0,False,nan,4273080.0
In,2018-09-15 18:06:00,31.0,False,nan,4273200.0
In,2018-09-15 18:08:00,30.0,False,nan,4273320.0
In,2018-09-15 18:12:00,30.0,False,nan,4273560.0
In,2018-09-15 18:14:00,30.0,False,nan,4273680.0
In,2018-09-15 18:16:00,29.0,False,nan,4273800.0
In,2018-09-15 18:18:00,29.0,False,nan,4273920.0
In,2018-09-15 18:20:00,29.0,False,nan,4274040.0
In,2018-09-15 18:24:00,29.0,False,nan,4274280.0
In,2018-09-15 18:28:00,29.0,False,nan,4274520.0
In,2018-09-15 18:32:00,29.0,False,nan,4274760.0
In,2018-09-15 18:36:00,29.0,False,nan,4275000.0
In,2018-09-15 18:38:00,29.0,False,nan,4275120.0
In,2018-09-15 18:44:00,29.0,False,nan,4275480.0
In,2018-09-15 18:46:00,28.0,False,nan,4275600.0
In,2018-09-15 18:53:00,29.0,False,nan,4276020.0
In,2018-09-15 18:55:00,28.0,False,nan,4276140.0
In,2018-09-15 19:00:00,28.0,False,nan,4276440.0
In,2018-09-15 19:05:00,28.0,False,nan,4276740.0
In,2018-09-15 19:07:00,28.0,False,nan,4276860.0
In,2018-09-15 19:10:00,28.0,False,nan,4277040.0
In,2018-09-15 19:18:00,28.0,False,nan,4277520.0
In,2018-09-15 19:21:00,28.0,False,nan,4277700.0
In,2018-09-15 19:25:00,28.0,False,nan,4277940.0
In,2018-09-15 19:27:00,28.0,False,nan,4278060.0
In,2018-09-15 19:29:00,28.0,False,nan,4278180.0
In,2018-09-15 19:36:00,28.0,False,nan,4278600.0
In,2018-09-15 19:40:00,28.0,True,flatline,4278840.0
In,2018-09-15 19:42:00,28.0,True,flatline,4278960.0
In,2018-09-15 19:46:00,28.0,True,flatline,4279200.0
In,2018-09-15 19:50:00,28.0,True,flatline,4279440.0
In,2018-09-15 19:54:00,28.0,True,flatline,4279680.0
In,2018-09-15 19:56:00,28.0,True,flatline,4279800.0
In,2018-09-15 19:59:00,28.0,True,flatline,4279980.0
In,2018-09-15 20:01:00,28.0,True,flatline,4280100.0
In,2018-09-15 20:03:00,28.0,True,flatline,4280220.0
In,2018-09-15 20:05:00,28.0,True,flatline,4280340.0
In,2018-09-15 20:07:00,28.0,True,flatline,4280460.0
In,2018-09-15 20:12:00,27.0,False,nan,4280760.0
In,2018-09-15 20:16:00,28.0,False,nan,4281000.0
In,2018-09-15 20:18:00,27.0,False,nan,4281120.0
In,2018-09-15 20:20:00,27.0,False,nan,4281240.0
In,2018-09-15 20:24:00,27.0,False,nan,4281480.0
In,2018-09-16 14:15:00,41.0,False,nan,4345740.0
In,2018-09-16 14:17:00,40.0,False,nan,4345860.0
In,2018-09-16 14:19:00,40.0,False,nan,4345980.0
In,2018-09-16 14:21:00,39.0,False,nan,4346100.0
In,2018-09-16 14:38:00,31.0,False,nan,4347120.0
In,2018-09-16 14:42:00,31.0,False,nan,4347360.0
In,2018-09-16 14:44:00,31.0,False,nan,4347480.0
In,2018-09-16 14:50:00,31.0,False,nan,4347840.0
In,2018-09-16 14:54:00,31.0,False,nan,4348080.0
In,2018-09-16 15:00:00,31.0,False,nan,4348440.0
In,2018-09-16 15:02:00,31.0,False,nan,4348560.0
In,2018-09-16 15:08:00,31.0,False,nan,4348920.0
In,2018-09-16 15:12:00,31.0,False,nan,4349160.0
In,2018-09-16 15:16:00,30.0,False,nan,4349400.0
In,2018-09-16 15:18:00,30.0,False,nan,4349520.0
In,2018-09-16 15:20:00,31.0,False,nan,4349640.0
In,2018-09-16 15:22:00,30.0,False,nan,4349760.0
In,2018-09-16 15:24:00,30.0,False,nan,4349880.0
In,2018-09-16 15:34:00,30.0,False,nan,4350480.0
In,2018-09-16 15:52:00,30.0,False,nan,4351560.0
In,2018-09-16 16:08:00,30.0,False,nan,4352520.0
In,2018-09-16 16:24:00,30.0,False,nan,4353480.0
In,2018-09-16 16:34:00,30.0,False,nan,4354080.0
In,2018-09-16 16:38:00,31.0,False,nan,4354320.0
In,2018-09-16 17:00:00,32.0,False,nan,4355640.0
In,2018-09-16 17:32:00,32.0,False,nan,4357560.0
In,2018-09-16 18:12:00,32.0,False,nan,4359960.0
In,2018-09-16 18:18:00,32.0,False,nan,4360320.0
In,2018-09-16 18:28:00,33.0,False,nan,4360920.0
In,2018-09-16 18:30:00,32.0,False,nan,4361040.0
In,2018-09-16 18:32:00,33.0,False,nan,4361160.0
In,2018-09-16 18:34:00,32.0,False,nan,4361280.0
In,2018-09-16 18:38:00,33.0,False,nan,4361520.0
In,2018-09-16 18:40:00,32.0,False,nan,4361640.0
In,2018-09-16 18:42:00,33.0,False,nan,4361760.0
In,2018-09-16 19:00:00,33.0,False,nan,4362840.0
In,2018-09-16 19:10:00,32.0,False,nan,4363440.0
In,2018-09-16 19:12:00,33.0,False,nan,4363560.0
In,2018-09-16 19:44:00,33.0,False,nan,4365480.0
In,2018-09-16 19:46:00,33.0,False,nan,4365600.0
In,2018-09-16 19:48:00,33.0,False,nan,4365720.0
In,2018-09-16 20:44:00,33.0,False,nan,4369080.0
In,2018-09-16 21:57:00,33.0,False,nan,4373460.0
In,2018-09-16 23:09:00,33.0,False,nan,4377780.0
In,2018-09-16 23:11:00,33.0,False,nan,4377900.0
In,2018-09-16 23:13:00,33.0,False,nan,4378020.0
In,2018-09-16 23:17:00,33.0,False,nan,4378260.0
In,2018-09-17 01:01:00,33.0,False,nan,4384500.0
In,2018-09-17 02:13:00,33.0,False,nan,4388820.0
In,2018-09-17 02:37:00,33.0,False,nan,4390260.0
In,2018-09-17 02:41:00,33.0,False,nan,4390500.0
In,2018-09-17 02:43:00,32.0,False,nan,4390620.0
In,2018-09-17 02:45:00,32.0,False,nan,4390740.0
In,2018-09-17 02:49:00,32.0,False,nan,4390980.0
In,2018-09-17 02:53:00,32.0,False,nan,4391220.0
In,2018-09-17 02:55:00,32.0,False,nan,4391340.0
In,2018-09-17 02:59:00,32.0,False,nan,4391580.0
In,2018-09-17 03:03:00,32.0,False,nan,4391820.0
In,2018-09-17 03:07:00,32.0,False,nan,4392060.0
In,2018-09-17 03:15:00,32.0,False,nan,4392540.0
In,2018-09-17 03:19:00,32.0,False,nan,4392780.0
In,2018-09-17 03:21:00,31.0,False,nan,4392900.0
In,2018-09-17 03:29:00,31.0,False,nan,4393380.0
In,2018-09-17 03:33:00,31.0,False,nan,4393620.0
In,2018-09-17 03:37:00,31.0,False,nan,4393860.0
In,2018-09-17 03:43:00,31.0,False,nan,4394220.0
In,2018-09-17 03:47:00,31.0,False,nan,4394460.0
In,2018-09-17 06:54:00,28.0,False,nan,4405680.0
In,2018-09-17 07:08:00,29.0,False,nan,4406520.0
In,2018-09-17 07:10:00,28.0,False,nan,4406640.0
In,2018-09-17 07:12:00,29.0,False,nan,4406760.0
In,2018-09-17 07:14:00,29.0,False,nan,4406880.0
In,2018-09-17 07:20:00,29.0,False,nan,4407240.0
In,2018-09-17 07:26:00,29.0,False,nan,4407600.0
In,2018-09-17 07:28:00,29.0,False,nan,4407720.0
In,2018-09-17 07:32:00,29.0,False,nan,4407960.0
In,2018-09-17 07:34:00,29.0,False,nan,4408080.0
In,2018-09-17 07:40:00,30.0,False,nan,4408440.0
In,2018-09-17 07:42:00,30.0,False,nan,4408560.0
In,2018-09-17 08:02:00,30.0,False,nan,4409760.0
In,2018-09-17 08:04:00,30.0,False,nan,4409880.0
In,2018-09-17 08:10:00,30.0,False,nan,4410240.0
In,2018-09-17 08:18:00,30.0,False,nan,4410720.0
In,2018-09-17 08:24:00,30.0,False,nan,4411080.0
In,2018-09-17 08:30:00,30.0,False,nan,4411440.0
In,2018-09-17 08:32:00,30.0,False,nan,4411560.0
In,2018-09-17 08:42:00,30.0,False,nan,4412160.0
In,2018-09-17 08:44:00,30.0,False,nan,4412280.0
In,2018-09-17 08:46:00,30.0,False,nan,4412400.0
In,2018-09-17 08:52:00,30.0,False,nan,4412760.0
In,2018-09-17 08:54:00,30.0,False,nan,4412880.0
In,2018-09-17 08:56:00,30.0,False,nan,4413000.0
In,2018-09-17 09:02:00,30.0,False,nan,4413360.0
In,2018-09-17 09:18:00,30.0,False,nan,4414320.0
In,2018-09-17 09:22:00,30.0,False,nan,4414560.0
In,2018-09-17 09:24:00,31.0,False,nan,4414680.0
In,2018-09-17 09:26:00,30.0,False,nan,4414800.0
In,2018-09-17 09:28:00,31.0,False,nan,4414920.0
In,2018-09-17 09:30:00,30.0,False,nan,4415040.0
In,2018-09-17 09:32:00,31.0,False,nan,4415160.0
In,2018-09-17 09:34:00,30.0,False,nan,4415280.0
In,2018-09-17 09:38:00,30.0,False,nan,4415520.0
In,2018-09-17 09:40:00,30.0,False,nan,4415640.0
In,2018-09-17 09:44:00,30.0,False,nan,4415880.0
In,2018-09-17 09:46:00,30.0,False,nan,4416000.0
In,2018-09-17 09:48:00,30.0,False,nan,4416120.0
In,2018-09-17 09:50:00,30.0,False,nan,4416240.0
In,2018-09-17 09:52:00,30.0,False,nan,4416360.0
In,2018-09-17 09:54:00,31.0,False,nan,4416480.0
In,2018-09-17 09:58:00,30.0,False,nan,4416720.0
In,2018-09-17 10:28:00,30.0,False,nan,4418520.0
In,2018-09-17 11:30:00,30.0,False,nan,4422240.0
In,2018-09-17 11:51:00,30.0,False,nan,4423500.0
In,2018-09-17 12:31:00,30.0,False,nan,4425900.0
In,2018-09-17 12:33:00,30.0,False,nan,4426020.0
In,2018-09-17 12:35:00,31.0,False,nan,4426140.0
In,2018-09-17 12:39:00,30.0,False,nan,4426380.0
In,2018-09-17 12:41:00,31.0,False,nan,4426500.0
In,2018-09-17 12:47:00,31.0,False,nan,4426860.0
In,2018-09-17 12:57:00,32.0,False,nan,4427460.0
In,2018-09-17 12:59:00,32.0,False,nan,4427580.0
In,2018-09-17 13:01:00,31.0,False,nan,4427700.0
In,2018-09-17 13:03:00,32.0,False,nan,4427820.0
In,2018-09-17 13:07:00,32.0,False,nan,4428060.0
In,2018-09-17 13:09:00,32.0,False,nan,4428180.0
In,2018-09-17 13:21:00,32.0,False,nan,4428900.0
In,2018-09-17 13:23:00,32.0,False,nan,4429020.0
In,2018-09-17 13:27:00,32.0,False,nan,4429260.0
In,2018-09-17 14:47:00,33.0,False,nan,4434060.0
In,2018-09-17 14:49:00,32.0,False,nan,4434180.0
In,2018-09-17 15:29:00,33.0,False,nan,4436580.0
In,2018-09-17 15:33:00,32.0,False,nan,4436820.0
In,2018-09-17 15:35:00,33.0,False,nan,4436940.0
In,2018-09-17 15:39:00,32.0,False,nan,4437180.0
In,2018-09-17 15:43:00,33.0,False,nan,4437420.0
In,2018-09-17 15:47:00,32.0,False,nan,4437660.0
In,2018-09-17 15:49:00,33.0,False,nan,4437780.0
In,2018-09-17 16:39:00,32.0,False,nan,4440780.0
In,2018-09-17 16:41:00,33.0,False,nan,4440900.0
In,2018-09-17 16:51:00,33.0,False,nan,4441500.0
In,2018-09-17 16:53:00,33.0,False,nan,4441620.0
In,2018-09-17 16:57:00,33.0,False,nan,4441860.0
In,2018-09-17 16:59:00,33.0,False,nan,4441980.0
In,2018-09-17 17:01:00,33.0,False,nan,4442100.0
In,2018-09-17 17:03:00,33.0,False,nan,4442220.0
In,2018-09-17 17:05:00,33.0,False,nan,4442340.0
In,2018-09-17 17:11:00,33.0,False,nan,4442700.0
In,2018-09-17 17:13:00,33.0,False,nan,4442820.0
In,2018-09-17 19:59:00,33.0,False,nan,4452780.0
In,2018-09-17 20:01:00,33.0,False,nan,4452900.0
In,2018-09-17 20:09:00,33.0,False,nan,4453380.0
In,2018-09-17 20:11:00,33.0,False,nan,4453500.0
In,2018-09-17 20:19:00,33.0,False,nan,4453980.0
In,2018-09-17 20:21:00,33.0,False,nan,4454100.0
In,2018-09-17 20:26:00,33.0,False,nan,4454400.0
In,2018-09-17 20:28:00,33.0,False,nan,4454520.0
In,2018-09-17 20:30:00,33.0,False,nan,4454640.0
In,2018-09-17 20:34:00,33.0,False,nan,4454880.0
In,2018-09-17 20:38:00,33.0,False,nan,4455120.0
In,2018-09-17 20:40:00,33.0,False,nan,4455240.0
In,2018-09-17 20:44:00,33.0,False,nan,4455480.0
In,2018-09-17 20:48:00,33.0,False,nan,4455720.0
In,2018-09-17 20:50:00,33.0,False,nan,4455840.0
In,2018-09-17 20:52:00,33.0,False,nan,4455960.0
In,2018-09-17 20:54:00,32.0,False,nan,4456080.0
In,2018-09-17 20:56:00,33.0,False,nan,4456200.0
In,2018-09-17 20:58:00,33.0,False,nan,4456320.0
In,2018-09-17 21:00:00,33.0,False,nan,4456440.0
In,2018-09-17 21:04:00,33.0,False,nan,4456680.0
In,2018-09-17 21:06:00,33.0,False,nan,4456800.0
In,2018-09-18 06:35:00,30.0,False,nan,4490940.0
In,2018-09-18 06:45:00,30.0,False,nan,4491540.0
In,2018-09-18 06:53:00,29.0,False,nan,4492020.0
In,2018-09-18 07:11:00,30.0,False,nan,4493100.0
In,2018-09-18 07:13:00,29.0,False,nan,4493220.0
In,2018-09-18 07:17:00,29.0,False,nan,4493460.0
In,2018-09-18 07:19:00,29.0,False,nan,4493580.0
In,2018-09-18 07:29:00,29.0,False,nan,4494180.0
In,2018-09-18 07:33:00,29.0,False,nan,4494420.0
In,2018-09-18 07:53:00,29.0,False,nan,4495620.0
In,2018-09-18 08:09:00,29.0,False,nan,4496580.0
In,2018-09-18 08:11:00,29.0,False,nan,4496700.0
In,2018-09-18 08:25:00,29.0,False,nan,4497540.0
In,2018-09-18 08:31:00,29.0,False,nan,4497900.0
In,2018-09-18 08:37:00,30.0,False,nan,4498260.0
In,2018-09-18 08:45:00,30.0,False,nan,4498740.0
In,2018-09-18 09:01:00,29.0,False,nan,4499700.0
In,2018-09-18 09:03:00,30.0,False,nan,4499820.0
In,2018-09-18 09:05:00,29.0,False,nan,4499940.0
In,2018-09-18 09:13:00,29.0,False,nan,4500420.0
In,2018-09-18 09:15:00,29.0,False,nan,4500540.0
In,2018-09-18 09:21:00,29.0,False,nan,4500900.0
In,2018-09-18 09:25:00,29.0,False,nan,4501140.0
In,2018-09-18 09:45:00,29.0,False,nan,4502340.0
In,2018-09-18 10:01:00,29.0,False,nan,4503300.0
In,2018-09-18 10:03:00,29.0,False,nan,4503420.0
In,2018-09-18 10:05:00,29.0,False,nan,4503540.0
In,2018-09-18 10:07:00,29.0,False,nan,4503660.0
In,2018-09-18 10:11:00,29.0,False,nan,4503900.0
In,2018-09-18 10:15:00,29.0,False,nan,4504140.0
In,2018-09-18 10:25:00,29.0,False,nan,4504740.0
In,2018-09-18 10:47:00,29.0,False,nan,4506060.0
In,2018-09-18 10:49:00,29.0,False,nan,4506180.0
In,2018-09-18 10:51:00,29.0,False,nan,4506300.0
In,2018-09-18 11:07:00,29.0,False,nan,4507260.0
In,2018-09-18 11:09:00,29.0,False,nan,4507380.0
In,2018-09-18 11:11:00,29.0,False,nan,4507500.0
In,2018-09-18 11:17:00,29.0,False,nan,4507860.0
In,2018-09-18 11:19:00,29.0,False,nan,4507980.0
In,2018-09-18 11:23:00,29.0,False,nan,4508220.0
In,2018-09-18 11:25:00,29.0,False,nan,4508340.0
In,2018-09-18 11:27:00,29.0,False,nan,4508460.0
In,2018-09-18 11:29:00,29.0,False,nan,4508580.0
In,2018-09-18 11:41:00,29.0,False,nan,4509300.0
In,2018-09-18 11:47:00,29.0,False,nan,4509660.0
In,2018-09-18 11:57:00,29.0,False,nan,4510260.0
In,2018-09-18 12:03:00,29.0,False,nan,4510620.0
In,2018-09-18 12:07:00,29.0,False,nan,4510860.0
In,2018-09-18 12:13:00,30.0,False,nan,4511220.0
In,2018-09-18 12:19:00,30.0,False,nan,4511580.0
In,2018-09-18 12:41:00,31.0,False,nan,4512900.0
In,2018-09-18 13:29:00,32.0,False,nan,4515780.0
In,2018-09-18 15:30:00,32.0,False,nan,4523040.0
In,2018-09-18 16:16:00,33.0,False,nan,4525800.0
In,2018-09-18 16:18:00,32.0,False,nan,4525920.0
In,2018-09-18 16:20:00,33.0,False,nan,4526040.0
In,2018-09-18 16:24:00,32.0,False,nan,4526280.0
In,2018-09-18 16:28:00,33.0,False,nan,4526520.0
In,2018-09-18 16:30:00,32.0,False,nan,4526640.0
In,2018-09-18 16:32:00,33.0,False,nan,4526760.0
In,2018-09-18 16:34:00,33.0,False,nan,4526880.0
In,2018-09-18 16:38:00,33.0,False,nan,4527120.0
In,2018-09-18 16:40:00,33.0,False,nan,4527240.0
In,2018-09-18 17:48:00,33.0,False,nan,4531320.0
In,2018-09-18 17:52:00,33.0,False,nan,4531560.0
In,2018-09-18 18:10:00,33.0,False,nan,4532640.0
In,2018-09-18 18:34:00,33.0,False,nan,4534080.0
In,2018-09-18 18:36:00,33.0,False,nan,4534200.0
In,2018-09-18 18:40:00,32.0,False,nan,4534440.0
In,2018-09-18 18:48:00,33.0,False,nan,4534920.0
In,2018-09-18 18:50:00,32.0,False,nan,4535040.0
In,2018-09-18 18:52:00,33.0,False,nan,4535160.0
In,2018-09-18 19:10:00,33.0,False,nan,4536240.0
In,2018-09-18 19:12:00,33.0,False,nan,4536360.0
In,2018-09-18 19:16:00,33.0,False,nan,4536600.0
In,2018-09-18 19:18:00,33.0,False,nan,4536720.0
In,2018-09-18 19:20:00,33.0,False,nan,4536840.0
In,2018-09-18 19:24:00,33.0,False,nan,4537080.0
In,2018-09-18 19:28:00,33.0,False,nan,4537320.0
In,2018-09-18 23:01:00,33.0,False,nan,4550100.0
In,2018-09-18 23:29:00,34.0,False,nan,4551780.0
In,2018-09-18 23:31:00,33.0,False,nan,4551900.0
In,2018-09-19 00:11:00,33.0,False,nan,4554300.0
In,2018-09-19 00:13:00,33.0,False,nan,4554420.0
In,2018-09-19 02:23:00,33.0,False,nan,4562220.0
In,2018-09-19 02:27:00,33.0,False,nan,4562460.0
In,2018-09-19 02:31:00,33.0,False,nan,4562700.0
In,2018-09-19 02:33:00,33.0,False,nan,4562820.0
In,2018-09-19 02:37:00,33.0,False,nan,4563060.0
In,2018-09-19 02:39:00,32.0,False,nan,4563180.0
In,2018-09-19 02:47:00,32.0,False,nan,4563660.0
In,2018-09-19 02:51:00,32.0,False,nan,4563900.0
In,2018-09-19 02:55:00,32.0,False,nan,4564140.0
In,2018-09-19 02:57:00,31.0,False,nan,4564260.0
In,2018-09-19 03:05:00,31.0,False,nan,4564740.0
In,2018-09-19 03:17:00,31.0,False,nan,4565460.0
In,2018-09-19 03:19:00,31.0,False,nan,4565580.0
In,2018-09-19 03:21:00,31.0,False,nan,4565700.0
In,2018-09-19 03:25:00,31.0,False,nan,4565940.0
In,2018-09-19 03:39:00,31.0,False,nan,4566780.0
In,2018-09-19 03:41:00,31.0,False,nan,4566900.0
In,2018-09-19 03:47:00,31.0,False,nan,4567260.0
In,2018-09-19 03:53:00,31.0,False,nan,4567620.0
In,2018-09-19 03:55:00,31.0,False,nan,4567740.0
In,2018-09-19 04:01:00,31.0,False,nan,4568100.0
In,2018-09-19 04:03:00,31.0,False,nan,4568220.0
In,2018-09-19 04:13:00,31.0,False,nan,4568820.0
In,2018-09-19 04:17:00,31.0,False,nan,4569060.0
In,2018-09-19 04:25:00,31.0,False,nan,4569540.0
In,2018-09-19 04:27:00,31.0,False,nan,4569660.0
In,2018-09-19 04:33:00,31.0,False,nan,4570020.0
In,2018-09-19 04:35:00,31.0,False,nan,4570140.0
In,2018-09-19 04:47:00,31.0,False,nan,4570860.0
In,2018-09-19 04:53:00,31.0,False,nan,4571220.0
In,2018-09-19 04:55:00,31.0,False,nan,4571340.0
In,2018-09-19 04:57:00,31.0,False,nan,4571460.0
In,2018-09-19 04:59:00,31.0,False,nan,4571580.0
In,2018-09-19 05:01:00,31.0,False,nan,4571700.0
In,2018-09-19 05:03:00,31.0,False,nan,4571820.0
In,2018-09-19 05:07:00,31.0,False,nan,4572060.0
In,2018-09-19 05:27:00,31.0,False,nan,4573260.0
In,2018-09-19 05:35:00,31.0,False,nan,4573740.0
In,2018-09-19 05:41:00,30.0,False,nan,4574100.0
In,2018-09-19 05:45:00,31.0,False,nan,4574340.0
In,2018-09-19 05:49:00,30.0,False,nan,4574580.0
In,2018-09-19 06:05:00,31.0,False,nan,4575540.0
In,2018-09-19 06:09:00,30.0,False,nan,4575780.0
In,2018-09-19 06:11:00,31.0,False,nan,4575900.0
In,2018-09-19 06:21:00,31.0,False,nan,4576500.0
In,2018-09-19 06:27:00,31.0,False,nan,4576860.0
In,2018-09-19 06:31:00,31.0,False,nan,4577100.0
In,2018-09-19 06:33:00,31.0,False,nan,4577220.0
In,2018-09-19 06:39:00,31.0,False,nan,4577580.0
In,2018-09-19 06:47:00,31.0,False,nan,4578060.0
In,2018-09-19 06:53:00,30.0,False,nan,4578420.0
In,2018-09-19 07:03:00,31.0,False,nan,4579020.0
In,2018-09-19 07:05:00,31.0,False,nan,4579140.0
In,2018-09-19 07:23:00,31.0,False,nan,4580220.0
In,2018-09-19 07:36:00,31.0,False,nan,4581000.0
In,2018-09-19 07:44:00,31.0,False,nan,4581480.0
In,2018-09-19 07:56:00,30.0,False,nan,4582200.0
In,2018-09-19 10:28:00,30.0,False,nan,4591320.0
In,2018-09-19 10:32:00,30.0,False,nan,4591560.0
In,2018-09-19 10:40:00,30.0,False,nan,4592040.0
In,2018-09-19 11:32:00,30.0,False,nan,4595160.0
In,2018-09-19 11:34:00,30.0,False,nan,4595280.0
In,2018-09-19 11:38:00,30.0,False,nan,4595520.0
In,2018-09-19 12:04:00,29.0,False,nan,4597080.0
In,2018-09-19 12:06:00,30.0,False,nan,4597200.0
In,2018-09-19 12:14:00,30.0,False,nan,4597680.0
In,2018-09-19 12:32:00,30.0,False,nan,4598760.0
In,2018-09-19 13:02:00,30.0,False,nan,4600560.0
In,2018-09-19 13:06:00,30.0,False,nan,4600800.0
In,2018-09-19 13:10:00,30.0,False,nan,4601040.0
In,2018-09-19 13:16:00,31.0,False,nan,4601400.0
In,2018-09-19 13:20:00,30.0,False,nan,4601640.0
In,2018-09-19 13:26:00,30.0,False,nan,4602000.0
In,2018-09-19 13:34:00,30.0,False,nan,4602480.0
In,2018-09-19 13:54:00,30.0,False,nan,4603680.0
In,2018-09-19 14:34:00,30.0,False,nan,4606080.0
In,2018-09-19 14:52:00,30.0,False,nan,4607160.0
In,2018-09-19 15:42:00,30.0,False,nan,4610160.0
In,2018-09-19 15:58:00,31.0,False,nan,4611120.0
In,2018-09-19 16:27:00,32.0,False,nan,4612860.0
In,2018-09-19 16:29:00,31.0,False,nan,4612980.0
In,2018-09-19 16:31:00,32.0,False,nan,4613100.0
In,2018-09-19 17:13:00,32.0,False,nan,4615620.0
In,2018-09-19 17:51:00,32.0,False,nan,4617900.0
In,2018-09-19 17:57:00,33.0,False,nan,4618260.0
In,2018-09-19 18:03:00,32.0,False,nan,4618620.0
In,2018-09-19 18:11:00,33.0,False,nan,4619100.0
In,2018-09-19 18:31:00,33.0,False,nan,4620300.0
In,2018-09-19 19:35:00,33.0,False,nan,4624140.0
In,2018-09-19 19:39:00,33.0,False,nan,4624380.0
In,2018-09-19 19:41:00,33.0,False,nan,4624500.0
In,2018-09-19 20:45:00,33.0,False,nan,4628340.0
In,2018-09-19 22:13:00,33.0,False,nan,4633620.0
In,2018-09-19 22:15:00,33.0,False,nan,4633740.0
In,2018-09-19 22:17:00,33.0,False,nan,4633860.0
In,2018-09-20 00:01:00,33.0,False,nan,4640100.0
In,2018-09-20 00:03:00,33.0,False,nan,4640220.0
In,2018-09-20 00:05:00,33.0,False,nan,4640340.0
In,2018-09-20 01:40:00,33.0,False,nan,4646040.0
In,2018-09-20 01:44:00,33.0,False,nan,4646280.0
In,2018-09-20 01:48:00,33.0,False,nan,4646520.0
In,2018-09-20 01:50:00,33.0,False,nan,4646640.0
In,2018-09-20 01:52:00,33.0,False,nan,4646760.0
In,2018-09-20 02:06:00,33.0,False,nan,4647600.0
In,2018-09-20 02:12:00,33.0,False,nan,4647960.0
In,2018-09-20 02:18:00,32.0,False,nan,4648320.0
In,2018-09-20 02:20:00,32.0,False,nan,4648440.0
In,2018-09-20 02:28:00,32.0,False,nan,4648920.0
In,2018-09-20 02:46:00,32.0,False,nan,4650000.0
In,2018-09-20 02:50:00,32.0,False,nan,4650240.0
In,2018-09-20 03:00:00,32.0,False,nan,4650840.0
In,2018-09-20 03:08:00,32.0,False,nan,4651320.0
In,2018-09-20 03:10:00,32.0,False,nan,4651440.0
In,2018-09-20 03:14:00,32.0,False,nan,4651680.0
In,2018-09-20 03:18:00,32.0,False,nan,4651920.0
In,2018-09-20 03:32:00,32.0,False,nan,4652760.0
In,2018-09-20 03:34:00,31.0,False,nan,4652880.0
In,2018-09-20 03:46:00,31.0,False,nan,4653600.0
In,2018-09-20 03:50:00,31.0,False,nan,4653840.0
In,2018-09-20 03:56:00,31.0,False,nan,4654200.0
In,2018-09-20 04:06:00,31.0,False,nan,4654800.0
In,2018-09-20 04:10:00,31.0,False,nan,4655040.0
In,2018-09-20 04:20:00,31.0,False,nan,4655640.0
In,2018-09-20 04:26:00,31.0,False,nan,4656000.0
In,2018-09-20 04:42:00,31.0,False,nan,4656960.0
In,2018-09-20 04:46:00,31.0,False,nan,4657200.0
In,2018-09-20 04:50:00,31.0,False,nan,4657440.0
In,2018-09-20 04:54:00,31.0,False,nan,4657680.0
In,2018-09-20 04:56:00,31.0,False,nan,4657800.0
In,2018-09-20 05:06:00,32.0,False,nan,4658400.0
In,2018-09-20 05:08:00,31.0,False,nan,4658520.0
In,2018-09-20 05:10:00,32.0,False,nan,4658640.0
In,2018-09-20 05:16:00,31.0,False,nan,4659000.0
In,2018-09-20 05:24:00,31.0,False,nan,4659480.0
In,2018-09-20 05:36:00,31.0,False,nan,4660200.0
In,2018-09-20 05:58:00,32.0,False,nan,4661520.0
In,2018-09-20 06:00:00,31.0,False,nan,4661640.0
In,2018-09-20 06:24:00,32.0,False,nan,4663080.0
In,2018-09-20 06:26:00,31.0,False,nan,4663200.0
In,2018-09-20 06:38:00,31.0,False,nan,4663920.0
In,2018-09-20 06:40:00,31.0,False,nan,4664040.0
In,2018-09-20 06:44:00,31.0,False,nan,4664280.0
In,2018-09-20 06:46:00,31.0,False,nan,4664400.0
In,2018-09-20 06:58:00,31.0,False,nan,4665120.0
In,2018-09-20 07:26:00,31.0,False,nan,4666800.0
In,2018-09-20 07:28:00,31.0,False,nan,4666920.0
In,2018-09-20 08:24:00,32.0,False,nan,4670280.0
In,2018-09-20 08:26:00,31.0,False,nan,4670400.0
In,2018-09-20 08:42:00,32.0,False,nan,4671360.0
In,2018-09-20 08:46:00,31.0,False,nan,4671600.0
In,2018-09-20 08:48:00,32.0,False,nan,4671720.0
In,2018-09-20 09:02:00,32.0,False,nan,4672560.0
In,2018-09-20 09:18:00,32.0,False,nan,4673520.0
In,2018-09-20 09:32:00,31.0,False,nan,4674360.0
In,2018-09-20 09:44:00,31.0,False,nan,4675080.0
In,2018-09-20 10:03:00,31.0,False,nan,4676220.0
In,2018-09-20 10:05:00,31.0,False,nan,4676340.0
In,2018-09-20 10:15:00,31.0,False,nan,4676940.0
In,2018-09-20 10:35:00,31.0,False,nan,4678140.0
In,2018-09-20 10:39:00,31.0,False,nan,4678380.0
In,2018-09-20 10:49:00,31.0,False,nan,4678980.0
In,2018-09-20 11:07:00,31.0,False,nan,4680060.0
In,2018-09-20 11:09:00,31.0,False,nan,4680180.0
In,2018-09-20 11:21:00,31.0,False,nan,4680900.0
In,2018-09-20 11:41:00,31.0,False,nan,4682100.0
In,2018-09-20 11:43:00,30.0,False,nan,4682220.0
In,2018-09-20 11:45:00,30.0,False,nan,4682340.0
In,2018-09-20 11:57:00,30.0,False,nan,4683060.0
In,2018-09-20 12:11:00,31.0,False,nan,4683900.0
In,2018-09-20 12:45:00,32.0,False,nan,4685940.0
In,2018-09-20 13:33:00,32.0,False,nan,4688820.0
In,2018-09-20 13:53:00,33.0,False,nan,4690020.0
In,2018-09-20 13:55:00,32.0,False,nan,4690140.0
In,2018-09-20 13:57:00,33.0,False,nan,4690260.0
In,2018-09-20 14:21:00,32.0,False,nan,4691700.0
In,2018-09-20 14:23:00,33.0,False,nan,4691820.0
In,2018-09-20 14:27:00,33.0,False,nan,4692060.0
In,2018-09-20 14:29:00,33.0,False,nan,4692180.0
In,2018-09-20 14:37:00,33.0,False,nan,4692660.0
In,2018-09-20 15:31:00,34.0,False,nan,4695900.0
In,2018-09-20 15:33:00,33.0,False,nan,4696020.0
In,2018-09-20 15:39:00,33.0,False,nan,4696380.0
In,2018-09-20 16:31:00,33.0,False,nan,4699500.0
In,2018-09-20 16:33:00,34.0,False,nan,4699620.0
In,2018-09-20 16:35:00,33.0,False,nan,4699740.0
In,2018-09-20 16:45:00,34.0,False,nan,4700340.0
In,2018-09-20 16:47:00,33.0,False,nan,4700460.0
In,2018-09-20 17:37:00,33.0,False,nan,4703460.0
In,2018-09-20 17:41:00,33.0,False,nan,4703700.0
In,2018-09-20 17:43:00,33.0,False,nan,4703820.0
In,2018-09-20 18:38:00,34.0,False,nan,4707120.0
In,2018-09-20 18:40:00,33.0,False,nan,4707240.0
In,2018-09-20 19:00:00,34.0,False,nan,4708440.0
In,2018-09-20 19:02:00,33.0,False,nan,4708560.0
In,2018-09-20 19:08:00,33.0,False,nan,4708920.0
In,2018-09-20 19:52:00,34.0,False,nan,4711560.0
In,2018-09-20 19:54:00,33.0,False,nan,4711680.0
In,2018-09-20 20:08:00,34.0,False,nan,4712520.0
In,2018-09-20 20:10:00,33.0,False,nan,4712640.0
In,2018-09-20 20:20:00,33.0,False,nan,4713240.0
In,2018-09-20 20:22:00,33.0,False,nan,4713360.0
In,2018-09-20 20:24:00,33.0,False,nan,4713480.0
In,2018-09-20 20:26:00,34.0,False,nan,4713600.0
In,2018-09-20 20:28:00,33.0,False,nan,4713720.0
In,2018-09-20 20:44:00,34.0,False,nan,4714680.0
In,2018-09-20 20:46:00,33.0,False,nan,4714800.0
In,2018-09-20 20:50:00,34.0,False,nan,4715040.0
In,2018-09-20 20:52:00,33.0,False,nan,4715160.0
In,2018-09-20 21:00:00,34.0,False,nan,4715640.0
In,2018-09-20 21:04:00,33.0,False,nan,4715880.0
In,2018-09-20 21:18:00,34.0,False,nan,4716720.0
In,2018-09-20 21:20:00,33.0,False,nan,4716840.0
In,2018-09-20 21:24:00,34.0,False,nan,4717080.0
In,2018-09-20 21:26:00,33.0,False,nan,4717200.0
In,2018-09-20 21:28:00,34.0,False,nan,4717320.0
In,2018-09-20 21:32:00,33.0,False,nan,4717560.0
In,2018-09-20 21:38:00,34.0,False,nan,4717920.0
In,2018-09-20 21:40:00,33.0,False,nan,4718040.0
In,2018-09-20 21:42:00,34.0,False,nan,4718160.0
In,2018-09-20 21:46:00,33.0,False,nan,4718400.0
In,2018-09-20 21:48:00,34.0,False,nan,4718520.0
In,2018-09-20 21:50:00,33.0,False,nan,4718640.0
In,2018-09-20 21:56:00,34.0,False,nan,4719000.0
In,2018-09-20 21:58:00,33.0,False,nan,4719120.0
In,2018-09-20 22:02:00,34.0,False,nan,4719360.0
In,2018-09-20 22:16:00,33.0,False,nan,4720200.0
In,2018-09-20 22:18:00,33.0,False,nan,4720320.0
In,2018-09-20 22:20:00,33.0,False,nan,4720440.0
In,2018-09-20 22:22:00,34.0,False,nan,4720560.0
In,2018-09-20 22:24:00,34.0,False,nan,4720680.0
In,2018-09-20 22:34:00,33.0,False,nan,4721280.0
In,2018-09-20 22:36:00,34.0,False,nan,4721400.0
In,2018-09-20 22:48:00,33.0,False,nan,4722120.0
In,2018-09-20 22:50:00,34.0,False,nan,4722240.0
In,2018-09-20 22:58:00,33.0,False,nan,4722720.0
In,2018-09-20 23:00:00,34.0,False,nan,4722840.0
In,2018-09-20 23:04:00,33.0,False,nan,4723080.0
In,2018-09-20 23:06:00,34.0,False,nan,4723200.0
In,2018-09-20 23:24:00,33.0,False,nan,4724280.0
In,2018-09-20 23:26:00,34.0,False,nan,4724400.0
In,2018-09-20 23:28:00,33.0,False,nan,4724520.0
In,2018-09-20 23:30:00,34.0,False,nan,4724640.0
In,2018-09-20 23:34:00,33.0,False,nan,4724880.0
In,2018-09-20 23:36:00,34.0,False,nan,4725000.0
In,2018-09-20 23:52:00,33.0,False,nan,4725960.0
In,2018-09-20 23:54:00,34.0,False,nan,4726080.0
In,2018-09-21 00:26:00,34.0,False,nan,4728000.0
In,2018-09-21 00:58:00,33.0,False,nan,4729920.0
In,2018-09-21 01:00:00,34.0,False,nan,4730040.0
In,2018-09-21 01:02:00,33.0,False,nan,4730160.0
In,2018-09-21 01:04:00,34.0,False,nan,4730280.0
In,2018-09-21 01:48:00,33.0,False,nan,4732920.0
In,2018-09-21 01:50:00,34.0,False,nan,4733040.0
In,2018-09-21 01:52:00,33.0,False,nan,4733160.0
In,2018-09-21 01:54:00,34.0,False,nan,4733280.0
In,2018-09-21 02:16:00,33.0,False,nan,4734600.0
In,2018-09-21 02:22:00,33.0,False,nan,4734960.0
In,2018-09-21 02:24:00,33.0,False,nan,4735080.0
In,2018-09-21 02:26:00,33.0,False,nan,4735200.0
In,2018-09-21 02:30:00,33.0,False,nan,4735440.0
In,2018-09-21 02:34:00,32.0,False,nan,4735680.0
In,2018-09-21 02:36:00,32.0,False,nan,4735800.0
In,2018-09-21 02:42:00,32.0,False,nan,4736160.0
In,2018-09-21 02:44:00,32.0,False,nan,4736280.0
In,2018-09-21 02:48:00,32.0,False,nan,4736520.0
In,2018-09-21 02:54:00,31.0,False,nan,4736880.0
In,2018-09-21 03:21:00,31.0,False,nan,4738500.0
In,2018-09-21 03:39:00,31.0,False,nan,4739580.0
In,2018-09-21 03:45:00,31.0,False,nan,4739940.0
In,2018-09-21 03:49:00,31.0,False,nan,4740180.0
In,2018-09-21 03:59:00,31.0,False,nan,4740780.0
In,2018-09-21 04:03:00,31.0,False,nan,4741020.0
In,2018-09-21 04:05:00,31.0,False,nan,4741140.0
In,2018-09-21 04:15:00,31.0,False,nan,4741740.0
In,2018-09-21 04:21:00,30.0,False,nan,4742100.0
In,2018-09-21 04:29:00,30.0,False,nan,4742580.0
In,2018-09-21 04:57:00,30.0,False,nan,4744260.0
In,2018-09-21 05:03:00,31.0,False,nan,4744620.0
In,2018-09-21 05:13:00,31.0,False,nan,4745220.0
In,2018-09-21 05:23:00,31.0,False,nan,4745820.0
In,2018-09-21 05:33:00,31.0,False,nan,4746420.0
In,2018-09-21 05:37:00,31.0,False,nan,4746660.0
In,2018-09-21 05:59:00,31.0,False,nan,4747980.0
In,2018-09-21 06:15:00,30.0,False,nan,4748940.0
In,2018-09-21 06:17:00,31.0,False,nan,4749060.0
In,2018-09-21 06:21:00,30.0,False,nan,4749300.0
In,2018-09-21 06:27:00,31.0,False,nan,4749660.0
In,2018-09-21 06:31:00,30.0,False,nan,4749900.0
In,2018-09-21 06:33:00,30.0,False,nan,4750020.0
In,2018-09-21 06:39:00,31.0,False,nan,4750380.0
In,2018-09-21 06:41:00,30.0,False,nan,4750500.0
In,2018-09-21 06:43:00,31.0,False,nan,4750620.0
In,2018-09-21 06:45:00,31.0,False,nan,4750740.0
In,2018-09-21 07:17:00,31.0,False,nan,4752660.0
In,2018-09-21 07:25:00,31.0,False,nan,4753140.0
In,2018-09-21 07:33:00,31.0,False,nan,4753620.0
In,2018-09-21 07:43:00,32.0,False,nan,4754220.0
In,2018-09-21 07:53:00,32.0,False,nan,4754820.0
In,2018-09-21 08:29:00,32.0,False,nan,4756980.0
In,2018-09-21 08:59:00,32.0,False,nan,4758780.0
In,2018-09-21 09:01:00,32.0,False,nan,4758900.0
In,2018-09-21 09:05:00,32.0,False,nan,4759140.0
In,2018-09-21 09:47:00,32.0,False,nan,4761660.0
In,2018-09-21 09:57:00,31.0,False,nan,4762260.0
In,2018-09-21 09:59:00,32.0,False,nan,4762380.0
In,2018-09-21 10:03:00,32.0,False,nan,4762620.0
In,2018-09-21 10:29:00,32.0,False,nan,4764180.0
In,2018-09-21 10:37:00,31.0,False,nan,4764660.0
In,2018-09-21 10:39:00,32.0,False,nan,4764780.0
In,2018-09-21 11:07:00,32.0,False,nan,4766460.0
In,2018-09-21 11:09:00,32.0,False,nan,4766580.0
In,2018-09-21 11:33:00,32.0,False,nan,4768020.0
In,2018-09-21 11:35:00,33.0,False,nan,4768140.0
In,2018-09-21 11:37:00,32.0,False,nan,4768260.0
In,2018-09-21 11:41:00,32.0,False,nan,4768500.0
In,2018-09-21 11:43:00,33.0,False,nan,4768620.0
In,2018-09-21 13:02:00,33.0,False,nan,4773360.0
In,2018-09-21 14:00:00,34.0,False,nan,4776840.0
In,2018-09-21 14:02:00,33.0,False,nan,4776960.0
In,2018-09-21 14:06:00,34.0,False,nan,4777200.0
In,2018-09-21 14:08:00,33.0,False,nan,4777320.0
In,2018-09-21 14:12:00,34.0,False,nan,4777560.0
In,2018-09-21 14:14:00,33.0,False,nan,4777680.0
In,2018-09-21 14:24:00,34.0,False,nan,4778280.0
In,2018-09-21 14:44:00,33.0,False,nan,4779480.0
In,2018-09-21 14:46:00,34.0,False,nan,4779600.0
In,2018-09-21 15:10:00,33.0,False,nan,4781040.0
In,2018-09-21 15:12:00,34.0,False,nan,4781160.0
In,2018-09-21 15:24:00,34.0,False,nan,4781880.0
In,2018-09-21 15:26:00,34.0,False,nan,4782000.0
In,2018-09-21 15:30:00,34.0,False,nan,4782240.0
In,2018-09-21 15:34:00,34.0,False,nan,4782480.0
In,2018-09-21 15:36:00,34.0,False,nan,4782600.0
In,2018-09-21 17:46:00,34.0,False,nan,4790400.0
In,2018-09-21 17:48:00,34.0,False,nan,4790520.0
In,2018-09-21 18:00:00,34.0,False,nan,4791240.0
In,2018-09-21 18:14:00,34.0,False,nan,4792080.0
In,2018-09-21 19:22:00,34.0,False,nan,4796160.0
In,2018-09-21 20:51:00,34.0,False,nan,4801500.0
In,2018-09-21 20:53:00,34.0,False,nan,4801620.0
In,2018-09-21 20:57:00,34.0,False,nan,4801860.0
In,2018-09-21 22:13:00,34.0,False,nan,4806420.0
In,2018-09-21 22:17:00,34.0,False,nan,4806660.0
In,2018-09-21 22:19:00,34.0,False,nan,4806780.0
In,2018-09-21 23:49:00,34.0,False,nan,4812180.0
In,2018-09-21 23:51:00,34.0,False,nan,4812300.0
In,2018-09-21 23:55:00,34.0,False,nan,4812540.0
In,2018-09-22 04:03:00,34.0,False,nan,4827420.0
In,2018-09-22 04:05:00,34.0,False,nan,4827540.0
In,2018-09-22 04:37:00,34.0,False,nan,4829460.0
In,2018-09-22 04:39:00,34.0,False,nan,4829580.0
In,2018-09-22 04:51:00,34.0,False,nan,4830300.0
In,2018-09-22 04:55:00,35.0,False,nan,4830540.0
In,2018-09-22 04:57:00,34.0,False,nan,4830660.0
In,2018-09-22 04:59:00,34.0,False,nan,4830780.0
In,2018-09-22 05:11:00,34.0,False,nan,4831500.0
In,2018-09-22 05:13:00,34.0,False,nan,4831620.0
In,2018-09-22 05:30:00,34.0,False,nan,4832640.0
In,2018-09-22 05:34:00,34.0,False,nan,4832880.0
In,2018-09-22 05:40:00,34.0,False,nan,4833240.0
In,2018-09-22 05:42:00,34.0,False,nan,4833360.0
In,2018-09-22 06:02:00,34.0,False,nan,4834560.0
In,2018-09-22 06:04:00,34.0,False,nan,4834680.0
In,2018-09-22 06:22:00,34.0,False,nan,4835760.0
In,2018-09-22 08:38:00,35.0,False,nan,4843920.0
In,2018-09-22 08:40:00,34.0,False,nan,4844040.0
In,2018-09-22 08:44:00,34.0,False,nan,4844280.0
In,2018-09-22 08:48:00,34.0,False,nan,4844520.0
In,2018-09-22 08:50:00,34.0,False,nan,4844640.0
In,2018-09-22 08:52:00,34.0,False,nan,4844760.0
In,2018-09-22 08:54:00,34.0,False,nan,4844880.0
In,2018-09-22 09:40:00,34.0,False,nan,4847640.0
In,2018-09-22 10:26:00,35.0,False,nan,4850400.0
In,2018-09-22 10:28:00,34.0,False,nan,4850520.0
In,2018-09-22 10:58:00,35.0,False,nan,4852320.0
In,2018-09-22 11:00:00,34.0,False,nan,4852440.0
In,2018-09-22 11:06:00,34.0,False,nan,4852800.0
In,2018-09-24 09:26:00,30.0,False,nan,5019600.0
In,2018-09-24 10:12:00,30.0,False,nan,5022360.0
In,2018-09-24 10:30:00,30.0,False,nan,5023440.0
In,2018-09-24 11:14:00,30.0,False,nan,5026080.0
In,2018-09-24 11:18:00,30.0,False,nan,5026320.0
In,2018-09-24 11:24:00,31.0,False,nan,5026680.0
In,2018-09-24 11:26:00,30.0,False,nan,5026800.0
In,2018-09-24 11:28:00,31.0,False,nan,5026920.0
In,2018-09-24 17:43:00,33.0,False,nan,5049420.0
In,2018-09-24 18:47:00,33.0,False,nan,5053260.0
In,2018-09-24 18:47:00,33.0,False,nan,5053260.0
In,2018-09-24 20:49:00,33.0,False,nan,5060580.0
In,2018-09-24 20:51:00,33.0,False,nan,5060700.0
In,2018-09-24 20:53:00,33.0,False,nan,5060820.0
In,2018-09-24 20:55:00,33.0,False,nan,5060940.0
In,2018-09-24 21:01:00,33.0,False,nan,5061300.0
In,2018-09-24 21:03:00,33.0,False,nan,5061420.0
In,2018-09-24 21:05:00,33.0,False,nan,5061540.0
In,2018-09-24 21:07:00,33.0,False,nan,5061660.0
In,2018-09-24 21:11:00,33.0,True,drift,5061900.0
In,2018-09-24 21:17:00,33.64207104350472,True,drift,5062260.0
In,2018-09-24 21:19:00,34.28414208700944,True,drift,5062380.0
In,2018-09-25 00:30:00,34.92621313051416,True,drift,5073840.0
In,2018-09-25 00:34:00,35.56828417401888,True,drift,5074080.0
In,2018-09-25 00:36:00,36.2103552175236,True,drift,5074200.0
In,2018-09-25 00:38:00,36.85242626102832,True,drift,5074320.0
In,2018-09-25 00:40:00,37.49449730453304,True,drift,5074440.0
In,2018-09-25 00:44:00,38.13656834803776,True,drift,5074680.0
In,2018-09-25 00:46:00,38.77863939154248,True,drift,5074800.0
In,2018-09-25 02:42:00,39.4207104350472,True,drift,5081760.0
In,2018-09-25 02:54:00,40.06278147855192,True,drift,5082480.0
In,2018-09-25 02:56:00,40.70485252205664,True,drift,5082600.0
In,2018-09-25 02:58:00,41.34692356556136,True,drift,5082720.0
In,2018-09-25 03:00:00,41.98899460906608,True,drift,5082840.0
In,2018-09-25 03:04:00,41.6310656525708,True,drift,5083080.0
In,2018-09-25 03:06:00,42.27313669607552,True,drift,5083200.0
In,2018-09-25 03:12:00,42.91520773958024,True,drift,5083560.0
In,2018-09-25 03:20:00,43.55727878308496,True,drift,5084040.0
In,2018-09-25 03:22:00,31.0,False,nan,5084160.0
In,2018-09-25 03:26:00,31.0,False,nan,5084400.0
In,2018-09-25 03:30:00,31.0,False,nan,5084640.0
In,2018-09-25 03:36:00,31.0,False,nan,5085000.0
In,2018-09-25 03:42:00,31.0,False,nan,5085360.0
In,2018-09-25 03:46:00,31.0,False,nan,5085600.0
In,2018-09-25 03:50:00,31.0,False,nan,5085840.0
In,2018-09-25 03:52:00,31.0,False,nan,5085960.0
In,2018-09-25 03:56:00,31.0,False,nan,5086200.0
In,2018-09-25 03:58:00,30.0,False,nan,5086320.0
In,2018-09-25 04:00:00,31.0,False,nan,5086440.0
In,2018-09-25 04:02:00,30.0,False,nan,5086560.0
In,2018-09-25 04:04:00,31.0,False,nan,5086680.0
In,2018-09-25 04:06:00,30.0,False,nan,5086800.0
In,2018-09-25 04:12:00,30.0,False,nan,5087160.0
In,2018-09-25 04:24:00,30.0,False,nan,5087880.0
In,2018-09-25 04:46:00,30.0,False,nan,5089200.0
In,2018-09-25 04:56:00,30.0,False,nan,5089800.0
In,2018-09-25 05:02:00,30.0,False,nan,5090160.0
In,2018-09-25 05:04:00,31.0,False,nan,5090280.0
In,2018-09-25 05:18:00,31.0,False,nan,5091120.0
In,2018-09-25 05:40:00,30.0,False,nan,5092440.0
In,2018-09-25 05:42:00,31.0,False,nan,5092560.0
In,2018-09-25 05:46:00,30.0,False,nan,5092800.0
In,2018-09-25 05:48:00,30.0,False,nan,5092920.0
In,2018-09-25 05:58:00,30.0,False,nan,5093520.0
In,2018-09-25 06:14:00,30.0,False,nan,5094480.0
In,2018-09-25 06:34:00,30.0,False,nan,5095680.0
In,2018-09-25 06:54:00,30.0,False,nan,5096880.0
In,2018-09-25 06:56:00,30.0,False,nan,5097000.0
In,2018-09-25 07:08:00,30.0,False,nan,5097720.0
In,2018-09-25 07:34:00,30.0,False,nan,5099280.0
In,2018-09-25 07:36:00,30.0,False,nan,5099400.0
In,2018-09-25 07:42:00,30.0,False,nan,5099760.0
In,2018-09-25 07:46:00,30.0,False,nan,5100000.0
In,2018-09-25 07:50:00,30.0,False,nan,5100240.0
In,2018-09-25 07:58:00,31.0,False,nan,5100720.0
In,2018-09-25 08:10:00,31.0,False,nan,5101440.0
In,2018-09-25 08:16:00,30.0,False,nan,5101800.0
In,2018-09-25 08:18:00,30.0,False,nan,5101920.0
In,2018-09-25 08:30:00,30.0,False,nan,5102640.0
In,2018-09-25 08:47:00,30.0,False,nan,5103660.0
In,2018-09-25 08:59:00,30.0,False,nan,5104380.0
In,2018-09-25 09:07:00,30.0,False,nan,5104860.0
In,2018-09-25 09:27:00,30.0,False,nan,5106060.0
In,2018-09-25 09:29:00,30.0,False,nan,5106180.0
In,2018-09-25 09:31:00,30.0,False,nan,5106300.0
In,2018-09-25 09:57:00,30.0,False,nan,5107860.0
In,2018-09-25 10:07:00,29.0,False,nan,5108460.0
In,2018-09-25 14:47:00,32.0,False,nan,5125260.0
In,2018-09-25 14:49:00,32.0,False,nan,5125380.0
In,2018-09-25 14:51:00,33.0,False,nan,5125500.0
In,2018-09-25 15:13:00,33.0,False,nan,5126820.0
In,2018-09-25 16:15:00,33.0,False,nan,5130540.0
In,2018-09-25 16:17:00,33.0,False,nan,5130660.0
In,2018-09-25 16:23:00,33.0,False,nan,5131020.0
In,2018-09-25 16:33:00,33.0,False,nan,5131620.0
In,2018-09-25 16:35:00,33.0,False,nan,5131740.0
In,2018-09-25 16:37:00,33.0,False,nan,5131860.0
In,2018-09-25 16:39:00,33.0,False,nan,5131980.0
In,2018-09-25 16:41:00,33.0,False,nan,5132100.0
In,2018-09-25 16:43:00,33.0,False,nan,5132220.0
In,2018-09-25 18:58:00,33.0,False,nan,5140320.0
In,2018-09-25 19:00:00,33.0,False,nan,5140440.0
In,2018-09-25 19:02:00,33.0,False,nan,5140560.0
In,2018-09-25 19:04:00,33.0,False,nan,5140680.0
In,2018-09-25 19:08:00,33.0,False,nan,5140920.0
In,2018-09-25 20:44:00,33.0,False,nan,5146680.0
In,2018-09-25 21:44:00,33.0,False,nan,5150280.0
In,2018-09-25 21:46:00,33.0,False,nan,5150400.0
In,2018-09-25 21:50:00,33.0,False,nan,5150640.0
In,2018-09-25 23:00:00,33.0,False,nan,5154840.0
In,2018-09-25 23:02:00,33.0,False,nan,5154960.0
In,2018-09-25 23:04:00,33.0,False,nan,5155080.0
In,2018-09-25 23:14:00,33.0,False,nan,5155680.0
In,2018-09-25 23:16:00,33.0,False,nan,5155800.0
In,2018-09-25 23:18:00,33.0,False,nan,5155920.0
In,2018-09-25 23:36:00,34.0,False,nan,5157000.0
In,2018-09-25 23:38:00,33.0,False,nan,5157120.0
In,2018-09-25 23:54:00,33.0,False,nan,5158080.0
In,2018-09-25 23:56:00,33.0,False,nan,5158200.0
In,2018-09-25 23:58:00,33.0,False,nan,5158320.0
In,2018-09-26 00:00:00,33.0,False,nan,5158440.0
In,2018-09-26 00:04:00,33.0,False,nan,5158680.0
In,2018-09-26 01:28:00,33.0,False,nan,5163720.0
In,2018-09-26 01:30:00,33.0,False,nan,5163840.0
In,2018-09-26 01:46:00,33.0,False,nan,5164800.0
In,2018-09-26 01:50:00,33.0,False,nan,5165040.0
In,2018-09-26 01:52:00,33.0,False,nan,5165160.0
In,2018-09-26 02:21:00,33.0,False,nan,5166900.0
In,2018-09-26 02:25:00,33.0,False,nan,5167140.0
In,2018-09-26 02:27:00,32.0,False,nan,5167260.0
In,2018-09-26 02:29:00,32.0,False,nan,5167380.0
In,2018-09-26 02:35:00,32.0,False,nan,5167740.0
In,2018-09-26 02:41:00,31.0,False,nan,5168100.0
In,2018-09-26 02:47:00,31.0,False,nan,5168460.0
In,2018-09-26 02:57:00,31.0,False,nan,5169060.0
In,2018-09-26 03:15:00,31.0,False,nan,5170140.0
In,2018-09-26 03:27:00,31.0,False,nan,5170860.0
In,2018-09-26 03:33:00,30.0,False,nan,5171220.0
In,2018-09-26 03:37:00,30.0,False,nan,5171460.0
In,2018-09-26 03:39:00,30.0,False,nan,5171580.0
In,2018-09-26 04:03:00,30.0,False,nan,5173020.0
In,2018-09-26 04:09:00,30.0,False,nan,5173380.0
In,2018-09-26 04:17:00,31.0,False,nan,5173860.0
In,2018-09-26 04:19:00,30.0,False,nan,5173980.0
In,2018-09-26 04:23:00,31.0,False,nan,5174220.0
In,2018-09-26 04:25:00,30.0,False,nan,5174340.0
In,2018-09-26 04:27:00,31.0,False,nan,5174460.0
In,2018-09-26 04:37:00,31.0,False,nan,5175060.0
In,2018-09-26 04:45:00,30.0,False,nan,5175540.0
In,2018-09-26 04:47:00,30.0,False,nan,5175660.0
In,2018-09-26 04:59:00,30.0,False,nan,5176380.0
In,2018-09-26 05:13:00,30.0,False,nan,5177220.0
In,2018-09-26 05:13:00,30.0,False,nan,5177220.0
In,2018-09-26 05:25:00,30.0,False,nan,5177940.0
In,2018-09-26 05:29:00,30.0,False,nan,5178180.0
In,2018-09-26 05:37:00,30.0,False,nan,5178660.0
In,2018-09-26 05:41:00,30.0,False,nan,5178900.0
In,2018-09-26 05:45:00,30.0,False,nan,5179140.0
In,2018-09-26 05:51:00,30.0,False,nan,5179500.0
In,2018-09-26 05:51:00,30.0,False,nan,5179500.0
In,2018-09-26 06:07:00,30.0,False,nan,5180460.0
In,2018-09-26 06:07:00,30.0,False,nan,5180460.0
In,2018-09-26 06:19:00,30.0,False,nan,5181180.0
In,2018-09-26 06:31:00,30.0,False,nan,5181900.0
In,2018-09-26 06:35:00,30.0,False,nan,5182140.0
In,2018-09-26 06:39:00,31.0,False,nan,5182380.0
In,2018-09-26 06:41:00,30.0,False,nan,5182500.0
In,2018-09-26 06:43:00,31.0,False,nan,5182620.0
In,2018-09-26 06:43:00,31.0,False,nan,5182620.0
In,2018-09-26 06:49:00,30.0,False,nan,5182980.0
In,2018-09-26 06:51:00,31.0,False,nan,5183100.0
In,2018-09-26 06:53:00,31.0,False,nan,5183220.0
In,2018-09-26 06:55:00,30.0,False,nan,5183340.0
In,2018-09-26 06:57:00,31.0,False,nan,5183460.0
In,2018-09-26 06:59:00,30.0,False,nan,5183580.0
In,2018-09-26 07:09:00,30.0,False,nan,5184180.0
In,2018-09-26 07:29:00,30.0,False,nan,5185380.0
In,2018-09-26 07:43:00,30.0,False,nan,5186220.0
In,2018-09-26 08:07:00,30.0,False,nan,5187660.0
In,2018-09-26 08:59:00,30.0,False,nan,5190780.0
In,2018-09-26 09:01:00,30.0,False,nan,5190900.0
In,2018-09-26 09:09:00,30.0,False,nan,5191380.0
In,2018-09-26 09:15:00,30.0,False,nan,5191740.0
In,2018-09-26 09:15:00,30.0,False,nan,5191740.0
In,2018-09-26 09:17:00,31.0,False,nan,5191860.0
In,2018-09-26 09:29:00,31.0,False,nan,5192580.0
In,2018-09-26 09:39:00,30.0,False,nan,5193180.0
In,2018-09-26 09:39:00,30.0,False,nan,5193180.0
In,2018-09-26 09:45:00,30.0,False,nan,5193540.0
In,2018-09-26 09:57:00,30.0,False,nan,5194260.0
In,2018-09-26 10:21:00,30.0,False,nan,5195700.0
In,2018-09-26 11:40:00,30.0,False,nan,5200440.0
In,2018-09-26 11:40:00,30.0,False,nan,5200440.0
In,2018-09-26 11:42:00,31.0,False,nan,5200560.0
In,2018-09-26 11:42:00,31.0,False,nan,5200560.0
In,2018-09-26 11:46:00,31.0,False,nan,5200800.0
In,2018-09-26 11:50:00,31.0,False,nan,5201040.0
In,2018-09-26 12:04:00,31.0,False,nan,5201880.0
In,2018-09-26 12:14:00,31.0,False,nan,5202480.0
In,2018-09-26 12:14:00,31.0,False,nan,5202480.0
In,2018-09-26 12:16:00,31.0,False,nan,5202600.0
In,2018-09-26 12:20:00,31.0,False,nan,5202840.0
In,2018-09-26 12:20:00,31.0,False,nan,5202840.0
In,2018-09-26 12:24:00,31.0,False,nan,5203080.0
In,2018-09-26 12:26:00,31.0,False,nan,5203200.0
In,2018-09-26 12:26:00,31.0,False,nan,5203200.0
In,2018-09-26 12:30:00,31.0,False,nan,5203440.0
In,2018-09-26 12:32:00,32.0,False,nan,5203560.0
In,2018-09-26 13:06:00,32.0,False,nan,5205600.0
In,2018-09-26 13:12:00,32.0,False,nan,5205960.0
In,2018-09-26 13:22:00,32.0,False,nan,5206560.0
In,2018-09-26 13:28:00,33.0,False,nan,5206920.0
In,2018-09-26 13:30:00,32.0,False,nan,5207040.0
In,2018-09-26 13:36:00,33.0,False,nan,5207400.0
In,2018-09-26 13:38:00,32.0,False,nan,5207520.0
In,2018-09-26 13:42:00,33.0,False,nan,5207760.0
In,2018-09-26 13:56:00,33.0,False,nan,5208600.0
In,2018-09-26 14:28:00,33.0,False,nan,5210520.0
In,2018-09-26 14:38:00,32.0,False,nan,5211120.0
In,2018-09-26 14:40:00,33.0,False,nan,5211240.0
In,2018-09-26 15:20:00,33.0,False,nan,5213640.0
In,2018-09-26 16:16:00,33.0,False,nan,5217000.0
In,2018-09-26 16:18:00,33.0,False,nan,5217120.0
In,2018-09-26 16:20:00,33.0,False,nan,5217240.0
In,2018-09-26 17:24:00,34.0,False,nan,5221080.0
In,2018-09-26 17:26:00,33.0,False,nan,5221200.0
In,2018-09-26 17:32:00,33.0,False,nan,5221560.0
In,2018-09-26 17:34:00,33.0,False,nan,5221680.0
In,2018-09-26 17:36:00,33.0,False,nan,5221800.0
In,2018-09-26 17:38:00,33.0,False,nan,5221920.0
In,2018-09-26 17:40:00,33.0,False,nan,5222040.0
In,2018-09-26 17:42:00,33.0,False,nan,5222160.0
In,2018-09-26 17:44:00,33.0,False,nan,5222280.0
In,2018-09-26 17:46:00,33.0,False,nan,5222400.0
In,2018-09-26 17:48:00,33.0,False,nan,5222520.0
In,2018-09-26 19:44:00,34.0,False,nan,5229480.0
In,2018-09-26 19:46:00,33.0,False,nan,5229600.0
In,2018-09-26 21:19:00,33.0,False,nan,5235180.0
In,2018-09-26 21:21:00,33.0,False,nan,5235300.0
In,2018-09-26 21:23:00,33.0,False,nan,5235420.0
In,2018-09-26 21:25:00,33.0,False,nan,5235540.0
In,2018-09-26 21:27:00,33.0,False,nan,5235660.0
In,2018-09-26 21:37:00,33.0,False,nan,5236260.0
In,2018-09-26 21:39:00,33.0,False,nan,5236380.0
In,2018-09-26 23:21:00,33.0,False,nan,5242500.0
In,2018-09-26 23:23:00,33.0,False,nan,5242620.0
In,2018-09-26 23:25:00,33.0,False,nan,5242740.0
In,2018-09-26 23:27:00,33.0,False,nan,5242860.0
In,2018-09-26 23:29:00,33.0,False,nan,5242980.0
In,2018-09-26 23:37:00,33.0,False,nan,5243460.0
In,2018-09-26 23:39:00,33.0,False,nan,5243580.0
In,2018-09-26 23:45:00,33.0,False,nan,5243940.0
In,2018-09-26 23:47:00,33.0,False,nan,5244060.0
In,2018-09-27 00:01:00,33.0,False,nan,5244900.0
In,2018-09-27 00:03:00,33.0,False,nan,5245020.0
In,2018-09-27 00:23:00,33.0,False,nan,5246220.0
In,2018-09-27 00:25:00,33.0,False,nan,5246340.0
In,2018-09-27 01:47:00,33.0,False,nan,5251260.0
In,2018-09-27 01:49:00,33.0,False,nan,5251380.0
In,2018-09-27 01:51:00,33.0,False,nan,5251500.0
In,2018-09-27 01:53:00,33.0,False,nan,5251620.0
In,2018-09-27 01:55:00,33.0,False,nan,5251740.0
In,2018-09-27 01:57:00,33.0,False,nan,5251860.0
In,2018-09-27 02:01:00,33.0,False,nan,5252100.0
In,2018-09-27 02:03:00,33.0,False,nan,5252220.0
In,2018-09-27 02:05:00,33.0,False,nan,5252340.0
In,2018-09-27 02:07:00,33.0,False,nan,5252460.0
In,2018-09-27 02:11:00,33.0,False,nan,5252700.0
In,2018-09-27 02:13:00,33.0,False,nan,5252820.0
In,2018-09-27 02:15:00,33.0,False,nan,5252940.0
In,2018-09-27 02:17:00,32.0,False,nan,5253060.0
In,2018-09-27 02:21:00,32.0,False,nan,5253300.0
In,2018-09-27 02:29:00,32.0,False,nan,5253780.0
In,2018-09-27 02:35:00,31.0,False,nan,5254140.0
In,2018-09-27 02:41:00,31.0,False,nan,5254500.0
In,2018-09-27 03:05:00,31.0,False,nan,5255940.0
In,2018-09-27 03:23:00,31.0,False,nan,5257020.0
In,2018-09-27 03:41:00,31.0,False,nan,5258100.0
In,2018-09-27 03:43:00,30.0,False,nan,5258220.0
In,2018-09-27 04:19:00,30.0,False,nan,5260380.0
In,2018-09-27 04:40:00,30.0,False,nan,5261640.0
In,2018-09-27 04:42:00,30.0,False,nan,5261760.0
In,2018-09-27 04:46:00,30.0,False,nan,5262000.0
In,2018-09-27 04:50:00,30.0,False,nan,5262240.0
In,2018-09-27 05:04:00,42.44762155907817,True,step,5263080.0
In,2018-09-27 05:32:00,42.44762155907817,True,step,5264760.0
In,2018-09-27 05:48:00,42.44762155907817,True,step,5265720.0
In,2018-09-27 06:04:00,42.44762155907817,True,step,5266680.0
In,2018-09-27 06:20:00,42.44762155907817,True,step,5267640.0
In,2018-09-27 06:42:00,42.44762155907817,True,step,5268960.0
In,2018-09-27 09:16:00,42.44762155907817,True,step,5278200.0
In,2018-09-27 09:42:00,42.44762155907817,True,step,5279760.0
In,2018-09-27 09:44:00,42.44762155907817,True,step,5279880.0
In,2018-09-27 09:50:00,42.44762155907817,True,step,5280240.0
In,2018-09-27 10:10:00,42.44762155907817,True,step,5281440.0
In,2018-09-27 10:12:00,42.44762155907817,True,step,5281560.0
In,2018-09-27 10:20:00,42.44762155907817,True,step,5282040.0
In,2018-09-27 10:22:00,42.44762155907817,True,step,5282160.0
In,2018-09-27 10:38:00,42.44762155907817,True,step,5283120.0
In,2018-09-27 11:34:00,42.44762155907817,True,step,5286480.0
In,2018-09-27 12:06:00,42.44762155907817,True,step,5288400.0
In,2018-09-27 12:20:00,43.44762155907817,True,step,5289240.0
In,2018-09-27 12:44:00,44.44762155907817,True,step,5290680.0
In,2018-09-27 12:46:00,44.44762155907817,True,step,5290800.0
In,2018-09-27 13:18:00,44.44762155907817,True,step,5292720.0
In,2018-09-27 13:43:00,44.44762155907817,True,step,5294220.0
In,2018-09-27 13:51:00,45.44762155907817,True,step,5294700.0
In,2018-09-27 13:53:00,44.44762155907817,True,step,5294820.0
In,2018-09-27 13:57:00,33.0,False,nan,5295060.0
In,2018-09-27 14:03:00,33.0,False,nan,5295420.0
In,2018-09-27 14:27:00,33.0,False,nan,5296860.0
In,2018-09-27 14:47:00,33.0,False,nan,5298060.0
In,2018-09-27 15:09:00,33.0,False,nan,5299380.0
In,2018-09-27 15:35:00,33.0,False,nan,5300940.0
In,2018-09-27 16:07:00,33.0,False,nan,5302860.0
In,2018-09-27 16:37:00,33.0,False,nan,5304660.0
In,2018-09-27 17:55:00,33.0,False,nan,5309340.0
In,2018-09-27 18:49:00,33.0,False,nan,5312580.0
In,2018-09-27 21:01:00,33.0,False,nan,5320500.0
In,2018-09-28 01:22:00,34.0,False,nan,5336160.0
In,2018-09-28 01:24:00,33.0,False,nan,5336280.0
In,2018-09-28 01:28:00,33.0,False,nan,5336520.0
In,2018-09-28 01:30:00,33.0,False,nan,5336640.0
In,2018-09-28 01:36:00,33.0,False,nan,5337000.0
In,2018-09-28 01:40:00,34.0,False,nan,5337240.0
In,2018-09-28 01:42:00,33.0,False,nan,5337360.0
In,2018-09-28 02:10:00,33.0,False,nan,5339040.0
In,2018-09-28 02:44:00,33.0,False,nan,5341080.0
In,2018-09-28 02:46:00,33.0,False,nan,5341200.0
In,2018-09-28 02:50:00,33.0,False,nan,5341440.0
In,2018-09-28 02:54:00,33.0,False,nan,5341680.0
In,2018-09-28 02:58:00,32.0,False,nan,5341920.0
In,2018-09-28 03:06:00,32.0,False,nan,5342400.0
In,2018-09-28 03:12:00,32.0,False,nan,5342760.0
In,2018-09-28 03:22:00,31.0,False,nan,5343360.0
In,2018-09-28 03:26:00,31.0,False,nan,5343600.0
In,2018-09-28 03:32:00,31.0,False,nan,5343960.0
In,2018-09-28 03:36:00,31.0,False,nan,5344200.0
In,2018-09-28 03:50:00,31.0,False,nan,5345040.0
In,2018-09-28 03:52:00,31.0,False,nan,5345160.0
In,2018-09-28 03:54:00,31.0,False,nan,5345280.0
In,2018-09-28 03:56:00,31.0,False,nan,5345400.0
In,2018-09-28 03:58:00,31.0,False,nan,5345520.0
In,2018-09-28 04:06:00,31.0,False,nan,5346000.0
In,2018-09-28 04:24:00,31.0,False,nan,5347080.0
In,2018-09-28 04:34:00,31.0,False,nan,5347680.0
In,2018-09-28 04:46:00,31.0,False,nan,5348400.0
In,2018-09-28 04:50:00,30.0,False,nan,5348640.0
In,2018-09-28 04:52:00,31.0,False,nan,5348760.0
In,2018-09-28 04:54:00,30.0,False,nan,5348880.0
In,2018-09-28 05:04:00,30.0,False,nan,5349480.0
In,2018-09-28 05:06:00,30.0,False,nan,5349600.0
In,2018-09-28 05:10:00,30.0,False,nan,5349840.0
In,2018-09-28 05:24:00,30.0,False,nan,5350680.0
In,2018-09-28 05:28:00,30.0,False,nan,5350920.0
In,2018-09-28 05:30:00,30.0,False,nan,5351040.0
In,2018-09-28 05:32:00,30.0,False,nan,5351160.0
In,2018-09-28 05:42:00,30.0,False,nan,5351760.0
In,2018-09-28 05:44:00,30.0,False,nan,5351880.0
In,2018-09-28 05:48:00,30.0,False,nan,5352120.0
In,2018-09-28 06:10:00,30.0,False,nan,5353440.0
In,2018-09-28 06:14:00,30.0,False,nan,5353680.0
In,2018-09-28 06:16:00,29.0,False,nan,5353800.0
In,2018-09-28 06:18:00,30.0,False,nan,5353920.0
In,2018-09-28 06:24:00,30.0,False,nan,5354280.0
In,2018-09-28 06:26:00,30.0,False,nan,5354400.0
In,2018-09-28 06:28:00,30.0,False,nan,5354520.0
In,2018-09-28 06:30:00,30.0,False,nan,5354640.0
In,2018-09-28 06:46:00,30.0,False,nan,5355600.0
In,2018-09-28 06:48:00,30.0,False,nan,5355720.0
In,2018-09-28 06:50:00,30.0,False,nan,5355840.0
In,2018-09-28 07:19:00,30.0,False,nan,5357580.0
In,2018-09-28 07:37:00,30.0,False,nan,5358660.0
In,2018-09-28 07:49:00,29.0,False,nan,5359380.0
In,2018-09-28 07:51:00,30.0,False,nan,5359500.0
In,2018-09-28 07:57:00,30.0,False,nan,5359860.0
In,2018-09-28 07:59:00,29.0,False,nan,5359980.0
In,2018-09-28 08:11:00,29.0,False,nan,5360700.0
In,2018-09-28 08:17:00,29.0,False,nan,5361060.0
In,2018-09-28 08:21:00,29.0,False,nan,5361300.0
In,2018-09-28 08:39:00,29.0,False,nan,5362380.0
In,2018-09-28 08:47:00,29.0,False,nan,5362860.0
In,2018-09-28 09:17:00,29.0,False,nan,5364660.0
In,2018-09-28 09:19:00,29.0,False,nan,5364780.0
In,2018-09-28 09:29:00,29.0,False,nan,5365380.0
In,2018-09-28 09:33:00,29.0,False,nan,5365620.0
In,2018-09-28 09:41:00,30.0,False,nan,5366100.0
In,2018-09-28 09:43:00,29.0,False,nan,5366220.0
In,2018-09-28 09:45:00,29.0,False,nan,5366340.0
In,2018-09-28 09:47:00,30.0,False,nan,5366460.0
In,2018-09-28 09:49:00,29.0,False,nan,5366580.0
In,2018-09-28 09:55:00,29.0,False,nan,5366940.0
In,2018-09-28 10:23:00,29.0,False,nan,5368620.0
In,2018-09-28 11:27:00,29.0,False,nan,5372460.0
In,2018-09-28 11:35:00,29.0,False,nan,5372940.0
In,2018-09-28 11:39:00,30.0,False,nan,5373180.0
In,2018-09-28 11:45:00,30.0,False,nan,5373540.0
In,2018-09-28 11:47:00,30.0,False,nan,5373660.0
In,2018-09-28 11:53:00,30.0,False,nan,5374020.0
In,2018-09-28 11:55:00,31.0,False,nan,5374140.0
In,2018-09-28 12:07:00,31.0,False,nan,5374860.0
In,2018-09-28 12:09:00,31.0,False,nan,5374980.0
In,2018-09-28 12:17:00,32.0,False,nan,5375460.0
In,2018-09-28 12:19:00,31.0,False,nan,5375580.0
In,2018-09-28 12:21:00,32.0,False,nan,5375700.0
In,2018-09-28 12:23:00,32.0,False,nan,5375820.0
In,2018-09-28 12:55:00,32.0,False,nan,5377740.0
In,2018-09-28 13:17:00,33.0,False,nan,5379060.0
In,2018-09-28 13:19:00,32.0,False,nan,5379180.0
In,2018-09-28 13:21:00,32.0,False,nan,5379300.0
In,2018-09-28 13:23:00,33.0,False,nan,5379420.0
In,2018-09-28 13:25:00,32.0,False,nan,5379540.0
In,2018-09-28 13:27:00,33.0,False,nan,5379660.0
In,2018-09-28 14:03:00,33.0,False,nan,5381820.0
In,2018-09-28 15:05:00,33.0,False,nan,5385540.0
In,2018-09-28 15:07:00,33.0,False,nan,5385660.0
In,2018-09-28 15:17:00,33.0,False,nan,5386260.0
In,2018-09-28 16:14:00,33.0,False,nan,5389680.0
In,2018-09-28 16:16:00,33.0,False,nan,5389800.0
In,2018-09-28 16:18:00,33.0,False,nan,5389920.0
In,2018-09-28 17:12:00,33.0,False,nan,5393160.0
In,2018-09-28 17:16:00,33.0,False,nan,5393400.0
In,2018-09-28 17:18:00,33.0,False,nan,5393520.0
In,2018-09-28 18:58:00,33.0,False,nan,5399520.0
In,2018-09-28 19:00:00,33.0,False,nan,5399640.0
In,2018-09-28 19:08:00,33.0,False,nan,5400120.0
In,2018-09-28 19:40:00,34.0,False,nan,5402040.0
In,2018-09-28 19:42:00,33.0,False,nan,5402160.0
In,2018-09-28 19:44:00,34.0,False,nan,5402280.0
In,2018-09-28 19:46:00,33.0,False,nan,5402400.0
In,2018-09-28 20:00:00,34.0,False,nan,5403240.0
In,2018-09-28 20:02:00,33.0,False,nan,5403360.0
In,2018-09-28 20:10:00,34.0,False,nan,5403840.0
In,2018-09-28 20:12:00,33.0,False,nan,5403960.0
In,2018-09-28 20:26:00,33.0,False,nan,5404800.0
In,2018-09-28 20:32:00,34.0,False,nan,5405160.0
In,2018-09-28 20:34:00,33.0,False,nan,5405280.0
In,2018-09-28 20:58:00,34.0,False,nan,5406720.0
In,2018-09-28 21:02:00,33.0,False,nan,5406960.0
In,2018-09-28 21:16:00,34.0,False,nan,5407800.0
In,2018-09-28 21:18:00,33.0,False,nan,5407920.0
In,2018-09-28 21:38:00,34.0,False,nan,5409120.0
In,2018-09-28 21:40:00,33.0,False,nan,5409240.0
In,2018-09-28 21:56:00,34.0,False,nan,5410200.0
In,2018-09-28 21:58:00,33.0,False,nan,5410320.0
In,2018-09-28 22:00:00,34.0,False,nan,5410440.0
In,2018-09-28 22:02:00,33.0,False,nan,5410560.0
In,2018-09-28 22:08:00,34.0,False,nan,5410920.0
In,2018-09-28 22:12:00,33.0,False,nan,5411160.0
In,2018-09-28 22:20:00,34.0,False,nan,5411640.0
In,2018-09-28 22:24:00,33.0,False,nan,5411880.0
In,2018-09-28 22:26:00,34.0,False,nan,5412000.0
In,2018-09-28 22:28:00,33.0,False,nan,5412120.0
In,2018-09-28 22:36:00,34.0,False,nan,5412600.0
In,2018-09-28 22:38:00,33.0,False,nan,5412720.0
In,2018-09-28 22:42:00,34.0,False,nan,5412960.0
In,2018-09-28 22:44:00,33.0,False,nan,5413080.0
In,2018-09-28 22:46:00,34.0,False,nan,5413200.0
In,2018-09-28 22:58:00,33.0,False,nan,5413920.0
In,2018-09-28 23:00:00,34.0,False,nan,5414040.0
In,2018-09-28 23:02:00,33.0,False,nan,5414160.0
In,2018-09-28 23:10:00,34.0,False,nan,5414640.0
In,2018-09-28 23:16:00,33.0,False,nan,5415000.0
In,2018-09-28 23:18:00,34.0,False,nan,5415120.0
In,2018-09-28 23:20:00,33.0,False,nan,5415240.0
In,2018-09-28 23:26:00,34.0,False,nan,5415600.0
In,2018-09-28 23:32:00,33.0,False,nan,5415960.0
In,2018-09-28 23:34:00,34.0,False,nan,5416080.0
In,2018-09-28 23:36:00,33.0,False,nan,5416200.0
In,2018-09-28 23:38:00,34.0,False,nan,5416320.0
In,2018-09-28 23:40:00,33.0,False,nan,5416440.0
In,2018-09-28 23:42:00,34.0,False,nan,5416560.0
In,2018-09-28 23:44:00,33.0,False,nan,5416680.0
In,2018-09-28 23:46:00,34.0,False,nan,5416800.0
In,2018-09-28 23:48:00,33.0,False,nan,5416920.0
In,2018-09-28 23:50:00,34.0,False,nan,5417040.0
In,2018-09-28 23:52:00,33.0,False,nan,5417160.0
In,2018-09-28 23:54:00,34.0,False,nan,5417280.0
In,2018-09-28 23:56:00,33.0,False,nan,5417400.0
In,2018-09-28 23:58:00,34.0,False,nan,5417520.0
In,2018-09-29 00:00:00,33.0,False,nan,5417640.0
In,2018-09-29 00:06:00,34.0,False,nan,5418000.0
In,2018-09-29 00:08:00,33.0,False,nan,5418120.0
In,2018-09-29 00:16:00,34.0,False,nan,5418600.0
In,2018-09-29 00:18:00,33.0,False,nan,5418720.0
In,2018-09-29 00:22:00,34.0,False,nan,5418960.0
In,2018-09-29 00:24:00,33.0,False,nan,5419080.0
In,2018-09-29 00:26:00,34.0,False,nan,5419200.0
In,2018-09-29 00:29:00,33.0,False,nan,5419380.0
In,2018-09-29 00:33:00,34.0,False,nan,5419620.0
In,2018-09-29 00:35:00,33.0,False,nan,5419740.0
In,2018-09-29 00:37:00,34.0,False,nan,5419860.0
In,2018-09-29 00:39:00,33.0,False,nan,5419980.0
In,2018-09-29 00:43:00,34.0,False,nan,5420220.0
In,2018-09-29 00:51:00,33.0,False,nan,5420700.0
In,2018-09-29 00:55:00,34.0,False,nan,5420940.0
In,2018-09-29 00:57:00,33.0,False,nan,5421060.0
In,2018-09-29 00:59:00,34.0,False,nan,5421180.0
In,2018-09-29 01:02:00,33.0,False,nan,5421360.0
In,2018-09-29 01:03:00,34.0,False,nan,5421420.0
In,2018-09-29 01:09:00,33.0,False,nan,5421780.0
In,2018-09-29 01:11:00,34.0,False,nan,5421900.0
In,2018-09-29 01:15:00,33.0,False,nan,5422140.0
In,2018-09-29 01:29:00,34.0,False,nan,5422980.0
In,2018-09-29 01:33:00,33.0,False,nan,5423220.0
In,2018-09-29 01:41:00,34.0,False,nan,5423700.0
In,2018-09-29 01:43:00,33.0,False,nan,5423820.0
In,2018-09-29 01:59:00,34.0,False,nan,5424780.0
In,2018-09-29 02:01:00,33.0,False,nan,5424900.0
In,2018-09-29 02:11:00,34.0,False,nan,5425500.0
In,2018-09-29 02:13:00,33.0,False,nan,5425620.0
In,2018-09-29 02:15:00,34.0,False,nan,5425740.0
In,2018-09-29 02:23:00,34.0,False,nan,5426220.0
In,2018-09-29 02:25:00,33.0,False,nan,5426340.0
In,2018-09-29 02:27:00,34.0,False,nan,5426460.0
In,2018-09-29 04:57:00,34.0,False,nan,5435460.0
In,2018-09-29 05:03:00,34.0,False,nan,5435820.0
In,2018-09-29 05:05:00,34.0,False,nan,5435940.0
In,2018-09-29 06:25:00,34.0,False,nan,5440740.0
In,2018-09-29 06:27:00,34.0,False,nan,5440860.0
In,2018-09-29 06:29:00,34.0,False,nan,5440980.0
In,2018-09-29 07:39:00,34.0,False,nan,5445180.0
In,2018-09-29 08:41:00,34.0,False,nan,5448900.0
In,2018-09-29 08:43:00,34.0,False,nan,5449020.0
In,2018-09-29 08:51:00,34.0,False,nan,5449500.0
In,2018-09-29 09:58:00,34.0,False,nan,5453520.0
In,2018-09-29 10:00:00,34.0,False,nan,5453640.0
In,2018-09-29 10:04:00,34.0,False,nan,5453880.0
In,2018-09-29 10:06:00,34.0,False,nan,5454000.0
In,2018-09-29 10:08:00,34.0,False,nan,5454120.0
In,2018-09-29 10:14:00,34.0,False,nan,5454480.0
In,2018-09-29 10:46:00,34.0,False,nan,5456400.0
In,2018-09-29 10:50:00,34.0,False,nan,5456640.0
In,2018-09-29 12:56:00,35.0,False,nan,5464200.0
In,2018-09-29 12:58:00,34.0,False,nan,5464320.0
In,2018-09-29 13:52:00,34.0,False,nan,5467560.0
In,2018-09-29 14:18:00,35.0,False,nan,5469120.0
In,2018-09-29 14:20:00,34.0,False,nan,5469240.0
In,2018-09-29 14:30:00,34.0,False,nan,5469840.0
In,2018-09-29 14:32:00,34.0,False,nan,5469960.0
In,2018-09-29 14:34:00,34.0,False,nan,5470080.0
In,2018-09-29 14:36:00,34.0,False,nan,5470200.0
In,2018-09-29 14:38:00,34.0,False,nan,5470320.0
In,2018-09-29 15:42:00,34.0,False,nan,5474160.0
In,2018-09-29 15:44:00,34.0,False,nan,5474280.0
In,2018-09-29 15:46:00,34.0,False,nan,5474400.0
In,2018-09-29 17:20:00,34.0,False,nan,5480040.0
In,2018-09-29 17:22:00,34.0,False,nan,5480160.0
In,2018-09-29 17:36:00,34.0,False,nan,5481000.0
In,2018-09-29 17:40:00,34.0,False,nan,5481240.0
In,2018-09-29 17:42:00,34.0,False,nan,5481360.0
In,2018-09-29 17:49:00,34.0,False,nan,5481780.0
In,2018-09-29 17:51:00,34.0,False,nan,5481900.0
In,2018-09-29 18:31:00,35.0,False,nan,5484300.0
In,2018-09-29 18:33:00,34.0,False,nan,5484420.0
In,2018-09-29 20:35:00,34.0,False,nan,5491740.0
In,2018-09-29 20:41:00,34.0,False,nan,5492100.0
In,2018-09-29 20:47:00,34.0,False,nan,5492460.0
In,2018-09-29 21:33:00,34.0,False,nan,5495220.0
In,2018-09-29 21:41:00,34.0,False,nan,5495700.0
In,2018-09-29 21:43:00,34.0,False,nan,5495820.0
In,2018-09-29 22:53:00,34.0,False,nan,5500020.0
In,2018-09-29 23:51:00,34.0,False,nan,5503500.0
In,2018-09-30 00:51:00,34.0,False,nan,5507100.0
In,2018-09-30 02:32:00,34.0,False,nan,5513160.0
In,2018-09-30 02:34:00,34.0,False,nan,5513280.0
In,2018-09-30 02:40:00,34.0,False,nan,5513640.0
In,2018-09-30 02:42:00,34.0,False,nan,5513760.0
In,2018-09-30 02:44:00,34.0,False,nan,5513880.0
In,2018-09-30 02:46:00,34.0,False,nan,5514000.0
In,2018-09-30 02:48:00,34.0,False,nan,5514120.0
In,2018-09-30 05:32:00,34.0,False,nan,5523960.0
In,2018-09-30 05:58:00,34.0,False,nan,5525520.0
In,2018-10-09 05:13:00,31.0,False,nan,6300420.0
In,2018-10-09 05:15:00,31.0,False,nan,6300540.0
In,2018-10-09 05:33:00,31.0,False,nan,6301620.0
In,2018-10-09 05:37:00,31.0,False,nan,6301860.0
In,2018-10-09 05:41:00,32.0,False,nan,6302100.0
In,2018-10-09 06:23:00,32.0,False,nan,6304620.0
In,2018-10-09 06:33:00,32.0,False,nan,6305220.0
In,2018-10-09 06:43:00,32.0,False,nan,6305820.0
In,2018-10-09 06:47:00,32.0,False,nan,6306060.0
In,2018-10-09 06:49:00,31.0,False,nan,6306180.0
In,2018-10-09 06:51:00,32.0,False,nan,6306300.0
In,2018-10-09 07:01:00,31.0,False,nan,6306900.0
In,2018-10-09 07:29:00,31.0,False,nan,6308580.0
In,2018-10-09 07:31:00,31.0,False,nan,6308700.0
In,2018-10-09 07:33:00,31.0,False,nan,6308820.0
In,2018-10-09 07:35:00,31.0,False,nan,6308940.0
In,2018-10-09 07:37:00,31.0,False,nan,6309060.0
In,2018-10-09 07:59:00,31.0,False,nan,6310380.0
In,2018-10-09 08:05:00,31.0,False,nan,6310740.0
In,2018-10-09 08:25:00,31.0,False,nan,6311940.0
In,2018-10-09 08:29:00,31.0,False,nan,6312180.0
In,2018-10-09 08:33:00,31.0,False,nan,6312420.0
In,2018-10-09 08:37:00,31.0,False,nan,6312660.0
In,2018-10-09 08:39:00,31.0,False,nan,6312780.0
In,2018-10-09 08:43:00,31.0,False,nan,6313020.0
In,2018-10-09 08:47:00,31.0,False,nan,6313260.0
In,2018-10-09 08:49:00,31.0,False,nan,6313380.0
In,2018-10-09 08:51:00,31.0,False,nan,6313500.0
In,2018-10-09 08:53:00,31.0,False,nan,6313620.0
In,2018-10-09 08:55:00,31.0,False,nan,6313740.0
In,2018-10-09 09:33:00,31.0,False,nan,6316020.0
In,2018-10-09 09:35:00,31.0,False,nan,6316140.0
In,2018-10-09 10:01:00,31.0,False,nan,6317700.0
In,2018-10-09 10:03:00,31.0,False,nan,6317820.0
In,2018-10-09 10:09:00,31.0,False,nan,6318180.0
In,2018-10-09 10:15:00,31.0,False,nan,6318540.0
In,2018-10-09 10:17:00,31.0,False,nan,6318660.0
In,2018-10-09 10:46:00,31.0,False,nan,6320400.0
In,2018-10-09 10:48:00,31.0,False,nan,6320520.0
In,2018-10-09 10:50:00,31.0,False,nan,6320640.0
In,2018-10-09 10:54:00,31.0,False,nan,6320880.0
In,2018-10-09 11:42:00,30.0,False,nan,6323760.0
In,2018-10-09 11:44:00,31.0,False,nan,6323880.0
In,2018-10-09 11:50:00,30.0,False,nan,6324240.0
In,2018-10-09 11:58:00,31.0,False,nan,6324720.0
In,2018-10-09 12:00:00,31.0,False,nan,6324840.0
In,2018-10-09 12:50:00,31.0,False,nan,6327840.0
In,2018-10-09 13:02:00,32.0,False,nan,6328560.0
In,2018-10-09 13:22:00,33.0,False,nan,6329760.0
In,2018-10-09 13:24:00,32.0,False,nan,6329880.0
In,2018-10-09 13:26:00,33.0,False,nan,6330000.0
In,2018-10-09 13:28:00,33.0,False,nan,6330120.0
In,2018-10-09 13:30:00,33.0,False,nan,6330240.0
In,2018-10-09 14:28:00,34.0,False,nan,6333720.0
In,2018-10-09 15:00:00,34.0,False,nan,6335640.0
In,2018-10-09 15:46:00,34.0,False,nan,6338400.0
In,2018-10-09 15:50:00,34.0,False,nan,6338640.0
In,2018-10-09 15:52:00,34.0,False,nan,6338760.0
In,2018-10-09 16:34:00,34.0,False,nan,6341280.0
In,2018-10-09 17:12:00,34.0,False,nan,6343560.0
In,2018-10-09 17:14:00,34.0,False,nan,6343680.0
In,2018-10-09 17:22:00,34.0,False,nan,6344160.0
In,2018-10-09 18:58:00,34.0,False,nan,6349920.0
In,2018-10-09 20:59:00,34.0,False,nan,6357180.0
In,2018-10-09 21:01:00,34.0,False,nan,6357300.0
In,2018-10-09 21:03:00,34.0,False,nan,6357420.0
In,2018-10-09 21:05:00,34.0,False,nan,6357540.0
In,2018-10-09 21:07:00,34.0,False,nan,6357660.0
In,2018-10-09 22:57:00,34.0,False,nan,6364260.0
In,2018-10-09 23:03:00,34.0,False,nan,6364620.0
In,2018-10-09 23:05:00,34.0,False,nan,6364740.0
In,2018-10-10 01:03:00,34.0,False,nan,6371820.0
In,2018-10-10 01:05:00,34.0,False,nan,6371940.0
In,2018-10-10 01:13:00,34.0,False,nan,6372420.0
In,2018-10-10 01:15:00,34.0,False,nan,6372540.0
In,2018-10-10 01:17:00,34.0,False,nan,6372660.0
In,2018-10-10 01:19:00,34.0,False,nan,6372780.0
In,2018-10-10 01:23:00,34.0,False,nan,6373020.0
In,2018-10-10 01:25:00,34.0,False,nan,6373140.0
In,2018-10-10 01:29:00,34.0,False,nan,6373380.0
In,2018-10-10 01:31:00,34.0,False,nan,6373500.0
In,2018-10-10 01:35:00,34.0,False,nan,6373740.0
In,2018-10-10 02:05:00,34.0,False,nan,6375540.0
In,2018-10-10 02:07:00,34.0,False,nan,6375660.0
In,2018-10-10 02:11:00,34.0,False,nan,6375900.0
In,2018-10-10 02:13:00,33.0,False,nan,6376020.0
In,2018-10-10 02:21:00,33.0,False,nan,6376500.0
In,2018-10-10 02:25:00,33.0,False,nan,6376740.0
In,2018-10-10 02:39:00,33.0,False,nan,6377580.0
In,2018-10-10 02:41:00,33.0,False,nan,6377700.0
In,2018-10-10 02:43:00,33.0,False,nan,6377820.0
In,2018-10-10 02:57:00,34.0,False,nan,6378660.0
In,2018-10-10 03:21:00,34.0,False,nan,6380100.0
In,2018-10-10 03:31:00,34.0,False,nan,6380700.0
In,2018-10-10 03:39:00,33.0,False,nan,6381180.0
In,2018-10-10 03:41:00,33.0,False,nan,6381300.0
In,2018-10-10 03:43:00,33.0,False,nan,6381420.0
In,2018-10-10 03:47:00,32.0,False,nan,6381660.0
In,2018-10-10 03:51:00,32.0,False,nan,6381900.0
In,2018-10-10 03:53:00,31.0,False,nan,6382020.0
In,2018-10-10 03:55:00,31.0,False,nan,6382140.0
In,2018-10-10 03:59:00,31.0,False,nan,6382380.0
In,2018-10-10 04:01:00,31.0,False,nan,6382500.0
In,2018-10-10 04:04:00,30.0,False,nan,6382680.0
In,2018-10-10 04:08:00,30.0,False,nan,6382920.0
In,2018-10-10 04:12:00,30.0,False,nan,6383160.0
In,2018-10-10 04:18:00,29.0,False,nan,6383520.0
In,2018-10-10 04:46:00,29.0,False,nan,6385200.0
In,2018-10-10 05:08:00,29.0,False,nan,6386520.0
In,2018-10-10 05:10:00,29.0,False,nan,6386640.0
In,2018-10-10 05:12:00,29.0,False,nan,6386760.0
In,2018-10-10 05:14:00,29.0,False,nan,6386880.0
In,2018-10-10 05:20:00,29.0,False,nan,6387240.0
In,2018-10-10 05:22:00,29.0,False,nan,6387360.0
In,2018-10-10 05:24:00,30.0,False,nan,6387480.0
In,2018-10-10 05:28:00,30.0,False,nan,6387720.0
In,2018-10-10 05:30:00,29.0,False,nan,6387840.0
In,2018-10-10 05:32:00,30.0,False,nan,6387960.0
In,2018-10-10 05:34:00,29.0,False,nan,6388080.0
In,2018-10-10 05:36:00,29.0,False,nan,6388200.0
In,2018-10-10 05:42:00,29.0,False,nan,6388560.0
In,2018-10-10 06:06:00,29.0,False,nan,6390000.0
In,2018-10-10 06:24:00,29.0,False,nan,6391080.0
In,2018-10-10 06:26:00,29.0,False,nan,6391200.0
In,2018-10-10 06:28:00,28.0,False,nan,6391320.0
In,2018-10-10 06:30:00,29.0,False,nan,6391440.0
In,2018-10-10 06:34:00,29.0,False,nan,6391680.0
In,2018-10-10 06:36:00,29.0,False,nan,6391800.0
In,2018-10-10 06:40:00,29.0,False,nan,6392040.0
In,2018-10-10 06:46:00,28.0,False,nan,6392400.0
In,2018-10-10 06:48:00,29.0,False,nan,6392520.0
In,2018-10-10 06:50:00,28.0,False,nan,6392640.0
In,2018-10-10 06:52:00,28.0,False,nan,6392760.0
In,2018-10-10 06:54:00,28.0,False,nan,6392880.0
In,2018-10-10 07:10:00,29.0,False,nan,6393840.0
In,2018-10-10 07:12:00,28.0,False,nan,6393960.0
In,2018-10-10 07:14:00,28.0,False,nan,6394080.0
In,2018-10-10 07:36:00,29.0,False,nan,6395400.0
In,2018-10-10 07:40:00,29.0,False,nan,6395640.0
In,2018-10-10 07:44:00,29.0,False,nan,6395880.0
In,2018-10-10 07:46:00,29.0,False,nan,6396000.0
In,2018-10-10 07:48:00,29.0,False,nan,6396120.0
In,2018-10-10 07:50:00,29.0,False,nan,6396240.0
In,2018-10-10 07:52:00,29.0,False,nan,6396360.0
In,2018-10-10 08:12:00,29.0,False,nan,6397560.0
In,2018-10-10 08:28:00,29.0,False,nan,6398520.0
In,2018-10-10 08:32:00,28.0,False,nan,6398760.0
In,2018-10-10 08:36:00,28.0,False,nan,6399000.0
In,2018-10-10 08:40:00,28.0,False,nan,6399240.0
In,2018-10-10 08:42:00,28.0,False,nan,6399360.0
In,2018-10-10 08:58:00,28.0,False,nan,6400320.0
In,2018-10-10 09:10:00,27.0,False,nan,6401040.0
In,2018-10-10 09:14:00,27.0,False,nan,6401280.0
In,2018-10-10 09:50:00,27.0,False,nan,6403440.0
In,2018-10-10 09:56:00,27.0,False,nan,6403800.0
In,2018-10-11 15:32:00,35.0,False,nan,6510360.0
In,2018-10-11 17:32:00,35.0,False,nan,6517560.0
In,2018-10-11 17:34:00,35.0,False,nan,6517680.0
In,2018-10-11 17:56:00,35.0,False,nan,6519000.0
In,2018-10-11 18:02:00,35.0,False,nan,6519360.0
In,2018-10-11 18:06:00,35.0,False,nan,6519600.0
In,2018-10-11 18:22:00,35.0,False,nan,6520560.0
In,2018-10-11 18:24:00,35.0,False,nan,6520680.0
In,2018-10-11 18:26:00,35.0,False,nan,6520800.0
In,2018-10-11 18:28:00,35.0,False,nan,6520920.0
In,2018-10-11 18:32:00,35.0,False,nan,6521160.0
In,2018-10-11 18:40:00,35.0,False,nan,6521640.0
In,2018-10-11 18:42:00,35.0,False,nan,6521760.0
In,2018-10-11 18:44:00,35.0,False,nan,6521880.0
In,2018-10-11 18:46:00,35.0,False,nan,6522000.0
In,2018-10-11 20:26:00,35.0,False,nan,6528000.0
In,2018-10-11 20:38:00,34.0,False,nan,6528720.0
In,2018-10-11 20:40:00,35.0,False,nan,6528840.0
In,2018-10-11 20:42:00,34.0,False,nan,6528960.0
In,2018-10-11 20:44:00,35.0,False,nan,6529080.0
In,2018-10-12 00:37:00,34.0,False,nan,6543060.0
In,2018-10-12 00:39:00,35.0,False,nan,6543180.0
In,2018-10-12 00:47:00,34.0,False,nan,6543660.0
In,2018-10-12 00:49:00,35.0,False,nan,6543780.0
In,2018-10-12 01:33:00,34.0,False,nan,6546420.0
In,2018-10-12 01:37:00,35.0,False,nan,6546660.0
In,2018-10-12 01:39:00,34.0,False,nan,6546780.0
In,2018-10-12 01:41:00,35.0,False,nan,6546900.0
In,2018-10-12 01:45:00,34.0,False,nan,6547140.0
In,2018-10-12 01:49:00,35.0,False,nan,6547380.0
In,2018-10-12 01:51:00,35.0,False,nan,6547500.0
In,2018-10-12 01:53:00,34.0,False,nan,6547620.0
In,2018-10-12 01:57:00,35.0,False,nan,6547860.0
In,2018-10-12 01:59:00,34.0,False,nan,6547980.0
In,2018-10-12 02:01:00,35.0,False,nan,6548100.0
In,2018-10-12 02:03:00,34.0,False,nan,6548220.0
In,2018-10-12 02:09:00,35.0,False,nan,6548580.0
In,2018-10-12 02:15:00,34.0,False,nan,6548940.0
In,2018-10-12 02:17:00,35.0,False,nan,6549060.0
In,2018-10-12 02:19:00,34.0,False,nan,6549180.0
In,2018-10-12 02:21:00,35.0,False,nan,6549300.0
In,2018-10-12 02:25:00,34.0,False,nan,6549540.0
In,2018-10-12 02:29:00,35.0,False,nan,6549780.0
In,2018-10-12 02:31:00,34.0,False,nan,6549900.0
In,2018-10-12 02:35:00,35.0,False,nan,6550140.0
In,2018-10-12 02:37:00,34.0,False,nan,6550260.0
In,2018-10-12 02:41:00,35.0,False,nan,6550500.0
In,2018-10-12 02:43:00,34.0,False,nan,6550620.0
In,2018-10-12 02:45:00,35.0,False,nan,6550740.0
In,2018-10-12 02:47:00,34.0,False,nan,6550860.0
In,2018-10-12 02:49:00,35.0,False,nan,6550980.0
In,2018-10-12 02:51:00,34.0,False,nan,6551100.0
In,2018-10-12 02:57:00,35.0,False,nan,6551460.0
In,2018-10-12 02:59:00,34.0,False,nan,6551580.0
In,2018-10-12 03:01:00,34.0,False,nan,6551700.0
In,2018-10-12 03:15:00,34.0,False,nan,6552540.0
In,2018-10-12 03:21:00,34.0,False,nan,6552900.0
In,2018-10-12 04:45:00,35.0,False,nan,6557940.0
In,2018-10-12 04:47:00,34.0,False,nan,6558060.0
In,2018-10-12 04:49:00,35.0,False,nan,6558180.0
In,2018-10-12 04:55:00,34.0,False,nan,6558540.0
In,2018-10-12 04:57:00,35.0,False,nan,6558660.0
In,2018-10-12 07:29:00,35.0,False,nan,6567780.0
In,2018-10-12 07:37:00,35.0,False,nan,6568260.0
In,2018-10-12 07:43:00,35.0,False,nan,6568620.0
In,2018-10-12 07:49:00,35.0,False,nan,6568980.0
In,2018-10-12 07:53:00,35.0,False,nan,6569220.0
In,2018-10-12 08:01:00,35.0,False,nan,6569700.0
In,2018-10-12 08:03:00,35.0,False,nan,6569820.0
In,2018-10-12 08:09:00,35.0,False,nan,6570180.0
In,2018-10-12 08:11:00,35.0,False,nan,6570300.0
In,2018-10-12 08:19:00,35.0,False,nan,6570780.0
In,2018-10-12 08:50:00,34.0,False,nan,6572640.0
In,2018-10-12 08:52:00,34.0,False,nan,6572760.0
In,2018-10-12 08:58:00,34.0,False,nan,6573120.0
In,2018-10-12 09:00:00,33.0,False,nan,6573240.0
In,2018-10-12 09:02:00,33.0,False,nan,6573360.0
In,2018-10-12 09:08:00,32.0,False,nan,6573720.0
In,2018-10-12 09:14:00,32.0,False,nan,6574080.0
In,2018-10-12 09:16:00,31.0,False,nan,6574200.0
In,2018-10-12 09:28:00,30.0,False,nan,6574920.0
In,2018-10-12 09:40:00,30.0,False,nan,6575640.0
In,2018-10-12 09:44:00,31.0,False,nan,6575880.0
In,2018-10-12 09:54:00,32.0,False,nan,6576480.0
In,2018-10-12 10:00:00,32.0,False,nan,6576840.0
In,2018-10-12 10:06:00,33.0,False,nan,6577200.0
In,2018-10-12 10:42:00,34.0,False,nan,6579360.0
In,2018-10-12 12:14:00,34.0,False,nan,6584880.0
In,2018-10-12 12:46:00,35.0,False,nan,6586800.0
In,2018-10-12 12:48:00,34.0,False,nan,6586920.0
In,2018-10-12 13:00:00,34.0,False,nan,6587640.0
In,2018-10-12 13:02:00,34.0,False,nan,6587760.0
In,2018-10-12 13:04:00,34.0,False,nan,6587880.0
In,2018-10-12 13:06:00,35.0,False,nan,6588000.0
In,2018-10-12 13:08:00,34.0,False,nan,6588120.0
In,2018-10-12 13:12:00,35.0,False,nan,6588360.0
In,2018-10-12 13:14:00,34.0,False,nan,6588480.0
In,2018-10-12 13:16:00,35.0,False,nan,6588600.0
In,2018-10-12 13:18:00,34.0,False,nan,6588720.0
In,2018-10-12 13:20:00,35.0,False,nan,6588840.0
In,2018-10-12 13:22:00,34.0,False,nan,6588960.0
In,2018-10-12 13:26:00,35.0,False,nan,6589200.0
In,2018-10-12 13:50:00,35.0,False,nan,6590640.0
In,2018-10-12 13:52:00,35.0,False,nan,6590760.0
In,2018-10-12 13:56:00,35.0,False,nan,6591000.0
In,2018-10-12 15:06:00,35.0,False,nan,6595200.0
In,2018-10-12 16:22:00,35.0,False,nan,6599760.0
In,2018-10-12 17:51:00,35.0,False,nan,6605100.0
In,2018-10-12 18:03:00,35.0,False,nan,6605820.0
In,2018-10-12 18:05:00,35.0,False,nan,6605940.0
In,2018-10-12 19:35:00,34.0,False,nan,6611340.0
In,2018-10-12 19:37:00,35.0,False,nan,6611460.0
In,2018-10-12 20:03:00,35.0,False,nan,6613020.0
In,2018-10-12 20:05:00,35.0,False,nan,6613140.0
In,2018-10-12 20:11:00,35.0,False,nan,6613500.0
In,2018-10-12 20:13:00,35.0,False,nan,6613620.0
In,2018-10-12 20:15:00,35.0,False,nan,6613740.0
In,2018-10-12 20:17:00,35.0,False,nan,6613860.0
In,2018-10-12 20:21:00,35.0,False,nan,6614100.0
In,2018-10-12 20:23:00,35.0,False,nan,6614220.0
In,2018-10-12 20:25:00,35.0,False,nan,6614340.0
In,2018-10-12 20:35:00,34.0,False,nan,6614940.0
In,2018-10-12 20:37:00,35.0,False,nan,6615060.0
In,2018-10-12 21:31:00,34.0,False,nan,6618300.0
In,2018-10-12 21:33:00,35.0,False,nan,6618420.0
In,2018-10-13 00:43:00,35.0,False,nan,6629820.0
In,2018-10-13 00:51:00,35.0,False,nan,6630300.0
In,2018-10-13 00:55:00,35.0,False,nan,6630540.0
In,2018-10-13 01:01:00,35.0,False,nan,6630900.0
In,2018-10-13 01:05:00,35.0,False,nan,6631140.0
In,2018-10-13 01:25:00,35.0,False,nan,6632340.0
In,2018-10-13 01:31:00,35.0,False,nan,6632700.0
In,2018-10-13 02:50:00,35.0,False,nan,6637440.0
In,2018-10-13 03:12:00,35.0,False,nan,6638760.0
In,2018-10-13 03:18:00,35.0,False,nan,6639120.0
In,2018-10-13 03:22:00,35.0,False,nan,6639360.0
In,2018-10-13 03:26:00,35.0,False,nan,6639600.0
In,2018-10-13 03:36:00,35.0,False,nan,6640200.0
In,2018-10-13 03:38:00,35.0,False,nan,6640320.0
In,2018-10-13 03:54:00,35.0,False,nan,6641280.0
In,2018-10-13 03:58:00,35.0,False,nan,6641520.0
In,2018-10-13 04:24:00,35.0,False,nan,6643080.0
In,2018-10-13 04:26:00,35.0,False,nan,6643200.0
In,2018-10-13 04:36:00,35.0,False,nan,6643800.0
In,2018-10-13 06:02:00,23.0,False,nan,6648960.0
In,2018-10-13 06:04:00,23.0,False,nan,6649080.0
In,2018-10-13 06:10:00,35.0,False,nan,6649440.0
In,2018-10-13 07:54:00,35.0,False,nan,6655680.0
In,2018-10-13 07:56:00,35.0,False,nan,6655800.0
In,2018-10-13 08:06:00,35.0,False,nan,6656400.0
In,2018-10-13 08:16:00,35.0,False,nan,6657000.0
In,2018-10-13 08:18:00,35.0,False,nan,6657120.0
In,2018-10-13 09:54:00,35.0,False,nan,6662880.0
In,2018-10-13 14:39:00,35.0,False,nan,6679980.0
In,2018-10-13 16:37:00,35.0,False,nan,6687060.0
In,2018-10-13 19:04:00,35.0,False,nan,6695880.0
In,2018-10-13 19:06:00,35.0,False,nan,6696000.0
In,2018-10-13 19:16:00,35.0,False,nan,6696600.0
In,2018-10-13 19:18:00,35.0,False,nan,6696720.0
In,2018-10-13 19:20:00,35.0,False,nan,6696840.0
In,2018-10-13 19:22:00,35.0,False,nan,6696960.0
In,2018-10-13 19:24:00,35.0,False,nan,6697080.0
In,2018-10-13 19:26:00,35.0,False,nan,6697200.0
In,2018-10-13 19:32:00,35.0,False,nan,6697560.0
In,2018-10-13 19:34:00,35.0,False,nan,6697680.0
In,2018-10-13 19:36:00,35.0,False,nan,6697800.0
In,2018-10-13 19:42:00,35.0,False,nan,6698160.0
In,2018-10-13 19:44:00,35.0,False,nan,6698280.0
In,2018-10-13 21:14:00,35.0,False,nan,6703680.0
In,2018-10-13 21:16:00,35.0,False,nan,6703800.0
In,2018-10-13 21:18:00,35.0,False,nan,6703920.0
In,2018-10-13 21:36:00,35.0,False,nan,6705000.0
In,2018-10-13 21:40:00,35.0,False,nan,6705240.0
In,2018-10-13 22:38:00,35.0,False,nan,6708720.0
In,2018-10-13 22:42:00,35.0,False,nan,6708960.0
In,2018-10-13 22:46:00,35.0,False,nan,6709200.0
In,2018-10-13 23:38:00,36.0,False,nan,6712320.0
In,2018-10-13 23:40:00,35.0,False,nan,6712440.0
In,2018-10-14 19:54:00,35.0,False,nan,6785280.0
In,2018-10-14 19:56:00,35.0,False,nan,6785400.0
In,2018-10-14 19:58:00,35.0,False,nan,6785520.0
In,2018-10-14 20:00:00,35.0,False,nan,6785640.0
In,2018-10-14 20:08:00,35.0,False,nan,6786120.0
In,2018-10-14 20:10:00,35.0,False,nan,6786240.0
In,2018-10-14 22:39:00,35.0,False,nan,6795180.0
In,2018-10-14 22:41:00,35.0,False,nan,6795300.0
In,2018-10-14 22:45:00,35.0,False,nan,6795540.0
In,2018-10-14 22:49:00,35.0,False,nan,6795780.0
In,2018-10-14 22:53:00,35.0,False,nan,6796020.0
In,2018-10-15 02:01:00,35.0,False,nan,6807300.0
In,2018-10-15 02:07:00,34.0,False,nan,6807660.0
In,2018-10-15 02:09:00,34.0,False,nan,6807780.0
In,2018-10-15 02:29:00,33.0,False,nan,6808980.0
In,2018-10-15 02:33:00,33.0,False,nan,6809220.0
In,2018-10-15 02:35:00,34.0,False,nan,6809340.0
In,2018-10-15 02:37:00,33.0,False,nan,6809460.0
In,2018-10-15 02:45:00,33.0,False,nan,6809940.0
In,2018-10-15 02:59:00,33.0,False,nan,6810780.0
In,2018-10-15 03:03:00,33.0,False,nan,6811020.0
In,2018-10-15 03:17:00,32.0,False,nan,6811860.0
In,2018-10-15 03:33:00,31.0,False,nan,6812820.0
In,2018-10-15 03:39:00,31.0,False,nan,6813180.0
In,2018-10-15 03:41:00,31.0,False,nan,6813300.0
In,2018-10-15 03:43:00,31.0,False,nan,6813420.0
In,2018-10-15 03:45:00,31.0,False,nan,6813540.0
In,2018-10-15 03:49:00,30.0,False,nan,6813780.0
In,2018-10-15 03:57:00,30.0,False,nan,6814260.0
In,2018-10-15 04:01:00,30.0,False,nan,6814500.0
In,2018-10-15 04:07:00,30.0,False,nan,6814860.0
In,2018-10-15 04:11:00,30.0,False,nan,6815100.0
In,2018-10-15 04:31:00,29.0,False,nan,6816300.0
In,2018-10-15 04:33:00,30.0,False,nan,6816420.0
In,2018-10-15 04:35:00,30.0,False,nan,6816540.0
In,2018-10-15 05:07:00,30.0,False,nan,6818460.0
In,2018-10-15 05:09:00,30.0,False,nan,6818580.0
In,2018-10-15 05:15:00,30.0,False,nan,6818940.0
In,2018-10-15 05:17:00,29.0,False,nan,6819060.0
In,2018-10-15 05:19:00,30.0,False,nan,6819180.0
In,2018-10-15 05:21:00,30.0,False,nan,6819300.0
In,2018-10-15 05:30:00,29.0,False,nan,6819840.0
In,2018-10-15 05:32:00,30.0,False,nan,6819960.0
In,2018-10-15 05:34:00,29.0,False,nan,6820080.0
In,2018-10-15 05:36:00,30.0,False,nan,6820200.0
In,2018-10-15 05:52:00,29.0,False,nan,6821160.0
In,2018-10-15 06:06:00,29.0,False,nan,6822000.0
In,2018-10-15 06:08:00,30.0,False,nan,6822120.0
In,2018-10-15 06:16:00,30.0,False,nan,6822600.0
In,2018-10-15 06:20:00,30.0,False,nan,6822840.0
In,2018-10-15 06:28:00,30.0,False,nan,6823320.0
In,2018-10-15 06:36:00,30.0,False,nan,6823800.0
In,2018-10-15 06:38:00,30.0,False,nan,6823920.0
In,2018-10-15 06:46:00,30.0,False,nan,6824400.0
In,2018-10-15 06:52:00,30.0,False,nan,6824760.0
In,2018-10-15 07:00:00,30.0,False,nan,6825240.0
In,2018-10-15 07:12:00,30.0,False,nan,6825960.0
In,2018-10-15 07:16:00,29.0,False,nan,6826200.0
In,2018-10-15 08:08:00,29.0,False,nan,6829320.0
In,2018-10-15 08:10:00,29.0,False,nan,6829440.0
In,2018-10-15 08:12:00,29.0,False,nan,6829560.0
In,2018-10-15 08:36:00,30.0,False,nan,6831000.0
In,2018-10-15 08:52:00,29.0,False,nan,6831960.0
In,2018-10-15 08:54:00,30.0,False,nan,6832080.0
In,2018-10-15 09:06:00,30.0,False,nan,6832800.0
In,2018-10-15 09:08:00,30.0,False,nan,6832920.0
In,2018-10-15 09:10:00,30.0,False,nan,6833040.0
In,2018-10-15 09:20:00,29.0,False,nan,6833640.0
In,2018-10-15 09:24:00,30.0,False,nan,6833880.0
In,2018-10-15 09:26:00,29.0,False,nan,6834000.0
In,2018-10-15 09:54:00,29.0,False,nan,6835680.0
In,2018-10-15 10:14:00,29.0,False,nan,6836880.0
In,2018-10-15 10:16:00,29.0,False,nan,6837000.0
In,2018-10-15 10:52:00,29.0,False,nan,6839160.0
In,2018-10-15 10:54:00,29.0,False,nan,6839280.0
In,2018-10-15 11:14:00,29.0,False,nan,6840480.0
In,2018-10-15 11:22:00,29.0,False,nan,6840960.0
In,2018-10-15 11:26:00,30.0,False,nan,6841200.0
In,2018-10-15 11:42:00,30.0,False,nan,6842160.0
In,2018-10-15 11:56:00,30.0,False,nan,6843000.0
In,2018-10-15 12:02:00,30.0,False,nan,6843360.0
In,2018-10-15 12:06:00,30.0,False,nan,6843600.0
In,2018-10-15 12:16:00,30.0,False,nan,6844200.0
In,2018-10-15 12:26:00,30.0,False,nan,6844800.0
In,2018-10-15 12:46:00,29.0,False,nan,6846000.0
In,2018-10-15 12:48:00,30.0,False,nan,6846120.0
In,2018-10-15 12:52:00,29.0,False,nan,6846360.0
In,2018-10-15 13:10:00,30.0,False,nan,6847440.0
In,2018-10-15 13:12:00,30.0,False,nan,6847560.0
In,2018-10-15 13:14:00,30.0,False,nan,6847680.0
In,2018-10-15 13:16:00,30.0,False,nan,6847800.0
In,2018-10-15 13:24:00,31.0,False,nan,6848280.0
In,2018-10-15 13:42:00,32.0,False,nan,6849360.0
In,2018-10-15 13:44:00,32.0,False,nan,6849480.0
In,2018-10-15 14:04:00,33.0,False,nan,6850680.0
In,2018-10-15 14:06:00,32.0,False,nan,6850800.0
In,2018-10-15 14:20:00,33.0,False,nan,6851640.0
In,2018-10-15 14:25:00,33.0,False,nan,6851940.0
In,2018-10-15 14:27:00,33.0,False,nan,6852060.0
In,2018-10-15 14:31:00,33.0,False,nan,6852300.0
In,2018-10-15 16:11:00,34.0,False,nan,6858300.0
In,2018-10-15 16:13:00,33.0,False,nan,6858420.0
In,2018-10-15 16:17:00,33.0,False,nan,6858660.0
In,2018-10-15 16:19:00,34.0,False,nan,6858780.0
In,2018-10-15 16:21:00,34.0,False,nan,6858900.0
In,2018-10-15 16:23:00,34.0,False,nan,6859020.0
In,2018-10-15 16:25:00,34.0,False,nan,6859140.0
In,2018-10-15 16:27:00,33.0,False,nan,6859260.0
In,2018-10-15 16:29:00,34.0,False,nan,6859380.0
In,2018-10-15 16:31:00,34.0,False,nan,6859500.0
In,2018-10-15 16:33:00,34.0,False,nan,6859620.0
In,2018-10-15 16:35:00,34.0,False,nan,6859740.0
In,2018-10-15 16:37:00,33.0,False,nan,6859860.0
In,2018-10-15 16:39:00,34.0,False,nan,6859980.0
In,2018-10-15 16:41:00,34.0,False,nan,6860100.0
In,2018-10-15 16:43:00,34.0,False,nan,6860220.0
In,2018-10-15 16:45:00,34.0,False,nan,6860340.0
In,2018-10-15 16:47:00,34.0,False,nan,6860460.0
In,2018-10-15 16:49:00,34.0,False,nan,6860580.0
In,2018-10-15 16:51:00,34.0,False,nan,6860700.0
In,2018-10-15 18:39:00,34.0,False,nan,6867180.0
In,2018-10-15 18:41:00,34.0,False,nan,6867300.0
In,2018-10-15 18:43:00,34.0,False,nan,6867420.0
In,2018-10-15 18:45:00,34.0,False,nan,6867540.0
In,2018-10-15 18:47:00,34.0,False,nan,6867660.0
In,2018-10-15 21:23:00,34.0,False,nan,6877020.0
In,2018-10-15 21:25:00,34.0,False,nan,6877140.0
In,2018-10-15 21:27:00,34.0,False,nan,6877260.0
In,2018-10-15 21:33:00,34.0,False,nan,6877620.0
In,2018-10-15 21:35:00,34.0,False,nan,6877740.0
In,2018-10-15 21:37:00,34.0,False,nan,6877860.0
In,2018-10-15 21:39:00,34.0,False,nan,6877980.0
In,2018-10-16 01:56:00,34.0,False,nan,6893400.0
In,2018-10-16 02:00:00,34.0,False,nan,6893640.0
In,2018-10-16 02:08:00,33.0,False,nan,6894120.0
In,2018-10-16 02:18:00,33.0,False,nan,6894720.0
In,2018-10-16 02:38:00,33.0,False,nan,6895920.0
In,2018-10-16 02:40:00,32.0,False,nan,6896040.0
In,2018-10-16 02:42:00,32.0,False,nan,6896160.0
In,2018-10-16 02:50:00,33.0,False,nan,6896640.0
In,2018-10-16 02:52:00,32.0,False,nan,6896760.0
In,2018-10-16 03:00:00,32.0,False,nan,6897240.0
In,2018-10-16 03:12:00,32.0,False,nan,6897960.0
In,2018-10-16 03:30:00,32.0,False,nan,6899040.0
In,2018-10-16 03:32:00,32.0,False,nan,6899160.0
In,2018-10-16 03:34:00,31.0,False,nan,6899280.0
In,2018-10-16 03:40:00,31.0,False,nan,6899640.0
In,2018-10-16 03:50:00,31.0,False,nan,6900240.0
In,2018-10-16 03:58:00,31.0,False,nan,6900720.0
In,2018-10-16 04:12:00,31.0,False,nan,6901560.0
In,2018-10-16 04:16:00,31.0,False,nan,6901800.0
In,2018-10-16 04:18:00,31.0,False,nan,6901920.0
In,2018-10-16 04:20:00,31.0,False,nan,6902040.0
In,2018-10-16 04:24:00,32.0,False,nan,6902280.0
In,2018-10-16 04:36:00,32.0,False,nan,6903000.0
In,2018-10-16 04:42:00,32.0,False,nan,6903360.0
In,2018-10-16 04:44:00,32.0,False,nan,6903480.0
In,2018-10-16 04:54:00,32.0,False,nan,6904080.0
In,2018-10-16 04:56:00,32.0,False,nan,6904200.0
In,2018-10-16 05:06:00,32.0,False,nan,6904800.0
In,2018-10-16 05:10:00,32.0,False,nan,6905040.0
In,2018-10-16 05:14:00,32.0,False,nan,6905280.0
In,2018-10-16 05:18:00,31.0,False,nan,6905520.0
In,2018-10-16 05:20:00,31.0,False,nan,6905640.0
In,2018-10-16 05:34:00,31.0,False,nan,6906480.0
In,2018-10-16 05:44:00,31.0,False,nan,6907080.0
In,2018-10-16 05:56:00,31.0,False,nan,6907800.0
In,2018-10-16 05:58:00,31.0,False,nan,6907920.0
In,2018-10-16 06:12:00,32.0,False,nan,6908760.0
In,2018-10-16 06:26:00,32.0,False,nan,6909600.0
In,2018-10-16 06:32:00,32.0,False,nan,6909960.0
In,2018-10-16 06:34:00,32.0,False,nan,6910080.0
In,2018-10-16 06:36:00,32.0,False,nan,6910200.0
In,2018-10-16 06:42:00,31.0,False,nan,6910560.0
In,2018-10-16 06:58:00,31.0,False,nan,6911520.0
In,2018-10-16 07:24:00,30.0,False,nan,6913080.0
In,2018-10-16 07:36:00,31.0,False,nan,6913800.0
In,2018-10-16 07:57:00,31.0,False,nan,6915060.0
In,2018-10-16 08:03:00,31.0,False,nan,6915420.0
In,2018-10-16 08:25:00,32.0,False,nan,6916740.0
In,2018-10-16 08:35:00,32.0,False,nan,6917340.0
In,2018-10-16 08:53:00,32.0,False,nan,6918420.0
In,2018-10-16 08:57:00,33.0,False,nan,6918660.0
In,2018-10-16 09:01:00,33.0,False,nan,6918900.0
In,2018-10-16 09:06:00,31.0,False,nan,6919200.0
In,2018-10-16 09:11:00,33.0,False,nan,6919500.0
In,2018-10-16 09:13:00,34.0,False,nan,6919620.0
In,2018-10-16 09:14:00,27.0,False,nan,6919680.0
In,2018-10-16 09:15:00,33.0,False,nan,6919740.0
In,2018-10-16 09:22:00,27.0,False,nan,6920160.0
In,2018-10-16 09:34:00,29.0,False,nan,6920880.0
In,2018-10-16 09:36:00,30.0,False,nan,6921000.0
In,2018-10-16 09:43:00,32.0,False,nan,6921420.0
In,2018-10-16 09:52:00,30.0,False,nan,6921960.0
In,2018-10-16 10:01:00,32.0,False,nan,6922500.0
In,2018-10-16 10:02:00,28.0,False,nan,6922560.0
In,2018-10-16 10:06:00,29.0,False,nan,6922800.0
In,2018-10-16 10:08:00,28.0,False,nan,6922920.0
In,2018-10-16 10:10:00,28.0,False,nan,6923040.0
In,2018-10-16 10:12:00,28.0,False,nan,6923160.0
In,2018-10-16 10:13:00,31.0,False,nan,6923220.0
In,2018-10-16 10:14:00,28.0,False,nan,6923280.0
In,2018-10-16 10:59:00,30.0,False,nan,6925980.0
In,2018-10-16 11:02:00,29.0,False,nan,6926160.0
In,2018-10-16 11:03:00,29.0,False,nan,6926220.0
In,2018-10-16 11:05:00,29.0,False,nan,6926340.0
In,2018-10-16 11:09:00,28.0,False,nan,6926580.0
In,2018-10-16 11:15:00,30.0,False,nan,6926940.0
In,2018-10-16 11:17:00,31.0,False,nan,6927060.0
In,2018-10-16 11:23:00,30.0,False,nan,6927420.0
In,2018-10-16 11:25:00,31.0,False,nan,6927540.0
In,2018-10-16 11:27:00,30.0,False,nan,6927660.0
In,2018-10-16 11:31:00,31.0,False,nan,6927900.0
In,2018-10-16 11:33:00,30.0,False,nan,6928020.0
In,2018-10-16 11:57:00,31.0,False,nan,6929460.0
In,2018-10-16 11:59:00,30.0,False,nan,6929580.0
In,2018-10-16 13:47:00,31.0,False,nan,6936060.0
In,2018-10-16 13:49:00,30.0,False,nan,6936180.0
In,2018-10-16 13:51:00,31.0,False,nan,6936300.0
In,2018-10-16 14:01:00,31.0,False,nan,6936900.0
In,2018-10-16 14:03:00,31.0,False,nan,6937020.0
In,2018-10-16 14:05:00,31.0,False,nan,6937140.0
In,2018-10-16 14:07:00,31.0,False,nan,6937260.0
In,2018-10-16 14:09:00,32.0,False,nan,6937380.0
In,2018-10-16 14:13:00,32.0,False,nan,6937620.0
In,2018-10-16 14:15:00,32.0,False,nan,6937740.0
In,2018-10-16 14:17:00,32.0,False,nan,6937860.0
In,2018-10-16 15:03:00,33.0,False,nan,6940620.0
In,2018-10-16 15:05:00,32.0,False,nan,6940740.0
In,2018-10-16 15:07:00,33.0,False,nan,6940860.0
In,2018-10-16 15:57:00,33.0,False,nan,6943860.0
In,2018-10-16 15:59:00,33.0,False,nan,6943980.0
In,2018-10-16 16:05:00,33.0,False,nan,6944340.0
In,2018-10-16 16:57:00,22.0,False,nan,6947460.0
In,2018-10-16 16:58:00,23.0,False,nan,6947520.0
In,2018-10-16 16:58:00,22.0,False,nan,6947520.0
In,2018-10-16 17:44:00,33.0,False,nan,6950280.0
In,2018-10-16 17:46:00,33.0,False,nan,6950400.0
In,2018-10-16 17:56:00,33.0,False,nan,6951000.0
In,2018-10-16 18:02:00,33.0,False,nan,6951360.0
In,2018-10-16 18:04:00,33.0,False,nan,6951480.0
In,2018-10-16 18:08:00,34.0,False,nan,6951720.0
In,2018-10-16 18:10:00,33.0,False,nan,6951840.0
In,2018-10-16 18:12:00,34.0,False,nan,6951960.0
In,2018-10-16 18:32:00,33.0,False,nan,6953160.0
In,2018-10-16 18:34:00,34.0,False,nan,6953280.0
In,2018-10-16 19:24:00,33.0,False,nan,6956280.0
In,2018-10-16 19:26:00,34.0,False,nan,6956400.0
In,2018-10-16 20:12:00,34.0,False,nan,6959160.0
In,2018-10-16 20:18:00,34.0,False,nan,6959520.0
In,2018-10-16 20:36:00,34.0,False,nan,6960600.0
In,2018-10-16 23:32:00,34.0,False,nan,6971160.0
In,2018-10-16 23:34:00,34.0,False,nan,6971280.0
In,2018-10-16 23:37:00,34.0,False,nan,6971460.0
In,2018-10-17 02:13:00,34.0,False,nan,6980820.0
In,2018-10-17 02:17:00,34.0,False,nan,6981060.0
In,2018-10-17 02:19:00,33.0,False,nan,6981180.0
In,2018-10-17 02:29:00,33.0,False,nan,6981780.0
In,2018-10-17 02:55:00,32.0,False,nan,6983340.0
In,2018-10-17 03:07:00,32.0,False,nan,6984060.0
In,2018-10-17 03:41:00,31.0,False,nan,6986100.0
In,2018-10-17 03:43:00,31.0,False,nan,6986220.0
In,2018-10-17 03:45:00,31.0,False,nan,6986340.0
In,2018-10-17 03:51:00,31.0,False,nan,6986700.0
In,2018-10-17 03:53:00,31.0,False,nan,6986820.0
In,2018-10-17 04:19:00,31.0,False,nan,6988380.0
In,2018-10-17 04:23:00,31.0,False,nan,6988620.0
In,2018-10-17 04:31:00,30.0,False,nan,6989100.0
In,2018-10-17 04:43:00,30.0,False,nan,6989820.0
In,2018-10-17 04:51:00,30.0,False,nan,6990300.0
In,2018-10-17 04:55:00,29.0,False,nan,6990540.0
In,2018-10-17 04:57:00,30.0,False,nan,6990660.0
In,2018-10-17 04:59:00,29.0,False,nan,6990780.0
In,2018-10-17 05:01:00,29.0,False,nan,6990900.0
In,2018-10-17 05:03:00,29.0,False,nan,6991020.0
In,2018-10-17 05:05:00,29.0,False,nan,6991140.0
In,2018-10-17 05:33:00,29.0,False,nan,6992820.0
In,2018-10-17 05:37:00,29.0,False,nan,6993060.0
In,2018-10-17 05:51:00,29.0,False,nan,6993900.0
In,2018-10-17 06:03:00,29.0,False,nan,6994620.0
In,2018-10-17 06:05:00,29.0,False,nan,6994740.0
In,2018-10-17 06:07:00,29.0,False,nan,6994860.0
In,2018-10-17 06:25:00,29.0,False,nan,6995940.0
In,2018-10-17 06:35:00,28.0,False,nan,6996540.0
In,2018-10-17 06:37:00,28.0,False,nan,6996660.0
In,2018-10-17 06:39:00,28.0,False,nan,6996780.0
In,2018-10-17 06:51:00,28.0,False,nan,6997500.0
In,2018-10-17 06:57:00,28.0,False,nan,6997860.0
In,2018-10-17 07:03:00,29.0,False,nan,6998220.0
In,2018-10-17 07:15:00,28.0,False,nan,6998940.0
In,2018-10-17 07:41:00,29.0,False,nan,7000500.0
In,2018-10-17 07:49:00,29.0,False,nan,7000980.0
In,2018-10-17 08:11:00,29.0,False,nan,7002300.0
In,2018-10-17 08:15:00,29.0,False,nan,7002540.0
In,2018-10-17 08:41:00,28.0,False,nan,7004100.0
In,2018-10-17 08:47:00,29.0,False,nan,7004460.0
In,2018-10-17 08:51:00,29.0,False,nan,7004700.0
In,2018-10-17 08:52:00,22.0,False,nan,7004760.0
In,2018-10-17 08:53:00,28.0,False,nan,7004820.0
In,2018-10-17 08:55:00,29.0,False,nan,7004940.0
In,2018-10-17 08:57:00,28.0,False,nan,7005060.0
In,2018-10-17 09:01:00,29.0,False,nan,7005300.0
In,2018-10-17 09:03:00,28.0,False,nan,7005420.0
In,2018-10-17 09:05:00,28.0,False,nan,7005540.0
In,2018-10-17 09:06:00,25.0,False,nan,7005600.0
In,2018-10-17 09:19:00,29.0,False,nan,7006380.0
In,2018-10-17 09:31:00,25.0,False,nan,7007100.0
In,2018-10-17 09:32:00,25.0,False,nan,7007160.0
In,2018-10-17 09:32:00,29.0,False,nan,7007160.0
In,2018-10-17 09:33:00,25.0,False,nan,7007220.0
In,2018-10-17 09:33:00,25.0,False,nan,7007220.0
In,2018-10-17 09:34:00,25.0,False,nan,7007280.0
In,2018-10-17 09:36:00,26.0,False,nan,7007400.0
In,2018-10-17 09:38:00,26.0,False,nan,7007520.0
In,2018-10-17 09:40:00,29.0,False,nan,7007640.0
In,2018-10-17 09:42:00,29.0,False,nan,7007760.0
In,2018-10-17 10:08:00,27.0,False,nan,7009320.0
In,2018-10-17 10:16:00,29.0,False,nan,7009800.0
In,2018-10-17 10:21:00,27.0,False,nan,7010100.0
In,2018-10-17 10:25:00,27.0,False,nan,7010340.0
In,2018-10-17 10:30:00,27.0,False,nan,7010640.0
In,2018-10-17 10:31:00,28.0,False,nan,7010700.0
In,2018-10-17 10:31:00,27.0,False,nan,7010700.0
In,2018-10-17 10:38:00,28.0,False,nan,7011120.0
In,2018-10-17 10:40:00,28.0,False,nan,7011240.0
In,2018-10-17 10:41:00,27.0,False,nan,7011300.0
In,2018-10-17 10:42:00,28.0,False,nan,7011360.0
In,2018-10-17 10:44:00,27.0,False,nan,7011480.0
In,2018-10-17 10:49:00,27.0,False,nan,7011780.0
In,2018-10-17 10:52:00,27.0,False,nan,7011960.0
In,2018-10-17 11:00:00,27.0,False,nan,7012440.0
In,2018-10-17 11:22:00,28.0,False,nan,7013760.0
In,2018-10-17 11:22:00,27.0,False,nan,7013760.0
In,2018-10-17 11:22:00,27.0,False,nan,7013760.0
In,2018-10-17 11:22:00,27.0,False,nan,7013760.0
In,2018-10-17 11:23:00,27.0,False,nan,7013820.0
In,2018-10-17 11:28:00,28.0,False,nan,7014120.0
In,2018-10-17 11:34:00,28.0,False,nan,7014480.0
In,2018-10-17 11:39:00,27.0,False,nan,7014780.0
In,2018-10-17 11:48:00,27.0,False,nan,7015320.0
In,2018-10-17 11:49:00,28.0,False,nan,7015380.0
In,2018-10-17 11:57:00,27.0,False,nan,7015860.0
In,2018-10-17 12:01:00,27.0,False,nan,7016100.0
In,2018-10-17 12:08:00,28.0,False,nan,7016520.0
In,2018-10-17 12:10:00,29.0,False,nan,7016640.0
In,2018-10-17 12:17:00,29.0,False,nan,7017060.0
In,2018-10-17 12:20:00,29.0,False,nan,7017240.0
In,2018-10-17 12:26:00,29.0,False,nan,7017600.0
In,2018-10-17 12:27:00,27.0,False,nan,7017660.0
In,2018-10-17 12:28:00,29.0,False,nan,7017720.0
In,2018-10-17 12:35:00,27.0,False,nan,7018140.0
In,2018-10-17 12:46:00,27.0,False,nan,7018800.0
In,2018-10-17 12:48:00,27.0,False,nan,7018920.0
In,2018-10-17 12:49:00,28.0,False,nan,7018980.0
In,2018-10-17 12:52:00,26.0,False,nan,7019160.0
In,2018-10-17 12:54:00,26.0,False,nan,7019280.0
In,2018-10-17 12:56:00,28.0,False,nan,7019400.0
In,2018-10-17 13:00:00,27.0,False,nan,7019640.0
In,2018-10-17 13:05:00,29.0,False,nan,7019940.0
In,2018-10-17 13:07:00,27.0,False,nan,7020060.0
In,2018-10-17 13:07:00,29.0,False,nan,7020060.0
In,2018-10-17 13:15:00,28.0,False,nan,7020540.0
In,2018-10-17 13:19:00,30.0,False,nan,7020780.0
In,2018-10-17 13:21:00,30.0,False,nan,7020900.0
In,2018-10-17 13:23:00,29.0,False,nan,7021020.0
In,2018-10-17 13:37:00,31.0,False,nan,7021860.0
In,2018-10-17 13:45:00,31.0,False,nan,7022340.0
In,2018-10-17 13:47:00,31.0,False,nan,7022460.0
In,2018-10-17 13:49:00,31.0,False,nan,7022580.0
In,2018-10-17 14:17:00,32.0,False,nan,7024260.0
In,2018-10-17 14:37:00,32.0,False,nan,7025460.0
In,2018-10-17 15:57:00,33.0,False,nan,7030260.0
In,2018-10-17 15:59:00,32.0,False,nan,7030380.0
In,2018-10-17 16:01:00,33.0,False,nan,7030500.0
In,2018-10-17 16:37:00,31.0,False,nan,7032660.0
In,2018-10-17 17:55:00,34.0,False,nan,7037340.0
In,2018-10-17 17:57:00,31.0,False,nan,7037460.0
In,2018-10-17 18:01:00,31.0,False,nan,7037700.0
In,2018-10-17 18:05:00,32.0,False,nan,7037940.0
In,2018-10-17 22:58:00,34.0,False,nan,7055520.0
In,2018-10-17 23:00:00,33.0,False,nan,7055640.0
In,2018-10-17 23:34:00,34.0,False,nan,7057680.0
In,2018-10-17 23:36:00,33.0,False,nan,7057800.0
In,2018-10-18 00:06:00,34.0,False,nan,7059600.0
In,2018-10-18 00:08:00,33.0,False,nan,7059720.0
In,2018-10-18 01:02:00,33.0,False,nan,7062960.0
In,2018-10-18 01:05:00,33.0,False,nan,7063140.0
In,2018-10-18 01:13:00,34.0,False,nan,7063620.0
In,2018-10-18 01:15:00,33.0,False,nan,7063740.0
In,2018-10-18 01:17:00,33.0,False,nan,7063860.0
In,2018-10-18 01:19:00,33.0,False,nan,7063980.0
In,2018-10-18 01:31:00,34.0,False,nan,7064700.0
In,2018-10-18 01:33:00,33.0,False,nan,7064820.0
In,2018-10-18 01:45:00,34.0,False,nan,7065540.0
In,2018-10-18 01:47:00,33.0,False,nan,7065660.0
In,2018-10-18 01:49:00,34.0,False,nan,7065780.0
In,2018-10-18 01:51:00,33.0,False,nan,7065900.0
In,2018-10-18 01:55:00,34.0,False,nan,7066140.0
In,2018-10-18 01:57:00,33.0,False,nan,7066260.0
In,2018-10-18 02:51:00,34.0,False,nan,7069500.0
In,2018-10-18 02:53:00,33.0,False,nan,7069620.0
In,2018-10-18 02:57:00,34.0,False,nan,7069860.0
In,2018-10-18 02:59:00,33.0,False,nan,7069980.0
In,2018-10-18 03:58:00,32.0,False,nan,7073520.0
In,2018-10-18 04:00:00,32.0,False,nan,7073640.0
In,2018-10-18 04:12:00,32.0,False,nan,7074360.0
In,2018-10-18 04:14:00,32.0,False,nan,7074480.0
In,2018-10-18 07:06:00,35.0,False,nan,7084800.0
In,2018-10-18 07:08:00,33.0,False,nan,7084920.0
In,2018-10-18 07:12:00,32.0,False,nan,7085160.0
In,2018-10-18 07:14:00,33.0,False,nan,7085280.0
In,2018-10-18 07:20:00,32.0,False,nan,7085640.0
In,2018-10-18 07:22:00,33.0,False,nan,7085760.0
In,2018-10-18 07:26:00,33.0,False,nan,7086000.0
In,2018-10-18 07:28:00,33.0,False,nan,7086120.0
In,2018-10-18 09:46:00,33.0,False,nan,7094400.0
In,2018-10-18 09:48:00,33.0,False,nan,7094520.0
In,2018-10-18 11:12:00,33.0,False,nan,7099560.0
In,2018-10-18 11:50:00,33.0,False,nan,7101840.0
In,2018-10-18 11:52:00,33.0,False,nan,7101960.0
In,2018-10-18 12:14:00,35.0,False,nan,7103280.0
In,2018-10-18 12:16:00,33.0,False,nan,7103400.0
In,2018-10-18 15:20:00,33.0,False,nan,7114440.0
In,2018-10-18 15:47:00,33.0,False,nan,7116060.0
In,2018-10-18 15:49:00,33.0,False,nan,7116180.0
In,2018-10-20 05:37:00,31.0,False,nan,7252260.0
In,2018-10-20 05:41:00,33.0,False,nan,7252500.0
In,2018-10-20 05:43:00,31.0,False,nan,7252620.0
In,2018-10-20 05:49:00,30.0,False,nan,7252980.0
In,2018-10-20 05:51:00,31.0,False,nan,7253100.0
In,2018-10-20 05:57:00,30.0,False,nan,7253460.0
In,2018-10-20 05:59:00,31.0,False,nan,7253580.0
In,2018-10-20 06:01:00,30.0,False,nan,7253700.0
In,2018-10-20 06:03:00,31.0,False,nan,7253820.0
In,2018-10-20 06:27:00,30.0,False,nan,7255260.0
In,2018-10-20 06:29:00,31.0,False,nan,7255380.0
In,2018-10-20 06:39:00,30.0,False,nan,7255980.0
In,2018-10-20 06:41:00,31.0,False,nan,7256100.0
In,2018-10-20 06:56:00,30.0,False,nan,7257000.0
In,2018-10-20 06:56:00,34.0,False,nan,7257000.0
In,2018-10-20 07:00:00,29.0,False,nan,7257240.0
In,2018-10-20 07:02:00,30.0,False,nan,7257360.0
In,2018-10-20 07:16:00,34.0,False,nan,7258200.0
In,2018-10-20 07:30:00,31.0,False,nan,7259040.0
In,2018-10-20 07:36:00,30.0,False,nan,7259400.0
In,2018-10-20 07:36:00,34.0,False,nan,7259400.0
In,2018-10-20 07:38:00,31.0,False,nan,7259520.0
In,2018-10-20 07:50:00,34.0,False,nan,7260240.0
In,2018-10-20 08:18:00,31.0,False,nan,7261920.0
In,2018-10-20 08:22:00,34.0,False,nan,7262160.0
In,2018-10-20 08:34:00,31.0,False,nan,7262880.0
In,2018-10-20 08:36:00,31.0,False,nan,7263000.0
In,2018-10-20 08:38:00,31.0,False,nan,7263120.0
In,2018-10-20 08:40:00,32.0,False,nan,7263240.0
In,2018-10-20 08:42:00,32.0,False,nan,7263360.0
In,2018-10-20 08:44:00,31.0,False,nan,7263480.0
In,2018-10-20 08:54:00,32.0,False,nan,7264080.0
In,2018-10-20 08:56:00,31.0,False,nan,7264200.0
In,2018-10-20 09:04:00,32.0,False,nan,7264680.0
In,2018-10-20 09:06:00,31.0,False,nan,7264800.0
In,2018-10-20 09:10:00,32.0,False,nan,7265040.0
In,2018-10-20 09:12:00,31.0,False,nan,7265160.0
In,2018-10-20 09:26:00,32.0,False,nan,7266000.0
In,2018-10-20 09:28:00,31.0,False,nan,7266120.0
In,2018-10-20 09:30:00,32.0,False,nan,7266240.0
In,2018-10-20 09:36:00,34.0,False,nan,7266600.0
In,2018-10-20 09:42:00,32.0,False,nan,7266960.0
In,2018-10-20 09:52:00,32.0,False,nan,7267560.0
In,2018-10-20 09:56:00,31.0,False,nan,7267800.0
In,2018-10-20 09:58:00,32.0,False,nan,7267920.0
In,2018-10-20 10:24:00,31.0,False,nan,7269480.0
In,2018-10-20 10:26:00,32.0,False,nan,7269600.0
In,2018-10-20 11:26:00,31.0,False,nan,7273200.0
In,2018-10-20 11:28:00,32.0,False,nan,7273320.0
In,2018-10-20 11:48:00,33.0,False,nan,7274520.0
In,2018-10-20 11:50:00,32.0,False,nan,7274640.0
In,2018-10-20 12:14:00,34.0,False,nan,7276080.0
In,2018-10-20 13:12:00,34.0,False,nan,7279560.0
In,2018-10-20 13:36:00,32.0,False,nan,7281000.0
In,2018-10-20 13:38:00,32.0,False,nan,7281120.0
In,2018-10-20 14:21:00,34.0,False,nan,7283700.0
In,2018-10-20 14:24:00,33.0,False,nan,7283880.0
In,2018-10-20 14:26:00,32.0,False,nan,7284000.0
In,2018-10-20 14:40:00,32.0,False,nan,7284840.0
In,2018-10-20 14:42:00,32.0,False,nan,7284960.0
In,2018-10-20 15:08:00,33.0,False,nan,7286520.0
In,2018-10-20 15:10:00,32.0,False,nan,7286640.0
In,2018-10-20 16:43:00,34.0,False,nan,7292220.0
In,2018-10-20 16:47:00,32.0,False,nan,7292460.0
In,2018-10-20 16:49:00,34.0,False,nan,7292580.0
In,2018-10-20 16:49:00,32.0,False,nan,7292580.0
In,2018-10-20 16:51:00,34.0,False,nan,7292700.0
In,2018-10-20 17:37:00,31.0,False,nan,7295460.0
In,2018-10-20 17:39:00,32.0,False,nan,7295580.0
In,2018-10-20 17:41:00,33.0,False,nan,7295700.0
In,2018-10-20 17:43:00,32.0,False,nan,7295820.0
In,2018-10-20 18:39:00,32.0,False,nan,7299180.0
In,2018-10-20 18:41:00,32.0,False,nan,7299300.0
In,2018-10-20 19:11:00,34.0,False,nan,7301100.0
In,2018-10-20 19:15:00,34.0,False,nan,7301340.0
In,2018-10-20 19:17:00,34.0,False,nan,7301460.0
In,2018-10-20 19:21:00,34.0,False,nan,7301700.0
In,2018-10-20 19:25:00,34.0,False,nan,7301940.0
In,2018-10-20 19:27:00,34.0,False,nan,7302060.0
In,2018-10-20 19:31:00,34.0,False,nan,7302300.0
In,2018-10-20 19:37:00,34.0,False,nan,7302660.0
In,2018-10-20 19:39:00,34.0,False,nan,7302780.0
In,2018-10-20 20:21:00,33.0,False,nan,7305300.0
In,2018-10-20 20:23:00,32.0,False,nan,7305420.0
In,2018-10-20 21:45:00,31.0,False,nan,7310340.0
In,2018-10-20 21:47:00,32.0,False,nan,7310460.0
In,2018-10-20 22:07:00,31.0,False,nan,7311660.0
In,2018-10-20 22:09:00,32.0,False,nan,7311780.0
In,2018-10-20 22:31:00,31.0,False,nan,7313100.0
In,2018-10-20 22:33:00,32.0,False,nan,7313220.0
In,2018-10-20 22:39:00,31.0,False,nan,7313580.0
In,2018-10-20 22:41:00,32.0,False,nan,7313700.0
In,2018-10-20 22:57:00,31.0,False,nan,7314660.0
In,2018-10-20 23:01:00,32.0,False,nan,7314900.0
In,2018-10-20 23:11:00,31.0,False,nan,7315500.0
In,2018-10-20 23:17:00,32.0,False,nan,7315860.0
In,2018-10-20 23:21:00,31.0,False,nan,7316100.0
In,2018-10-20 23:23:00,32.0,False,nan,7316220.0
In,2018-10-20 23:25:00,31.0,False,nan,7316340.0
In,2018-10-20 23:29:00,32.0,False,nan,7316580.0
In,2018-10-20 23:31:00,31.0,False,nan,7316700.0
In,2018-10-20 23:33:00,32.0,False,nan,7316820.0
In,2018-10-20 23:37:00,31.0,False,nan,7317060.0
In,2018-10-20 23:41:00,32.0,False,nan,7317300.0
In,2018-10-20 23:45:00,31.0,False,nan,7317540.0
In,2018-10-20 23:49:00,32.0,False,nan,7317780.0
In,2018-10-20 23:51:00,31.0,False,nan,7317900.0
In,2018-10-20 23:53:00,32.0,False,nan,7318020.0
In,2018-10-20 23:57:00,31.0,False,nan,7318260.0
In,2018-10-21 00:01:00,32.0,False,nan,7318500.0
In,2018-10-21 00:05:00,31.0,False,nan,7318740.0
In,2018-10-21 00:07:00,32.0,False,nan,7318860.0
In,2018-10-21 00:09:00,31.0,False,nan,7318980.0
In,2018-10-21 00:17:00,32.0,False,nan,7319460.0
In,2018-10-21 00:21:00,31.0,False,nan,7319700.0
In,2018-10-21 00:25:00,32.0,False,nan,7319940.0
In,2018-10-21 00:31:00,31.0,False,nan,7320300.0
In,2018-10-21 00:33:00,32.0,False,nan,7320420.0
In,2018-10-21 00:35:00,31.0,False,nan,7320540.0
In,2018-10-21 00:56:00,34.0,False,nan,7321800.0
In,2018-10-21 00:57:00,31.0,False,nan,7321860.0
In,2018-10-21 00:58:00,34.0,False,nan,7321920.0
In,2018-10-21 00:59:00,31.0,False,nan,7321980.0
In,2018-10-21 01:00:00,34.0,False,nan,7322040.0
In,2018-10-21 01:11:00,33.0,False,nan,7322700.0
In,2018-10-21 01:13:00,31.0,False,nan,7322820.0
In,2018-10-21 01:15:00,32.0,False,nan,7322940.0
In,2018-10-21 01:17:00,31.0,False,nan,7323060.0
In,2018-10-21 01:25:00,31.0,False,nan,7323540.0
In,2018-10-21 01:27:00,31.0,False,nan,7323660.0
In,2018-10-21 02:14:00,34.0,False,nan,7326480.0
In,2018-10-21 02:22:00,34.0,False,nan,7326960.0
In,2018-10-21 02:24:00,34.0,False,nan,7327080.0
In,2018-10-21 02:30:00,34.0,False,nan,7327440.0
In,2018-10-21 02:42:00,34.0,False,nan,7328160.0
In,2018-10-21 02:44:00,34.0,False,nan,7328280.0
In,2018-10-21 02:46:00,34.0,False,nan,7328400.0
In,2018-10-21 02:48:00,34.0,False,nan,7328520.0
In,2018-10-21 02:50:00,34.0,False,nan,7328640.0
In,2018-10-21 02:58:00,34.0,False,nan,7329120.0
In,2018-10-21 03:01:00,30.0,False,nan,7329300.0
In,2018-10-21 03:02:00,33.0,False,nan,7329360.0
In,2018-10-21 03:04:00,33.0,False,nan,7329480.0
In,2018-10-21 03:08:00,32.0,False,nan,7329720.0
In,2018-10-21 03:11:00,30.0,False,nan,7329900.0
In,2018-10-21 03:18:00,31.0,False,nan,7330320.0
In,2018-10-21 03:22:00,31.0,False,nan,7330560.0
In,2018-10-21 03:30:00,31.0,False,nan,7331040.0
In,2018-10-21 03:33:00,29.0,False,nan,7331220.0
In,2018-10-21 03:35:00,29.0,False,nan,7331340.0
In,2018-10-21 03:39:00,30.0,False,nan,7331580.0
In,2018-10-21 03:44:00,32.0,False,nan,7331880.0
In,2018-10-21 04:00:00,33.0,False,nan,7332840.0
In,2018-10-21 04:47:00,33.0,False,nan,7335660.0
In,2018-10-21 04:49:00,30.0,False,nan,7335780.0
In,2018-10-21 04:52:00,34.0,False,nan,7335960.0
In,2018-10-21 04:53:00,30.0,False,nan,7336020.0
In,2018-10-21 04:54:00,33.0,False,nan,7336080.0
In,2018-10-21 04:55:00,30.0,False,nan,7336140.0
In,2018-10-21 04:56:00,34.0,False,nan,7336200.0
In,2018-10-21 04:59:00,30.0,False,nan,7336380.0
In,2018-10-21 05:00:00,33.0,False,nan,7336440.0
In,2018-10-21 05:01:00,30.0,False,nan,7336500.0
In,2018-10-21 05:02:00,34.0,False,nan,7336560.0
In,2018-10-21 05:03:00,30.0,False,nan,7336620.0
In,2018-10-21 05:05:00,30.0,False,nan,7336740.0
In,2018-10-21 05:07:00,30.0,False,nan,7336860.0
In,2018-10-21 05:09:00,30.0,False,nan,7336980.0
In,2018-10-21 05:15:00,30.0,False,nan,7337340.0
In,2018-10-21 05:23:00,30.0,False,nan,7337820.0
In,2018-10-21 05:26:00,34.0,False,nan,7338000.0
In,2018-10-21 05:34:00,34.0,False,nan,7338480.0
In,2018-10-21 05:35:00,30.0,False,nan,7338540.0
In,2018-10-21 05:37:00,30.0,False,nan,7338660.0
In,2018-10-21 05:37:00,34.0,False,nan,7338660.0
In,2018-10-21 05:39:00,30.0,False,nan,7338780.0
In,2018-10-21 05:45:00,30.0,False,nan,7339140.0
In,2018-10-21 05:49:00,30.0,False,nan,7339380.0
In,2018-10-21 05:51:00,30.0,False,nan,7339500.0
In,2018-10-21 05:53:00,30.0,False,nan,7339620.0
In,2018-10-21 05:55:00,30.0,False,nan,7339740.0
In,2018-10-21 05:59:00,30.0,False,nan,7339980.0
In,2018-10-21 06:11:00,31.0,False,nan,7340700.0
In,2018-10-21 06:13:00,31.0,False,nan,7340820.0
In,2018-10-21 06:19:00,30.0,False,nan,7341180.0
In,2018-10-21 06:21:00,31.0,False,nan,7341300.0
In,2018-10-21 06:23:00,31.0,False,nan,7341420.0
In,2018-10-21 06:25:00,31.0,False,nan,7341540.0
In,2018-10-21 06:31:00,31.0,False,nan,7341900.0
In,2018-10-21 06:33:00,31.0,False,nan,7342020.0
In,2018-10-21 06:37:00,31.0,False,nan,7342260.0
In,2018-10-21 06:39:00,31.0,False,nan,7342380.0
In,2018-10-21 07:05:00,33.0,False,nan,7343940.0
In,2018-10-21 07:07:00,31.0,False,nan,7344060.0
In,2018-10-21 07:07:00,34.0,False,nan,7344060.0
In,2018-10-21 07:47:00,32.0,False,nan,7346460.0
In,2018-10-21 07:53:00,31.0,False,nan,7346820.0
In,2018-10-21 07:55:00,32.0,False,nan,7346940.0
In,2018-10-21 07:59:00,31.0,False,nan,7347180.0
In,2018-10-21 08:01:00,32.0,False,nan,7347300.0
In,2018-10-21 08:03:00,31.0,False,nan,7347420.0
In,2018-10-21 08:07:00,32.0,False,nan,7347660.0
In,2018-10-21 08:09:00,31.0,False,nan,7347780.0
In,2018-10-21 08:11:00,34.0,False,nan,7347900.0
In,2018-10-21 08:13:00,32.0,False,nan,7348020.0
In,2018-10-21 08:13:00,34.0,False,nan,7348020.0
In,2018-10-21 08:17:00,34.0,False,nan,7348260.0
In,2018-10-21 08:21:00,34.0,False,nan,7348500.0
In,2018-10-21 08:21:00,31.0,False,nan,7348500.0
In,2018-10-21 08:23:00,34.0,False,nan,7348620.0
In,2018-10-21 08:23:00,32.0,False,nan,7348620.0
In,2018-10-21 08:25:00,32.0,False,nan,7348740.0
In,2018-10-21 08:27:00,32.0,False,nan,7348860.0
In,2018-10-21 08:43:00,32.0,False,nan,7349820.0
In,2018-10-21 08:45:00,32.0,False,nan,7349940.0
In,2018-10-21 09:01:00,32.0,False,nan,7350900.0
In,2018-10-21 09:03:00,32.0,False,nan,7351020.0
In,2018-10-21 09:17:00,35.0,False,nan,7351860.0
In,2018-10-21 09:19:00,33.0,False,nan,7351980.0
In,2018-10-21 09:19:00,34.0,False,nan,7351980.0
In,2018-10-21 09:21:00,32.0,False,nan,7352100.0
In,2018-10-21 09:37:00,32.0,False,nan,7353060.0
In,2018-10-21 09:39:00,32.0,False,nan,7353180.0
In,2018-10-21 09:51:00,32.0,False,nan,7353900.0
In,2018-10-21 09:53:00,32.0,False,nan,7354020.0
In,2018-10-21 10:01:00,34.0,False,nan,7354500.0
In,2018-10-21 10:03:00,34.0,False,nan,7354620.0
In,2018-10-21 10:05:00,32.0,False,nan,7354740.0
In,2018-10-21 10:05:00,34.0,False,nan,7354740.0
In,2018-10-21 10:07:00,32.0,False,nan,7354860.0
In,2018-10-21 10:07:00,34.0,False,nan,7354860.0
In,2018-10-21 10:11:00,34.0,False,nan,7355100.0
In,2018-10-21 10:13:00,34.0,False,nan,7355220.0
In,2018-10-21 10:15:00,34.0,False,nan,7355340.0
In,2018-10-21 10:17:00,34.0,False,nan,7355460.0
In,2018-10-21 10:19:00,34.0,False,nan,7355580.0
In,2018-10-21 10:25:00,32.0,False,nan,7355940.0
In,2018-10-21 10:37:00,32.0,False,nan,7356660.0
In,2018-10-21 10:39:00,32.0,False,nan,7356780.0
In,2018-10-21 11:45:00,35.0,False,nan,7360740.0
In,2018-10-21 11:47:00,34.0,False,nan,7360860.0
In,2018-10-21 11:57:00,35.0,False,nan,7361460.0
In,2018-10-21 11:59:00,34.0,False,nan,7361580.0
In,2018-10-21 12:07:00,34.0,False,nan,7362060.0
In,2018-10-21 12:09:00,34.0,False,nan,7362180.0
In,2018-10-21 12:11:00,35.0,False,nan,7362300.0
In,2018-10-21 12:13:00,34.0,False,nan,7362420.0
In,2018-10-21 16:16:00,34.0,False,nan,7377000.0
In,2018-10-21 16:20:00,34.0,False,nan,7377240.0
In,2018-10-21 16:22:00,34.0,False,nan,7377360.0
In,2018-10-21 16:26:00,34.0,False,nan,7377600.0
In,2018-10-21 16:32:00,34.0,False,nan,7377960.0
In,2018-10-21 16:34:00,34.0,False,nan,7378080.0
In,2018-10-21 16:40:00,34.0,False,nan,7378440.0
In,2018-10-21 16:42:00,34.0,False,nan,7378560.0
In,2018-10-21 16:48:00,34.0,False,nan,7378920.0
In,2018-10-21 16:52:00,34.0,False,nan,7379160.0
In,2018-10-21 16:54:00,34.0,False,nan,7379280.0
In,2018-10-21 16:56:00,34.0,False,nan,7379400.0
In,2018-10-21 16:58:00,34.0,False,nan,7379520.0
In,2018-10-22 00:33:00,34.0,False,nan,7406820.0
In,2018-10-22 00:35:00,34.0,False,nan,7406940.0
In,2018-10-22 00:45:00,34.0,False,nan,7407540.0
In,2018-10-22 00:47:00,34.0,False,nan,7407660.0
In,2018-10-22 00:57:00,34.0,False,nan,7408260.0
In,2018-10-22 01:09:00,34.0,False,nan,7408980.0
In,2018-10-22 01:17:00,34.0,False,nan,7409460.0
In,2018-10-22 01:19:00,34.0,False,nan,7409580.0
In,2018-10-22 01:27:00,34.0,False,nan,7410060.0
In,2018-10-22 01:29:00,34.0,False,nan,7410180.0
In,2018-10-22 01:41:00,34.0,False,nan,7410900.0
In,2018-10-22 01:43:00,34.0,False,nan,7411020.0
In,2018-10-22 01:47:00,34.0,False,nan,7411260.0
In,2018-10-22 01:53:00,34.0,False,nan,7411620.0
In,2018-10-22 01:57:00,34.0,False,nan,7411860.0
In,2018-10-22 02:15:00,34.0,False,nan,7412940.0
In,2018-10-22 02:17:00,34.0,False,nan,7413060.0
In,2018-10-22 02:19:00,34.0,False,nan,7413180.0
In,2018-10-22 02:25:00,34.0,False,nan,7413540.0
In,2018-10-22 02:29:00,34.0,False,nan,7413780.0
In,2018-10-22 02:33:00,34.0,False,nan,7414020.0
In,2018-10-22 02:35:00,33.0,False,nan,7414140.0
In,2018-10-22 02:39:00,33.0,False,nan,7414380.0
In,2018-10-22 02:43:00,33.0,False,nan,7414620.0
In,2018-10-22 02:45:00,32.0,False,nan,7414740.0
In,2018-10-22 02:47:00,32.0,False,nan,7414860.0
In,2018-10-22 02:51:00,32.0,False,nan,7415100.0
In,2018-10-22 02:53:00,31.0,False,nan,7415220.0
In,2018-10-22 02:55:00,31.0,False,nan,7415340.0
In,2018-10-22 03:01:00,30.0,False,nan,7415700.0
In,2018-10-22 03:11:00,29.0,False,nan,7416300.0
In,2018-10-22 03:13:00,29.0,False,nan,7416420.0
In,2018-10-22 03:23:00,28.0,False,nan,7417020.0
In,2018-10-22 03:25:00,29.0,False,nan,7417140.0
In,2018-10-22 03:27:00,28.0,False,nan,7417260.0
In,2018-10-22 03:41:00,28.0,False,nan,7418100.0
In,2018-10-22 03:57:00,28.0,False,nan,7419060.0
In,2018-10-22 04:09:00,28.0,False,nan,7419780.0
In,2018-10-22 04:13:00,29.0,False,nan,7420020.0
In,2018-10-22 04:27:00,29.0,False,nan,7420860.0
In,2018-10-22 05:01:00,29.0,False,nan,7422900.0
In,2018-10-22 05:05:00,30.0,False,nan,7423140.0
In,2018-10-22 05:07:00,31.0,False,nan,7423260.0
In,2018-10-22 05:09:00,30.0,False,nan,7423380.0
In,2018-10-22 05:17:00,31.0,False,nan,7423860.0
In,2018-10-22 05:19:00,31.0,False,nan,7423980.0
In,2018-10-22 05:29:00,31.0,False,nan,7424580.0
In,2018-10-22 05:35:00,31.0,False,nan,7424940.0
In,2018-10-22 05:40:00,31.0,False,nan,7425240.0
In,2018-10-22 06:00:00,31.0,False,nan,7426440.0
In,2018-10-22 06:11:00,31.0,False,nan,7427100.0
In,2018-10-22 06:14:00,31.0,False,nan,7427280.0
In,2018-10-22 06:43:00,31.0,False,nan,7429020.0
In,2018-10-22 06:45:00,31.0,False,nan,7429140.0
In,2018-10-22 07:07:00,31.0,False,nan,7430460.0
In,2018-10-22 07:23:00,31.0,False,nan,7431420.0
In,2018-10-22 07:45:00,31.0,False,nan,7432740.0
In,2018-10-22 08:07:00,31.0,False,nan,7434060.0
In,2018-10-22 08:27:00,31.0,False,nan,7435260.0
In,2018-10-22 08:41:00,31.0,False,nan,7436100.0
In,2018-10-22 08:57:00,30.0,False,nan,7437060.0
In,2018-10-22 08:59:00,31.0,False,nan,7437180.0
In,2018-10-22 09:52:00,31.0,False,nan,7440360.0
In,2018-10-22 09:54:00,31.0,False,nan,7440480.0
In,2018-10-22 10:02:00,31.0,False,nan,7440960.0
In,2018-10-22 10:06:00,31.0,False,nan,7441200.0
In,2018-10-22 10:16:00,31.0,False,nan,7441800.0
In,2018-10-22 10:34:00,30.0,False,nan,7442880.0
In,2018-10-22 10:36:00,31.0,False,nan,7443000.0
In,2018-10-22 10:46:00,31.0,False,nan,7443600.0
In,2018-10-22 11:02:00,30.0,False,nan,7444560.0
In,2018-10-22 11:04:00,31.0,False,nan,7444680.0
In,2018-10-22 11:17:00,31.0,False,nan,7445460.0
In,2018-10-22 11:19:00,31.0,False,nan,7445580.0
In,2018-10-22 11:27:00,31.0,False,nan,7446060.0
In,2018-10-22 11:37:00,31.0,False,nan,7446660.0
In,2018-10-22 11:42:00,31.0,False,nan,7446960.0
In,2018-10-22 11:52:00,31.0,False,nan,7447560.0
In,2018-10-22 11:54:00,31.0,False,nan,7447680.0
In,2018-10-22 11:56:00,31.0,False,nan,7447800.0
In,2018-10-22 11:59:00,31.0,False,nan,7447980.0
In,2018-10-22 12:05:00,31.0,False,nan,7448340.0
In,2018-10-22 12:09:00,31.0,False,nan,7448580.0
In,2018-10-22 12:14:00,31.0,False,nan,7448880.0
In,2018-10-22 12:17:00,31.0,False,nan,7449060.0
In,2018-10-22 12:23:00,31.0,False,nan,7449420.0
In,2018-10-22 12:25:00,31.0,False,nan,7449540.0
In,2018-10-22 12:27:00,30.0,False,nan,7449660.0
In,2018-10-22 12:32:00,30.0,False,nan,7449960.0
In,2018-10-22 12:50:00,31.0,False,nan,7451040.0
In,2018-10-22 12:58:00,32.0,False,nan,7451520.0
In,2018-10-22 13:48:00,33.0,False,nan,7454520.0
In,2018-10-22 13:50:00,32.0,False,nan,7454640.0
In,2018-10-22 13:56:00,33.0,False,nan,7455000.0
In,2018-10-22 14:16:00,33.0,False,nan,7456200.0
In,2018-10-22 15:12:00,33.0,False,nan,7459560.0
In,2018-10-22 16:05:00,33.0,False,nan,7462740.0
In,2018-10-22 17:23:00,33.0,False,nan,7467420.0
In,2018-10-22 17:25:00,33.0,False,nan,7467540.0
In,2018-10-22 17:27:00,33.0,False,nan,7467660.0
In,2018-10-22 17:35:00,33.0,False,nan,7468140.0
In,2018-10-22 17:37:00,33.0,False,nan,7468260.0
In,2018-10-22 17:39:00,33.0,False,nan,7468380.0
In,2018-10-22 17:41:00,33.0,False,nan,7468500.0
In,2018-10-22 17:53:00,33.0,False,nan,7469220.0
In,2018-10-22 17:55:00,33.0,False,nan,7469340.0
In,2018-10-22 17:59:00,33.0,False,nan,7469580.0
In,2018-10-22 18:11:00,34.0,False,nan,7470300.0
In,2018-10-22 18:13:00,33.0,False,nan,7470420.0
In,2018-10-22 18:53:00,34.0,False,nan,7472820.0
In,2018-10-22 18:55:00,33.0,False,nan,7472940.0
In,2018-10-22 18:57:00,34.0,False,nan,7473060.0
In,2018-10-22 18:59:00,33.0,False,nan,7473180.0
In,2018-10-22 19:03:00,34.0,False,nan,7473420.0
In,2018-10-22 19:05:00,33.0,False,nan,7473540.0
In,2018-10-22 19:37:00,33.0,False,nan,7475460.0
In,2018-10-22 19:45:00,34.0,False,nan,7475940.0
In,2018-10-22 19:47:00,33.0,False,nan,7476060.0
In,2018-10-22 19:51:00,34.0,False,nan,7476300.0
In,2018-10-22 19:55:00,33.0,False,nan,7476540.0
In,2018-10-22 19:59:00,34.0,False,nan,7476780.0
In,2018-10-22 20:01:00,33.0,False,nan,7476900.0
In,2018-10-22 20:07:00,33.0,False,nan,7477260.0
In,2018-10-22 20:11:00,34.0,False,nan,7477500.0
In,2018-10-22 20:13:00,33.0,False,nan,7477620.0
In,2018-10-22 20:17:00,34.0,False,nan,7477860.0
In,2018-10-22 20:19:00,33.0,False,nan,7477980.0
In,2018-10-22 20:21:00,34.0,False,nan,7478100.0
In,2018-10-22 20:23:00,33.0,False,nan,7478220.0
In,2018-10-22 20:29:00,34.0,False,nan,7478580.0
In,2018-10-22 20:31:00,33.0,False,nan,7478700.0
In,2018-10-22 20:43:00,34.0,False,nan,7479420.0
In,2018-10-22 20:47:00,33.0,False,nan,7479660.0
In,2018-10-22 20:49:00,34.0,False,nan,7479780.0
In,2018-10-22 20:51:00,33.0,False,nan,7479900.0
In,2018-10-22 20:57:00,34.0,False,nan,7480260.0
In,2018-10-22 20:59:00,33.0,False,nan,7480380.0
In,2018-10-22 21:03:00,34.0,False,nan,7480620.0
In,2018-10-22 21:05:00,33.0,False,nan,7480740.0
In,2018-10-22 21:13:00,34.0,False,nan,7481220.0
In,2018-10-22 21:17:00,33.0,False,nan,7481460.0
In,2018-10-22 21:23:00,34.0,False,nan,7481820.0
In,2018-10-22 21:25:00,33.0,False,nan,7481940.0
In,2018-10-22 21:27:00,34.0,False,nan,7482060.0
In,2018-10-22 21:29:00,33.0,False,nan,7482180.0
In,2018-10-22 21:31:00,33.0,False,nan,7482300.0
In,2018-10-22 21:33:00,33.0,False,nan,7482420.0
In,2018-10-22 21:35:00,33.0,False,nan,7482540.0
In,2018-10-22 21:37:00,34.0,False,nan,7482660.0
In,2018-10-22 21:39:00,33.0,False,nan,7482780.0
In,2018-10-22 21:41:00,34.0,False,nan,7482900.0
In,2018-10-22 21:43:00,33.0,False,nan,7483020.0
In,2018-10-22 21:47:00,34.0,False,nan,7483260.0
In,2018-10-22 21:49:00,33.0,False,nan,7483380.0
In,2018-10-22 21:53:00,34.0,False,nan,7483620.0
In,2018-10-22 21:55:00,33.0,False,nan,7483740.0
In,2018-10-22 21:57:00,33.0,False,nan,7483860.0
In,2018-10-22 21:59:00,33.0,False,nan,7483980.0
In,2018-10-22 22:01:00,34.0,False,nan,7484100.0
In,2018-10-22 22:07:00,34.0,False,nan,7484460.0
In,2018-10-22 22:09:00,33.0,False,nan,7484580.0
In,2018-10-22 22:11:00,33.0,False,nan,7484700.0
In,2018-10-22 22:13:00,34.0,False,nan,7484820.0
In,2018-10-22 22:23:00,33.0,False,nan,7485420.0
In,2018-10-22 22:25:00,34.0,False,nan,7485540.0
In,2018-10-22 22:29:00,33.0,False,nan,7485780.0
In,2018-10-22 22:35:00,34.0,False,nan,7486140.0
In,2018-10-22 22:37:00,33.0,False,nan,7486260.0
In,2018-10-22 22:39:00,34.0,False,nan,7486380.0
In,2018-10-22 22:47:00,33.0,False,nan,7486860.0
In,2018-10-22 22:49:00,33.0,False,nan,7486980.0
In,2018-10-22 22:57:00,33.0,False,nan,7487460.0
In,2018-10-22 22:59:00,34.0,False,nan,7487580.0
In,2018-10-22 23:03:00,34.0,False,nan,7487820.0
In,2018-10-22 23:05:00,33.0,False,nan,7487940.0
In,2018-10-22 23:07:00,33.0,False,nan,7488060.0
In,2018-10-22 23:15:00,34.0,False,nan,7488540.0
In,2018-10-22 23:21:00,33.0,False,nan,7488900.0
In,2018-10-22 23:25:00,34.0,False,nan,7489140.0
In,2018-10-22 23:27:00,33.0,False,nan,7489260.0
In,2018-10-22 23:31:00,34.0,False,nan,7489500.0
In,2018-10-22 23:33:00,33.0,False,nan,7489620.0
In,2018-10-22 23:37:00,34.0,False,nan,7489860.0
In,2018-10-22 23:39:00,33.0,False,nan,7489980.0
In,2018-10-22 23:47:00,34.0,False,nan,7490460.0
In,2018-10-22 23:53:00,33.0,False,nan,7490820.0
In,2018-10-22 23:55:00,34.0,False,nan,7490940.0
In,2018-10-22 23:57:00,33.0,False,nan,7491060.0
In,2018-10-23 00:01:00,34.0,False,nan,7491300.0
In,2018-10-23 00:05:00,33.0,False,nan,7491540.0
In,2018-10-23 00:07:00,34.0,False,nan,7491660.0
In,2018-10-23 00:09:00,33.0,False,nan,7491780.0
In,2018-10-23 00:18:00,34.0,False,nan,7492320.0
In,2018-10-23 00:24:00,33.0,False,nan,7492680.0
In,2018-10-23 00:26:00,34.0,False,nan,7492800.0
In,2018-10-23 00:28:00,33.0,False,nan,7492920.0
In,2018-10-23 00:34:00,34.0,False,nan,7493280.0
In,2018-10-23 00:36:00,33.0,False,nan,7493400.0
In,2018-10-23 00:38:00,34.0,False,nan,7493520.0
In,2018-10-23 00:40:00,33.0,False,nan,7493640.0
In,2018-10-23 00:44:00,34.0,False,nan,7493880.0
In,2018-10-23 00:46:00,33.0,False,nan,7494000.0
In,2018-10-23 00:48:00,34.0,False,nan,7494120.0
In,2018-10-23 00:54:00,33.0,False,nan,7494480.0
In,2018-10-23 00:58:00,34.0,False,nan,7494720.0
In,2018-10-23 01:02:00,33.0,False,nan,7494960.0
In,2018-10-23 01:20:00,34.0,False,nan,7496040.0
In,2018-10-23 01:22:00,33.0,False,nan,7496160.0
In,2018-10-23 01:50:00,33.0,False,nan,7497840.0
In,2018-10-23 01:58:00,33.0,False,nan,7498320.0
In,2018-10-23 02:18:00,33.0,False,nan,7499520.0
In,2018-10-23 02:26:00,33.0,False,nan,7500000.0
In,2018-10-23 02:28:00,33.0,False,nan,7500120.0
In,2018-10-23 02:30:00,33.0,False,nan,7500240.0
In,2018-10-23 02:32:00,33.0,False,nan,7500360.0
In,2018-10-23 02:36:00,33.0,False,nan,7500600.0
In,2018-10-23 02:42:00,33.0,False,nan,7500960.0
In,2018-10-23 02:50:00,33.0,False,nan,7501440.0
In,2018-10-23 02:54:00,32.0,False,nan,7501680.0
In,2018-10-23 02:56:00,32.0,False,nan,7501800.0
In,2018-10-23 03:06:00,31.0,False,nan,7502400.0
In,2018-10-23 03:20:00,31.0,False,nan,7503240.0
In,2018-10-23 03:22:00,31.0,False,nan,7503360.0
In,2018-10-23 03:26:00,30.0,False,nan,7503600.0
In,2018-10-23 03:30:00,30.0,False,nan,7503840.0
In,2018-10-23 03:32:00,30.0,False,nan,7503960.0
In,2018-10-23 03:34:00,30.0,False,nan,7504080.0
In,2018-10-23 03:40:00,30.0,False,nan,7504440.0
In,2018-10-23 03:48:00,30.0,False,nan,7504920.0
In,2018-10-23 03:56:00,30.0,False,nan,7505400.0
In,2018-10-23 04:10:00,30.0,False,nan,7506240.0
In,2018-10-23 04:18:00,30.0,False,nan,7506720.0
In,2018-10-23 04:21:00,30.0,False,nan,7506900.0
In,2018-10-23 04:25:00,30.0,False,nan,7507140.0
In,2018-10-23 04:30:00,30.0,False,nan,7507440.0
In,2018-10-23 04:34:00,30.0,False,nan,7507680.0
In,2018-10-23 04:45:00,30.0,False,nan,7508340.0
In,2018-10-23 04:53:00,30.0,False,nan,7508820.0
In,2018-10-23 04:57:00,30.0,False,nan,7509060.0
In,2018-10-23 05:07:00,30.0,False,nan,7509660.0
In,2018-10-23 05:10:00,30.0,False,nan,7509840.0
In,2018-10-23 05:28:00,30.0,False,nan,7510920.0
In,2018-10-23 05:59:00,30.0,False,nan,7512780.0
In,2018-10-23 06:03:00,30.0,False,nan,7513020.0
In,2018-10-23 06:13:00,30.0,False,nan,7513620.0
In,2018-10-23 06:26:00,30.0,False,nan,7514400.0
In,2018-10-23 06:33:00,30.0,False,nan,7514820.0
In,2018-10-23 06:36:00,30.0,False,nan,7515000.0
In,2018-10-23 06:45:00,30.0,False,nan,7515540.0
In,2018-10-23 06:54:00,30.0,False,nan,7516080.0
In,2018-10-23 07:00:00,30.0,False,nan,7516440.0
In,2018-10-23 07:07:00,30.0,False,nan,7516860.0
In,2018-10-23 07:16:00,30.0,False,nan,7517400.0
In,2018-10-23 07:20:00,30.0,False,nan,7517640.0
In,2018-10-23 07:22:00,31.0,False,nan,7517760.0
In,2018-10-23 07:27:00,31.0,False,nan,7518060.0
In,2018-10-23 07:31:00,31.0,False,nan,7518300.0
In,2018-10-23 07:36:00,31.0,False,nan,7518600.0
In,2018-10-23 07:40:00,31.0,False,nan,7518840.0
In,2018-10-23 07:49:00,31.0,False,nan,7519380.0
In,2018-10-23 07:54:00,31.0,False,nan,7519680.0
In,2018-10-23 07:58:00,31.0,False,nan,7519920.0
In,2018-10-23 08:02:00,31.0,False,nan,7520160.0
In,2018-10-23 08:07:00,31.0,False,nan,7520460.0
In,2018-10-23 08:11:00,31.0,False,nan,7520700.0
In,2018-10-23 08:15:00,31.0,False,nan,7520940.0
In,2018-10-23 08:19:00,31.0,False,nan,7521180.0
In,2018-10-23 08:22:00,31.0,False,nan,7521360.0
In,2018-10-23 08:31:00,31.0,False,nan,7521900.0
In,2018-10-23 08:40:00,31.0,False,nan,7522440.0
In,2018-10-23 08:44:00,31.0,False,nan,7522680.0
In,2018-10-23 08:57:00,31.0,False,nan,7523460.0
In,2018-10-23 09:04:00,31.0,False,nan,7523880.0
In,2018-10-23 09:06:00,31.0,False,nan,7524000.0
In,2018-10-23 09:11:00,31.0,False,nan,7524300.0
In,2018-10-23 09:14:00,31.0,False,nan,7524480.0
In,2018-10-23 09:16:00,31.0,False,nan,7524600.0
In,2018-10-23 09:18:00,31.0,False,nan,7524720.0
In,2018-10-23 09:31:00,31.0,False,nan,7525500.0
In,2018-10-23 09:41:00,31.0,False,nan,7526100.0
In,2018-10-23 09:51:00,31.0,False,nan,7526700.0
In,2018-10-23 09:54:00,31.0,False,nan,7526880.0
In,2018-10-23 09:56:00,31.0,False,nan,7527000.0
In,2018-10-23 10:00:00,31.0,False,nan,7527240.0
In,2018-10-23 10:09:00,31.0,False,nan,7527780.0
In,2018-10-23 10:12:00,31.0,False,nan,7527960.0
In,2018-10-23 10:21:00,31.0,False,nan,7528500.0
In,2018-10-23 10:28:00,31.0,False,nan,7528920.0
In,2018-10-23 10:34:00,31.0,False,nan,7529280.0
In,2018-10-23 10:39:00,31.0,False,nan,7529580.0
In,2018-10-23 10:47:00,31.0,False,nan,7530060.0
In,2018-10-23 10:52:00,31.0,False,nan,7530360.0
In,2018-10-23 10:56:00,31.0,False,nan,7530600.0
In,2018-10-23 11:00:00,31.0,False,nan,7530840.0
In,2018-10-23 11:15:00,31.0,False,nan,7531740.0
In,2018-10-23 11:22:00,31.0,False,nan,7532160.0
In,2018-10-23 11:33:00,31.0,False,nan,7532820.0
In,2018-10-23 11:35:00,31.0,False,nan,7532940.0
In,2018-10-23 11:38:00,30.0,False,nan,7533120.0
In,2018-10-23 11:41:00,31.0,False,nan,7533300.0
In,2018-10-23 11:52:00,31.0,False,nan,7533960.0
In,2018-10-23 12:05:00,31.0,False,nan,7534740.0
In,2018-10-23 12:07:00,30.0,False,nan,7534860.0
In,2018-10-23 12:09:00,31.0,False,nan,7534980.0
In,2018-10-23 12:13:00,31.0,False,nan,7535220.0
In,2018-10-23 12:19:00,30.0,False,nan,7535580.0
In,2018-10-23 12:29:00,30.0,False,nan,7536180.0
In,2018-10-23 12:31:00,30.0,False,nan,7536300.0
In,2018-10-23 12:33:00,30.0,False,nan,7536420.0
In,2018-10-23 12:39:00,30.0,False,nan,7536780.0
In,2018-10-23 12:45:00,31.0,False,nan,7537140.0
In,2018-10-23 13:03:00,31.0,False,nan,7538220.0
In,2018-10-23 13:05:00,32.0,False,nan,7538340.0
In,2018-10-23 14:09:00,33.0,False,nan,7542180.0
In,2018-10-23 14:11:00,32.0,False,nan,7542300.0
In,2018-10-23 14:13:00,33.0,False,nan,7542420.0
In,2018-10-23 14:19:00,32.0,False,nan,7542780.0
In,2018-10-23 14:27:00,33.0,False,nan,7543260.0
In,2018-10-23 14:35:00,32.0,False,nan,7543740.0
In,2018-10-23 14:37:00,33.0,False,nan,7543860.0
In,2018-10-23 15:57:00,33.0,False,nan,7548660.0
In,2018-10-23 15:59:00,33.0,False,nan,7548780.0
In,2018-10-23 16:05:00,33.0,False,nan,7549140.0
In,2018-10-23 16:07:00,33.0,False,nan,7549260.0
In,2018-10-23 16:09:00,33.0,False,nan,7549380.0
In,2018-10-23 16:17:00,33.0,False,nan,7549860.0
In,2018-10-23 16:19:00,33.0,False,nan,7549980.0
In,2018-10-23 16:25:00,33.0,False,nan,7550340.0
In,2018-10-23 16:27:00,33.0,False,nan,7550460.0
In,2018-10-23 16:29:00,33.0,False,nan,7550580.0
In,2018-10-23 16:33:00,33.0,False,nan,7550820.0
In,2018-10-23 16:35:00,33.0,False,nan,7550940.0
In,2018-10-23 18:41:00,33.0,False,nan,7558500.0
In,2018-10-23 18:45:00,33.0,False,nan,7558740.0
In,2018-10-23 18:47:00,33.0,False,nan,7558860.0
In,2018-10-23 19:54:00,34.0,False,nan,7562880.0
In,2018-10-23 19:56:00,33.0,False,nan,7563000.0
In,2018-10-24 07:15:00,31.0,False,nan,7603740.0
In,2018-10-24 07:15:00,31.0,False,nan,7603740.0
In,2018-10-24 07:17:00,31.0,False,nan,7603860.0
In,2018-10-24 07:17:00,31.0,False,nan,7603860.0
In,2018-10-24 07:24:00,31.0,False,nan,7604280.0
In,2018-10-24 07:24:00,31.0,False,nan,7604280.0
In,2018-10-24 07:26:00,31.0,False,nan,7604400.0
In,2018-10-24 07:27:00,31.0,False,nan,7604460.0
In,2018-10-24 07:39:00,31.0,False,nan,7605180.0
In,2018-10-24 07:43:00,31.0,False,nan,7605420.0
In,2018-10-24 07:43:00,31.0,False,nan,7605420.0
In,2018-10-24 07:52:00,31.0,False,nan,7605960.0
In,2018-10-24 07:59:00,31.0,False,nan,7606380.0
In,2018-10-24 07:59:00,31.0,False,nan,7606380.0
In,2018-10-24 08:01:00,31.0,False,nan,7606500.0
In,2018-10-24 08:01:00,31.0,False,nan,7606500.0
In,2018-10-24 08:03:00,31.0,False,nan,7606620.0
In,2018-10-24 08:03:00,31.0,False,nan,7606620.0
In,2018-10-24 08:08:00,31.0,False,nan,7606920.0
In,2018-10-24 08:08:00,31.0,False,nan,7606920.0
In,2018-10-24 08:18:00,31.0,False,nan,7607520.0
In,2018-10-24 08:18:00,31.0,False,nan,7607520.0
In,2018-10-24 08:22:00,31.0,False,nan,7607760.0
In,2018-10-24 08:22:00,31.0,False,nan,7607760.0
In,2018-10-24 08:24:00,30.0,False,nan,7607880.0
In,2018-10-24 08:24:00,30.0,False,nan,7607880.0
In,2018-10-24 08:26:00,31.0,False,nan,7608000.0
In,2018-10-24 08:28:00,31.0,False,nan,7608120.0
In,2018-10-24 08:28:00,31.0,False,nan,7608120.0
In,2018-10-24 08:40:00,31.0,False,nan,7608840.0
In,2018-10-24 08:42:00,31.0,False,nan,7608960.0
In,2018-10-24 08:42:00,31.0,False,nan,7608960.0
In,2018-10-24 08:44:00,31.0,False,nan,7609080.0
In,2018-10-24 08:44:00,31.0,False,nan,7609080.0
In,2018-10-24 09:14:00,31.0,False,nan,7610880.0
In,2018-10-24 09:14:00,31.0,False,nan,7610880.0
In,2018-10-24 09:30:00,30.0,False,nan,7611840.0
In,2018-10-24 09:30:00,30.0,False,nan,7611840.0
In,2018-10-24 09:44:00,30.0,False,nan,7612680.0
In,2018-10-24 09:45:00,30.0,False,nan,7612740.0
In,2018-10-24 10:58:00,31.0,False,nan,7617120.0
In,2018-10-24 10:58:00,31.0,False,nan,7617120.0
In,2018-10-24 11:00:00,30.0,False,nan,7617240.0
In,2018-10-24 11:00:00,30.0,False,nan,7617240.0
In,2018-10-24 11:02:00,31.0,False,nan,7617360.0
In,2018-10-24 11:02:00,31.0,False,nan,7617360.0
In,2018-10-24 11:51:00,31.0,False,nan,7620300.0
In,2018-10-24 11:51:00,31.0,False,nan,7620300.0
In,2018-10-24 11:53:00,30.0,False,nan,7620420.0
In,2018-10-24 11:53:00,30.0,False,nan,7620420.0
In,2018-10-24 11:55:00,31.0,False,nan,7620540.0
In,2018-10-24 11:55:00,31.0,False,nan,7620540.0
In,2018-10-24 11:57:00,30.0,False,nan,7620660.0
In,2018-10-24 11:57:00,30.0,False,nan,7620660.0
In,2018-10-24 11:59:00,31.0,False,nan,7620780.0
In,2018-10-24 11:59:00,31.0,False,nan,7620780.0
In,2018-10-24 12:01:00,30.0,False,nan,7620900.0
In,2018-10-24 12:01:00,30.0,False,nan,7620900.0
In,2018-10-24 12:07:00,30.0,False,nan,7621260.0
In,2018-10-24 12:07:00,30.0,False,nan,7621260.0
In,2018-10-24 12:09:00,31.0,False,nan,7621380.0
In,2018-10-24 12:09:00,31.0,False,nan,7621380.0
In,2018-10-24 12:17:00,31.0,False,nan,7621860.0
In,2018-10-24 12:17:00,31.0,False,nan,7621860.0
In,2018-10-24 12:19:00,31.0,False,nan,7621980.0
In,2018-10-24 12:19:00,31.0,False,nan,7621980.0
In,2018-10-24 12:21:00,31.0,False,nan,7622100.0
In,2018-10-24 12:21:00,31.0,False,nan,7622100.0
In,2018-10-24 12:31:00,32.0,False,nan,7622700.0
In,2018-10-24 12:31:00,32.0,False,nan,7622700.0
In,2018-10-24 13:09:00,32.0,False,nan,7624980.0
In,2018-10-24 13:09:00,32.0,False,nan,7624980.0
In,2018-10-24 13:23:00,32.0,False,nan,7625820.0
In,2018-10-24 13:23:00,32.0,False,nan,7625820.0
In,2018-10-24 13:29:00,32.0,False,nan,7626180.0
In,2018-10-24 13:29:00,32.0,False,nan,7626180.0
In,2018-10-24 13:31:00,33.0,False,nan,7626300.0
In,2018-10-24 13:31:00,33.0,False,nan,7626300.0
In,2018-10-24 13:37:00,32.0,False,nan,7626660.0
In,2018-10-24 13:37:00,32.0,False,nan,7626660.0
In,2018-10-24 13:39:00,33.0,False,nan,7626780.0
In,2018-10-24 13:39:00,33.0,False,nan,7626780.0
In,2018-10-24 14:05:00,33.0,False,nan,7628340.0
In,2018-10-24 14:05:00,33.0,False,nan,7628340.0
In,2018-10-24 14:07:00,33.0,False,nan,7628460.0
In,2018-10-24 14:07:00,33.0,False,nan,7628460.0
In,2018-10-24 14:11:00,33.0,False,nan,7628700.0
In,2018-10-24 14:11:00,33.0,False,nan,7628700.0
In,2018-10-24 14:17:00,33.0,False,nan,7629060.0
In,2018-10-24 14:17:00,33.0,False,nan,7629060.0
In,2018-10-24 14:19:00,33.0,False,nan,7629180.0
In,2018-10-24 14:19:00,33.0,False,nan,7629180.0
In,2018-10-25 06:05:00,30.0,False,nan,7685940.0
In,2018-10-25 06:15:00,30.0,False,nan,7686540.0
In,2018-10-25 06:17:00,28.0,False,nan,7686660.0
In,2018-10-25 06:20:00,28.0,False,nan,7686840.0
In,2018-10-25 06:20:00,30.0,False,nan,7686840.0
In,2018-10-25 06:24:00,30.0,False,nan,7687080.0
In,2018-10-25 06:24:00,29.0,False,nan,7687080.0
In,2018-10-25 06:30:00,29.0,False,nan,7687440.0
In,2018-10-25 06:30:00,29.0,False,nan,7687440.0
In,2018-10-25 06:30:00,29.0,False,nan,7687440.0
In,2018-10-25 06:31:00,29.0,False,nan,7687500.0
In,2018-10-25 06:31:00,29.0,False,nan,7687500.0
In,2018-10-25 06:31:00,29.0,False,nan,7687500.0
In,2018-10-25 06:31:00,29.0,False,nan,7687500.0
In,2018-10-25 06:31:00,29.0,False,nan,7687500.0
In,2018-10-25 06:31:00,29.0,False,nan,7687500.0
In,2018-10-25 06:32:00,29.0,False,nan,7687560.0
In,2018-10-25 06:32:00,29.0,False,nan,7687560.0
In,2018-10-25 06:34:00,29.0,False,nan,7687680.0
In,2018-10-25 06:35:00,29.0,False,nan,7687740.0
In,2018-10-25 06:35:00,30.0,False,nan,7687740.0
In,2018-10-25 06:35:00,29.0,False,nan,7687740.0
In,2018-10-25 06:37:00,28.0,False,nan,7687860.0
In,2018-10-25 06:37:00,28.0,False,nan,7687860.0
In,2018-10-25 06:37:00,28.0,False,nan,7687860.0
In,2018-10-25 06:37:00,28.0,False,nan,7687860.0
In,2018-10-25 06:37:00,30.0,False,nan,7687860.0
In,2018-10-25 06:38:00,28.0,False,nan,7687920.0
In,2018-10-25 06:39:00,28.0,False,nan,7687980.0
In,2018-10-25 06:41:00,28.0,False,nan,7688100.0
In,2018-10-25 06:43:00,28.0,False,nan,7688220.0
In,2018-10-25 06:44:00,28.0,False,nan,7688280.0
In,2018-10-25 06:44:00,28.0,False,nan,7688280.0
In,2018-10-25 06:44:00,28.0,False,nan,7688280.0
In,2018-10-25 06:46:00,30.0,False,nan,7688400.0
In,2018-10-25 06:48:00,28.0,False,nan,7688520.0
In,2018-10-25 06:49:00,28.0,False,nan,7688580.0
In,2018-10-25 06:49:00,28.0,False,nan,7688580.0
In,2018-10-25 06:50:00,30.0,False,nan,7688640.0
In,2018-10-25 06:52:00,28.0,False,nan,7688760.0
In,2018-10-25 06:53:00,28.0,False,nan,7688820.0
In,2018-10-25 06:54:00,28.0,False,nan,7688880.0
In,2018-10-25 06:54:00,30.0,False,nan,7688880.0
In,2018-10-25 06:56:00,28.0,False,nan,7689000.0
In,2018-10-25 06:56:00,31.0,False,nan,7689000.0
In,2018-10-25 06:57:00,28.0,False,nan,7689060.0
In,2018-10-25 06:58:00,28.0,False,nan,7689120.0
In,2018-10-25 06:58:00,28.0,False,nan,7689120.0
In,2018-10-25 06:58:00,28.0,False,nan,7689120.0
In,2018-10-25 07:00:00,28.0,False,nan,7689240.0
In,2018-10-25 07:01:00,31.0,False,nan,7689300.0
In,2018-10-25 07:02:00,28.0,False,nan,7689360.0
In,2018-10-25 07:03:00,28.0,False,nan,7689420.0
In,2018-10-25 07:03:00,31.0,False,nan,7689420.0
In,2018-10-25 07:04:00,28.0,False,nan,7689480.0
In,2018-10-25 07:07:00,28.0,False,nan,7689660.0
In,2018-10-25 07:10:00,28.0,False,nan,7689840.0
In,2018-10-25 07:11:00,29.0,False,nan,7689900.0
In,2018-10-25 07:11:00,30.0,False,nan,7689900.0
In,2018-10-25 07:12:00,29.0,False,nan,7689960.0
In,2018-10-25 07:12:00,29.0,False,nan,7689960.0
In,2018-10-25 07:13:00,28.0,False,nan,7690020.0
In,2018-10-25 07:13:00,29.0,False,nan,7690020.0
In,2018-10-25 07:16:00,31.0,False,nan,7690200.0
In,2018-10-25 07:20:00,29.0,False,nan,7690440.0
In,2018-10-25 07:21:00,29.0,False,nan,7690500.0
In,2018-10-25 07:21:00,31.0,False,nan,7690500.0
In,2018-10-25 07:27:00,31.0,False,nan,7690860.0
In,2018-10-25 07:30:00,31.0,False,nan,7691040.0
In,2018-10-25 07:32:00,29.0,False,nan,7691160.0
In,2018-10-25 07:35:00,29.0,False,nan,7691340.0
In,2018-10-25 07:37:00,29.0,False,nan,7691460.0
In,2018-10-25 07:41:00,29.0,False,nan,7691700.0
In,2018-10-25 07:45:00,31.0,False,nan,7691940.0
In,2018-10-25 07:45:00,29.0,False,nan,7691940.0
In,2018-10-25 07:47:00,29.0,False,nan,7692060.0
In,2018-10-25 07:47:00,29.0,False,nan,7692060.0
In,2018-10-25 07:48:00,29.0,False,nan,7692120.0
In,2018-10-25 07:48:00,29.0,False,nan,7692120.0
In,2018-10-25 07:49:00,29.0,False,nan,7692180.0
In,2018-10-25 07:51:00,29.0,False,nan,7692300.0
In,2018-10-25 07:51:00,29.0,False,nan,7692300.0
In,2018-10-25 07:52:00,29.0,False,nan,7692360.0
In,2018-10-25 07:52:00,29.0,False,nan,7692360.0
In,2018-10-25 07:52:00,31.0,False,nan,7692360.0
In,2018-10-25 07:53:00,29.0,False,nan,7692420.0
In,2018-10-25 07:53:00,29.0,False,nan,7692420.0
In,2018-10-25 07:54:00,29.0,False,nan,7692480.0
In,2018-10-25 07:58:00,31.0,False,nan,7692720.0
In,2018-10-25 08:01:00,28.0,False,nan,7692900.0
In,2018-10-25 08:01:00,31.0,False,nan,7692900.0
In,2018-10-25 08:01:00,28.0,False,nan,7692900.0
In,2018-10-25 08:02:00,28.0,False,nan,7692960.0
In,2018-10-25 08:03:00,28.0,False,nan,7693020.0
In,2018-10-25 08:04:00,28.0,False,nan,7693080.0
In,2018-10-25 08:05:00,31.0,False,nan,7693140.0
In,2018-10-25 08:06:00,28.0,False,nan,7693200.0
In,2018-10-25 08:06:00,28.0,False,nan,7693200.0
In,2018-10-25 08:07:00,28.0,False,nan,7693260.0
In,2018-10-25 08:07:00,28.0,False,nan,7693260.0
In,2018-10-25 08:07:00,31.0,False,nan,7693260.0
In,2018-10-25 08:08:00,28.0,False,nan,7693320.0
In,2018-10-25 08:08:00,28.0,False,nan,7693320.0
In,2018-10-25 08:09:00,28.0,False,nan,7693380.0
In,2018-10-25 08:11:00,31.0,False,nan,7693500.0
In,2018-10-25 08:14:00,28.0,False,nan,7693680.0
In,2018-10-25 08:15:00,28.0,False,nan,7693740.0
In,2018-10-25 08:16:00,28.0,False,nan,7693800.0
In,2018-10-25 08:17:00,28.0,False,nan,7693860.0
In,2018-10-25 08:20:00,28.0,False,nan,7694040.0
In,2018-10-25 08:21:00,28.0,False,nan,7694100.0
In,2018-10-25 08:21:00,28.0,False,nan,7694100.0
In,2018-10-25 08:28:00,28.0,False,nan,7694520.0
In,2018-10-25 08:29:00,28.0,False,nan,7694580.0
In,2018-10-25 08:30:00,31.0,False,nan,7694640.0
In,2018-10-25 08:34:00,28.0,False,nan,7694880.0
In,2018-10-25 08:34:00,28.0,False,nan,7694880.0
In,2018-10-25 08:36:00,28.0,False,nan,7695000.0
In,2018-10-25 08:42:00,30.0,False,nan,7695360.0
In,2018-10-25 08:44:00,31.0,False,nan,7695480.0
In,2018-10-25 08:52:00,28.0,False,nan,7695960.0
In,2018-10-25 08:53:00,28.0,False,nan,7696020.0
In,2018-10-25 08:55:00,28.0,False,nan,7696140.0
In,2018-10-25 09:04:00,31.0,False,nan,7696680.0
In,2018-10-25 09:06:00,31.0,False,nan,7696800.0
In,2018-10-25 09:06:00,28.0,False,nan,7696800.0
In,2018-10-25 09:07:00,28.0,False,nan,7696860.0
In,2018-10-25 09:07:00,28.0,False,nan,7696860.0
In,2018-10-25 09:08:00,31.0,False,nan,7696920.0
In,2018-10-25 09:10:00,31.0,False,nan,7697040.0
In,2018-10-25 09:12:00,28.0,False,nan,7697160.0
In,2018-10-25 09:12:00,28.0,False,nan,7697160.0
In,2018-10-25 09:19:00,28.0,False,nan,7697580.0
In,2018-10-25 09:20:00,28.0,False,nan,7697640.0
In,2018-10-25 09:21:00,28.0,False,nan,7697700.0
In,2018-10-25 09:22:00,31.0,False,nan,7697760.0
In,2018-10-25 09:24:00,28.0,False,nan,7697880.0
In,2018-10-25 09:27:00,28.0,False,nan,7698060.0
In,2018-10-25 09:29:00,28.0,False,nan,7698180.0
In,2018-10-25 09:34:00,28.0,False,nan,7698480.0
In,2018-10-25 09:34:00,28.0,False,nan,7698480.0
In,2018-10-25 09:35:00,28.0,False,nan,7698540.0
In,2018-10-25 09:39:00,28.0,False,nan,7698780.0
In,2018-10-25 09:41:00,29.0,False,nan,7698900.0
In,2018-10-25 09:41:00,29.0,False,nan,7698900.0
In,2018-10-25 09:41:00,29.0,False,nan,7698900.0
In,2018-10-25 09:42:00,29.0,False,nan,7698960.0
In,2018-10-25 09:42:00,29.0,False,nan,7698960.0
In,2018-10-25 09:43:00,29.0,False,nan,7699020.0
In,2018-10-25 09:45:00,29.0,False,nan,7699140.0
In,2018-10-25 09:48:00,29.0,False,nan,7699320.0
In,2018-10-25 09:49:00,29.0,False,nan,7699380.0
In,2018-10-25 09:49:00,29.0,False,nan,7699380.0
In,2018-10-25 09:49:00,29.0,False,nan,7699380.0
In,2018-10-25 12:19:00,28.0,False,nan,7708380.0
In,2018-10-25 12:19:00,28.0,False,nan,7708380.0
In,2018-10-25 12:26:00,28.0,False,nan,7708800.0
In,2018-10-25 12:30:00,28.0,False,nan,7709040.0
In,2018-10-25 12:30:00,28.0,False,nan,7709040.0
In,2018-10-25 12:35:00,31.0,False,nan,7709340.0
In,2018-10-25 12:35:00,28.0,False,nan,7709340.0
In,2018-10-25 12:37:00,31.0,False,nan,7709460.0
In,2018-10-25 12:38:00,29.0,False,nan,7709520.0
In,2018-10-25 12:51:00,29.0,False,nan,7710300.0
In,2018-10-25 12:51:00,30.0,False,nan,7710300.0
In,2018-10-25 12:53:00,30.0,False,nan,7710420.0
In,2018-10-25 12:54:00,30.0,False,nan,7710480.0
In,2018-10-25 12:56:00,30.0,False,nan,7710600.0
In,2018-10-25 12:58:00,30.0,False,nan,7710720.0
In,2018-10-25 13:01:00,30.0,False,nan,7710900.0
In,2018-10-25 13:10:00,30.0,False,nan,7711440.0
In,2018-10-25 13:14:00,32.0,False,nan,7711680.0
In,2018-10-25 13:14:00,30.0,False,nan,7711680.0
In,2018-10-25 13:21:00,30.0,False,nan,7712100.0
In,2018-10-25 13:22:00,30.0,False,nan,7712160.0
In,2018-10-25 13:26:00,30.0,False,nan,7712400.0
In,2018-10-25 13:27:00,30.0,False,nan,7712460.0
In,2018-10-25 13:30:00,30.0,False,nan,7712640.0
In,2018-10-25 13:31:00,30.0,False,nan,7712700.0
In,2018-10-25 13:33:00,30.0,False,nan,7712820.0
In,2018-10-25 13:35:00,30.0,False,nan,7712940.0
In,2018-10-25 13:36:00,32.0,False,nan,7713000.0
In,2018-10-25 13:41:00,30.0,False,nan,7713300.0
In,2018-10-25 13:41:00,30.0,False,nan,7713300.0
In,2018-10-25 13:44:00,30.0,False,nan,7713480.0
In,2018-10-25 13:45:00,30.0,False,nan,7713540.0
In,2018-10-25 13:52:00,30.0,False,nan,7713960.0
In,2018-10-25 13:58:00,30.0,False,nan,7714320.0
In,2018-10-25 14:00:00,32.0,False,nan,7714440.0
In,2018-10-25 14:02:00,31.0,False,nan,7714560.0
In,2018-10-25 14:03:00,30.0,False,nan,7714620.0
In,2018-10-25 14:04:00,30.0,False,nan,7714680.0
In,2018-10-25 14:04:00,32.0,False,nan,7714680.0
In,2018-10-25 14:06:00,30.0,False,nan,7714800.0
In,2018-10-25 14:06:00,32.0,False,nan,7714800.0
In,2018-10-25 14:07:00,30.0,False,nan,7714860.0
In,2018-10-25 14:11:00,30.0,False,nan,7715100.0
In,2018-10-25 14:11:00,31.0,False,nan,7715100.0
In,2018-10-25 14:12:00,32.0,False,nan,7715160.0
In,2018-10-25 14:13:00,30.0,False,nan,7715220.0
In,2018-10-25 14:16:00,32.0,False,nan,7715400.0
In,2018-10-25 14:18:00,32.0,False,nan,7715520.0
In,2018-10-25 14:23:00,30.0,False,nan,7715820.0
In,2018-10-25 14:24:00,32.0,False,nan,7715880.0
In,2018-10-25 14:24:00,30.0,False,nan,7715880.0
In,2018-10-25 14:31:00,31.0,False,nan,7716300.0
In,2018-10-25 14:34:00,31.0,False,nan,7716480.0
In,2018-10-25 14:37:00,31.0,False,nan,7716660.0
In,2018-10-25 14:43:00,31.0,False,nan,7717020.0
In,2018-10-25 14:44:00,30.0,False,nan,7717080.0
In,2018-10-25 14:50:00,30.0,False,nan,7717440.0
In,2018-10-25 14:59:00,31.0,False,nan,7717980.0
In,2018-10-25 15:03:00,31.0,False,nan,7718220.0
In,2018-10-25 15:03:00,31.0,False,nan,7718220.0
In,2018-10-25 15:14:00,31.0,False,nan,7718880.0
In,2018-10-25 15:15:00,33.0,False,nan,7718940.0
In,2018-10-25 15:19:00,31.0,False,nan,7719180.0
In,2018-10-25 15:20:00,31.0,False,nan,7719240.0
In,2018-10-25 15:24:00,31.0,False,nan,7719480.0
In,2018-10-25 15:31:00,31.0,False,nan,7719900.0
In,2018-10-25 15:35:00,33.0,False,nan,7720140.0
In,2018-10-25 15:37:00,31.0,False,nan,7720260.0
In,2018-10-25 15:37:00,33.0,False,nan,7720260.0
In,2018-10-25 15:39:00,33.0,False,nan,7720380.0
In,2018-10-25 15:41:00,33.0,False,nan,7720500.0
In,2018-10-25 15:43:00,32.0,False,nan,7720620.0
In,2018-10-25 15:43:00,33.0,False,nan,7720620.0
In,2018-10-25 15:43:00,32.0,False,nan,7720620.0
In,2018-10-25 15:46:00,31.0,False,nan,7720800.0
In,2018-10-25 15:47:00,31.0,False,nan,7720860.0
In,2018-10-25 15:54:00,32.0,False,nan,7721280.0
In,2018-10-25 16:00:00,32.0,False,nan,7721640.0
In,2018-10-25 16:02:00,32.0,False,nan,7721760.0
In,2018-10-25 16:02:00,32.0,False,nan,7721760.0
In,2018-10-25 16:02:00,32.0,False,nan,7721760.0
In,2018-10-25 16:08:00,32.0,False,nan,7722120.0
In,2018-10-25 16:10:00,31.0,False,nan,7722240.0
In,2018-10-25 16:10:00,32.0,False,nan,7722240.0
In,2018-10-25 16:13:00,32.0,False,nan,7722420.0
In,2018-10-25 16:20:00,31.0,False,nan,7722840.0
In,2018-10-25 16:24:00,32.0,False,nan,7723080.0
In,2018-10-25 16:25:00,32.0,False,nan,7723140.0
In,2018-10-25 16:25:00,32.0,False,nan,7723140.0
In,2018-10-25 16:28:00,32.0,False,nan,7723320.0
In,2018-10-25 16:34:00,32.0,False,nan,7723680.0
In,2018-10-25 16:34:00,32.0,False,nan,7723680.0
In,2018-10-25 16:38:00,32.0,False,nan,7723920.0
In,2018-10-25 16:40:00,32.0,False,nan,7724040.0
In,2018-10-25 16:42:00,33.0,False,nan,7724160.0
In,2018-10-25 16:43:00,32.0,False,nan,7724220.0
In,2018-10-25 16:44:00,32.0,False,nan,7724280.0
In,2018-10-25 16:46:00,32.0,False,nan,7724400.0
In,2018-10-25 16:48:00,33.0,False,nan,7724520.0
In,2018-10-25 16:48:00,32.0,False,nan,7724520.0
In,2018-10-25 16:51:00,32.0,False,nan,7724700.0
In,2018-10-25 17:01:00,32.0,False,nan,7725300.0
In,2018-10-25 17:10:00,32.0,False,nan,7725840.0
In,2018-10-25 17:14:00,33.0,False,nan,7726080.0
In,2018-10-25 17:15:00,32.0,False,nan,7726140.0
In,2018-10-25 17:16:00,32.0,False,nan,7726200.0
In,2018-10-25 17:20:00,32.0,False,nan,7726440.0
In,2018-10-25 17:23:00,32.0,False,nan,7726620.0
In,2018-10-25 17:29:00,32.0,False,nan,7726980.0
In,2018-10-25 17:30:00,32.0,False,nan,7727040.0
In,2018-10-25 17:33:00,32.0,False,nan,7727220.0
In,2018-10-25 17:36:00,33.0,False,nan,7727400.0
In,2018-10-25 17:39:00,32.0,False,nan,7727580.0
In,2018-10-25 17:41:00,32.0,False,nan,7727700.0
In,2018-10-25 17:41:00,32.0,False,nan,7727700.0
In,2018-10-25 17:43:00,32.0,False,nan,7727820.0
In,2018-10-25 17:56:00,32.0,False,nan,7728600.0
In,2018-10-25 18:11:00,32.0,False,nan,7729500.0
In,2018-10-25 18:13:00,32.0,False,nan,7729620.0
In,2018-10-25 18:16:00,32.0,False,nan,7729800.0
In,2018-10-25 18:41:00,33.0,False,nan,7731300.0
In,2018-10-25 18:46:00,32.0,False,nan,7731600.0
In,2018-10-25 18:48:00,32.0,False,nan,7731720.0
In,2018-10-25 18:48:00,32.0,False,nan,7731720.0
In,2018-10-25 18:50:00,32.0,False,nan,7731840.0
In,2018-10-25 18:52:00,32.0,False,nan,7731960.0
In,2018-10-25 18:57:00,32.0,False,nan,7732260.0
In,2018-10-25 18:59:00,33.0,False,nan,7732380.0
In,2018-10-25 19:01:00,32.0,False,nan,7732500.0
In,2018-10-25 19:03:00,32.0,False,nan,7732620.0
In,2018-10-25 19:04:00,32.0,False,nan,7732680.0
In,2018-10-25 19:08:00,32.0,False,nan,7732920.0
In,2018-10-25 19:08:00,32.0,False,nan,7732920.0
In,2018-10-25 19:11:00,32.0,False,nan,7733100.0
In,2018-10-25 19:12:00,32.0,False,nan,7733160.0
In,2018-10-25 19:14:00,32.0,False,nan,7733280.0
In,2018-10-25 19:21:00,32.0,False,nan,7733700.0
In,2018-10-25 19:23:00,32.0,False,nan,7733820.0
In,2018-10-25 19:25:00,32.0,False,nan,7733940.0
In,2018-10-25 19:27:00,32.0,False,nan,7734060.0
In,2018-10-25 19:27:00,32.0,False,nan,7734060.0
In,2018-10-25 19:28:00,32.0,False,nan,7734120.0
In,2018-10-25 19:33:00,32.0,False,nan,7734420.0
In,2018-10-25 19:34:00,32.0,False,nan,7734480.0
In,2018-10-25 19:34:00,32.0,False,nan,7734480.0
In,2018-10-25 19:39:00,32.0,False,nan,7734780.0
In,2018-10-25 19:43:00,32.0,False,nan,7735020.0
In,2018-10-25 19:44:00,32.0,False,nan,7735080.0
In,2018-10-25 19:47:00,32.0,False,nan,7735260.0
In,2018-10-25 19:59:00,32.0,False,nan,7735980.0
In,2018-10-25 20:01:00,32.0,False,nan,7736100.0
In,2018-10-25 20:02:00,32.0,False,nan,7736160.0
In,2018-10-25 20:06:00,33.0,False,nan,7736400.0
In,2018-10-25 20:07:00,32.0,False,nan,7736460.0
In,2018-10-25 20:08:00,33.0,False,nan,7736520.0
In,2018-10-25 20:09:00,32.0,False,nan,7736580.0
In,2018-10-25 20:10:00,33.0,False,nan,7736640.0
In,2018-10-25 20:11:00,32.0,False,nan,7736700.0
In,2018-10-25 20:33:00,32.0,False,nan,7738020.0
In,2018-10-25 20:35:00,32.0,False,nan,7738140.0
In,2018-10-25 20:41:00,32.0,False,nan,7738500.0
In,2018-10-25 20:43:00,31.0,False,nan,7738620.0
In,2018-10-25 20:44:00,32.0,False,nan,7738680.0
In,2018-10-25 20:50:00,32.0,False,nan,7739040.0
In,2018-10-25 20:56:00,32.0,False,nan,7739400.0
In,2018-10-25 20:57:00,32.0,False,nan,7739460.0
In,2018-10-25 20:58:00,32.0,False,nan,7739520.0
In,2018-10-25 21:00:00,33.0,False,nan,7739640.0
In,2018-10-25 21:02:00,32.0,False,nan,7739760.0
In,2018-10-25 21:20:00,32.0,False,nan,7740840.0
In,2018-10-25 21:21:00,32.0,False,nan,7740900.0
In,2018-10-25 21:22:00,32.0,False,nan,7740960.0
In,2018-10-25 21:26:00,32.0,False,nan,7741200.0
In,2018-10-25 21:29:00,32.0,False,nan,7741380.0
In,2018-10-25 21:41:00,32.0,False,nan,7742100.0
In,2018-10-25 21:45:00,32.0,False,nan,7742340.0
In,2018-10-25 21:51:00,32.0,False,nan,7742700.0
In,2018-10-25 21:52:00,32.0,False,nan,7742760.0
In,2018-10-25 21:53:00,32.0,False,nan,7742820.0
In,2018-10-25 21:55:00,32.0,False,nan,7742940.0
In,2018-10-25 22:01:00,32.0,False,nan,7743300.0
In,2018-10-25 22:03:00,32.0,False,nan,7743420.0
In,2018-10-25 22:05:00,33.0,False,nan,7743540.0
In,2018-10-25 22:08:00,33.0,False,nan,7743720.0
In,2018-10-25 22:10:00,33.0,False,nan,7743840.0
In,2018-10-25 22:25:00,33.0,False,nan,7744740.0
In,2018-10-25 22:34:00,33.0,False,nan,7745280.0
In,2018-10-25 22:35:00,32.0,False,nan,7745340.0
In,2018-10-25 22:37:00,32.0,False,nan,7745460.0
In,2018-10-25 22:38:00,33.0,False,nan,7745520.0
In,2018-10-25 22:40:00,32.0,False,nan,7745640.0
In,2018-10-25 22:44:00,32.0,False,nan,7745880.0
In,2018-10-25 22:46:00,32.0,False,nan,7746000.0
In,2018-10-25 22:53:00,32.0,False,nan,7746420.0
In,2018-10-25 22:55:00,32.0,False,nan,7746540.0
In,2018-10-25 22:57:00,32.0,False,nan,7746660.0
In,2018-10-25 23:05:00,32.0,False,nan,7747140.0
In,2018-10-25 23:11:00,32.0,False,nan,7747500.0
In,2018-10-25 23:23:00,32.0,False,nan,7748220.0
In,2018-10-25 23:27:00,32.0,False,nan,7748460.0
In,2018-10-25 23:32:00,32.0,False,nan,7748760.0
In,2018-10-25 23:34:00,32.0,False,nan,7748880.0
In,2018-10-25 23:40:00,32.0,False,nan,7749240.0
In,2018-10-25 23:40:00,32.0,False,nan,7749240.0
In,2018-10-25 23:43:00,32.0,False,nan,7749420.0
In,2018-10-25 23:45:00,32.0,False,nan,7749540.0
In,2018-10-25 23:47:00,32.0,False,nan,7749660.0
In,2018-10-25 23:50:00,32.0,False,nan,7749840.0
In,2018-10-25 23:56:00,33.0,False,nan,7750200.0
In,2018-10-25 23:57:00,32.0,False,nan,7750260.0
In,2018-10-25 23:58:00,32.0,False,nan,7750320.0
In,2018-10-25 23:59:00,33.0,False,nan,7750380.0
In,2018-10-26 00:03:00,33.0,False,nan,7750620.0
In,2018-10-26 00:04:00,32.0,False,nan,7750680.0
In,2018-10-26 00:05:00,32.0,False,nan,7750740.0
In,2018-10-26 00:05:00,32.0,False,nan,7750740.0
In,2018-10-26 00:07:00,32.0,False,nan,7750860.0
In,2018-10-26 00:08:00,32.0,False,nan,7750920.0
In,2018-10-26 00:18:00,32.0,False,nan,7751520.0
In,2018-10-26 00:20:00,32.0,False,nan,7751640.0
In,2018-10-26 00:21:00,32.0,False,nan,7751700.0
In,2018-10-26 00:33:00,32.0,False,nan,7752420.0
In,2018-10-26 00:36:00,32.0,False,nan,7752600.0
In,2018-10-26 00:39:00,32.0,False,nan,7752780.0
In,2018-10-26 00:42:00,32.0,False,nan,7752960.0
In,2018-10-26 00:49:00,32.0,False,nan,7753380.0
In,2018-10-26 00:51:00,33.0,False,nan,7753500.0
In,2018-10-26 00:55:00,33.0,False,nan,7753740.0
In,2018-10-26 00:57:00,32.0,False,nan,7753860.0
In,2018-10-26 01:01:00,32.0,False,nan,7754100.0
In,2018-10-26 01:02:00,32.0,False,nan,7754160.0
In,2018-10-26 01:04:00,32.0,False,nan,7754280.0
In,2018-10-26 01:06:00,32.0,False,nan,7754400.0
In,2018-10-26 01:10:00,32.0,False,nan,7754640.0
In,2018-10-26 01:16:00,32.0,False,nan,7755000.0
In,2018-10-26 01:20:00,32.0,False,nan,7755240.0
In,2018-10-26 01:24:00,32.0,False,nan,7755480.0
In,2018-10-26 01:26:00,32.0,False,nan,7755600.0
In,2018-10-26 01:28:00,32.0,False,nan,7755720.0
In,2018-10-26 01:29:00,32.0,False,nan,7755780.0
In,2018-10-26 01:31:00,32.0,False,nan,7755900.0
In,2018-10-26 01:33:00,32.0,False,nan,7756020.0
In,2018-10-26 01:33:00,32.0,False,nan,7756020.0
In,2018-10-26 01:35:00,32.0,False,nan,7756140.0
In,2018-10-26 01:35:00,32.0,False,nan,7756140.0
In,2018-10-26 01:37:00,32.0,False,nan,7756260.0
In,2018-10-26 01:37:00,32.0,False,nan,7756260.0
In,2018-10-26 01:39:00,32.0,False,nan,7756380.0
In,2018-10-26 01:40:00,32.0,False,nan,7756440.0
In,2018-10-26 01:44:00,32.0,False,nan,7756680.0
In,2018-10-26 01:44:00,32.0,False,nan,7756680.0
In,2018-10-26 01:44:00,32.0,False,nan,7756680.0
In,2018-10-26 01:44:00,32.0,False,nan,7756680.0
In,2018-10-26 01:47:00,32.0,False,nan,7756860.0
In,2018-10-26 02:03:00,32.0,False,nan,7757820.0
In,2018-10-26 02:03:00,32.0,False,nan,7757820.0
In,2018-10-26 02:05:00,31.0,False,nan,7757940.0
In,2018-10-26 02:09:00,31.0,False,nan,7758180.0
In,2018-10-26 02:11:00,30.0,False,nan,7758300.0
In,2018-10-26 02:12:00,30.0,False,nan,7758360.0
In,2018-10-26 02:13:00,32.0,False,nan,7758420.0
In,2018-10-26 02:15:00,31.0,False,nan,7758540.0
In,2018-10-26 02:19:00,31.0,False,nan,7758780.0
In,2018-10-26 02:21:00,30.0,False,nan,7758900.0
In,2018-10-26 02:24:00,30.0,False,nan,7759080.0
In,2018-10-26 02:27:00,31.0,False,nan,7759260.0
In,2018-10-26 02:31:00,30.0,False,nan,7759500.0
In,2018-10-26 02:31:00,30.0,False,nan,7759500.0
In,2018-10-26 02:35:00,30.0,False,nan,7759740.0
In,2018-10-26 02:37:00,31.0,False,nan,7759860.0
In,2018-10-26 02:37:00,30.0,False,nan,7759860.0
In,2018-10-26 02:41:00,30.0,False,nan,7760100.0
In,2018-10-26 02:45:00,30.0,False,nan,7760340.0
In,2018-10-26 02:48:00,30.0,False,nan,7760520.0
In,2018-10-26 02:53:00,31.0,False,nan,7760820.0
In,2018-10-26 02:54:00,30.0,False,nan,7760880.0
In,2018-10-26 03:00:00,29.0,False,nan,7761240.0
In,2018-10-26 03:07:00,29.0,False,nan,7761660.0
In,2018-10-26 03:12:00,29.0,False,nan,7761960.0
In,2018-10-26 03:15:00,29.0,False,nan,7762140.0
In,2018-10-26 03:17:00,31.0,False,nan,7762260.0
In,2018-10-26 03:17:00,29.0,False,nan,7762260.0
In,2018-10-26 03:19:00,31.0,False,nan,7762380.0
In,2018-10-26 03:23:00,31.0,False,nan,7762620.0
In,2018-10-26 03:25:00,29.0,False,nan,7762740.0
In,2018-10-26 03:27:00,31.0,False,nan,7762860.0
In,2018-10-26 03:29:00,31.0,False,nan,7762980.0
In,2018-10-26 03:31:00,31.0,False,nan,7763100.0
In,2018-10-26 03:31:00,29.0,False,nan,7763100.0
In,2018-10-26 03:39:00,31.0,False,nan,7763580.0
In,2018-10-26 03:43:00,29.0,False,nan,7763820.0
In,2018-10-26 03:45:00,29.0,False,nan,7763940.0
In,2018-10-26 03:45:00,31.0,False,nan,7763940.0
In,2018-10-26 03:47:00,29.0,False,nan,7764060.0
In,2018-10-26 03:49:00,31.0,False,nan,7764180.0
In,2018-10-26 03:53:00,28.0,False,nan,7764420.0
In,2018-10-26 03:53:00,31.0,False,nan,7764420.0
In,2018-10-26 03:55:00,30.0,False,nan,7764540.0
In,2018-10-26 03:59:00,31.0,False,nan,7764780.0
In,2018-10-26 04:01:00,30.0,False,nan,7764900.0
In,2018-10-26 04:05:00,30.0,False,nan,7765140.0
In,2018-10-26 04:12:00,28.0,False,nan,7765560.0
In,2018-10-26 04:13:00,28.0,False,nan,7765620.0
In,2018-10-26 04:13:00,28.0,False,nan,7765620.0
In,2018-10-26 04:17:00,28.0,False,nan,7765860.0
In,2018-10-26 04:21:00,30.0,False,nan,7766100.0
In,2018-10-26 04:23:00,28.0,False,nan,7766220.0
In,2018-10-26 04:25:00,28.0,False,nan,7766340.0
In,2018-10-26 04:25:00,28.0,False,nan,7766340.0
In,2018-10-26 04:30:00,28.0,False,nan,7766640.0
In,2018-10-26 04:31:00,28.0,False,nan,7766700.0
In,2018-10-26 04:31:00,28.0,False,nan,7766700.0
In,2018-10-26 04:32:00,28.0,False,nan,7766760.0
In,2018-10-26 04:32:00,28.0,False,nan,7766760.0
In,2018-10-26 04:33:00,30.0,False,nan,7766820.0
In,2018-10-26 04:34:00,28.0,False,nan,7766880.0
In,2018-10-26 04:35:00,31.0,False,nan,7766940.0
In,2018-10-26 04:35:00,28.0,False,nan,7766940.0
In,2018-10-26 04:37:00,28.0,False,nan,7767060.0
In,2018-10-26 04:38:00,28.0,False,nan,7767120.0
In,2018-10-26 04:39:00,28.0,False,nan,7767180.0
In,2018-10-26 04:39:00,30.0,False,nan,7767180.0
In,2018-10-26 04:44:00,28.0,False,nan,7767480.0
In,2018-10-26 04:45:00,28.0,False,nan,7767540.0
In,2018-10-26 04:45:00,28.0,False,nan,7767540.0
In,2018-10-26 04:47:00,30.0,False,nan,7767660.0
In,2018-10-26 04:47:00,28.0,False,nan,7767660.0
In,2018-10-26 04:49:00,30.0,False,nan,7767780.0
In,2018-10-26 04:53:00,28.0,False,nan,7768020.0
In,2018-10-26 04:55:00,28.0,False,nan,7768140.0
In,2018-10-26 04:56:00,30.0,False,nan,7768200.0
In,2018-10-26 04:57:00,28.0,False,nan,7768260.0
In,2018-10-26 04:57:00,28.0,False,nan,7768260.0
In,2018-10-26 04:59:00,28.0,False,nan,7768380.0
In,2018-10-26 04:59:00,28.0,False,nan,7768380.0
In,2018-10-26 05:01:00,30.0,False,nan,7768500.0
In,2018-10-26 05:02:00,28.0,False,nan,7768560.0
In,2018-10-26 05:04:00,30.0,False,nan,7768680.0
In,2018-10-26 05:07:00,28.0,False,nan,7768860.0
In,2018-10-26 05:07:00,28.0,False,nan,7768860.0
In,2018-10-26 05:09:00,28.0,False,nan,7768980.0
In,2018-10-26 05:11:00,30.0,False,nan,7769100.0
In,2018-10-26 05:13:00,28.0,False,nan,7769220.0
In,2018-10-26 05:16:00,30.0,False,nan,7769400.0
In,2018-10-26 05:16:00,28.0,False,nan,7769400.0
In,2018-10-26 05:18:00,28.0,False,nan,7769520.0
In,2018-10-26 05:21:00,30.0,False,nan,7769700.0
In,2018-10-26 05:23:00,27.0,False,nan,7769820.0
In,2018-10-26 05:25:00,30.0,False,nan,7769940.0
In,2018-10-26 05:26:00,28.0,False,nan,7770000.0
In,2018-10-26 05:27:00,28.0,False,nan,7770060.0
In,2018-10-26 05:27:00,28.0,False,nan,7770060.0
In,2018-10-26 05:28:00,30.0,False,nan,7770120.0
In,2018-10-26 05:37:00,30.0,False,nan,7770660.0
In,2018-10-26 05:39:00,28.0,False,nan,7770780.0
In,2018-10-26 05:42:00,28.0,False,nan,7770960.0
In,2018-10-26 05:45:00,28.0,False,nan,7771140.0
In,2018-10-26 05:52:00,30.0,False,nan,7771560.0
In,2018-10-26 05:57:00,28.0,False,nan,7771860.0
In,2018-10-26 05:58:00,30.0,False,nan,7771920.0
In,2018-10-26 05:59:00,28.0,False,nan,7771980.0
In,2018-10-26 06:00:00,28.0,False,nan,7772040.0
In,2018-10-26 06:00:00,28.0,False,nan,7772040.0
In,2018-10-26 06:07:00,29.0,False,nan,7772460.0
In,2018-10-26 06:10:00,30.0,False,nan,7772640.0
In,2018-10-26 06:16:00,27.0,False,nan,7773000.0
In,2018-10-26 06:18:00,27.0,False,nan,7773120.0
In,2018-10-26 06:24:00,30.0,False,nan,7773480.0
In,2018-10-26 06:26:00,30.0,False,nan,7773600.0
In,2018-10-26 06:29:00,27.0,False,nan,7773780.0
In,2018-10-26 06:34:00,30.0,False,nan,7774080.0
In,2018-10-26 06:35:00,27.0,False,nan,7774140.0
In,2018-10-26 06:38:00,30.0,False,nan,7774320.0
In,2018-10-26 06:41:00,30.0,False,nan,7774500.0
In,2018-10-26 06:43:00,30.0,False,nan,7774620.0
In,2018-10-26 06:46:00,28.0,False,nan,7774800.0
In,2018-10-26 06:49:00,28.0,False,nan,7774980.0
In,2018-10-26 06:50:00,28.0,False,nan,7775040.0
In,2018-10-26 06:52:00,28.0,False,nan,7775160.0
In,2018-10-26 06:53:00,28.0,False,nan,7775220.0
In,2018-10-26 06:53:00,28.0,False,nan,7775220.0
In,2018-10-26 06:54:00,30.0,False,nan,7775280.0
In,2018-10-26 06:58:00,28.0,False,nan,7775520.0
In,2018-10-26 07:02:00,28.0,False,nan,7775760.0
In,2018-10-26 07:03:00,28.0,False,nan,7775820.0
In,2018-10-26 07:03:00,30.0,False,nan,7775820.0
In,2018-10-26 07:06:00,28.0,False,nan,7776000.0
In,2018-10-26 07:09:00,30.0,False,nan,7776180.0
In,2018-10-26 07:11:00,28.0,False,nan,7776300.0
In,2018-10-26 07:13:00,27.0,False,nan,7776420.0
In,2018-10-26 07:13:00,30.0,False,nan,7776420.0
In,2018-10-26 07:16:00,30.0,False,nan,7776600.0
In,2018-10-26 07:26:00,30.0,False,nan,7777200.0
In,2018-10-26 07:26:00,27.0,False,nan,7777200.0
In,2018-10-26 07:27:00,27.0,False,nan,7777260.0
In,2018-10-26 07:27:00,27.0,False,nan,7777260.0
In,2018-10-26 07:28:00,27.0,False,nan,7777320.0
In,2018-10-26 07:29:00,27.0,False,nan,7777380.0
In,2018-10-26 07:31:00,27.0,False,nan,7777500.0
In,2018-10-26 07:36:00,27.0,False,nan,7777800.0
In,2018-10-26 07:37:00,30.0,False,nan,7777860.0
In,2018-10-26 07:40:00,30.0,False,nan,7778040.0
In,2018-10-26 07:43:00,30.0,False,nan,7778220.0
In,2018-10-26 07:46:00,30.0,False,nan,7778400.0
In,2018-10-26 07:46:00,27.0,False,nan,7778400.0
In,2018-10-26 07:50:00,30.0,False,nan,7778640.0
In,2018-10-26 07:56:00,30.0,False,nan,7779000.0
In,2018-10-26 07:58:00,29.0,False,nan,7779120.0
In,2018-10-26 08:01:00,27.0,False,nan,7779300.0
In,2018-10-26 08:01:00,29.0,False,nan,7779300.0
In,2018-10-26 08:08:00,29.0,False,nan,7779720.0
In,2018-10-26 08:24:00,29.0,False,nan,7780680.0
In,2018-10-26 08:31:00,29.0,False,nan,7781100.0
In,2018-10-26 08:36:00,29.0,False,nan,7781400.0
In,2018-10-26 08:37:00,27.0,False,nan,7781460.0
In,2018-10-26 08:41:00,29.0,False,nan,7781700.0
In,2018-10-26 08:45:00,30.0,False,nan,7781940.0
In,2018-10-26 08:47:00,29.0,False,nan,7782060.0
In,2018-10-26 08:50:00,29.0,False,nan,7782240.0
In,2018-10-26 08:50:00,27.0,False,nan,7782240.0
In,2018-10-26 08:54:00,29.0,False,nan,7782480.0
In,2018-10-26 08:56:00,27.0,False,nan,7782600.0
In,2018-10-26 09:01:00,27.0,False,nan,7782900.0
In,2018-10-27 06:15:00,30.0,False,nan,7859340.0
In,2018-10-27 06:15:00,31.0,False,nan,7859340.0
In,2018-10-27 06:22:00,29.0,False,nan,7859760.0
In,2018-10-27 06:23:00,29.0,False,nan,7859820.0
In,2018-10-27 06:23:00,29.0,False,nan,7859820.0
In,2018-10-27 06:23:00,29.0,False,nan,7859820.0
In,2018-10-27 06:24:00,29.0,False,nan,7859880.0
In,2018-10-27 06:24:00,29.0,False,nan,7859880.0
In,2018-10-27 06:26:00,29.0,False,nan,7860000.0
In,2018-10-27 06:27:00,30.0,False,nan,7860060.0
In,2018-10-27 06:29:00,30.0,False,nan,7860180.0
In,2018-10-27 06:30:00,30.0,False,nan,7860240.0
In,2018-10-27 06:38:00,30.0,False,nan,7860720.0
In,2018-10-27 06:39:00,31.0,False,nan,7860780.0
In,2018-10-27 06:39:00,31.0,False,nan,7860780.0
In,2018-10-27 06:40:00,31.0,False,nan,7860840.0
In,2018-10-27 06:41:00,31.0,False,nan,7860900.0
In,2018-10-27 06:41:00,32.0,False,nan,7860900.0
In,2018-10-27 06:42:00,32.0,False,nan,7860960.0
In,2018-10-27 06:42:00,32.0,False,nan,7860960.0
In,2018-10-27 06:44:00,32.0,False,nan,7861080.0
In,2018-10-27 06:45:00,32.0,False,nan,7861140.0
In,2018-10-27 06:46:00,32.0,False,nan,7861200.0
In,2018-10-27 06:46:00,32.0,False,nan,7861200.0
In,2018-10-27 06:47:00,32.0,False,nan,7861260.0
In,2018-10-27 06:48:00,32.0,False,nan,7861320.0
In,2018-10-27 06:50:00,32.0,False,nan,7861440.0
In,2018-10-27 06:50:00,32.0,False,nan,7861440.0
In,2018-10-27 06:51:00,32.0,False,nan,7861500.0
In,2018-10-27 06:51:00,32.0,False,nan,7861500.0
In,2018-10-27 06:52:00,32.0,False,nan,7861560.0
In,2018-10-27 06:53:00,33.0,False,nan,7861620.0
In,2018-10-27 06:55:00,32.0,False,nan,7861740.0
In,2018-10-27 06:56:00,32.0,False,nan,7861800.0
In,2018-10-27 06:56:00,32.0,False,nan,7861800.0
In,2018-10-27 06:56:00,32.0,False,nan,7861800.0
In,2018-10-27 06:57:00,33.0,False,nan,7861860.0
In,2018-10-27 06:57:00,32.0,False,nan,7861860.0
In,2018-10-27 07:00:00,32.0,False,nan,7862040.0
In,2018-10-27 07:02:00,32.0,False,nan,7862160.0
In,2018-10-27 07:02:00,32.0,False,nan,7862160.0
In,2018-10-27 07:02:00,32.0,False,nan,7862160.0
In,2018-10-27 07:02:00,32.0,False,nan,7862160.0
In,2018-10-27 07:03:00,32.0,False,nan,7862220.0
In,2018-10-27 07:03:00,32.0,False,nan,7862220.0
In,2018-10-27 07:04:00,32.0,False,nan,7862280.0
In,2018-10-27 07:05:00,32.0,False,nan,7862340.0
In,2018-10-27 07:07:00,32.0,False,nan,7862460.0
In,2018-10-27 07:07:00,32.0,False,nan,7862460.0
In,2018-10-27 07:07:00,32.0,False,nan,7862460.0
In,2018-10-27 07:08:00,32.0,False,nan,7862520.0
In,2018-10-27 07:08:00,32.0,False,nan,7862520.0
In,2018-10-27 07:08:00,32.0,False,nan,7862520.0
In,2018-10-27 07:09:00,32.0,False,nan,7862580.0
In,2018-10-27 07:09:00,32.0,False,nan,7862580.0
In,2018-10-27 07:10:00,32.0,False,nan,7862640.0
In,2018-10-27 07:10:00,32.0,False,nan,7862640.0
In,2018-10-27 07:11:00,32.0,False,nan,7862700.0
In,2018-10-27 07:11:00,32.0,False,nan,7862700.0
In,2018-10-27 07:13:00,32.0,False,nan,7862820.0
In,2018-10-27 07:13:00,32.0,False,nan,7862820.0
In,2018-10-27 07:14:00,32.0,False,nan,7862880.0
In,2018-10-27 07:15:00,32.0,False,nan,7862940.0
In,2018-10-27 07:15:00,32.0,False,nan,7862940.0
In,2018-10-27 07:17:00,33.0,False,nan,7863060.0
In,2018-10-27 07:17:00,32.0,False,nan,7863060.0
In,2018-10-27 07:17:00,32.0,False,nan,7863060.0
In,2018-10-27 07:18:00,33.0,False,nan,7863120.0
In,2018-10-27 07:18:00,32.0,False,nan,7863120.0
In,2018-10-27 07:18:00,32.0,False,nan,7863120.0
In,2018-10-27 07:20:00,33.0,False,nan,7863240.0
In,2018-10-27 07:21:00,33.0,False,nan,7863300.0
In,2018-10-27 07:21:00,33.0,False,nan,7863300.0
In,2018-10-27 07:21:00,33.0,False,nan,7863300.0
In,2018-10-27 07:21:00,33.0,False,nan,7863300.0
In,2018-10-27 07:22:00,33.0,False,nan,7863360.0
In,2018-10-27 07:22:00,33.0,False,nan,7863360.0
In,2018-10-27 07:24:00,33.0,False,nan,7863480.0
In,2018-10-27 07:25:00,33.0,False,nan,7863540.0
In,2018-10-27 07:26:00,33.0,False,nan,7863600.0
In,2018-10-27 07:26:00,33.0,False,nan,7863600.0
In,2018-10-27 07:29:00,33.0,False,nan,7863780.0
In,2018-10-27 07:29:00,33.0,False,nan,7863780.0
In,2018-10-27 07:30:00,33.0,False,nan,7863840.0
In,2018-10-27 07:31:00,33.0,False,nan,7863900.0
In,2018-10-27 07:34:00,33.0,False,nan,7864080.0
In,2018-10-27 07:35:00,33.0,False,nan,7864140.0
In,2018-10-27 07:35:00,32.0,False,nan,7864140.0
In,2018-10-27 07:37:00,32.0,False,nan,7864260.0
In,2018-10-27 07:38:00,33.0,False,nan,7864320.0
In,2018-10-27 07:40:00,33.0,False,nan,7864440.0
In,2018-10-27 07:40:00,33.0,False,nan,7864440.0
In,2018-10-27 07:41:00,33.0,False,nan,7864500.0
In,2018-10-27 07:42:00,33.0,False,nan,7864560.0
In,2018-10-27 07:44:00,32.0,False,nan,7864680.0
In,2018-10-27 07:46:00,32.0,False,nan,7864800.0
In,2018-10-27 07:46:00,32.0,False,nan,7864800.0
In,2018-10-27 07:46:00,33.0,False,nan,7864800.0
In,2018-10-27 07:48:00,32.0,False,nan,7864920.0
In,2018-10-27 07:48:00,32.0,False,nan,7864920.0
In,2018-10-27 07:48:00,32.0,False,nan,7864920.0
In,2018-10-27 07:50:00,32.0,False,nan,7865040.0
In,2018-10-27 07:51:00,32.0,False,nan,7865100.0
In,2018-10-27 07:52:00,33.0,False,nan,7865160.0
In,2018-10-27 07:52:00,33.0,False,nan,7865160.0
In,2018-10-27 07:53:00,32.0,False,nan,7865220.0
In,2018-10-27 07:53:00,32.0,False,nan,7865220.0
In,2018-10-27 07:54:00,33.0,False,nan,7865280.0
In,2018-10-27 07:55:00,33.0,False,nan,7865340.0
In,2018-10-27 07:55:00,33.0,False,nan,7865340.0
In,2018-10-27 07:56:00,33.0,False,nan,7865400.0
In,2018-10-27 07:58:00,33.0,False,nan,7865520.0
In,2018-10-27 07:58:00,33.0,False,nan,7865520.0
In,2018-10-27 07:59:00,33.0,False,nan,7865580.0
In,2018-10-27 07:59:00,33.0,False,nan,7865580.0
In,2018-10-27 07:59:00,33.0,False,nan,7865580.0
In,2018-10-27 07:59:00,33.0,False,nan,7865580.0
In,2018-10-27 08:00:00,33.0,False,nan,7865640.0
In,2018-10-27 08:01:00,33.0,False,nan,7865700.0
In,2018-10-27 08:01:00,33.0,False,nan,7865700.0
In,2018-10-27 08:02:00,33.0,False,nan,7865760.0
In,2018-10-27 08:03:00,33.0,False,nan,7865820.0
In,2018-10-27 08:05:00,33.0,False,nan,7865940.0
In,2018-10-27 08:05:00,33.0,False,nan,7865940.0
In,2018-10-27 08:06:00,33.0,False,nan,7866000.0
In,2018-10-27 08:07:00,33.0,False,nan,7866060.0
In,2018-10-27 08:08:00,33.0,False,nan,7866120.0
In,2018-10-27 08:10:00,33.0,False,nan,7866240.0
In,2018-10-27 08:11:00,33.0,False,nan,7866300.0
In,2018-10-27 08:13:00,33.0,False,nan,7866420.0
In,2018-10-27 08:14:00,33.0,False,nan,7866480.0
In,2018-10-27 08:14:00,33.0,False,nan,7866480.0
In,2018-10-27 08:15:00,33.0,False,nan,7866540.0
In,2018-10-27 08:15:00,33.0,False,nan,7866540.0
In,2018-10-27 08:16:00,33.0,False,nan,7866600.0
In,2018-10-27 08:18:00,33.0,False,nan,7866720.0
In,2018-10-27 08:18:00,33.0,False,nan,7866720.0
In,2018-10-27 08:21:00,33.0,False,nan,7866900.0
In,2018-10-27 08:21:00,33.0,False,nan,7866900.0
In,2018-10-27 08:22:00,33.0,False,nan,7866960.0
In,2018-10-27 08:22:00,33.0,False,nan,7866960.0
In,2018-10-27 08:23:00,33.0,False,nan,7867020.0
In,2018-10-27 08:23:00,33.0,False,nan,7867020.0
In,2018-10-27 08:25:00,33.0,False,nan,7867140.0
In,2018-10-27 08:26:00,33.0,False,nan,7867200.0
In,2018-10-27 08:26:00,33.0,False,nan,7867200.0
In,2018-10-27 08:27:00,33.0,False,nan,7867260.0
In,2018-10-27 08:29:00,33.0,False,nan,7867380.0
In,2018-10-27 08:30:00,33.0,False,nan,7867440.0
In,2018-10-27 08:30:00,33.0,False,nan,7867440.0
In,2018-10-27 08:31:00,33.0,False,nan,7867500.0
In,2018-10-27 08:31:00,33.0,False,nan,7867500.0
In,2018-10-27 08:33:00,33.0,False,nan,7867620.0
In,2018-10-27 08:34:00,33.0,False,nan,7867680.0
In,2018-10-27 08:34:00,33.0,False,nan,7867680.0
In,2018-10-27 08:36:00,33.0,False,nan,7867800.0
In,2018-10-27 08:38:00,33.0,False,nan,7867920.0
In,2018-10-27 08:38:00,33.0,False,nan,7867920.0
In,2018-10-27 08:39:00,32.0,False,nan,7867980.0
In,2018-10-27 08:40:00,33.0,False,nan,7868040.0
In,2018-10-27 08:40:00,33.0,False,nan,7868040.0
In,2018-10-27 08:40:00,33.0,False,nan,7868040.0
In,2018-10-27 08:41:00,33.0,False,nan,7868100.0
In,2018-10-27 08:41:00,33.0,False,nan,7868100.0
In,2018-10-27 08:43:00,33.0,False,nan,7868220.0
In,2018-10-27 08:46:00,33.0,True,flatline,7868400.0
In,2018-10-27 08:47:00,33.0,True,flatline,7868460.0
In,2018-10-27 08:47:00,33.0,True,flatline,7868460.0
In,2018-10-27 08:48:00,33.0,True,flatline,7868520.0
In,2018-10-27 08:48:00,33.0,True,flatline,7868520.0
In,2018-10-27 08:48:00,33.0,True,flatline,7868520.0
In,2018-10-27 08:49:00,33.0,True,flatline,7868580.0
In,2018-10-27 08:50:00,33.0,True,flatline,7868640.0
In,2018-10-27 08:50:00,33.0,True,flatline,7868640.0
In,2018-10-27 08:52:00,33.0,True,flatline,7868760.0
In,2018-10-27 08:52:00,33.0,True,flatline,7868760.0
In,2018-10-27 08:53:00,33.0,True,flatline,7868820.0
In,2018-10-27 08:53:00,33.0,True,flatline,7868820.0
In,2018-10-27 08:54:00,33.0,True,flatline,7868880.0
In,2018-10-27 08:54:00,33.0,True,flatline,7868880.0
In,2018-10-27 08:56:00,33.0,True,flatline,7869000.0
In,2018-10-27 08:57:00,33.0,False,nan,7869060.0
In,2018-10-27 08:59:00,33.0,False,nan,7869180.0
In,2018-10-27 09:00:00,33.0,False,nan,7869240.0
In,2018-10-27 09:00:00,33.0,False,nan,7869240.0
In,2018-10-27 09:00:00,33.0,False,nan,7869240.0
In,2018-10-27 09:00:00,33.0,False,nan,7869240.0
In,2018-10-27 09:01:00,33.0,False,nan,7869300.0
In,2018-10-27 09:01:00,33.0,False,nan,7869300.0
In,2018-10-27 09:03:00,33.0,False,nan,7869420.0
In,2018-10-27 09:03:00,33.0,False,nan,7869420.0
In,2018-10-27 09:05:00,33.0,False,nan,7869540.0
In,2018-10-27 09:05:00,33.0,False,nan,7869540.0
In,2018-10-27 09:05:00,33.0,False,nan,7869540.0
In,2018-10-27 09:06:00,33.0,False,nan,7869600.0
In,2018-10-27 09:06:00,33.0,False,nan,7869600.0
In,2018-10-27 09:07:00,33.0,False,nan,7869660.0
In,2018-10-27 09:07:00,33.0,False,nan,7869660.0
In,2018-10-27 09:09:00,33.0,False,nan,7869780.0
In,2018-10-27 09:10:00,33.0,False,nan,7869840.0
In,2018-10-27 09:11:00,33.0,False,nan,7869900.0
In,2018-10-27 09:12:00,33.0,False,nan,7869960.0
In,2018-10-27 09:12:00,33.0,False,nan,7869960.0
In,2018-10-27 09:12:00,33.0,False,nan,7869960.0
In,2018-10-27 09:13:00,33.0,False,nan,7870020.0
In,2018-10-27 09:15:00,33.0,False,nan,7870140.0
In,2018-10-27 09:17:00,33.0,False,nan,7870260.0
In,2018-10-27 09:17:00,33.0,False,nan,7870260.0
In,2018-10-27 09:17:00,33.0,False,nan,7870260.0
In,2018-10-27 09:18:00,33.0,False,nan,7870320.0
In,2018-10-27 09:20:00,33.0,False,nan,7870440.0
In,2018-10-27 09:20:00,33.0,False,nan,7870440.0
In,2018-10-27 09:21:00,33.0,False,nan,7870500.0
In,2018-10-27 09:21:00,32.0,False,nan,7870500.0
In,2018-10-27 09:21:00,33.0,False,nan,7870500.0
In,2018-10-27 09:22:00,33.0,False,nan,7870560.0
In,2018-10-27 09:22:00,32.0,False,nan,7870560.0
In,2018-10-27 09:22:00,32.0,False,nan,7870560.0
In,2018-10-27 09:24:00,32.0,False,nan,7870680.0
In,2018-10-27 09:24:00,32.0,False,nan,7870680.0
In,2018-10-27 09:25:00,33.0,False,nan,7870740.0
In,2018-10-27 09:26:00,33.0,False,nan,7870800.0
In,2018-10-27 09:26:00,33.0,False,nan,7870800.0
In,2018-10-27 09:26:00,33.0,False,nan,7870800.0
In,2018-10-27 09:27:00,33.0,False,nan,7870860.0
In,2018-10-27 09:28:00,33.0,False,nan,7870920.0
In,2018-10-27 09:28:00,33.0,False,nan,7870920.0
In,2018-10-27 09:30:00,32.0,False,nan,7871040.0
In,2018-10-27 09:30:00,33.0,False,nan,7871040.0
In,2018-10-27 09:31:00,33.0,False,nan,7871100.0
In,2018-10-27 09:32:00,33.0,False,nan,7871160.0
In,2018-10-27 09:34:00,33.0,False,nan,7871280.0
In,2018-10-27 09:35:00,33.0,False,nan,7871340.0
In,2018-10-27 09:36:00,33.0,False,nan,7871400.0
In,2018-10-27 09:37:00,33.0,False,nan,7871460.0
In,2018-10-27 09:38:00,33.0,False,nan,7871520.0
In,2018-10-27 09:40:00,33.0,False,nan,7871640.0
In,2018-10-27 09:40:00,33.0,False,nan,7871640.0
In,2018-10-27 09:41:00,33.0,False,nan,7871700.0
In,2018-10-27 09:41:00,33.0,False,nan,7871700.0
In,2018-10-27 09:42:00,33.0,False,nan,7871760.0
In,2018-10-27 09:42:00,33.0,False,nan,7871760.0
In,2018-10-27 09:43:00,33.0,False,nan,7871820.0
In,2018-10-27 09:44:00,33.0,False,nan,7871880.0
In,2018-10-27 09:44:00,33.0,False,nan,7871880.0
In,2018-10-27 09:44:00,33.0,False,nan,7871880.0
In,2018-10-27 09:47:00,33.0,False,nan,7872060.0
In,2018-10-27 09:47:00,33.0,False,nan,7872060.0
In,2018-10-27 09:49:00,33.0,False,nan,7872180.0
In,2018-10-27 09:50:00,33.0,False,nan,7872240.0
In,2018-10-27 09:50:00,33.0,False,nan,7872240.0
In,2018-10-27 09:52:00,33.0,False,nan,7872360.0
In,2018-10-27 09:53:00,33.0,False,nan,7872420.0
In,2018-10-27 09:53:00,33.0,False,nan,7872420.0
In,2018-10-27 09:55:00,33.0,False,nan,7872540.0
In,2018-10-27 09:59:00,33.0,False,nan,7872780.0
In,2018-10-27 10:00:00,33.0,False,nan,7872840.0
In,2018-10-27 10:00:00,33.0,False,nan,7872840.0
In,2018-10-27 10:01:00,33.0,False,nan,7872900.0
In,2018-10-27 10:04:00,33.0,False,nan,7873080.0
In,2018-10-27 10:05:00,33.0,False,nan,7873140.0
In,2018-10-27 10:07:00,33.0,False,nan,7873260.0
In,2018-10-27 10:09:00,33.0,False,nan,7873380.0
In,2018-10-27 10:09:00,33.0,False,nan,7873380.0
In,2018-10-27 10:10:00,33.0,False,nan,7873440.0
In,2018-10-27 10:10:00,33.0,False,nan,7873440.0
In,2018-10-27 10:11:00,33.0,False,nan,7873500.0
In,2018-10-27 10:12:00,33.0,False,nan,7873560.0
In,2018-10-27 10:13:00,33.0,False,nan,7873620.0
In,2018-10-27 10:13:00,33.0,False,nan,7873620.0
In,2018-10-27 10:14:00,33.0,False,nan,7873680.0
In,2018-10-27 10:15:00,33.0,False,nan,7873740.0
In,2018-10-27 10:17:00,33.0,False,nan,7873860.0
In,2018-10-27 10:19:00,33.0,False,nan,7873980.0
In,2018-10-27 10:52:00,33.0,False,nan,7875960.0
In,2018-10-27 10:54:00,34.0,False,nan,7876080.0
In,2018-10-27 11:17:00,33.0,False,nan,7877460.0
In,2018-10-27 11:23:00,33.0,False,nan,7877820.0
In,2018-10-27 11:33:00,33.0,False,nan,7878420.0
In,2018-10-27 11:35:00,33.0,False,nan,7878540.0
In,2018-10-27 12:35:00,33.0,False,nan,7882140.0
In,2018-10-27 14:00:00,34.0,False,nan,7887240.0
In,2018-10-27 14:08:00,34.0,False,nan,7887720.0
In,2018-10-27 14:10:00,34.0,False,nan,7887840.0
In,2018-10-27 15:01:00,33.0,False,nan,7890900.0
In,2018-10-27 15:05:00,33.0,False,nan,7891140.0
In,2018-10-27 15:11:00,33.0,False,nan,7891500.0
In,2018-10-27 15:15:00,33.0,False,nan,7891740.0
In,2018-10-27 15:17:00,33.0,False,nan,7891860.0
In,2018-10-27 15:23:00,33.0,False,nan,7892220.0
In,2018-10-27 17:08:00,33.0,False,nan,7898520.0
In,2018-10-27 17:10:00,33.0,False,nan,7898640.0
In,2018-10-27 17:12:00,33.0,False,nan,7898760.0
In,2018-10-27 17:40:00,33.0,False,nan,7900440.0
In,2018-10-27 17:42:00,33.0,False,nan,7900560.0
In,2018-10-27 18:26:00,33.0,False,nan,7903200.0
In,2018-10-27 18:28:00,34.0,False,nan,7903320.0
In,2018-10-27 19:56:00,33.0,False,nan,7908600.0
In,2018-10-27 19:58:00,34.0,False,nan,7908720.0
In,2018-10-27 20:00:00,34.0,False,nan,7908840.0
In,2018-10-27 20:02:00,34.0,False,nan,7908960.0
In,2018-10-27 20:04:00,34.0,False,nan,7909080.0
In,2018-10-27 20:30:00,33.0,False,nan,7910640.0
In,2018-10-27 20:32:00,34.0,False,nan,7910760.0
In,2018-10-27 20:50:00,33.0,False,nan,7911840.0
In,2018-10-27 20:52:00,34.0,False,nan,7911960.0
In,2018-10-27 20:54:00,34.0,False,nan,7912080.0
In,2018-10-27 20:56:00,34.0,False,nan,7912200.0
In,2018-10-27 21:14:00,33.0,False,nan,7913280.0
In,2018-10-27 21:16:00,34.0,False,nan,7913400.0
In,2018-10-27 21:28:00,33.0,False,nan,7914120.0
In,2018-10-27 21:36:00,34.0,False,nan,7914600.0
In,2018-10-27 21:38:00,33.0,False,nan,7914720.0
In,2018-10-27 21:40:00,34.0,False,nan,7914840.0
In,2018-10-27 21:42:00,33.0,False,nan,7914960.0
In,2018-10-27 21:46:00,34.0,False,nan,7915200.0
In,2018-10-27 21:48:00,33.0,False,nan,7915320.0
In,2018-10-27 21:50:00,34.0,False,nan,7915440.0
In,2018-10-27 21:54:00,33.0,False,nan,7915680.0
In,2018-10-27 21:56:00,34.0,False,nan,7915800.0
In,2018-10-27 22:00:00,33.0,False,nan,7916040.0
In,2018-10-27 22:26:00,33.0,False,nan,7917600.0
In,2018-10-27 22:28:00,34.0,False,nan,7917720.0
In,2018-10-27 22:28:00,33.0,False,nan,7917720.0
In,2018-10-27 22:30:00,33.0,False,nan,7917840.0
In,2018-10-27 22:30:00,33.0,False,nan,7917840.0
In,2018-10-27 22:34:00,33.0,False,nan,7918080.0
In,2018-10-27 22:36:00,33.0,False,nan,7918200.0
In,2018-10-27 22:38:00,33.0,False,nan,7918320.0
In,2018-10-27 22:40:00,33.0,False,nan,7918440.0
In,2018-10-27 22:44:00,33.0,False,nan,7918680.0
In,2018-10-27 22:44:00,34.0,False,nan,7918680.0
In,2018-10-27 22:46:00,33.0,False,nan,7918800.0
In,2018-10-27 22:48:00,33.0,False,nan,7918920.0
In,2018-10-27 22:50:00,33.0,False,nan,7919040.0
In,2018-10-27 22:50:00,34.0,False,nan,7919040.0
In,2018-10-27 22:52:00,33.0,False,nan,7919160.0
In,2018-10-27 23:22:00,33.0,False,nan,7920960.0
In,2018-10-27 23:24:00,33.0,False,nan,7921080.0
In,2018-10-27 23:57:00,33.0,False,nan,7923060.0
In,2018-10-27 23:59:00,33.0,False,nan,7923180.0
In,2018-10-28 00:26:00,33.0,False,nan,7924800.0
In,2018-10-28 00:28:00,33.0,False,nan,7924920.0
In,2018-10-28 00:30:00,33.0,False,nan,7925040.0
In,2018-10-28 00:32:00,33.0,False,nan,7925160.0
In,2018-10-28 00:45:00,33.0,False,nan,7925940.0
In,2018-10-28 00:47:00,33.0,False,nan,7926060.0
In,2018-10-28 00:49:00,33.0,False,nan,7926180.0
In,2018-10-28 00:59:00,33.0,False,nan,7926780.0
In,2018-10-28 01:31:00,33.0,False,nan,7928700.0
In,2018-10-28 01:57:00,34.0,False,nan,7930260.0
In,2018-10-28 01:59:00,33.0,False,nan,7930380.0
In,2018-10-28 01:59:00,33.0,False,nan,7930380.0
In,2018-10-28 02:01:00,33.0,False,nan,7930500.0
In,2018-10-28 02:13:00,33.0,False,nan,7931220.0
In,2018-10-28 02:15:00,33.0,False,nan,7931340.0
In,2018-10-28 02:19:00,33.0,False,nan,7931580.0
In,2018-10-28 02:21:00,33.0,False,nan,7931700.0
In,2018-10-28 02:41:00,33.0,False,nan,7932900.0
In,2018-10-28 02:43:00,33.0,False,nan,7933020.0
In,2018-10-28 02:55:00,33.0,False,nan,7933740.0
In,2018-10-28 02:57:00,33.0,False,nan,7933860.0
In,2018-10-28 03:09:00,33.0,False,nan,7934580.0
In,2018-10-28 03:11:00,33.0,False,nan,7934700.0
In,2018-10-28 03:25:00,33.0,False,nan,7935540.0
In,2018-10-28 03:37:00,33.0,False,nan,7936260.0
In,2018-10-28 03:39:00,33.0,False,nan,7936380.0
In,2018-10-28 03:41:00,33.0,False,nan,7936500.0
In,2018-10-28 04:01:00,34.0,False,nan,7937700.0
In,2018-10-28 04:03:00,33.0,False,nan,7937820.0
In,2018-10-28 04:13:00,34.0,False,nan,7938420.0
In,2018-10-28 04:15:00,33.0,False,nan,7938540.0
In,2018-10-28 04:21:00,34.0,False,nan,7938900.0
In,2018-10-28 04:23:00,33.0,False,nan,7939020.0
In,2018-10-28 04:33:00,34.0,False,nan,7939620.0
In,2018-10-28 04:35:00,33.0,False,nan,7939740.0
In,2018-10-28 04:37:00,34.0,False,nan,7939860.0
In,2018-10-28 04:39:00,33.0,False,nan,7939980.0
In,2018-10-28 04:43:00,34.0,False,nan,7940220.0
In,2018-10-28 04:51:00,33.0,False,nan,7940700.0
In,2018-10-28 04:53:00,34.0,False,nan,7940820.0
In,2018-10-28 04:59:00,33.0,False,nan,7941180.0
In,2018-10-28 05:05:00,33.0,False,nan,7941540.0
In,2018-10-28 05:07:00,33.0,False,nan,7941660.0
In,2018-10-28 05:21:00,33.0,False,nan,7942500.0
In,2018-10-30 01:50:00,33.0,False,nan,8102640.0
In,2018-10-30 01:52:00,33.0,False,nan,8102760.0
In,2018-10-30 02:06:00,33.0,False,nan,8103600.0
In,2018-10-30 02:48:00,33.0,False,nan,8106120.0
In,2018-10-30 02:54:00,33.0,False,nan,8106480.0
In,2018-10-30 03:02:00,33.0,False,nan,8106960.0
In,2018-10-30 03:04:00,32.0,False,nan,8107080.0
In,2018-10-30 03:28:00,32.0,False,nan,8108520.0
In,2018-10-30 03:30:00,33.0,False,nan,8108640.0
In,2018-10-30 03:32:00,32.0,False,nan,8108760.0
In,2018-10-30 03:36:00,32.0,False,nan,8109000.0
In,2018-10-30 03:38:00,32.0,False,nan,8109120.0
In,2018-10-30 03:40:00,32.0,False,nan,8109240.0
In,2018-10-30 03:42:00,32.0,False,nan,8109360.0
In,2018-10-30 03:48:00,32.0,False,nan,8109720.0
In,2018-10-30 03:52:00,31.0,False,nan,8109960.0
In,2018-10-30 03:54:00,32.0,False,nan,8110080.0
In,2018-10-30 03:58:00,31.0,False,nan,8110320.0
In,2018-10-30 04:04:00,31.0,False,nan,8110680.0
In,2018-10-30 04:18:00,31.0,False,nan,8111520.0
In,2018-10-30 04:28:00,31.0,False,nan,8112120.0
In,2018-10-30 04:48:00,31.0,False,nan,8113320.0
In,2018-10-30 04:53:00,31.0,False,nan,8113620.0
In,2018-10-30 05:06:00,31.0,False,nan,8114400.0
In,2018-10-30 05:08:00,31.0,False,nan,8114520.0
In,2018-10-30 05:10:00,31.0,False,nan,8114640.0
In,2018-10-30 05:21:00,31.0,False,nan,8115300.0
In,2018-10-30 05:25:00,31.0,False,nan,8115540.0
In,2018-10-30 05:28:00,31.0,False,nan,8115720.0
In,2018-10-30 05:31:00,31.0,False,nan,8115900.0
In,2018-10-30 05:41:00,31.0,False,nan,8116500.0
In,2018-10-30 05:56:00,31.0,False,nan,8117400.0
In,2018-10-30 06:00:00,31.0,False,nan,8117640.0
In,2018-10-30 06:03:00,31.0,False,nan,8117820.0
In,2018-10-30 06:07:00,31.0,False,nan,8118060.0
In,2018-10-30 06:09:00,31.0,False,nan,8118180.0
In,2018-10-30 06:16:00,31.0,False,nan,8118600.0
In,2018-10-30 06:26:00,31.0,False,nan,8119200.0
In,2018-10-30 06:29:00,31.0,False,nan,8119380.0
In,2018-10-30 06:33:00,31.0,False,nan,8119620.0
In,2018-10-30 06:49:00,31.0,False,nan,8120580.0
In,2018-10-30 06:56:00,31.0,False,nan,8121000.0
In,2018-10-30 07:13:00,31.0,False,nan,8122020.0
In,2018-10-30 07:26:00,30.0,False,nan,8122800.0
In,2018-10-30 07:40:00,30.0,False,nan,8123640.0
In,2018-10-30 07:46:00,30.0,False,nan,8124000.0
In,2018-10-30 07:50:00,30.0,False,nan,8124240.0
In,2018-10-30 07:53:00,30.0,False,nan,8124420.0
In,2018-10-30 07:58:00,30.0,False,nan,8124720.0
In,2018-10-30 08:02:00,30.0,False,nan,8124960.0
In,2018-10-30 08:09:00,30.0,False,nan,8125380.0
In,2018-10-30 08:16:00,30.0,False,nan,8125800.0
In,2018-10-30 08:22:00,30.0,False,nan,8126160.0
In,2018-10-30 08:25:00,30.0,False,nan,8126340.0
In,2018-10-30 08:29:00,30.0,False,nan,8126580.0
In,2018-10-30 08:31:00,30.0,False,nan,8126700.0
In,2018-10-30 08:35:00,30.0,False,nan,8126940.0
In,2018-10-30 08:48:00,30.0,False,nan,8127720.0
In,2018-10-30 08:56:00,30.0,False,nan,8128200.0
In,2018-10-30 08:58:00,30.0,False,nan,8128320.0
In,2018-10-30 09:01:00,30.0,False,nan,8128500.0
In,2018-10-30 09:04:00,30.0,False,nan,8128680.0
In,2018-10-30 09:14:00,30.0,False,nan,8129280.0
In,2018-10-30 09:20:00,30.0,False,nan,8129640.0
In,2018-10-30 09:24:00,30.0,False,nan,8129880.0
In,2018-10-30 09:27:00,30.0,False,nan,8130060.0
In,2018-10-30 09:35:00,30.0,False,nan,8130540.0
In,2018-10-30 09:43:00,30.0,False,nan,8131020.0
In,2018-10-30 09:50:00,30.0,False,nan,8131440.0
In,2018-10-30 10:04:00,30.0,False,nan,8132280.0
In,2018-10-30 10:06:00,30.0,False,nan,8132400.0
In,2018-10-30 10:27:00,30.0,False,nan,8133660.0
In,2018-10-30 10:29:00,30.0,False,nan,8133780.0
In,2018-10-30 10:34:00,30.0,False,nan,8134080.0
In,2018-10-30 10:42:00,30.0,False,nan,8134560.0
In,2018-10-30 10:44:00,30.0,False,nan,8134680.0
In,2018-10-30 10:52:00,30.0,False,nan,8135160.0
In,2018-10-30 10:56:00,30.0,False,nan,8135400.0
In,2018-10-30 10:58:00,30.0,False,nan,8135520.0
In,2018-10-30 11:18:00,30.0,False,nan,8136720.0
In,2018-10-30 11:22:00,30.0,False,nan,8136960.0
In,2018-10-30 11:29:00,30.0,False,nan,8137380.0
In,2018-10-30 11:35:00,30.0,False,nan,8137740.0
In,2018-10-30 11:41:00,30.0,False,nan,8138100.0
In,2018-10-30 11:50:00,30.0,False,nan,8138640.0
In,2018-10-30 11:56:00,30.0,False,nan,8139000.0
In,2018-10-30 11:58:00,30.0,False,nan,8139120.0
In,2018-10-30 12:04:00,30.0,False,nan,8139480.0
In,2018-10-30 12:08:00,30.0,False,nan,8139720.0
In,2018-10-30 12:12:00,30.0,False,nan,8139960.0
In,2018-10-30 12:21:00,30.0,False,nan,8140500.0
In,2018-10-30 12:23:00,30.0,False,nan,8140620.0
In,2018-10-30 12:26:00,30.0,False,nan,8140800.0
In,2018-10-30 12:33:00,30.0,False,nan,8141220.0
In,2018-10-30 12:38:00,30.0,False,nan,8141520.0
In,2018-10-30 12:47:00,30.0,False,nan,8142060.0
In,2018-10-30 12:50:00,30.0,False,nan,8142240.0
In,2018-10-30 13:08:00,30.0,False,nan,8143320.0
In,2018-10-30 13:35:00,30.0,False,nan,8144940.0
In,2018-10-30 13:37:00,29.0,False,nan,8145060.0
In,2018-10-30 13:43:00,29.0,False,nan,8145420.0
In,2018-10-30 14:08:00,29.0,False,nan,8146920.0
In,2018-10-30 14:13:00,29.0,False,nan,8147220.0
In,2018-10-30 14:17:00,30.0,False,nan,8147460.0
In,2018-10-30 14:23:00,30.0,False,nan,8147820.0
In,2018-10-30 14:29:00,30.0,False,nan,8148180.0
In,2018-10-30 14:47:00,30.0,False,nan,8149260.0
In,2018-10-30 14:53:00,30.0,False,nan,8149620.0
In,2018-10-30 15:14:00,30.0,False,nan,8150880.0
In,2018-10-30 15:16:00,30.0,False,nan,8151000.0
In,2018-10-30 15:21:00,30.0,False,nan,8151300.0
In,2018-10-30 15:25:00,31.0,False,nan,8151540.0
In,2018-10-30 15:27:00,31.0,False,nan,8151660.0
In,2018-10-30 15:40:00,31.0,False,nan,8152440.0
In,2018-10-30 15:43:00,31.0,False,nan,8152620.0
In,2018-10-30 15:50:00,31.0,False,nan,8153040.0
In,2018-10-30 15:57:00,31.0,False,nan,8153460.0
In,2018-10-30 16:03:00,31.0,False,nan,8153820.0
In,2018-10-30 16:10:00,31.0,False,nan,8154240.0
In,2018-10-30 16:26:00,31.0,False,nan,8155200.0
In,2018-10-30 16:33:00,31.0,False,nan,8155620.0
In,2018-10-30 16:35:00,31.0,False,nan,8155740.0
In,2018-10-30 16:38:00,32.0,False,nan,8155920.0
In,2018-10-30 16:40:00,32.0,False,nan,8156040.0
In,2018-10-30 16:45:00,32.0,False,nan,8156340.0
In,2018-10-30 23:10:00,32.0,False,nan,8179440.0
In,2018-10-30 23:44:00,32.0,False,nan,8181480.0
In,2018-10-30 23:48:00,32.0,False,nan,8181720.0
In,2018-10-30 23:52:00,32.0,False,nan,8181960.0
In,2018-10-30 23:58:00,32.0,False,nan,8182320.0
In,2018-10-31 00:12:00,32.0,False,nan,8183160.0
In,2018-10-31 02:37:00,32.0,False,nan,8191860.0
In,2018-10-31 02:39:00,32.0,False,nan,8191980.0
In,2018-10-31 02:43:00,32.0,False,nan,8192220.0
In,2018-10-31 02:47:00,32.0,False,nan,8192460.0
In,2018-10-31 02:49:00,32.0,False,nan,8192580.0
In,2018-10-31 03:01:00,31.0,False,nan,8193300.0
In,2018-10-31 03:05:00,31.0,False,nan,8193540.0
In,2018-10-31 03:09:00,31.0,False,nan,8193780.0
In,2018-10-31 03:29:00,31.0,False,nan,8194980.0
In,2018-10-31 03:35:00,31.0,False,nan,8195340.0
In,2018-10-31 03:41:00,31.0,False,nan,8195700.0
In,2018-10-31 03:43:00,31.0,False,nan,8195820.0
In,2018-10-31 03:51:00,31.0,False,nan,8196300.0
In,2018-10-31 03:53:00,31.0,False,nan,8196420.0
In,2018-10-31 04:08:00,31.0,False,nan,8197320.0
In,2018-10-31 04:28:00,31.0,False,nan,8198520.0
In,2018-10-31 04:50:00,31.0,False,nan,8199840.0
In,2018-10-31 05:24:00,31.0,False,nan,8201880.0
In,2018-10-31 05:40:00,30.0,False,nan,8202840.0
In,2018-10-31 06:03:00,30.0,False,nan,8204220.0
In,2018-10-31 06:05:00,31.0,False,nan,8204340.0
In,2018-10-31 06:16:00,31.0,False,nan,8205000.0
In,2018-10-31 06:23:00,31.0,False,nan,8205420.0
In,2018-10-31 06:25:00,31.0,False,nan,8205540.0
In,2018-10-31 06:27:00,31.0,False,nan,8205660.0
In,2018-10-31 06:31:00,31.0,False,nan,8205900.0
In,2018-10-31 06:35:00,31.0,False,nan,8206140.0
In,2018-10-31 06:40:00,31.0,False,nan,8206440.0
In,2018-10-31 06:42:00,30.0,False,nan,8206560.0
In,2018-10-31 06:44:00,30.0,False,nan,8206680.0
In,2018-10-31 06:54:00,30.0,False,nan,8207280.0
In,2018-10-31 06:59:00,30.0,False,nan,8207580.0
In,2018-10-31 07:19:00,30.0,False,nan,8208780.0
In,2018-10-31 07:35:00,31.0,False,nan,8209740.0
In,2018-10-31 07:47:00,31.0,False,nan,8210460.0
In,2018-10-31 07:53:00,31.0,False,nan,8210820.0
In,2018-10-31 07:56:00,31.0,False,nan,8211000.0
In,2018-10-31 08:06:00,31.0,False,nan,8211600.0
In,2018-10-31 08:10:00,31.0,False,nan,8211840.0
In,2018-10-31 08:18:00,31.0,False,nan,8212320.0
In,2018-10-31 08:27:00,31.0,False,nan,8212860.0
In,2018-10-31 08:31:00,31.0,False,nan,8213100.0
In,2018-10-31 08:33:00,31.0,False,nan,8213220.0
In,2018-10-31 08:39:00,31.0,False,nan,8213580.0
In,2018-10-31 08:41:00,31.0,False,nan,8213700.0
In,2018-10-31 08:45:00,31.0,False,nan,8213940.0
In,2018-10-31 08:48:00,31.0,False,nan,8214120.0
In,2018-10-31 08:50:00,31.0,False,nan,8214240.0
In,2018-10-31 08:52:00,31.0,False,nan,8214360.0
In,2018-10-31 09:09:00,31.0,False,nan,8215380.0
In,2018-10-31 09:13:00,31.0,False,nan,8215620.0
In,2018-10-31 09:15:00,31.0,False,nan,8215740.0
In,2018-10-31 09:19:00,31.0,False,nan,8215980.0
In,2018-10-31 09:25:00,31.0,False,nan,8216340.0
In,2018-10-31 09:27:00,30.0,False,nan,8216460.0
In,2018-10-31 09:32:00,30.0,False,nan,8216760.0
In,2018-10-31 10:04:00,30.0,False,nan,8218680.0
In,2018-10-31 10:08:00,30.0,False,nan,8218920.0
In,2018-10-31 10:14:00,30.0,False,nan,8219280.0
In,2018-10-31 10:28:00,30.0,False,nan,8220120.0
In,2018-10-31 10:35:00,30.0,False,nan,8220540.0
In,2018-10-31 10:38:00,30.0,False,nan,8220720.0
In,2018-10-31 10:49:00,30.0,False,nan,8221380.0
In,2018-10-31 10:57:00,30.0,False,nan,8221860.0
In,2018-10-31 11:04:00,30.0,False,nan,8222280.0
In,2018-10-31 11:14:00,30.0,False,nan,8222880.0
In,2018-10-31 11:17:00,30.0,False,nan,8223060.0
In,2018-10-31 11:53:00,30.0,False,nan,8225220.0
In,2018-10-31 12:25:00,30.0,False,nan,8227140.0
In,2018-10-31 12:27:00,30.0,False,nan,8227260.0
In,2018-10-31 12:43:00,31.0,False,nan,8228220.0
In,2018-10-31 12:49:00,31.0,False,nan,8228580.0
In,2018-10-31 14:13:00,32.0,False,nan,8233620.0
In,2018-10-31 14:15:00,31.0,False,nan,8233740.0
In,2018-10-31 14:17:00,32.0,False,nan,8233860.0
In,2018-10-31 14:25:00,31.0,False,nan,8234340.0
In,2018-10-31 14:29:00,32.0,False,nan,8234580.0
In,2018-10-31 15:51:00,32.0,False,nan,8239500.0
In,2018-10-31 15:53:00,32.0,False,nan,8239620.0
In,2018-10-31 15:55:00,32.0,False,nan,8239740.0
In,2018-10-31 15:57:00,32.0,False,nan,8239860.0
In,2018-10-31 16:03:00,32.0,False,nan,8240220.0
In,2018-10-31 16:05:00,32.0,False,nan,8240340.0
In,2018-10-31 16:11:00,32.0,False,nan,8240700.0
In,2018-10-31 16:13:00,32.0,False,nan,8240820.0
In,2018-10-31 16:15:00,32.0,False,nan,8240940.0
In,2018-10-31 16:25:00,32.0,False,nan,8241540.0
In,2018-10-31 16:27:00,32.0,False,nan,8241660.0
In,2018-10-31 23:50:00,32.0,False,nan,8268240.0
In,2018-10-31 23:54:00,32.0,False,nan,8268480.0
In,2018-11-01 00:06:00,32.0,False,nan,8269200.0
In,2018-11-01 02:12:00,32.0,False,nan,8276760.0
In,2018-11-01 02:44:00,32.0,False,nan,8278680.0
In,2018-11-01 02:46:00,32.0,False,nan,8278800.0
In,2018-11-01 02:58:00,31.0,False,nan,8279520.0
In,2018-11-01 03:06:00,31.0,False,nan,8280000.0
In,2018-11-01 03:20:00,31.0,False,nan,8280840.0
In,2018-11-01 03:22:00,31.0,False,nan,8280960.0
In,2018-11-01 03:31:00,31.0,False,nan,8281500.0
In,2018-11-01 03:34:00,30.0,False,nan,8281680.0
In,2018-11-01 03:40:00,30.0,False,nan,8282040.0
In,2018-11-01 03:44:00,30.0,False,nan,8282280.0
In,2018-11-01 03:46:00,30.0,False,nan,8282400.0
In,2018-11-01 03:57:00,30.0,False,nan,8283060.0
In,2018-11-01 04:02:00,30.0,False,nan,8283360.0
In,2018-11-01 04:10:00,30.0,False,nan,8283840.0
In,2018-11-01 04:30:00,30.0,False,nan,8285040.0
In,2018-11-01 04:34:00,30.0,False,nan,8285280.0
In,2018-11-01 04:37:00,30.0,False,nan,8285460.0
In,2018-11-01 05:06:00,30.0,False,nan,8287200.0
In,2018-11-01 05:46:00,30.0,False,nan,8289600.0
In,2018-11-01 06:02:00,30.0,False,nan,8290560.0
In,2018-11-01 06:08:00,30.0,False,nan,8290920.0
In,2018-11-01 06:13:00,30.0,False,nan,8291220.0
In,2018-11-01 06:16:00,30.0,False,nan,8291400.0
In,2018-11-01 06:20:00,30.0,False,nan,8291640.0
In,2018-11-01 06:22:00,30.0,False,nan,8291760.0
In,2018-11-01 06:43:00,30.0,False,nan,8293020.0
In,2018-11-01 06:51:00,30.0,False,nan,8293500.0
In,2018-11-01 06:53:00,30.0,False,nan,8293620.0
In,2018-11-01 06:59:00,30.0,False,nan,8293980.0
In,2018-11-01 07:03:00,30.0,False,nan,8294220.0
In,2018-11-01 07:07:00,30.0,False,nan,8294460.0
In,2018-11-01 07:15:00,30.0,False,nan,8294940.0
In,2018-11-01 07:19:00,30.0,False,nan,8295180.0
In,2018-11-01 07:22:00,30.0,False,nan,8295360.0
In,2018-11-01 07:25:00,30.0,False,nan,8295540.0
In,2018-11-01 07:29:00,30.0,False,nan,8295780.0
In,2018-11-01 07:31:00,30.0,False,nan,8295900.0
In,2018-11-01 07:37:00,30.0,False,nan,8296260.0
In,2018-11-01 07:39:00,30.0,False,nan,8296380.0
In,2018-11-01 07:46:00,30.0,False,nan,8296800.0
In,2018-11-01 07:48:00,30.0,False,nan,8296920.0
In,2018-11-01 07:53:00,30.0,False,nan,8297220.0
In,2018-11-01 07:55:00,30.0,False,nan,8297340.0
In,2018-11-01 07:59:00,30.0,False,nan,8297580.0
In,2018-11-01 08:01:00,30.0,False,nan,8297700.0
In,2018-11-01 08:03:00,29.0,False,nan,8297820.0
In,2018-11-01 08:16:00,30.0,False,nan,8298600.0
In,2018-11-01 08:29:00,30.0,False,nan,8299380.0
In,2018-11-01 08:32:00,30.0,False,nan,8299560.0
In,2018-11-01 08:36:00,30.0,False,nan,8299800.0
In,2018-11-01 08:39:00,30.0,False,nan,8299980.0
In,2018-11-01 09:02:00,30.0,False,nan,8301360.0
In,2018-11-01 09:32:00,30.0,False,nan,8303160.0
In,2018-11-01 09:38:00,30.0,False,nan,8303520.0
In,2018-11-01 09:49:00,30.0,False,nan,8304180.0
In,2018-11-01 10:17:00,30.0,False,nan,8305860.0
In,2018-11-01 10:24:00,30.0,False,nan,8306280.0
In,2018-11-01 11:50:00,30.0,False,nan,8311440.0
In,2018-11-01 12:11:00,29.0,False,nan,8312700.0
In,2018-11-01 12:20:00,30.0,False,nan,8313240.0
In,2018-11-01 12:23:00,29.0,False,nan,8313420.0
In,2018-11-01 12:25:00,29.0,False,nan,8313540.0
In,2018-11-01 12:28:00,29.0,False,nan,8313720.0
In,2018-11-01 12:32:00,29.0,False,nan,8313960.0
In,2018-11-01 12:46:00,29.0,False,nan,8314800.0
In,2018-11-01 12:50:00,29.0,False,nan,8315040.0
In,2018-11-01 12:54:00,29.0,False,nan,8315280.0
In,2018-11-01 12:56:00,29.0,False,nan,8315400.0
In,2018-11-01 13:02:00,29.0,False,nan,8315760.0
In,2018-11-01 13:04:00,30.0,False,nan,8315880.0
In,2018-11-01 13:18:00,30.0,False,nan,8316720.0
In,2018-11-01 13:36:00,31.0,False,nan,8317800.0
In,2018-11-01 13:38:00,30.0,False,nan,8317920.0
In,2018-11-01 13:42:00,31.0,False,nan,8318160.0
In,2018-11-01 14:00:00,31.0,False,nan,8319240.0
In,2018-11-01 15:40:00,32.0,False,nan,8325240.0
In,2018-11-01 15:44:00,32.0,False,nan,8325480.0
In,2018-11-01 15:52:00,31.0,False,nan,8325960.0
In,2018-11-01 15:54:00,32.0,False,nan,8326080.0
In,2018-11-01 16:14:00,32.0,False,nan,8327280.0
In,2018-11-01 16:16:00,32.0,False,nan,8327400.0
In,2018-11-01 16:50:00,32.0,False,nan,8329440.0
In,2018-11-01 16:52:00,32.0,False,nan,8329560.0
In,2018-11-01 17:04:00,32.0,False,nan,8330280.0
In,2018-11-01 17:06:00,32.0,False,nan,8330400.0
In,2018-11-01 19:53:00,32.0,False,nan,8340420.0
In,2018-11-01 19:55:00,32.0,False,nan,8340540.0
In,2018-11-01 20:23:00,32.0,False,nan,8342220.0
In,2018-11-01 20:25:00,32.0,False,nan,8342340.0
In,2018-11-01 20:29:00,32.0,False,nan,8342580.0
In,2018-11-01 20:31:00,32.0,False,nan,8342700.0
In,2018-11-01 20:37:00,32.0,False,nan,8343060.0
In,2018-11-01 20:41:00,32.0,False,nan,8343300.0
In,2018-11-01 20:43:00,32.0,False,nan,8343420.0
In,2018-11-01 23:33:00,32.0,False,nan,8353620.0
In,2018-11-02 01:31:00,32.0,False,nan,8360700.0
In,2018-11-02 01:33:00,32.0,False,nan,8360820.0
In,2018-11-02 01:39:00,32.0,False,nan,8361180.0
In,2018-11-02 01:41:00,32.0,False,nan,8361300.0
In,2018-11-02 01:47:00,32.0,False,nan,8361660.0
In,2018-11-02 02:03:00,32.0,False,nan,8362620.0
In,2018-11-02 02:05:00,32.0,False,nan,8362740.0
In,2018-11-02 02:07:00,32.0,False,nan,8362860.0
In,2018-11-02 02:09:00,32.0,False,nan,8362980.0
In,2018-11-02 02:27:00,32.0,False,nan,8364060.0
In,2018-11-02 02:55:00,32.0,False,nan,8365740.0
In,2018-11-02 03:03:00,32.0,False,nan,8366220.0
In,2018-11-02 03:05:00,31.0,False,nan,8366340.0
In,2018-11-02 03:07:00,31.0,False,nan,8366460.0
In,2018-11-02 03:09:00,31.0,False,nan,8366580.0
In,2018-11-02 03:15:00,31.0,False,nan,8366940.0
In,2018-11-02 03:25:00,31.0,False,nan,8367540.0
In,2018-11-02 03:33:00,31.0,False,nan,8368020.0
In,2018-11-02 03:41:00,31.0,False,nan,8368500.0
In,2018-11-02 03:47:00,31.0,False,nan,8368860.0
In,2018-11-02 03:50:00,31.0,False,nan,8369040.0
In,2018-11-02 03:57:00,31.0,False,nan,8369460.0
In,2018-11-02 04:01:00,31.0,False,nan,8369700.0
In,2018-11-02 04:03:00,31.0,False,nan,8369820.0
In,2018-11-02 04:05:00,31.0,False,nan,8369940.0
In,2018-11-02 04:07:00,31.0,False,nan,8370060.0
In,2018-11-02 04:28:00,31.0,False,nan,8371320.0
In,2018-11-02 04:40:00,31.0,False,nan,8372040.0
In,2018-11-02 04:59:00,31.0,False,nan,8373180.0
In,2018-11-02 05:28:00,31.0,False,nan,8374920.0
In,2018-11-02 05:42:00,31.0,False,nan,8375760.0
In,2018-11-02 05:47:00,31.0,False,nan,8376060.0
In,2018-11-02 06:50:00,31.0,False,nan,8379840.0
In,2018-11-02 07:37:00,31.0,False,nan,8382660.0
In,2018-11-02 07:41:00,31.0,True,drift,8382900.0
In,2018-11-02 07:54:00,32.93799706625422,True,drift,8383680.0
In,2018-11-02 07:56:00,34.87599413250843,True,drift,8383800.0
In,2018-11-02 08:07:00,36.81399119876265,True,drift,8384460.0
In,2018-11-02 09:28:00,38.75198826501687,True,drift,8389320.0
In,2018-11-02 10:27:00,39.68998533127109,True,drift,8392860.0
In,2018-11-02 10:36:00,41.6279823975253,True,drift,8393400.0
In,2018-11-02 11:00:00,43.56597946377952,True,drift,8394840.0
In,2018-11-02 11:05:00,45.50397653003374,True,drift,8395140.0
In,2018-11-02 11:07:00,30.0,False,nan,8395260.0
In,2018-11-02 11:28:00,30.0,False,nan,8396520.0
In,2018-11-02 11:31:00,30.0,False,nan,8396700.0
In,2018-11-02 11:34:00,30.0,False,nan,8396880.0
In,2018-11-02 11:41:00,30.0,False,nan,8397300.0
In,2018-11-02 11:59:00,30.0,False,nan,8398380.0
In,2018-11-02 12:09:00,30.0,False,nan,8398980.0
In,2018-11-02 12:15:00,31.0,False,nan,8399340.0
In,2018-11-02 12:17:00,30.0,False,nan,8399460.0
In,2018-11-02 12:19:00,31.0,False,nan,8399580.0
In,2018-11-02 13:25:00,32.0,False,nan,8403540.0
In,2018-11-02 13:27:00,31.0,False,nan,8403660.0
In,2018-11-02 13:29:00,32.0,False,nan,8403780.0
In,2018-11-02 13:37:00,31.0,False,nan,8404260.0
In,2018-11-02 13:39:00,32.0,False,nan,8404380.0
In,2018-11-02 14:51:00,32.0,False,nan,8408700.0
In,2018-11-02 14:55:00,32.0,False,nan,8408940.0
In,2018-11-02 14:57:00,32.0,False,nan,8409060.0
In,2018-11-02 17:18:00,32.0,False,nan,8417520.0
In,2018-11-02 20:12:00,32.0,False,nan,8427960.0
In,2018-11-02 22:10:00,32.0,False,nan,8435040.0
In,2018-11-03 00:27:00,33.0,False,nan,8443260.0
In,2018-11-03 00:29:00,32.0,False,nan,8443380.0
In,2018-11-03 01:37:00,33.0,False,nan,8447460.0
In,2018-11-03 01:39:00,32.0,False,nan,8447580.0
In,2018-11-03 02:05:00,32.0,False,nan,8449140.0
In,2018-11-03 02:09:00,32.0,False,nan,8449380.0
In,2018-11-03 04:07:00,32.0,False,nan,8456460.0
In,2018-11-03 04:09:00,32.0,False,nan,8456580.0
In,2018-11-03 04:15:00,32.0,False,nan,8456940.0
In,2018-11-03 05:05:00,33.0,False,nan,8459940.0
In,2018-11-03 05:09:00,32.0,False,nan,8460180.0
In,2018-11-03 05:25:00,33.0,False,nan,8461140.0
In,2018-11-03 05:31:00,32.0,False,nan,8461500.0
In,2018-11-03 05:33:00,33.0,False,nan,8461620.0
In,2018-11-03 05:35:00,32.0,False,nan,8461740.0
In,2018-11-03 05:37:00,33.0,False,nan,8461860.0
In,2018-11-03 05:45:00,32.0,False,nan,8462340.0
In,2018-11-03 05:47:00,33.0,False,nan,8462460.0
In,2018-11-03 06:17:00,33.0,False,nan,8464260.0
In,2018-11-03 06:19:00,32.0,False,nan,8464380.0
In,2018-11-03 06:21:00,32.0,False,nan,8464500.0
In,2018-11-03 06:27:00,32.0,False,nan,8464860.0
In,2018-11-03 06:33:00,31.0,False,nan,8465220.0
In,2018-11-03 06:51:00,31.0,False,nan,8466300.0
In,2018-11-03 06:55:00,31.0,False,nan,8466540.0
In,2018-11-03 06:57:00,31.0,False,nan,8466660.0
In,2018-11-03 07:54:00,31.0,False,nan,8470080.0
In,2018-11-03 07:56:00,31.0,False,nan,8470200.0
In,2018-11-03 10:08:00,31.0,False,nan,8478120.0
In,2018-11-03 10:10:00,31.0,False,nan,8478240.0
In,2018-11-03 10:12:00,31.0,False,nan,8478360.0
In,2018-11-03 10:14:00,31.0,False,nan,8478480.0
In,2018-11-03 10:18:00,31.0,False,nan,8478720.0
In,2018-11-03 10:28:00,31.0,False,nan,8479320.0
In,2018-11-03 10:30:00,31.0,False,nan,8479440.0
In,2018-11-03 10:42:00,31.0,False,nan,8480160.0
In,2018-11-03 11:10:00,31.0,False,nan,8481840.0
In,2018-11-03 11:12:00,31.0,False,nan,8481960.0
In,2018-11-03 11:24:00,32.0,False,nan,8482680.0
In,2018-11-03 11:26:00,31.0,False,nan,8482800.0
In,2018-11-03 11:54:00,31.0,False,nan,8484480.0
In,2018-11-03 12:04:00,31.0,False,nan,8485080.0
In,2018-11-03 12:32:00,32.0,False,nan,8486760.0
In,2018-11-03 12:34:00,31.0,False,nan,8486880.0
In,2018-11-03 12:44:00,31.0,False,nan,8487480.0
In,2018-11-03 12:50:00,31.0,False,nan,8487840.0
In,2018-11-03 13:02:00,31.0,False,nan,8488560.0
In,2018-11-03 13:48:00,32.0,False,nan,8491320.0
In,2018-11-03 13:50:00,31.0,False,nan,8491440.0
In,2018-11-03 14:44:00,32.0,False,nan,8494680.0
In,2018-11-03 14:46:00,31.0,False,nan,8494800.0
In,2018-11-03 15:00:00,32.0,False,nan,8495640.0
In,2018-11-03 15:36:00,32.0,False,nan,8497800.0
In,2018-11-03 15:38:00,31.0,False,nan,8497920.0
In,2018-11-03 15:46:00,32.0,False,nan,8498400.0
In,2018-11-03 15:48:00,31.0,False,nan,8498520.0
In,2018-11-03 15:50:00,31.0,False,nan,8498640.0
In,2018-11-03 15:54:00,31.0,False,nan,8498880.0
In,2018-11-03 16:41:00,32.0,False,nan,8501700.0
In,2018-11-03 16:43:00,31.0,False,nan,8501820.0
In,2018-11-03 17:07:00,32.0,False,nan,8503260.0
In,2018-11-03 17:09:00,31.0,False,nan,8503380.0
In,2018-11-03 17:13:00,32.0,False,nan,8503620.0
In,2018-11-03 17:15:00,31.0,False,nan,8503740.0
In,2018-11-03 17:17:00,32.0,False,nan,8503860.0
In,2018-11-03 17:19:00,31.0,False,nan,8503980.0
In,2018-11-03 17:59:00,32.0,False,nan,8506380.0
In,2018-11-03 18:01:00,31.0,False,nan,8506500.0
In,2018-11-03 18:03:00,32.0,False,nan,8506620.0
In,2018-11-03 18:05:00,31.0,False,nan,8506740.0
In,2018-11-03 18:07:00,31.0,False,nan,8506860.0
In,2018-11-03 18:13:00,31.0,False,nan,8507220.0
In,2018-11-03 18:15:00,31.0,False,nan,8507340.0
In,2018-11-03 18:17:00,32.0,False,nan,8507460.0
In,2018-11-03 18:19:00,31.0,False,nan,8507580.0
In,2018-11-03 18:27:00,32.0,False,nan,8508060.0
In,2018-11-03 18:29:00,31.0,False,nan,8508180.0
In,2018-11-03 18:51:00,32.0,False,nan,8509500.0
In,2018-11-03 18:53:00,31.0,False,nan,8509620.0
In,2018-11-03 19:03:00,32.0,False,nan,8510220.0
In,2018-11-03 19:05:00,31.0,False,nan,8510340.0
In,2018-11-03 19:17:00,32.0,False,nan,8511060.0
In,2018-11-03 19:19:00,31.0,False,nan,8511180.0
In,2018-11-03 19:23:00,32.0,False,nan,8511420.0
In,2018-11-03 19:27:00,31.0,False,nan,8511660.0
In,2018-11-03 19:31:00,32.0,False,nan,8511900.0
In,2018-11-03 19:33:00,31.0,False,nan,8512020.0
In,2018-11-03 19:55:00,31.0,False,nan,8513340.0
In,2018-11-03 20:17:00,31.0,False,nan,8514660.0
In,2018-11-03 20:25:00,32.0,False,nan,8515140.0
In,2018-11-03 20:27:00,31.0,False,nan,8515260.0
In,2018-11-03 21:35:00,32.0,False,nan,8519340.0
In,2018-11-03 21:37:00,31.0,False,nan,8519460.0
In,2018-11-03 21:39:00,32.0,False,nan,8519580.0
In,2018-11-03 21:41:00,31.0,False,nan,8519700.0
In,2018-11-03 22:05:00,32.0,False,nan,8521140.0
In,2018-11-03 22:07:00,31.0,False,nan,8521260.0
In,2018-11-03 22:17:00,32.0,False,nan,8521860.0
In,2018-11-03 22:19:00,31.0,False,nan,8521980.0
In,2018-11-03 22:51:00,32.0,False,nan,8523900.0
In,2018-11-03 22:53:00,31.0,False,nan,8524020.0
In,2018-11-03 23:55:00,31.0,False,nan,8527740.0
In,2018-11-03 23:57:00,31.0,False,nan,8527860.0
In,2018-11-04 00:21:00,31.0,False,nan,8529300.0
In,2018-11-04 00:23:00,31.0,False,nan,8529420.0
In,2018-11-04 00:25:00,31.0,False,nan,8529540.0
In,2018-11-04 00:42:00,31.0,False,nan,8530560.0
In,2018-11-04 00:54:00,31.0,False,nan,8531280.0
In,2018-11-04 00:56:00,32.0,False,nan,8531400.0
In,2018-11-04 00:58:00,31.0,False,nan,8531520.0
In,2018-11-04 01:06:00,31.0,False,nan,8532000.0
In,2018-11-04 01:08:00,31.0,False,nan,8532120.0
In,2018-11-04 01:10:00,32.0,False,nan,8532240.0
In,2018-11-04 01:12:00,31.0,False,nan,8532360.0
In,2018-11-04 01:18:00,31.0,False,nan,8532720.0
In,2018-11-04 02:06:00,31.0,False,nan,8535600.0
In,2018-11-04 02:12:00,31.0,False,nan,8535960.0
In,2018-11-04 02:18:00,31.0,False,nan,8536320.0
In,2018-11-04 02:30:00,31.0,False,nan,8537040.0
In,2018-11-04 02:46:00,31.0,False,nan,8538000.0
In,2018-11-04 02:50:00,31.0,False,nan,8538240.0
In,2018-11-04 03:08:00,31.0,False,nan,8539320.0
In,2018-11-04 03:12:00,31.0,False,nan,8539560.0
In,2018-11-04 03:24:00,31.0,False,nan,8540280.0
In,2018-11-04 03:36:00,31.0,False,nan,8541000.0
In,2018-11-04 03:38:00,31.0,False,nan,8541120.0
In,2018-11-04 03:40:00,31.0,False,nan,8541240.0
In,2018-11-04 03:42:00,31.0,False,nan,8541360.0
In,2018-11-04 03:46:00,31.0,False,nan,8541600.0
In,2018-11-04 03:48:00,31.0,False,nan,8541720.0
In,2018-11-04 03:50:00,31.0,False,nan,8541840.0
In,2018-11-04 03:52:00,31.0,False,nan,8541960.0
In,2018-11-04 03:54:00,31.0,False,nan,8542080.0
In,2018-11-04 03:56:00,31.0,False,nan,8542200.0
In,2018-11-04 04:06:00,31.0,False,nan,8542800.0
In,2018-11-04 04:10:00,31.0,False,nan,8543040.0
In,2018-11-04 04:12:00,31.0,False,nan,8543160.0
In,2018-11-04 04:14:00,31.0,False,nan,8543280.0
In,2018-11-04 04:18:00,31.0,False,nan,8543520.0
In,2018-11-04 04:20:00,31.0,False,nan,8543640.0
In,2018-11-04 04:44:00,31.0,False,nan,8545080.0
In,2018-11-04 04:46:00,31.0,False,nan,8545200.0
In,2018-11-04 04:58:00,31.0,False,nan,8545920.0
In,2018-11-04 05:00:00,31.0,False,nan,8546040.0
In,2018-11-04 05:04:00,31.0,False,nan,8546280.0
In,2018-11-04 05:06:00,31.0,False,nan,8546400.0
In,2018-11-04 05:10:00,31.0,False,nan,8546640.0
In,2018-11-04 05:14:00,31.0,False,nan,8546880.0
In,2018-11-04 05:18:00,32.0,False,nan,8547120.0
In,2018-11-04 05:20:00,31.0,False,nan,8547240.0
In,2018-11-04 05:24:00,31.0,False,nan,8547480.0
In,2018-11-04 05:30:00,31.0,False,nan,8547840.0
In,2018-11-04 05:32:00,31.0,False,nan,8547960.0
In,2018-11-04 05:34:00,31.0,False,nan,8548080.0
In,2018-11-04 05:36:00,31.0,False,nan,8548200.0
In,2018-11-04 05:42:00,32.0,False,nan,8548560.0
In,2018-11-04 05:44:00,31.0,False,nan,8548680.0
In,2018-11-04 05:46:00,31.0,False,nan,8548800.0
In,2018-11-04 05:48:00,31.0,False,nan,8548920.0
In,2018-11-04 05:50:00,32.0,False,nan,8549040.0
In,2018-11-04 05:52:00,31.0,False,nan,8549160.0
In,2018-11-04 05:54:00,32.0,False,nan,8549280.0
In,2018-11-04 05:56:00,32.0,False,nan,8549400.0
In,2018-11-04 05:58:00,32.0,False,nan,8549520.0
In,2018-11-04 06:00:00,31.0,False,nan,8549640.0
In,2018-11-04 06:02:00,32.0,False,nan,8549760.0
In,2018-11-04 06:04:00,31.0,False,nan,8549880.0
In,2018-11-04 06:06:00,32.0,False,nan,8550000.0
In,2018-11-04 06:10:00,31.0,False,nan,8550240.0
In,2018-11-04 06:12:00,32.0,False,nan,8550360.0
In,2018-11-04 06:14:00,31.0,False,nan,8550480.0
In,2018-11-04 06:18:00,32.0,False,nan,8550720.0
In,2018-11-04 06:22:00,32.0,False,nan,8550960.0
In,2018-11-04 06:24:00,32.0,False,nan,8551080.0
In,2018-11-04 06:26:00,31.0,False,nan,8551200.0
In,2018-11-04 06:28:00,32.0,False,nan,8551320.0
In,2018-11-04 06:32:00,32.0,False,nan,8551560.0
In,2018-11-04 06:36:00,32.0,False,nan,8551800.0
In,2018-11-04 06:38:00,32.0,False,nan,8551920.0
In,2018-11-04 06:40:00,32.0,False,nan,8552040.0
In,2018-11-04 06:48:00,32.0,False,nan,8552520.0
In,2018-11-04 06:50:00,32.0,False,nan,8552640.0
In,2018-11-04 06:52:00,32.0,False,nan,8552760.0
In,2018-11-04 07:00:00,32.0,False,nan,8553240.0
In,2018-11-04 07:22:00,32.0,False,nan,8554560.0
In,2018-11-04 07:52:00,33.0,False,nan,8556360.0
In,2018-11-04 07:54:00,32.0,False,nan,8556480.0
In,2018-11-04 07:58:00,33.0,False,nan,8556720.0
In,2018-11-04 08:00:00,33.0,False,nan,8556840.0
In,2018-11-04 08:02:00,32.0,False,nan,8556960.0
In,2018-11-04 08:04:00,33.0,False,nan,8557080.0
In,2018-11-04 08:08:00,32.0,False,nan,8557320.0
In,2018-11-04 08:10:00,33.0,False,nan,8557440.0
In,2018-11-04 08:12:00,32.0,False,nan,8557560.0
In,2018-11-04 08:14:00,33.0,False,nan,8557680.0
In,2018-11-04 08:16:00,32.0,False,nan,8557800.0
In,2018-11-04 08:20:00,33.0,False,nan,8558040.0
In,2018-11-04 08:24:00,32.0,False,nan,8558280.0
In,2018-11-04 08:26:00,33.0,False,nan,8558400.0
In,2018-11-04 08:30:00,32.0,False,nan,8558640.0
In,2018-11-04 08:32:00,33.0,False,nan,8558760.0
In,2018-11-04 08:36:00,32.0,False,nan,8559000.0
In,2018-11-04 08:38:00,33.0,False,nan,8559120.0
In,2018-11-04 08:40:00,33.0,False,nan,8559240.0
In,2018-11-04 08:46:00,32.0,False,nan,8559600.0
In,2018-11-04 08:48:00,33.0,False,nan,8559720.0
In,2018-11-04 09:25:00,32.0,False,nan,8561940.0
In,2018-11-04 09:41:00,32.0,False,nan,8562900.0
In,2018-11-04 09:43:00,33.0,False,nan,8563020.0
In,2018-11-04 09:57:00,33.0,False,nan,8563860.0
In,2018-11-04 09:59:00,33.0,False,nan,8563980.0
In,2018-11-04 10:01:00,33.0,False,nan,8564100.0
In,2018-11-04 10:07:00,33.0,False,nan,8564460.0
In,2018-11-04 10:09:00,32.0,False,nan,8564580.0
In,2018-11-04 10:11:00,33.0,False,nan,8564700.0
In,2018-11-04 10:19:00,32.0,False,nan,8565180.0
In,2018-11-04 10:31:00,33.0,False,nan,8565900.0
In,2018-11-04 10:33:00,32.0,False,nan,8566020.0
In,2018-11-04 10:35:00,33.0,False,nan,8566140.0
In,2018-11-04 10:37:00,33.0,False,nan,8566260.0
In,2018-11-04 10:39:00,32.0,False,nan,8566380.0
In,2018-11-04 10:41:00,33.0,False,nan,8566500.0
In,2018-11-04 10:43:00,33.0,False,nan,8566620.0
In,2018-11-04 10:45:00,33.0,False,nan,8566740.0
In,2018-11-04 10:47:00,33.0,False,nan,8566860.0
In,2018-11-04 10:49:00,33.0,False,nan,8566980.0
In,2018-11-04 10:51:00,32.0,False,nan,8567100.0
In,2018-11-04 10:53:00,33.0,False,nan,8567220.0
In,2018-11-04 10:55:00,32.0,False,nan,8567340.0
In,2018-11-04 10:57:00,33.0,False,nan,8567460.0
In,2018-11-04 10:59:00,32.0,False,nan,8567580.0
In,2018-11-04 11:01:00,33.0,False,nan,8567700.0
In,2018-11-04 11:05:00,32.0,False,nan,8567940.0
In,2018-11-04 11:07:00,33.0,False,nan,8568060.0
In,2018-11-04 11:09:00,32.0,False,nan,8568180.0
In,2018-11-04 11:11:00,33.0,False,nan,8568300.0
In,2018-11-04 11:19:00,32.0,False,nan,8568780.0
In,2018-11-04 11:21:00,33.0,False,nan,8568900.0
In,2018-11-04 11:27:00,33.0,False,nan,8569260.0
In,2018-11-04 11:29:00,33.0,False,nan,8569380.0
In,2018-11-04 11:31:00,32.0,False,nan,8569500.0
In,2018-11-04 11:33:00,33.0,False,nan,8569620.0
In,2018-11-04 11:35:00,32.0,False,nan,8569740.0
In,2018-11-04 11:37:00,33.0,False,nan,8569860.0
In,2018-11-04 11:43:00,32.0,False,nan,8570220.0
In,2018-11-04 11:45:00,33.0,False,nan,8570340.0
In,2018-11-04 11:57:00,32.0,False,nan,8571060.0
In,2018-11-04 11:59:00,33.0,False,nan,8571180.0
In,2018-11-04 12:03:00,32.0,False,nan,8571420.0
In,2018-11-04 12:07:00,33.0,False,nan,8571660.0
In,2018-11-04 12:11:00,32.0,False,nan,8571900.0
In,2018-11-04 12:15:00,33.0,False,nan,8572140.0
In,2018-11-04 12:17:00,32.0,False,nan,8572260.0
In,2018-11-04 12:19:00,33.0,False,nan,8572380.0
In,2018-11-04 12:39:00,32.0,False,nan,8573580.0
In,2018-11-04 12:43:00,33.0,False,nan,8573820.0
In,2018-11-04 12:49:00,32.0,False,nan,8574180.0
In,2018-11-04 12:51:00,33.0,False,nan,8574300.0
In,2018-11-04 12:53:00,32.0,False,nan,8574420.0
In,2018-11-04 12:55:00,33.0,False,nan,8574540.0
In,2018-11-04 12:59:00,32.0,False,nan,8574780.0
In,2018-11-04 13:01:00,33.0,False,nan,8574900.0
In,2018-11-04 13:17:00,32.0,False,nan,8575860.0
In,2018-11-04 13:21:00,33.0,False,nan,8576100.0
In,2018-11-04 13:25:00,32.0,False,nan,8576340.0
In,2018-11-04 13:27:00,33.0,False,nan,8576460.0
In,2018-11-04 13:47:00,32.0,False,nan,8577660.0
In,2018-11-04 13:55:00,33.0,False,nan,8578140.0
In,2018-11-04 13:57:00,32.0,False,nan,8578260.0
In,2018-11-04 14:03:00,32.0,False,nan,8578620.0
In,2018-11-04 14:09:00,32.0,False,nan,8578980.0
In,2018-11-04 14:27:00,32.0,False,nan,8580060.0
In,2018-11-04 16:07:00,32.0,False,nan,8586060.0
In,2018-11-04 16:11:00,32.0,False,nan,8586300.0
In,2018-11-04 18:38:00,32.0,False,nan,8595120.0
In,2018-11-04 18:52:00,32.0,False,nan,8595960.0
In,2018-11-04 18:58:00,32.0,False,nan,8596320.0
In,2018-11-04 19:10:00,32.0,False,nan,8597040.0
In,2018-11-04 19:26:00,31.0,False,nan,8598000.0
In,2018-11-04 19:28:00,32.0,False,nan,8598120.0
In,2018-11-04 20:28:00,32.0,False,nan,8601720.0
In,2018-11-04 21:38:00,32.0,False,nan,8605920.0
In,2018-11-04 21:46:00,32.0,False,nan,8606400.0
In,2018-11-04 21:52:00,32.0,False,nan,8606760.0
In,2018-11-04 22:16:00,32.0,False,nan,8608200.0
In,2018-11-04 23:40:00,32.0,False,nan,8613240.0
In,2018-11-04 23:48:00,32.0,False,nan,8613720.0
In,2018-11-05 00:02:00,32.0,False,nan,8614560.0
In,2018-11-05 00:24:00,32.0,False,nan,8615880.0
In,2018-11-05 00:26:00,32.0,False,nan,8616000.0
In,2018-11-05 00:42:00,32.0,False,nan,8616960.0
In,2018-11-05 00:44:00,32.0,False,nan,8617080.0
In,2018-11-05 00:48:00,32.0,False,nan,8617320.0
In,2018-11-05 00:52:00,32.0,False,nan,8617560.0
In,2018-11-05 00:56:00,32.0,False,nan,8617800.0
In,2018-11-05 01:22:00,32.0,False,nan,8619360.0
In,2018-11-05 01:24:00,32.0,False,nan,8619480.0
In,2018-11-05 01:26:00,32.0,False,nan,8619600.0
In,2018-11-05 01:28:00,32.0,False,nan,8619720.0
In,2018-11-05 01:30:00,32.0,False,nan,8619840.0
In,2018-11-05 02:06:00,32.0,False,nan,8622000.0
In,2018-11-05 02:34:00,31.0,False,nan,8623680.0
In,2018-11-05 02:36:00,32.0,False,nan,8623800.0
In,2018-11-05 02:43:00,32.0,False,nan,8624220.0
In,2018-11-05 02:53:00,31.0,False,nan,8624820.0
In,2018-11-05 02:57:00,32.0,False,nan,8625060.0
In,2018-11-05 02:59:00,32.0,False,nan,8625180.0
In,2018-11-05 03:01:00,32.0,False,nan,8625300.0
In,2018-11-05 03:23:00,32.0,False,nan,8626620.0
In,2018-11-05 03:41:00,32.0,False,nan,8627700.0
In,2018-11-05 03:53:00,32.0,False,nan,8628420.0
In,2018-11-05 03:55:00,32.0,False,nan,8628540.0
In,2018-11-05 04:27:00,32.0,False,nan,8630460.0
In,2018-11-05 04:49:00,32.0,False,nan,8631780.0
In,2018-11-05 05:13:00,32.0,False,nan,8633220.0
In,2018-11-05 05:27:00,32.0,False,nan,8634060.0
In,2018-11-05 05:45:00,32.0,False,nan,8635140.0
In,2018-11-05 05:59:00,32.0,False,nan,8635980.0
In,2018-11-05 06:35:00,32.0,False,nan,8638140.0
In,2018-11-05 06:59:00,32.0,False,nan,8639580.0
In,2018-11-05 08:13:00,32.0,False,nan,8644020.0
In,2018-11-05 08:59:00,31.0,False,nan,8646780.0
In,2018-11-05 09:01:00,32.0,False,nan,8646900.0
In,2018-11-05 13:18:00,32.0,False,nan,8662320.0
In,2018-11-05 13:56:00,32.0,False,nan,8664600.0
In,2018-11-05 14:14:00,32.0,False,nan,8665680.0
In,2018-11-05 14:22:00,32.0,False,nan,8666160.0
In,2018-11-05 14:54:00,32.0,False,nan,8668080.0
In,2018-11-05 16:38:00,32.0,False,nan,8674320.0
In,2018-11-05 17:04:00,32.0,False,nan,8675880.0
In,2018-11-05 17:06:00,32.0,False,nan,8676000.0
In,2018-11-05 17:08:00,32.0,False,nan,8676120.0
In,2018-11-05 17:18:00,32.0,False,nan,8676720.0
In,2018-11-05 17:58:00,32.0,False,nan,8679120.0
In,2018-11-05 18:58:00,32.0,False,nan,8682720.0
In,2018-11-05 19:44:00,32.0,False,nan,8685480.0
In,2018-11-05 19:56:00,32.0,False,nan,8686200.0
In,2018-11-17 10:39:00,30.0,False,nan,9689580.0
In,2018-11-17 10:43:00,30.0,False,nan,9689820.0
In,2018-11-17 10:45:00,30.0,False,nan,9689940.0
In,2018-11-17 10:47:00,30.0,False,nan,9690060.0
In,2018-11-17 10:59:00,30.0,False,nan,9690780.0
In,2018-11-17 11:13:00,30.0,False,nan,9691620.0
In,2018-11-17 11:15:00,30.0,False,nan,9691740.0
In,2018-11-17 11:19:00,30.0,False,nan,9691980.0
In,2018-11-17 11:23:00,30.0,False,nan,9692220.0
In,2018-11-17 11:43:00,31.0,False,nan,9693420.0
In,2018-11-17 11:45:00,30.0,False,nan,9693540.0
In,2018-11-17 11:55:00,31.0,False,nan,9694140.0
In,2018-11-17 11:59:00,30.0,False,nan,9694380.0
In,2018-11-17 12:01:00,31.0,False,nan,9694500.0
In,2018-11-17 12:03:00,30.0,False,nan,9694620.0
In,2018-11-17 12:17:00,30.0,False,nan,9695460.0
In,2018-11-17 12:33:00,31.0,False,nan,9696420.0
In,2018-11-17 12:35:00,30.0,False,nan,9696540.0
In,2018-11-17 12:39:00,31.0,False,nan,9696780.0
In,2018-11-17 12:45:00,30.0,False,nan,9697140.0
In,2018-11-17 12:47:00,31.0,False,nan,9697260.0
In,2018-11-17 12:53:00,30.0,False,nan,9697620.0
In,2018-11-17 12:57:00,31.0,False,nan,9697860.0
In,2018-11-17 12:59:00,30.0,False,nan,9697980.0
In,2018-11-17 13:01:00,30.0,False,nan,9698100.0
In,2018-11-17 13:03:00,31.0,False,nan,9698220.0
In,2018-11-17 13:05:00,30.0,False,nan,9698340.0
In,2018-11-17 13:07:00,31.0,False,nan,9698460.0
In,2018-11-17 13:09:00,30.0,False,nan,9698580.0
In,2018-11-17 13:21:00,30.0,False,nan,9699300.0
In,2018-11-17 13:23:00,30.0,False,nan,9699420.0
In,2018-11-17 13:25:00,31.0,False,nan,9699540.0
In,2018-11-17 13:27:00,30.0,False,nan,9699660.0
In,2018-11-17 13:41:00,31.0,False,nan,9700500.0
In,2018-11-17 13:43:00,30.0,False,nan,9700620.0
In,2018-11-17 13:49:00,30.0,False,nan,9700980.0
In,2018-11-17 14:03:00,31.0,False,nan,9701820.0
In,2018-11-17 14:05:00,30.0,False,nan,9701940.0
In,2018-11-17 14:07:00,31.0,False,nan,9702060.0
In,2018-11-17 14:09:00,30.0,False,nan,9702180.0
In,2018-11-17 14:13:00,31.0,False,nan,9702420.0
In,2018-11-17 14:15:00,30.0,False,nan,9702540.0
In,2018-11-17 14:21:00,31.0,False,nan,9702900.0
In,2018-11-17 14:23:00,30.0,False,nan,9703020.0
In,2018-11-17 14:31:00,31.0,False,nan,9703500.0
In,2018-11-17 14:33:00,30.0,False,nan,9703620.0
In,2018-11-17 14:35:00,30.0,False,nan,9703740.0
In,2018-11-17 14:37:00,30.0,False,nan,9703860.0
In,2018-11-17 15:01:00,31.0,False,nan,9705300.0
In,2018-11-17 15:05:00,30.0,False,nan,9705540.0
In,2018-11-17 15:11:00,31.0,False,nan,9705900.0
In,2018-11-17 15:15:00,30.0,False,nan,9706140.0
In,2018-11-17 15:21:00,31.0,False,nan,9706500.0
In,2018-11-17 15:23:00,30.0,False,nan,9706620.0
In,2018-11-17 15:25:00,30.0,False,nan,9706740.0
In,2018-11-17 15:27:00,31.0,False,nan,9706860.0
In,2018-11-17 15:29:00,30.0,False,nan,9706980.0
In,2018-11-17 15:31:00,30.0,False,nan,9707100.0
In,2018-11-17 15:33:00,31.0,False,nan,9707220.0
In,2018-11-17 15:37:00,30.0,False,nan,9707460.0
In,2018-11-17 15:41:00,31.0,False,nan,9707700.0
In,2018-11-17 15:43:00,30.0,False,nan,9707820.0
In,2018-11-17 15:49:00,31.0,False,nan,9708180.0
In,2018-11-17 15:51:00,30.0,False,nan,9708300.0
In,2018-11-17 15:53:00,31.0,False,nan,9708420.0
In,2018-11-17 15:57:00,30.0,False,nan,9708660.0
In,2018-11-17 15:59:00,30.0,False,nan,9708780.0
In,2018-11-17 16:01:00,30.0,False,nan,9708900.0
In,2018-11-17 16:03:00,30.0,False,nan,9709020.0
In,2018-11-17 16:05:00,30.0,False,nan,9709140.0
In,2018-11-17 16:07:00,30.0,False,nan,9709260.0
In,2018-11-17 16:09:00,30.0,False,nan,9709380.0
In,2018-11-17 16:11:00,30.0,False,nan,9709500.0
In,2018-11-17 16:13:00,30.0,False,nan,9709620.0
In,2018-11-17 16:21:00,30.0,False,nan,9710100.0
In,2018-11-17 16:25:00,31.0,False,nan,9710340.0
In,2018-11-17 16:27:00,30.0,False,nan,9710460.0
In,2018-11-17 16:29:00,31.0,False,nan,9710580.0
In,2018-11-17 16:31:00,30.0,False,nan,9710700.0
In,2018-11-17 16:39:00,30.0,False,nan,9711180.0
In,2018-11-17 16:41:00,31.0,False,nan,9711300.0
In,2018-11-17 16:43:00,30.0,False,nan,9711420.0
In,2018-11-17 16:49:00,30.0,False,nan,9711780.0
In,2018-11-17 16:51:00,30.0,False,nan,9711900.0
In,2018-11-17 16:53:00,30.0,False,nan,9712020.0
In,2018-11-17 16:59:00,31.0,False,nan,9712380.0
In,2018-11-17 17:01:00,30.0,False,nan,9712500.0
In,2018-11-17 17:03:00,30.0,False,nan,9712620.0
In,2018-11-17 17:05:00,30.0,False,nan,9712740.0
In,2018-11-17 17:13:00,30.0,False,nan,9713220.0
In,2018-11-17 17:17:00,31.0,False,nan,9713460.0
In,2018-11-17 17:19:00,30.0,False,nan,9713580.0
In,2018-11-17 17:21:00,30.0,False,nan,9713700.0
In,2018-11-17 17:29:00,31.0,False,nan,9714180.0
In,2018-11-17 17:31:00,30.0,False,nan,9714300.0
In,2018-11-17 17:33:00,31.0,False,nan,9714420.0
In,2018-11-17 17:39:00,30.0,False,nan,9714780.0
In,2018-11-17 17:43:00,30.0,False,nan,9715020.0
In,2018-11-17 17:45:00,30.0,False,nan,9715140.0
In,2018-11-17 17:48:00,31.0,False,nan,9715320.0
In,2018-11-17 17:56:00,30.0,False,nan,9715800.0
In,2018-11-17 17:58:00,31.0,False,nan,9715920.0
In,2018-11-17 18:00:00,30.0,False,nan,9716040.0
In,2018-11-17 18:14:00,30.0,False,nan,9716880.0
In,2018-11-17 18:16:00,30.0,False,nan,9717000.0
In,2018-11-17 18:18:00,30.0,False,nan,9717120.0
In,2018-11-17 18:20:00,30.0,False,nan,9717240.0
In,2018-11-17 18:32:00,30.0,False,nan,9717960.0
In,2018-11-17 18:50:00,30.0,False,nan,9719040.0
In,2018-11-17 18:52:00,31.0,False,nan,9719160.0
In,2018-11-17 18:54:00,30.0,False,nan,9719280.0
In,2018-11-17 18:56:00,31.0,False,nan,9719400.0
In,2018-11-17 18:58:00,30.0,False,nan,9719520.0
In,2018-11-17 19:00:00,30.0,False,nan,9719640.0
In,2018-11-17 19:02:00,30.0,False,nan,9719760.0
In,2018-11-17 19:08:00,31.0,False,nan,9720120.0
In,2018-11-17 19:12:00,30.0,False,nan,9720360.0
In,2018-11-17 19:26:00,31.0,False,nan,9721200.0
In,2018-11-17 19:28:00,30.0,False,nan,9721320.0
In,2018-11-17 19:32:00,31.0,False,nan,9721560.0
In,2018-11-17 19:34:00,30.0,False,nan,9721680.0
In,2018-11-17 20:02:00,30.0,False,nan,9723360.0
In,2018-11-17 20:04:00,30.0,False,nan,9723480.0
In,2018-11-17 20:06:00,30.0,False,nan,9723600.0
In,2018-11-17 20:10:00,30.0,False,nan,9723840.0
In,2018-11-17 20:12:00,30.0,False,nan,9723960.0
In,2018-11-17 21:00:00,30.0,False,nan,9726840.0
In,2018-11-17 21:14:00,30.0,False,nan,9727680.0
In,2018-11-17 21:16:00,30.0,False,nan,9727800.0
In,2018-11-17 21:42:00,30.0,False,nan,9729360.0
In,2018-11-17 21:44:00,30.0,False,nan,9729480.0
In,2018-11-17 21:48:00,30.0,False,nan,9729720.0
In,2018-11-17 21:52:00,30.0,False,nan,9729960.0
In,2018-11-17 21:56:00,30.0,False,nan,9730200.0
In,2018-11-17 22:26:00,30.0,False,nan,9732000.0
In,2018-11-17 22:28:00,30.0,False,nan,9732120.0
In,2018-11-17 22:34:00,30.0,False,nan,9732480.0
In,2018-11-17 22:36:00,30.0,False,nan,9732600.0
In,2018-11-17 22:38:00,30.0,False,nan,9732720.0
In,2018-11-17 22:40:00,30.0,False,nan,9732840.0
In,2018-11-17 22:58:00,30.0,False,nan,9733920.0
In,2018-11-17 23:00:00,30.0,False,nan,9734040.0
In,2018-11-17 23:02:00,30.0,False,nan,9734160.0
In,2018-11-17 23:04:00,30.0,False,nan,9734280.0
In,2018-11-17 23:06:00,30.0,False,nan,9734400.0
In,2018-11-17 23:08:00,30.0,False,nan,9734520.0
In,2018-11-17 23:12:00,30.0,False,nan,9734760.0
In,2018-11-17 23:16:00,30.0,False,nan,9735000.0
In,2018-11-17 23:32:00,31.0,False,nan,9735960.0
In,2018-11-17 23:34:00,30.0,False,nan,9736080.0
In,2018-11-17 23:38:00,30.0,False,nan,9736320.0
In,2018-11-17 23:40:00,30.0,False,nan,9736440.0
In,2018-11-18 01:24:00,30.0,False,nan,9742680.0
In,2018-11-18 02:30:00,30.0,False,nan,9746640.0
In,2018-11-18 02:37:00,30.0,False,nan,9747060.0
In,2018-11-18 02:53:00,30.0,False,nan,9748020.0
In,2018-11-18 02:57:00,30.0,False,nan,9748260.0
In,2018-11-18 03:13:00,30.0,False,nan,9749220.0
In,2018-11-18 03:27:00,30.0,False,nan,9750060.0
In,2018-11-18 03:29:00,30.0,False,nan,9750180.0
In,2018-11-18 03:41:00,30.0,False,nan,9750900.0
In,2018-11-18 04:01:00,30.0,False,nan,9752100.0
In,2018-11-18 04:15:00,30.0,False,nan,9752940.0
In,2018-11-18 04:47:00,31.0,False,nan,9754860.0
In,2018-11-18 04:49:00,30.0,False,nan,9754980.0
In,2018-11-18 05:17:00,30.0,False,nan,9756660.0
In,2018-11-18 05:19:00,30.0,False,nan,9756780.0
In,2018-11-18 05:33:00,30.0,False,nan,9757620.0
In,2018-11-18 05:35:00,30.0,False,nan,9757740.0
In,2018-11-18 05:43:00,30.0,False,nan,9758220.0
In,2018-11-18 05:45:00,30.0,False,nan,9758340.0
In,2018-11-18 05:55:00,30.0,False,nan,9758940.0
In,2018-11-18 05:57:00,30.0,False,nan,9759060.0
In,2018-11-18 07:09:00,31.0,False,nan,9763380.0
In,2018-11-18 07:11:00,30.0,False,nan,9763500.0
In,2018-11-18 07:19:00,30.0,False,nan,9763980.0
In,2018-11-18 07:25:00,30.0,False,nan,9764340.0
In,2018-11-18 07:29:00,30.0,False,nan,9764580.0
In,2018-11-18 07:33:00,31.0,False,nan,9764820.0
In,2018-11-18 07:35:00,30.0,False,nan,9764940.0
In,2018-11-18 07:37:00,31.0,False,nan,9765060.0
In,2018-11-18 07:39:00,30.0,False,nan,9765180.0
In,2018-11-18 07:43:00,30.0,False,nan,9765420.0
In,2018-11-18 07:47:00,30.0,False,nan,9765660.0
In,2018-11-18 07:51:00,30.0,False,nan,9765900.0
In,2018-11-18 07:57:00,30.0,False,nan,9766260.0
In,2018-11-18 07:59:00,31.0,False,nan,9766380.0
In,2018-11-18 08:01:00,30.0,False,nan,9766500.0
In,2018-11-18 08:13:00,30.0,False,nan,9767220.0
In,2018-11-18 08:15:00,30.0,False,nan,9767340.0
In,2018-11-18 08:25:00,31.0,False,nan,9767940.0
In,2018-11-18 08:27:00,30.0,False,nan,9768060.0
In,2018-11-18 08:33:00,31.0,False,nan,9768420.0
In,2018-11-18 08:35:00,30.0,False,nan,9768540.0
In,2018-11-18 08:39:00,31.0,False,nan,9768780.0
In,2018-11-18 08:41:00,30.0,False,nan,9768900.0
In,2018-11-18 08:43:00,31.0,False,nan,9769020.0
In,2018-11-18 08:45:00,30.0,False,nan,9769140.0
In,2018-11-18 08:49:00,31.0,False,nan,9769380.0
In,2018-11-18 08:51:00,30.0,False,nan,9769500.0
In,2018-11-18 08:57:00,31.0,False,nan,9769860.0
In,2018-11-18 08:59:00,30.0,False,nan,9769980.0
In,2018-11-18 09:03:00,31.0,False,nan,9770220.0
In,2018-11-18 09:05:00,30.0,False,nan,9770340.0
In,2018-11-18 09:11:00,31.0,False,nan,9770700.0
In,2018-11-18 09:15:00,30.0,False,nan,9770940.0
In,2018-11-18 09:29:00,31.0,False,nan,9771780.0
In,2018-11-18 09:33:00,30.0,False,nan,9772020.0
In,2018-11-18 09:35:00,31.0,False,nan,9772140.0
In,2018-11-18 09:39:00,30.0,False,nan,9772380.0
In,2018-11-18 09:49:00,30.0,False,nan,9772980.0
In,2018-11-18 09:57:00,31.0,False,nan,9773460.0
In,2018-11-18 09:59:00,30.0,False,nan,9773580.0
In,2018-11-18 10:09:00,31.0,False,nan,9774180.0
In,2018-11-18 10:11:00,30.0,False,nan,9774300.0
In,2018-11-18 10:13:00,31.0,False,nan,9774420.0
In,2018-11-18 10:15:00,30.0,False,nan,9774540.0
In,2018-11-18 10:17:00,31.0,False,nan,9774660.0
In,2018-11-18 10:19:00,30.0,False,nan,9774780.0
In,2018-11-18 10:31:00,31.0,False,nan,9775500.0
In,2018-11-18 10:33:00,30.0,False,nan,9775620.0
In,2018-11-18 10:37:00,31.0,False,nan,9775860.0
In,2018-11-18 10:39:00,30.0,False,nan,9775980.0
In,2018-11-18 10:55:00,31.0,False,nan,9776940.0
In,2018-11-18 11:01:00,30.0,False,nan,9777300.0
In,2018-11-18 11:13:00,31.0,False,nan,9778020.0
In,2018-11-18 11:18:00,30.0,False,nan,9778320.0
In,2018-11-18 11:24:00,31.0,False,nan,9778680.0
In,2018-11-18 11:26:00,30.0,False,nan,9778800.0
In,2018-11-18 11:40:00,31.0,False,nan,9779640.0
In,2018-11-18 11:44:00,30.0,False,nan,9779880.0
In,2018-11-18 11:48:00,30.0,False,nan,9780120.0
In,2018-11-18 11:50:00,31.0,False,nan,9780240.0
In,2018-11-18 11:52:00,30.0,False,nan,9780360.0
In,2018-11-18 11:58:00,31.0,False,nan,9780720.0
In,2018-11-18 12:00:00,30.0,False,nan,9780840.0
In,2018-11-18 12:02:00,31.0,False,nan,9780960.0
In,2018-11-18 12:06:00,30.0,False,nan,9781200.0
In,2018-11-18 12:08:00,31.0,False,nan,9781320.0
In,2018-11-18 12:14:00,30.0,False,nan,9781680.0
In,2018-11-18 12:16:00,31.0,False,nan,9781800.0
In,2018-11-18 12:20:00,30.0,False,nan,9782040.0
In,2018-11-18 12:22:00,31.0,False,nan,9782160.0
In,2018-11-18 12:24:00,30.0,False,nan,9782280.0
In,2018-11-18 12:48:00,30.0,False,nan,9783720.0
In,2018-11-18 12:50:00,30.0,False,nan,9783840.0
In,2018-11-18 12:52:00,31.0,False,nan,9783960.0
In,2018-11-18 12:56:00,30.0,False,nan,9784200.0
In,2018-11-18 13:04:00,31.0,False,nan,9784680.0
In,2018-11-18 13:06:00,30.0,False,nan,9784800.0
In,2018-11-18 13:38:00,31.0,False,nan,9786720.0
In,2018-11-18 13:40:00,30.0,False,nan,9786840.0
In,2018-11-18 13:54:00,31.0,False,nan,9787680.0
In,2018-11-18 13:56:00,30.0,False,nan,9787800.0
In,2018-11-18 13:58:00,31.0,False,nan,9787920.0
In,2018-11-18 14:00:00,30.0,False,nan,9788040.0
In,2018-11-18 14:12:00,31.0,False,nan,9788760.0
In,2018-11-18 14:16:00,30.0,False,nan,9789000.0
In,2018-11-18 14:18:00,31.0,False,nan,9789120.0
In,2018-11-18 14:20:00,30.0,False,nan,9789240.0
In,2018-11-18 14:30:00,31.0,False,nan,9789840.0
In,2018-11-18 14:32:00,30.0,False,nan,9789960.0
In,2018-11-18 14:42:00,31.0,False,nan,9790560.0
In,2018-11-18 14:44:00,30.0,False,nan,9790680.0
In,2018-11-18 14:46:00,30.0,False,nan,9790800.0
In,2018-11-18 14:48:00,30.0,False,nan,9790920.0
In,2018-11-18 14:50:00,30.0,False,nan,9791040.0
In,2018-11-18 14:52:00,31.0,False,nan,9791160.0
In,2018-11-18 14:54:00,30.0,False,nan,9791280.0
In,2018-11-18 15:14:00,30.0,False,nan,9792480.0
In,2018-11-18 15:18:00,31.0,False,nan,9792720.0
In,2018-11-18 15:20:00,30.0,False,nan,9792840.0
In,2018-11-18 15:24:00,31.0,False,nan,9793080.0
In,2018-11-18 15:26:00,30.0,False,nan,9793200.0
In,2018-11-18 15:38:00,31.0,False,nan,9793920.0
In,2018-11-18 15:40:00,30.0,False,nan,9794040.0
In,2018-11-18 15:46:00,31.0,False,nan,9794400.0
In,2018-11-18 15:52:00,30.0,False,nan,9794760.0
In,2018-11-18 15:58:00,31.0,False,nan,9795120.0
In,2018-11-18 16:00:00,30.0,False,nan,9795240.0
In,2018-11-18 16:04:00,31.0,False,nan,9795480.0
In,2018-11-18 16:06:00,30.0,False,nan,9795600.0
In,2018-11-18 16:10:00,31.0,False,nan,9795840.0
In,2018-11-18 16:12:00,30.0,False,nan,9795960.0
In,2018-11-18 16:29:00,30.0,False,nan,9796980.0
In,2018-11-18 16:38:00,30.0,False,nan,9797520.0
In,2018-11-18 17:04:00,31.0,False,nan,9799080.0
In,2018-11-18 17:06:00,30.0,False,nan,9799200.0
In,2018-11-18 17:28:00,30.0,False,nan,9800520.0
In,2018-11-18 17:32:00,31.0,False,nan,9800760.0
In,2018-11-18 17:35:00,30.0,False,nan,9800940.0
In,2018-11-18 17:39:00,31.0,False,nan,9801180.0
In,2018-11-18 17:43:00,31.0,False,nan,9801420.0
In,2018-11-18 17:45:00,30.0,False,nan,9801540.0
In,2018-11-18 17:49:00,31.0,False,nan,9801780.0
In,2018-11-18 17:51:00,30.0,False,nan,9801900.0
In,2018-11-18 17:53:00,31.0,False,nan,9802020.0
In,2018-11-18 17:55:00,30.0,False,nan,9802140.0
In,2018-11-18 18:05:00,31.0,False,nan,9802740.0
In,2018-11-18 18:07:00,30.0,False,nan,9802860.0
In,2018-11-18 18:09:00,31.0,False,nan,9802980.0
In,2018-11-18 18:11:00,30.0,False,nan,9803100.0
In,2018-11-18 18:15:00,31.0,False,nan,9803340.0
In,2018-11-18 18:21:00,30.0,False,nan,9803700.0
In,2018-11-18 18:29:00,31.0,False,nan,9804180.0
In,2018-11-18 18:35:00,31.0,False,nan,9804540.0
In,2018-11-18 18:39:00,30.0,False,nan,9804780.0
In,2018-11-18 18:43:00,30.0,False,nan,9805020.0
In,2018-11-18 18:49:00,31.0,False,nan,9805380.0
In,2018-11-18 18:51:00,30.0,False,nan,9805500.0
In,2018-11-18 18:53:00,31.0,False,nan,9805620.0
In,2018-11-18 18:55:00,30.0,False,nan,9805740.0
In,2018-11-18 18:57:00,30.0,False,nan,9805860.0
In,2018-11-18 18:59:00,31.0,False,nan,9805980.0
In,2018-11-18 19:01:00,30.0,False,nan,9806100.0
In,2018-11-18 19:03:00,30.0,False,nan,9806220.0
In,2018-11-18 19:05:00,31.0,False,nan,9806340.0
In,2018-11-18 19:07:00,30.0,False,nan,9806460.0
In,2018-11-18 19:11:00,31.0,False,nan,9806700.0
In,2018-11-18 19:13:00,30.0,False,nan,9806820.0
In,2018-11-18 19:39:00,31.0,False,nan,9808380.0
In,2018-11-18 19:41:00,30.0,False,nan,9808500.0
In,2018-11-18 19:57:00,31.0,False,nan,9809460.0
In,2018-11-18 19:59:00,30.0,False,nan,9809580.0
In,2018-11-18 20:11:00,30.0,False,nan,9810300.0
In,2018-11-18 20:35:00,30.0,False,nan,9811740.0
In,2018-11-18 20:55:00,30.0,False,nan,9812940.0
In,2018-11-18 20:57:00,30.0,False,nan,9813060.0
In,2018-11-18 21:13:00,30.0,False,nan,9814020.0
In,2018-11-18 21:19:00,30.0,False,nan,9814380.0
In,2018-11-18 21:29:00,30.0,False,nan,9814980.0
In,2018-11-18 21:45:00,30.0,False,nan,9815940.0
In,2018-11-18 21:57:00,30.0,False,nan,9816660.0
In,2018-11-18 23:23:00,30.0,False,nan,9821820.0
In,2018-11-18 23:45:00,30.0,False,nan,9823140.0
In,2018-11-19 00:01:00,30.0,False,nan,9824100.0
In,2018-11-19 00:43:00,30.0,False,nan,9826620.0
In,2018-11-19 00:57:00,30.0,False,nan,9827460.0
In,2018-11-19 02:22:00,30.0,False,nan,9832560.0
In,2018-11-19 02:26:00,30.0,False,nan,9832800.0
In,2018-11-19 02:38:00,30.0,False,nan,9833520.0
In,2018-11-19 02:46:00,30.0,False,nan,9834000.0
In,2018-11-19 02:50:00,29.0,False,nan,9834240.0
In,2018-11-19 02:54:00,29.0,False,nan,9834480.0
In,2018-11-19 02:58:00,29.0,False,nan,9834720.0
In,2018-11-19 03:18:00,29.0,False,nan,9835920.0
In,2018-11-19 03:30:00,29.0,False,nan,9836640.0
In,2018-11-19 03:52:00,29.0,False,nan,9837960.0
In,2018-11-19 03:56:00,29.0,False,nan,9838200.0
In,2018-11-19 03:58:00,29.0,False,nan,9838320.0
In,2018-11-19 04:00:00,29.0,False,nan,9838440.0
In,2018-11-19 04:02:00,29.0,False,nan,9838560.0
In,2018-11-19 04:08:00,29.0,False,nan,9838920.0
In,2018-11-19 04:18:00,29.0,False,nan,9839520.0
In,2018-11-19 04:20:00,29.0,False,nan,9839640.0
In,2018-11-19 04:24:00,29.0,False,nan,9839880.0
In,2018-11-19 04:30:00,29.0,False,nan,9840240.0
In,2018-11-19 04:32:00,29.0,False,nan,9840360.0
In,2018-11-19 04:54:00,29.0,False,nan,9841680.0
In,2018-11-19 05:04:00,29.0,False,nan,9842280.0
In,2018-11-19 05:16:00,29.0,False,nan,9843000.0
In,2018-11-19 05:42:00,29.0,False,nan,9844560.0
In,2018-11-19 05:46:00,29.0,False,nan,9844800.0
In,2018-11-19 05:48:00,30.0,False,nan,9844920.0
In,2018-11-19 05:50:00,29.0,False,nan,9845040.0
In,2018-11-19 05:58:00,29.0,False,nan,9845520.0
In,2018-11-19 06:04:00,30.0,False,nan,9845880.0
In,2018-11-19 06:08:00,29.0,False,nan,9846120.0
In,2018-11-19 06:12:00,30.0,False,nan,9846360.0
In,2018-11-19 06:16:00,29.0,False,nan,9846600.0
In,2018-11-19 06:18:00,30.0,False,nan,9846720.0
In,2018-11-19 06:24:00,29.0,False,nan,9847080.0
In,2018-11-19 06:26:00,29.0,False,nan,9847200.0
In,2018-11-19 06:28:00,29.0,False,nan,9847320.0
In,2018-11-19 06:46:00,29.0,False,nan,9848400.0
In,2018-11-19 06:53:00,29.0,False,nan,9848820.0
In,2018-11-19 06:57:00,29.0,False,nan,9849060.0
In,2018-11-19 07:01:00,30.0,False,nan,9849300.0
In,2018-11-19 07:04:00,29.0,False,nan,9849480.0
In,2018-11-19 07:07:00,29.0,False,nan,9849660.0
In,2018-11-19 07:16:00,29.0,False,nan,9850200.0
In,2018-11-19 07:18:00,29.0,False,nan,9850320.0
In,2018-11-19 07:22:00,29.0,False,nan,9850560.0
In,2018-11-19 07:34:00,29.0,False,nan,9851280.0
In,2018-11-19 07:36:00,29.0,False,nan,9851400.0
In,2018-11-19 07:40:00,29.0,False,nan,9851640.0
In,2018-11-19 07:45:00,29.0,False,nan,9851940.0
In,2018-11-19 07:47:00,29.0,False,nan,9852060.0
In,2018-11-19 07:54:00,29.0,False,nan,9852480.0
In,2018-11-19 07:56:00,29.0,False,nan,9852600.0
In,2018-11-19 07:58:00,29.0,False,nan,9852720.0
In,2018-11-19 08:02:00,29.0,False,nan,9852960.0
In,2018-11-19 08:09:00,29.0,False,nan,9853380.0
In,2018-11-19 08:17:00,29.0,False,nan,9853860.0
In,2018-11-19 08:19:00,29.0,False,nan,9853980.0
In,2018-11-19 08:21:00,29.0,False,nan,9854100.0
In,2018-11-19 08:29:00,29.0,False,nan,9854580.0
In,2018-11-19 08:35:00,29.0,False,nan,9854940.0
In,2018-11-19 08:38:00,29.0,False,nan,9855120.0
In,2018-11-19 08:54:00,28.0,False,nan,9856080.0
In,2018-11-19 08:56:00,28.0,False,nan,9856200.0
In,2018-11-19 08:58:00,27.0,False,nan,9856320.0
In,2018-11-19 09:00:00,27.0,False,nan,9856440.0
In,2018-11-19 09:02:00,27.0,False,nan,9856560.0
In,2018-11-19 09:04:00,27.0,False,nan,9856680.0
In,2018-11-19 09:22:00,29.0,False,nan,9857760.0
In,2018-11-19 09:24:00,29.0,False,nan,9857880.0
In,2018-11-19 09:32:00,29.0,False,nan,9858360.0
In,2018-11-19 09:45:00,30.0,False,nan,9859140.0
In,2018-11-19 09:47:00,30.0,False,nan,9859260.0
In,2018-11-19 09:55:00,30.0,False,nan,9859740.0
In,2018-11-19 09:57:00,30.0,False,nan,9859860.0
In,2018-11-19 09:59:00,31.0,False,nan,9859980.0
In,2018-11-19 10:03:00,31.0,False,nan,9860220.0
In,2018-11-19 10:06:00,31.0,False,nan,9860400.0
In,2018-11-19 10:10:00,31.0,False,nan,9860640.0
In,2018-11-19 10:15:00,31.0,False,nan,9860940.0
In,2018-11-19 10:18:00,31.0,False,nan,9861120.0
In,2018-11-19 10:20:00,30.0,False,nan,9861240.0
In,2018-11-19 10:22:00,30.0,False,nan,9861360.0
In,2018-11-19 10:27:00,30.0,False,nan,9861660.0
In,2018-11-19 10:33:00,30.0,False,nan,9862020.0
In,2018-11-19 10:43:00,29.0,False,nan,9862620.0
In,2018-11-19 10:51:00,30.0,False,nan,9863100.0
In,2018-11-19 10:55:00,29.0,False,nan,9863340.0
In,2018-11-19 11:02:00,29.0,False,nan,9863760.0
In,2018-11-19 11:13:00,29.0,False,nan,9864420.0
In,2018-11-19 11:42:00,29.0,False,nan,9866160.0
In,2018-11-19 11:57:00,29.0,False,nan,9867060.0
In,2018-11-27 12:44:00,25.0,False,nan,10561080.0
In,2018-11-27 12:44:00,25.0,False,nan,10561080.0
In,2018-11-27 12:46:00,26.0,False,nan,10561200.0
In,2018-11-27 12:46:00,26.0,False,nan,10561200.0
In,2018-11-27 12:54:00,26.0,False,nan,10561680.0
In,2018-11-27 12:54:00,26.0,False,nan,10561680.0
In,2018-11-27 12:57:00,27.0,False,nan,10561860.0
In,2018-11-27 12:57:00,27.0,False,nan,10561860.0
In,2018-11-27 13:01:00,27.0,False,nan,10562100.0
In,2018-11-27 13:01:00,27.0,False,nan,10562100.0
In,2018-11-27 13:04:00,27.0,False,nan,10562280.0
In,2018-11-27 13:04:00,27.0,False,nan,10562280.0
In,2018-11-27 13:11:00,27.0,False,nan,10562700.0
In,2018-11-27 13:14:00,27.0,False,nan,10562880.0
In,2018-11-27 13:14:00,27.0,False,nan,10562880.0
In,2018-11-27 13:18:00,27.0,False,nan,10563120.0
In,2018-11-27 13:18:00,27.0,False,nan,10563120.0
In,2018-11-27 13:31:00,27.0,False,nan,10563900.0
In,2018-11-27 13:32:00,27.0,False,nan,10563960.0
In,2018-11-27 13:40:00,27.0,False,nan,10564440.0
In,2018-11-27 13:40:00,27.0,False,nan,10564440.0
In,2018-11-27 13:43:00,28.0,False,nan,10564620.0
In,2018-11-27 13:43:00,28.0,False,nan,10564620.0
In,2018-11-27 13:51:00,27.0,False,nan,10565100.0
In,2018-11-27 13:51:00,27.0,False,nan,10565100.0
In,2018-11-27 13:53:00,28.0,False,nan,10565220.0
In,2018-11-27 13:53:00,28.0,False,nan,10565220.0
In,2018-11-27 13:55:00,28.0,False,nan,10565340.0
In,2018-11-27 13:55:00,28.0,False,nan,10565340.0
In,2018-11-27 13:57:00,28.0,False,nan,10565460.0
In,2018-11-27 13:57:00,28.0,False,nan,10565460.0
In,2018-11-27 14:03:00,28.0,False,nan,10565820.0
In,2018-11-27 14:03:00,28.0,False,nan,10565820.0
In,2018-11-27 14:07:00,27.0,False,nan,10566060.0
In,2018-11-27 14:07:00,27.0,False,nan,10566060.0
In,2018-11-27 14:09:00,27.0,False,nan,10566180.0
In,2018-11-27 14:09:00,27.0,False,nan,10566180.0
In,2018-11-27 14:11:00,27.0,False,nan,10566300.0
In,2018-11-27 14:11:00,27.0,False,nan,10566300.0
In,2018-11-27 14:23:00,28.0,False,nan,10567020.0
In,2018-11-27 14:23:00,28.0,False,nan,10567020.0
In,2018-11-27 14:31:00,28.0,False,nan,10567500.0
In,2018-11-27 14:31:00,28.0,False,nan,10567500.0
In,2018-11-27 14:35:00,28.0,False,nan,10567740.0
In,2018-11-27 14:35:00,28.0,False,nan,10567740.0
In,2018-11-27 14:37:00,28.0,False,nan,10567860.0
In,2018-11-27 14:37:00,28.0,False,nan,10567860.0
In,2018-11-27 14:51:00,28.0,False,nan,10568700.0
In,2018-11-27 14:51:00,28.0,False,nan,10568700.0
In,2018-11-27 14:59:00,28.0,False,nan,10569180.0
In,2018-11-27 14:59:00,28.0,False,nan,10569180.0
In,2018-11-27 15:09:00,29.0,False,nan,10569780.0
In,2018-11-27 15:09:00,29.0,False,nan,10569780.0
In,2018-11-27 15:19:00,29.0,False,nan,10570380.0
In,2018-11-27 15:19:00,29.0,False,nan,10570380.0
In,2018-11-27 15:23:00,29.0,False,nan,10570620.0
In,2018-11-27 15:23:00,29.0,False,nan,10570620.0
In,2018-11-27 15:33:00,29.0,False,nan,10571220.0
In,2018-11-27 15:33:00,29.0,False,nan,10571220.0
In,2018-11-27 15:35:00,29.0,False,nan,10571340.0
In,2018-11-27 15:35:00,29.0,False,nan,10571340.0
In,2018-11-27 16:47:00,29.0,False,nan,10575660.0
In,2018-11-27 16:47:00,29.0,False,nan,10575660.0
In,2018-11-27 16:49:00,30.0,False,nan,10575780.0
In,2018-11-27 16:49:00,30.0,False,nan,10575780.0
In,2018-11-27 17:05:00,30.0,False,nan,10576740.0
In,2018-11-27 17:05:00,30.0,False,nan,10576740.0
In,2018-11-27 17:07:00,30.0,False,nan,10576860.0
In,2018-11-27 17:07:00,30.0,False,nan,10576860.0
In,2018-11-27 17:09:00,30.0,False,nan,10576980.0
In,2018-11-27 17:09:00,30.0,False,nan,10576980.0
In,2018-11-27 18:59:00,30.0,False,nan,10583580.0
In,2018-11-27 18:59:00,30.0,False,nan,10583580.0
In,2018-11-27 19:27:00,30.0,False,nan,10585260.0
In,2018-11-27 19:27:00,30.0,False,nan,10585260.0
In,2018-11-27 19:35:00,30.0,False,nan,10585740.0
In,2018-11-27 19:35:00,30.0,False,nan,10585740.0
In,2018-11-27 19:57:00,30.0,False,nan,10587060.0
In,2018-11-27 19:57:00,30.0,False,nan,10587060.0
In,2018-11-27 19:59:00,30.0,False,nan,10587180.0
In,2018-11-27 19:59:00,30.0,False,nan,10587180.0
In,2018-11-27 21:31:00,30.0,False,nan,10592700.0
In,2018-11-27 21:31:00,30.0,False,nan,10592700.0
In,2018-11-27 21:49:00,29.0,False,nan,10593780.0
In,2018-11-27 21:49:00,29.0,False,nan,10593780.0
In,2018-11-27 23:00:00,29.0,False,nan,10598040.0
In,2018-11-27 23:00:00,29.0,False,nan,10598040.0
In,2018-11-27 23:02:00,29.0,False,nan,10598160.0
In,2018-11-27 23:02:00,29.0,False,nan,10598160.0
In,2018-11-27 23:36:00,29.0,False,nan,10600200.0
In,2018-11-27 23:36:00,29.0,False,nan,10600200.0
In,2018-11-27 23:56:00,29.0,False,nan,10601400.0
In,2018-11-27 23:56:00,29.0,False,nan,10601400.0
In,2018-11-28 00:06:00,29.0,False,nan,10602000.0
In,2018-11-28 00:06:00,29.0,False,nan,10602000.0
In,2018-11-28 00:20:00,29.0,False,nan,10602840.0
In,2018-11-28 00:20:00,29.0,False,nan,10602840.0
In,2018-11-28 00:22:00,29.0,False,nan,10602960.0
In,2018-11-28 00:22:00,29.0,False,nan,10602960.0
In,2018-11-28 00:24:00,29.0,False,nan,10603080.0
In,2018-11-28 00:24:00,29.0,False,nan,10603080.0
In,2018-11-28 00:30:00,29.0,False,nan,10603440.0
In,2018-11-28 00:30:00,29.0,False,nan,10603440.0
In,2018-11-28 00:34:00,29.0,False,nan,10603680.0
In,2018-11-28 00:34:00,29.0,False,nan,10603680.0
In,2018-11-28 00:44:00,29.0,False,nan,10604280.0
In,2018-11-28 00:44:00,29.0,False,nan,10604280.0
In,2018-11-28 00:46:00,29.0,False,nan,10604400.0
In,2018-11-28 00:46:00,29.0,False,nan,10604400.0
In,2018-11-28 02:00:00,29.0,False,nan,10608840.0
In,2018-11-28 02:00:00,29.0,False,nan,10608840.0
In,2018-11-28 02:10:00,29.0,False,nan,10609440.0
In,2018-11-28 02:10:00,29.0,False,nan,10609440.0
In,2018-11-28 02:13:00,29.0,False,nan,10609620.0
In,2018-11-28 02:13:00,29.0,False,nan,10609620.0
In,2018-11-28 02:18:00,29.0,False,nan,10609920.0
In,2018-11-28 02:18:00,29.0,False,nan,10609920.0
In,2018-11-28 02:20:00,29.0,False,nan,10610040.0
In,2018-11-28 02:20:00,29.0,False,nan,10610040.0
In,2018-11-28 02:31:00,29.0,False,nan,10610700.0
In,2018-11-28 02:31:00,29.0,False,nan,10610700.0
In,2018-11-28 02:40:00,29.0,False,nan,10611240.0
In,2018-11-28 02:40:00,29.0,False,nan,10611240.0
In,2018-11-28 02:49:00,28.0,False,nan,10611780.0
In,2018-11-28 02:49:00,28.0,False,nan,10611780.0
In,2018-11-28 03:00:00,27.0,False,nan,10612440.0
In,2018-11-28 03:00:00,27.0,False,nan,10612440.0
In,2018-11-28 03:04:00,27.0,False,nan,10612680.0
In,2018-11-28 03:04:00,27.0,False,nan,10612680.0
In,2018-11-28 03:08:00,26.0,False,nan,10612920.0
In,2018-11-28 03:08:00,26.0,False,nan,10612920.0
In,2018-11-28 03:13:00,26.0,False,nan,10613220.0
In,2018-11-28 03:13:00,26.0,False,nan,10613220.0
In,2018-11-28 03:18:00,26.0,False,nan,10613520.0
In,2018-11-28 03:18:00,26.0,False,nan,10613520.0
In,2018-11-28 03:22:00,26.0,False,nan,10613760.0
In,2018-11-28 03:22:00,26.0,False,nan,10613760.0
In,2018-11-28 03:25:00,26.0,False,nan,10613940.0
In,2018-11-28 03:25:00,26.0,False,nan,10613940.0
In,2018-11-28 03:30:00,26.0,False,nan,10614240.0
In,2018-11-28 03:30:00,26.0,False,nan,10614240.0
In,2018-11-28 03:33:00,26.0,False,nan,10614420.0
In,2018-11-28 03:33:00,26.0,False,nan,10614420.0
In,2018-11-28 04:03:00,26.0,False,nan,10616220.0
In,2018-11-28 04:03:00,26.0,False,nan,10616220.0
In,2018-11-28 04:05:00,25.0,False,nan,10616340.0
In,2018-11-28 04:05:00,25.0,False,nan,10616340.0
In,2018-11-28 04:12:00,25.0,False,nan,10616760.0
In,2018-11-28 04:12:00,25.0,False,nan,10616760.0
In,2018-11-28 04:14:00,25.0,False,nan,10616880.0
In,2018-11-28 04:14:00,25.0,False,nan,10616880.0
In,2018-12-03 06:47:00,24.0,False,nan,11058060.0
In,2018-12-03 06:47:00,24.0,False,nan,11058060.0
In,2018-12-03 06:51:00,24.0,False,nan,11058300.0
In,2018-12-03 06:51:00,24.0,False,nan,11058300.0
In,2018-12-03 06:53:00,24.0,False,nan,11058420.0
In,2018-12-03 06:53:00,24.0,False,nan,11058420.0
In,2018-12-03 06:55:00,25.0,False,nan,11058540.0
In,2018-12-03 06:55:00,25.0,False,nan,11058540.0
In,2018-12-03 07:05:00,26.0,False,nan,11059140.0
In,2018-12-03 07:08:00,26.0,False,nan,11059320.0
In,2018-12-03 07:32:00,27.0,False,nan,11060760.0
In,2018-12-03 07:32:00,27.0,False,nan,11060760.0
In,2018-12-03 07:55:00,27.0,False,nan,11062140.0
In,2018-12-03 07:55:00,27.0,False,nan,11062140.0
In,2018-12-03 08:03:00,27.0,False,nan,11062620.0
In,2018-12-03 08:03:00,27.0,False,nan,11062620.0
In,2018-12-03 08:07:00,28.0,False,nan,11062860.0
In,2018-12-03 08:07:00,28.0,False,nan,11062860.0
In,2018-12-03 08:13:00,28.0,False,nan,11063220.0
In,2018-12-03 08:13:00,28.0,False,nan,11063220.0
In,2018-12-03 08:32:00,28.0,False,nan,11064360.0
In,2018-12-03 08:32:00,28.0,False,nan,11064360.0
In,2018-12-03 08:48:00,25.0,False,nan,11065320.0
In,2018-12-03 08:48:00,25.0,False,nan,11065320.0
In,2018-12-03 08:49:00,24.0,False,nan,11065380.0
In,2018-12-03 08:49:00,24.0,False,nan,11065380.0
In,2018-12-03 10:10:00,27.0,False,nan,11070240.0
In,2018-12-03 10:10:00,27.0,False,nan,11070240.0
In,2018-12-03 10:21:00,29.0,False,nan,11070900.0
In,2018-12-03 10:21:00,29.0,False,nan,11070900.0
In,2018-12-03 10:23:00,30.0,False,nan,11071020.0
In,2018-12-03 10:23:00,30.0,False,nan,11071020.0
In,2018-12-03 10:25:00,30.0,False,nan,11071140.0
In,2018-12-03 10:25:00,30.0,False,nan,11071140.0
In,2018-12-03 10:27:00,29.0,False,nan,11071260.0
In,2018-12-03 10:27:00,29.0,False,nan,11071260.0
In,2018-12-03 10:29:00,30.0,False,nan,11071380.0
In,2018-12-03 10:29:00,30.0,False,nan,11071380.0
In,2018-12-03 10:35:00,30.0,False,nan,11071740.0
In,2018-12-03 10:35:00,30.0,False,nan,11071740.0
In,2018-12-03 10:45:00,30.0,False,nan,11072340.0
In,2018-12-03 10:45:00,30.0,False,nan,11072340.0
In,2018-12-03 10:59:00,30.0,False,nan,11073180.0
In,2018-12-03 10:59:00,30.0,False,nan,11073180.0
In,2018-12-03 11:02:00,21.0,False,nan,11073360.0
In,2018-12-03 11:02:00,21.0,False,nan,11073360.0
In,2018-12-03 11:05:00,22.0,False,nan,11073540.0
In,2018-12-03 11:05:00,22.0,False,nan,11073540.0
In,2018-12-03 11:05:00,22.0,False,nan,11073540.0
In,2018-12-03 11:05:00,22.0,False,nan,11073540.0
In,2018-12-03 11:05:00,22.0,False,nan,11073540.0
In,2018-12-03 11:05:00,22.0,False,nan,11073540.0
In,2018-12-03 11:05:00,22.0,False,nan,11073540.0
In,2018-12-03 11:05:00,22.0,False,nan,11073540.0
In,2018-12-03 11:05:00,22.0,False,nan,11073540.0
In,2018-12-03 11:05:00,22.0,False,nan,11073540.0
In,2018-12-03 11:05:00,22.0,False,nan,11073540.0
In,2018-12-03 11:05:00,22.0,False,nan,11073540.0
In,2018-12-03 11:05:00,22.0,False,nan,11073540.0
In,2018-12-03 11:05:00,22.0,False,nan,11073540.0
In,2018-12-03 11:05:00,22.0,False,nan,11073540.0
In,2018-12-03 11:05:00,22.0,False,nan,11073540.0
In,2018-12-03 11:09:00,30.0,False,nan,11073780.0
In,2018-12-03 11:09:00,30.0,False,nan,11073780.0
In,2018-12-03 11:11:00,31.0,False,nan,11073900.0
In,2018-12-03 11:11:00,31.0,False,nan,11073900.0
In,2018-12-03 11:19:00,30.0,False,nan,11074380.0
In,2018-12-03 11:19:00,30.0,False,nan,11074380.0
In,2018-12-03 11:21:00,31.0,False,nan,11074500.0
In,2018-12-03 11:21:00,31.0,False,nan,11074500.0
In,2018-12-03 11:25:00,30.0,False,nan,11074740.0
In,2018-12-03 11:25:00,30.0,False,nan,11074740.0
In,2018-12-03 11:27:00,31.0,False,nan,11074860.0
In,2018-12-03 11:27:00,31.0,False,nan,11074860.0
In,2018-12-03 11:37:00,30.0,False,nan,11075460.0
In,2018-12-03 11:37:00,30.0,False,nan,11075460.0
In,2018-12-03 11:39:00,31.0,False,nan,11075580.0
In,2018-12-03 11:39:00,31.0,False,nan,11075580.0
In,2018-12-03 11:41:00,30.0,False,nan,11075700.0
In,2018-12-03 11:41:00,30.0,False,nan,11075700.0
In,2018-12-03 11:43:00,31.0,False,nan,11075820.0
In,2018-12-03 11:43:00,31.0,False,nan,11075820.0
In,2018-12-03 12:13:00,31.0,False,nan,11077620.0
In,2018-12-03 12:13:00,31.0,False,nan,11077620.0
In,2018-12-03 12:15:00,30.0,False,nan,11077740.0
In,2018-12-03 12:15:00,30.0,False,nan,11077740.0
In,2018-12-03 12:21:00,31.0,False,nan,11078100.0
In,2018-12-03 12:21:00,31.0,False,nan,11078100.0
In,2018-12-03 12:23:00,31.0,False,nan,11078220.0
In,2018-12-03 12:23:00,31.0,False,nan,11078220.0
In,2018-12-03 12:25:00,31.0,False,nan,11078340.0
In,2018-12-03 12:25:00,31.0,False,nan,11078340.0
In,2018-12-03 13:03:00,31.0,False,nan,11080620.0
In,2018-12-03 13:03:00,31.0,False,nan,11080620.0
In,2018-12-03 13:41:00,31.0,False,nan,11082900.0
In,2018-12-03 13:41:00,31.0,False,nan,11082900.0
In,2018-12-03 13:43:00,31.0,False,nan,11083020.0
In,2018-12-03 13:43:00,31.0,False,nan,11083020.0
In,2018-12-03 13:45:00,31.0,False,nan,11083140.0
In,2018-12-03 13:45:00,31.0,False,nan,11083140.0
In,2018-12-03 13:47:00,31.0,False,nan,11083260.0
In,2018-12-03 13:47:00,31.0,False,nan,11083260.0
In,2018-12-03 13:49:00,31.0,False,nan,11083380.0
In,2018-12-03 13:49:00,31.0,False,nan,11083380.0
In,2018-12-03 14:57:00,31.0,False,nan,11087460.0
In,2018-12-03 14:57:00,31.0,False,nan,11087460.0
In,2018-12-03 17:16:00,30.0,False,nan,11095800.0
In,2018-12-03 17:16:00,30.0,False,nan,11095800.0
In,2018-12-03 17:18:00,31.0,False,nan,11095920.0
In,2018-12-03 17:18:00,31.0,False,nan,11095920.0
In,2018-12-03 17:36:00,30.0,False,nan,11097000.0
In,2018-12-03 17:36:00,30.0,False,nan,11097000.0
In,2018-12-03 17:40:00,31.0,False,nan,11097240.0
In,2018-12-03 17:40:00,31.0,False,nan,11097240.0
In,2018-12-03 17:48:00,31.0,False,nan,11097720.0
In,2018-12-03 17:48:00,31.0,False,nan,11097720.0
In,2018-12-03 17:50:00,31.0,False,nan,11097840.0
In,2018-12-03 17:50:00,31.0,False,nan,11097840.0
In,2018-12-03 17:52:00,31.0,False,nan,11097960.0
In,2018-12-03 17:52:00,31.0,False,nan,11097960.0
In,2018-12-03 17:54:00,31.0,False,nan,11098080.0
In,2018-12-03 17:54:00,31.0,False,nan,11098080.0
In,2018-12-03 18:16:00,31.0,False,nan,11099400.0
In,2018-12-03 18:16:00,31.0,False,nan,11099400.0
In,2018-12-03 18:20:00,31.0,False,nan,11099640.0
In,2018-12-03 18:20:00,31.0,False,nan,11099640.0
In,2018-12-03 18:26:00,31.0,False,nan,11100000.0
In,2018-12-03 18:26:00,31.0,False,nan,11100000.0
In,2018-12-03 18:32:00,31.0,False,nan,11100360.0
In,2018-12-03 18:32:00,31.0,False,nan,11100360.0
In,2018-12-03 18:40:00,31.0,False,nan,11100840.0
In,2018-12-03 18:40:00,31.0,False,nan,11100840.0
In,2018-12-03 18:50:00,31.0,False,nan,11101440.0
In,2018-12-03 18:50:00,31.0,False,nan,11101440.0
In,2018-12-03 18:58:00,31.0,False,nan,11101920.0
In,2018-12-03 18:58:00,31.0,False,nan,11101920.0
In,2018-12-03 19:08:00,31.0,False,nan,11102520.0
In,2018-12-03 19:08:00,31.0,False,nan,11102520.0
In,2018-12-03 19:10:00,30.0,False,nan,11102640.0
In,2018-12-03 19:10:00,30.0,False,nan,11102640.0
In,2018-12-03 19:14:00,31.0,False,nan,11102880.0
In,2018-12-03 19:14:00,31.0,False,nan,11102880.0
In,2018-12-03 19:18:00,30.0,False,nan,11103120.0
In,2018-12-03 19:18:00,30.0,False,nan,11103120.0
In,2018-12-03 19:20:00,31.0,False,nan,11103240.0
In,2018-12-03 19:20:00,31.0,False,nan,11103240.0
In,2018-12-03 19:26:00,30.0,False,nan,11103600.0
In,2018-12-03 19:26:00,30.0,False,nan,11103600.0
In,2018-12-03 19:28:00,31.0,False,nan,11103720.0
In,2018-12-03 19:28:00,31.0,False,nan,11103720.0
In,2018-12-03 19:30:00,30.0,False,nan,11103840.0
In,2018-12-03 19:30:00,30.0,False,nan,11103840.0
In,2018-12-03 19:32:00,31.0,False,nan,11103960.0
In,2018-12-03 19:32:00,31.0,False,nan,11103960.0
In,2018-12-03 19:48:00,30.0,False,nan,11104920.0
In,2018-12-03 19:48:00,30.0,False,nan,11104920.0
In,2018-12-03 19:50:00,31.0,False,nan,11105040.0
In,2018-12-03 19:50:00,31.0,False,nan,11105040.0
In,2018-12-03 20:06:00,30.0,False,nan,11106000.0
In,2018-12-03 20:06:00,30.0,False,nan,11106000.0
In,2018-12-03 20:08:00,31.0,False,nan,11106120.0
In,2018-12-03 20:08:00,31.0,False,nan,11106120.0
In,2018-12-03 20:44:00,30.0,False,nan,11108280.0
In,2018-12-03 20:44:00,30.0,False,nan,11108280.0
In,2018-12-03 20:46:00,31.0,False,nan,11108400.0
In,2018-12-03 20:46:00,31.0,False,nan,11108400.0
In,2018-12-03 21:04:00,30.0,False,nan,11109480.0
In,2018-12-03 21:04:00,30.0,False,nan,11109480.0
In,2018-12-03 21:06:00,31.0,False,nan,11109600.0
In,2018-12-03 21:06:00,31.0,False,nan,11109600.0
In,2018-12-03 21:28:00,30.0,False,nan,11110920.0
In,2018-12-03 21:28:00,30.0,False,nan,11110920.0
In,2018-12-03 21:30:00,31.0,False,nan,11111040.0
In,2018-12-03 21:30:00,31.0,False,nan,11111040.0
In,2018-12-03 21:38:00,30.0,False,nan,11111520.0
In,2018-12-03 21:38:00,30.0,False,nan,11111520.0
In,2018-12-03 21:40:00,31.0,False,nan,11111640.0
In,2018-12-03 21:40:00,31.0,False,nan,11111640.0
In,2018-12-03 21:42:00,30.0,False,nan,11111760.0
In,2018-12-03 21:42:00,30.0,False,nan,11111760.0
In,2018-12-03 21:44:00,31.0,False,nan,11111880.0
In,2018-12-03 21:44:00,31.0,False,nan,11111880.0
In,2018-12-03 22:00:00,30.0,False,nan,11112840.0
In,2018-12-03 22:00:00,30.0,False,nan,11112840.0
In,2018-12-03 22:02:00,31.0,False,nan,11112960.0
In,2018-12-03 22:02:00,31.0,False,nan,11112960.0
In,2018-12-03 22:04:00,30.0,False,nan,11113080.0
In,2018-12-03 22:04:00,30.0,False,nan,11113080.0
In,2018-12-03 22:06:00,31.0,False,nan,11113200.0
In,2018-12-03 22:06:00,31.0,False,nan,11113200.0
In,2018-12-03 22:08:00,30.0,False,nan,11113320.0
In,2018-12-03 22:08:00,30.0,False,nan,11113320.0
In,2018-12-03 22:10:00,31.0,False,nan,11113440.0
In,2018-12-03 22:10:00,31.0,False,nan,11113440.0
In,2018-12-03 22:14:00,30.0,False,nan,11113680.0
In,2018-12-03 22:14:00,30.0,False,nan,11113680.0
In,2018-12-03 22:16:00,31.0,False,nan,11113800.0
In,2018-12-03 22:16:00,31.0,False,nan,11113800.0
In,2018-12-03 22:18:00,30.0,False,nan,11113920.0
In,2018-12-03 22:18:00,30.0,False,nan,11113920.0
In,2018-12-03 22:22:00,31.0,False,nan,11114160.0
In,2018-12-03 22:22:00,31.0,False,nan,11114160.0
In,2018-12-03 22:28:00,30.0,False,nan,11114520.0
In,2018-12-03 22:28:00,30.0,False,nan,11114520.0
In,2018-12-03 22:34:00,31.0,False,nan,11114880.0
In,2018-12-03 22:34:00,31.0,False,nan,11114880.0
In,2018-12-03 22:40:00,30.0,False,nan,11115240.0
In,2018-12-03 22:40:00,30.0,False,nan,11115240.0
In,2018-12-03 22:46:00,31.0,False,nan,11115600.0
In,2018-12-03 22:46:00,31.0,False,nan,11115600.0
In,2018-12-03 22:48:00,30.0,False,nan,11115720.0
In,2018-12-03 22:48:00,30.0,False,nan,11115720.0
In,2018-12-03 23:00:00,31.0,False,nan,11116440.0
In,2018-12-03 23:00:00,31.0,False,nan,11116440.0
In,2018-12-03 23:02:00,30.0,False,nan,11116560.0
In,2018-12-03 23:02:00,30.0,False,nan,11116560.0
In,2018-12-03 23:10:00,31.0,False,nan,11117040.0
In,2018-12-03 23:10:00,31.0,False,nan,11117040.0
In,2018-12-03 23:14:00,30.0,False,nan,11117280.0
In,2018-12-03 23:14:00,30.0,False,nan,11117280.0
In,2018-12-03 23:16:00,31.0,False,nan,11117400.0
In,2018-12-03 23:16:00,31.0,False,nan,11117400.0
In,2018-12-03 23:20:00,30.0,False,nan,11117640.0
In,2018-12-03 23:20:00,30.0,False,nan,11117640.0
In,2018-12-03 23:38:00,31.0,False,nan,11118720.0
In,2018-12-03 23:38:00,31.0,False,nan,11118720.0
In,2018-12-03 23:40:00,30.0,False,nan,11118840.0
In,2018-12-03 23:40:00,30.0,False,nan,11118840.0
In,2018-12-04 00:14:00,30.0,False,nan,11120880.0
In,2018-12-04 00:14:00,30.0,False,nan,11120880.0
In,2018-12-04 02:30:00,31.0,False,nan,11129040.0
In,2018-12-04 02:30:00,31.0,False,nan,11129040.0
In,2018-12-04 02:32:00,30.0,False,nan,11129160.0
In,2018-12-04 02:32:00,30.0,False,nan,11129160.0
In,2018-12-04 02:34:00,30.0,False,nan,11129280.0
In,2018-12-04 02:34:00,30.0,False,nan,11129280.0
In,2018-12-04 02:40:00,30.0,False,nan,11129640.0
In,2018-12-04 02:40:00,30.0,False,nan,11129640.0
In,2018-12-04 02:42:00,29.0,False,nan,11129760.0
In,2018-12-04 02:42:00,29.0,False,nan,11129760.0
In,2018-12-04 02:48:00,28.0,False,nan,11130120.0
In,2018-12-04 02:48:00,28.0,False,nan,11130120.0
In,2018-12-04 02:52:00,28.0,False,nan,11130360.0
In,2018-12-04 02:52:00,28.0,False,nan,11130360.0
In,2018-12-04 02:54:00,28.0,False,nan,11130480.0
In,2018-12-04 02:54:00,28.0,False,nan,11130480.0
In,2018-12-04 02:56:00,28.0,False,nan,11130600.0
In,2018-12-04 02:56:00,28.0,False,nan,11130600.0
In,2018-12-04 02:58:00,28.0,False,nan,11130720.0
In,2018-12-04 02:58:00,28.0,False,nan,11130720.0
In,2018-12-04 03:00:00,28.0,False,nan,11130840.0
In,2018-12-04 03:00:00,28.0,False,nan,11130840.0
In,2018-12-04 03:04:00,28.0,False,nan,11131080.0
In,2018-12-04 03:04:00,28.0,False,nan,11131080.0
In,2018-12-04 03:10:00,28.0,False,nan,11131440.0
In,2018-12-04 03:10:00,28.0,False,nan,11131440.0
In,2018-12-04 03:12:00,28.0,False,nan,11131560.0
In,2018-12-04 03:12:00,28.0,False,nan,11131560.0
In,2018-12-04 03:14:00,28.0,False,nan,11131680.0
In,2018-12-04 03:14:00,28.0,False,nan,11131680.0
In,2018-12-04 03:18:00,28.0,False,nan,11131920.0
In,2018-12-04 03:18:00,28.0,False,nan,11131920.0
In,2018-12-04 03:26:00,28.0,False,nan,11132400.0
In,2018-12-04 03:26:00,28.0,False,nan,11132400.0
In,2018-12-04 03:28:00,28.0,False,nan,11132520.0
In,2018-12-04 03:28:00,28.0,False,nan,11132520.0
In,2018-12-04 03:31:00,28.0,False,nan,11132700.0
In,2018-12-04 03:31:00,28.0,False,nan,11132700.0
In,2018-12-04 03:35:00,28.0,False,nan,11132940.0
In,2018-12-04 03:35:00,28.0,False,nan,11132940.0
In,2018-12-04 03:39:00,27.0,False,nan,11133180.0
In,2018-12-04 03:39:00,27.0,False,nan,11133180.0
In,2018-12-04 03:41:00,27.0,False,nan,11133300.0
In,2018-12-04 03:41:00,27.0,False,nan,11133300.0
In,2018-12-04 03:43:00,27.0,False,nan,11133420.0
In,2018-12-04 03:43:00,27.0,False,nan,11133420.0
In,2018-12-04 03:45:00,27.0,False,nan,11133540.0
In,2018-12-04 03:45:00,27.0,False,nan,11133540.0
In,2018-12-04 03:49:00,27.0,False,nan,11133780.0
In,2018-12-04 03:49:00,27.0,False,nan,11133780.0
In,2018-12-04 03:52:00,27.0,False,nan,11133960.0
In,2018-12-04 03:52:00,27.0,False,nan,11133960.0
In,2018-12-04 03:54:00,27.0,False,nan,11134080.0
In,2018-12-04 03:54:00,27.0,False,nan,11134080.0
In,2018-12-04 03:56:00,27.0,False,nan,11134200.0
In,2018-12-04 03:56:00,27.0,False,nan,11134200.0
In,2018-12-04 04:05:00,27.0,False,nan,11134740.0
In,2018-12-04 04:05:00,27.0,False,nan,11134740.0
In,2018-12-04 04:07:00,27.0,False,nan,11134860.0
In,2018-12-04 04:07:00,27.0,False,nan,11134860.0
In,2018-12-04 04:09:00,27.0,False,nan,11134980.0
In,2018-12-04 04:09:00,27.0,False,nan,11134980.0
In,2018-12-04 04:13:00,27.0,False,nan,11135220.0
In,2018-12-04 04:13:00,27.0,False,nan,11135220.0
In,2018-12-04 04:19:00,27.0,False,nan,11135580.0
In,2018-12-04 04:19:00,27.0,False,nan,11135580.0
In,2018-12-04 04:22:00,27.0,False,nan,11135760.0
In,2018-12-04 04:22:00,27.0,False,nan,11135760.0
In,2018-12-04 04:24:00,29.0,False,nan,11135880.0
In,2018-12-04 04:24:00,29.0,False,nan,11135880.0
In,2018-12-04 04:26:00,28.0,False,nan,11136000.0
In,2018-12-04 04:26:00,28.0,False,nan,11136000.0
In,2018-12-04 04:30:00,28.0,False,nan,11136240.0
In,2018-12-04 04:30:00,28.0,False,nan,11136240.0
In,2018-12-04 04:48:00,28.0,False,nan,11137320.0
In,2018-12-04 04:48:00,28.0,False,nan,11137320.0
In,2018-12-04 04:50:00,27.0,False,nan,11137440.0
In,2018-12-04 04:50:00,27.0,False,nan,11137440.0
In,2018-12-04 04:52:00,28.0,False,nan,11137560.0
In,2018-12-04 04:52:00,28.0,False,nan,11137560.0
In,2018-12-04 05:00:00,28.0,False,nan,11138040.0
In,2018-12-04 05:00:00,28.0,False,nan,11138040.0
In,2018-12-04 05:02:00,27.0,False,nan,11138160.0
In,2018-12-04 05:02:00,27.0,False,nan,11138160.0
In,2018-12-04 05:04:00,27.0,False,nan,11138280.0
In,2018-12-04 05:04:00,27.0,False,nan,11138280.0
In,2018-12-04 05:06:00,27.0,False,nan,11138400.0
In,2018-12-04 05:06:00,27.0,False,nan,11138400.0
In,2018-12-04 05:08:00,27.0,False,nan,11138520.0
In,2018-12-04 05:08:00,27.0,False,nan,11138520.0
In,2018-12-04 05:12:00,28.0,False,nan,11138760.0
In,2018-12-04 05:12:00,28.0,False,nan,11138760.0
In,2018-12-04 05:14:00,28.0,False,nan,11138880.0
In,2018-12-04 05:14:00,28.0,False,nan,11138880.0
In,2018-12-04 05:17:00,26.0,False,nan,11139060.0
In,2018-12-04 05:17:00,26.0,False,nan,11139060.0
In,2018-12-04 05:18:00,28.0,False,nan,11139120.0
In,2018-12-04 05:18:00,28.0,False,nan,11139120.0
In,2018-12-04 05:19:00,25.0,False,nan,11139180.0
In,2018-12-04 05:20:00,25.0,False,nan,11139240.0
In,2018-12-04 05:21:00,26.0,False,nan,11139300.0
In,2018-12-04 05:21:00,26.0,False,nan,11139300.0
In,2018-12-04 05:22:00,28.0,False,nan,11139360.0
In,2018-12-04 05:22:00,28.0,False,nan,11139360.0
In,2018-12-04 05:26:00,28.0,False,nan,11139600.0
In,2018-12-04 05:26:00,28.0,False,nan,11139600.0
In,2018-12-04 05:28:00,28.0,False,nan,11139720.0
In,2018-12-04 05:28:00,28.0,False,nan,11139720.0
In,2018-12-04 05:32:00,28.0,False,nan,11139960.0
In,2018-12-04 05:32:00,28.0,False,nan,11139960.0
In,2018-12-04 05:34:00,28.0,False,nan,11140080.0
In,2018-12-04 05:34:00,28.0,False,nan,11140080.0
In,2018-12-04 05:36:00,28.0,False,nan,11140200.0
In,2018-12-04 05:36:00,28.0,False,nan,11140200.0
In,2018-12-04 05:38:00,28.0,False,nan,11140320.0
In,2018-12-04 05:38:00,28.0,False,nan,11140320.0
In,2018-12-04 05:40:00,28.0,False,nan,11140440.0
In,2018-12-04 05:40:00,28.0,False,nan,11140440.0
In,2018-12-04 05:42:00,28.0,False,nan,11140560.0
In,2018-12-04 05:42:00,28.0,False,nan,11140560.0
In,2018-12-04 05:44:00,28.0,False,nan,11140680.0
In,2018-12-04 05:44:00,28.0,False,nan,11140680.0
In,2018-12-04 05:46:00,28.0,False,nan,11140800.0
In,2018-12-04 05:46:00,28.0,False,nan,11140800.0
In,2018-12-04 05:57:00,28.0,False,nan,11141460.0
In,2018-12-04 06:08:00,28.0,False,nan,11142120.0
In,2018-12-04 06:08:00,28.0,False,nan,11142120.0
In,2018-12-04 06:16:00,28.0,False,nan,11142600.0
In,2018-12-04 06:16:00,28.0,False,nan,11142600.0
In,2018-12-04 06:20:00,28.0,False,nan,11142840.0
In,2018-12-04 06:20:00,28.0,False,nan,11142840.0
In,2018-12-04 06:24:00,28.0,False,nan,11143080.0
In,2018-12-04 06:24:00,28.0,False,nan,11143080.0
In,2018-12-04 06:30:00,28.0,False,nan,11143440.0
In,2018-12-04 06:30:00,28.0,False,nan,11143440.0
In,2018-12-04 06:33:00,28.0,False,nan,11143620.0
In,2018-12-04 06:36:00,27.0,False,nan,11143800.0
In,2018-12-04 06:37:00,27.0,False,nan,11143860.0
In,2018-12-04 06:46:00,27.0,False,nan,11144400.0
In,2018-12-04 06:46:00,27.0,False,nan,11144400.0
In,2018-12-04 06:57:00,27.0,False,nan,11145060.0
In,2018-12-04 07:07:00,27.0,False,nan,11145660.0
In,2018-12-04 07:09:00,27.0,False,nan,11145780.0
In,2018-12-04 07:10:00,27.0,False,nan,11145840.0
In,2018-12-04 07:11:00,27.0,False,nan,11145900.0
In,2018-12-04 07:14:00,27.0,False,nan,11146080.0
In,2018-12-04 07:14:00,27.0,False,nan,11146080.0
In,2018-12-04 07:18:00,27.0,False,nan,11146320.0
In,2018-12-04 07:18:00,27.0,False,nan,11146320.0
In,2018-12-04 07:20:00,27.0,False,nan,11146440.0
In,2018-12-04 07:20:00,27.0,False,nan,11146440.0
In,2018-12-04 07:28:00,27.0,False,nan,11146920.0
In,2018-12-04 07:28:00,27.0,False,nan,11146920.0
In,2018-12-04 07:46:00,27.0,False,nan,11148000.0
In,2018-12-04 07:46:00,27.0,False,nan,11148000.0
In,2018-12-04 08:02:00,27.0,False,nan,11148960.0
In,2018-12-04 08:02:00,27.0,False,nan,11148960.0
In,2018-12-04 08:04:00,27.0,False,nan,11149080.0
In,2018-12-04 08:04:00,27.0,False,nan,11149080.0
In,2018-12-04 08:06:00,27.0,False,nan,11149200.0
In,2018-12-04 08:06:00,27.0,False,nan,11149200.0
In,2018-12-04 08:08:00,27.0,False,nan,11149320.0
In,2018-12-04 08:08:00,27.0,False,nan,11149320.0
In,2018-12-04 08:10:00,27.0,False,nan,11149440.0
In,2018-12-04 08:10:00,27.0,False,nan,11149440.0
In,2018-12-04 08:14:00,28.0,False,nan,11149680.0
In,2018-12-04 08:14:00,28.0,False,nan,11149680.0
In,2018-12-04 08:16:00,28.0,False,nan,11149800.0
In,2018-12-04 08:16:00,28.0,False,nan,11149800.0
In,2018-12-04 08:24:00,28.0,False,nan,11150280.0
In,2018-12-04 08:24:00,28.0,False,nan,11150280.0
In,2018-12-04 08:29:00,26.0,False,nan,11150580.0
In,2018-12-04 08:29:00,26.0,False,nan,11150580.0
In,2018-12-04 08:30:00,28.0,False,nan,11150640.0
In,2018-12-04 08:30:00,28.0,False,nan,11150640.0
In,2018-12-04 08:38:00,28.0,False,nan,11151120.0
In,2018-12-04 08:38:00,28.0,False,nan,11151120.0
In,2018-12-04 08:40:00,27.0,False,nan,11151240.0
In,2018-12-04 08:40:00,27.0,False,nan,11151240.0
In,2018-12-04 08:46:00,27.0,False,nan,11151600.0
In,2018-12-04 08:46:00,27.0,False,nan,11151600.0
In,2018-12-04 08:48:00,27.0,False,nan,11151720.0
In,2018-12-04 08:48:00,27.0,False,nan,11151720.0
In,2018-12-04 08:50:00,27.0,False,nan,11151840.0
In,2018-12-04 08:50:00,27.0,False,nan,11151840.0
In,2018-12-04 08:54:00,27.0,False,nan,11152080.0
In,2018-12-04 08:54:00,27.0,False,nan,11152080.0
In,2018-12-04 09:04:00,27.0,False,nan,11152680.0
In,2018-12-04 09:04:00,27.0,False,nan,11152680.0
In,2018-12-04 09:20:00,27.0,False,nan,11153640.0
In,2018-12-04 09:20:00,27.0,False,nan,11153640.0
In,2018-12-04 09:30:00,27.0,False,nan,11154240.0
In,2018-12-04 09:30:00,27.0,False,nan,11154240.0
In,2018-12-04 09:47:00,25.0,False,nan,11155260.0
In,2018-12-04 09:47:00,25.0,False,nan,11155260.0
In,2018-12-04 09:51:00,24.0,False,nan,11155500.0
In,2018-12-04 09:51:00,24.0,False,nan,11155500.0
In,2018-12-04 09:54:00,27.0,False,nan,11155680.0
In,2018-12-04 09:54:00,27.0,False,nan,11155680.0
In,2018-12-04 09:56:00,26.0,False,nan,11155800.0
In,2018-12-04 09:56:00,26.0,False,nan,11155800.0
In,2018-12-04 10:00:00,26.0,False,nan,11156040.0
In,2018-12-04 10:00:00,26.0,False,nan,11156040.0
In,2018-12-04 10:04:00,27.0,False,nan,11156280.0
In,2018-12-04 10:04:00,27.0,False,nan,11156280.0
In,2018-12-04 10:06:00,26.0,False,nan,11156400.0
In,2018-12-04 10:06:00,26.0,False,nan,11156400.0
In,2018-12-04 10:08:00,26.0,False,nan,11156520.0
In,2018-12-04 10:08:00,26.0,False,nan,11156520.0
In,2018-12-04 10:10:00,26.0,False,nan,11156640.0
In,2018-12-04 10:10:00,26.0,False,nan,11156640.0
In,2018-12-04 10:12:00,26.0,False,nan,11156760.0
In,2018-12-04 10:12:00,26.0,False,nan,11156760.0
In,2018-12-04 10:14:00,24.0,False,nan,11156880.0
In,2018-12-04 10:14:00,24.0,False,nan,11156880.0
In,2018-12-04 10:14:00,26.0,False,nan,11156880.0
In,2018-12-04 10:14:00,26.0,False,nan,11156880.0
In,2018-12-04 10:18:00,23.0,False,nan,11157120.0
In,2018-12-04 10:18:00,23.0,False,nan,11157120.0
In,2018-12-04 10:20:00,26.0,False,nan,11157240.0
In,2018-12-04 10:20:00,26.0,False,nan,11157240.0
In,2018-12-04 10:22:00,26.0,False,nan,11157360.0
In,2018-12-04 10:22:00,26.0,False,nan,11157360.0
In,2018-12-04 10:24:00,24.0,False,nan,11157480.0
In,2018-12-04 10:24:00,24.0,False,nan,11157480.0
In,2018-12-04 10:24:00,25.0,False,nan,11157480.0
In,2018-12-04 10:24:00,25.0,False,nan,11157480.0
In,2018-12-04 10:26:00,24.0,False,nan,11157600.0
In,2018-12-04 10:26:00,24.0,False,nan,11157600.0
In,2018-12-04 10:28:00,24.0,False,nan,11157720.0
In,2018-12-04 10:28:00,24.0,False,nan,11157720.0
In,2018-12-04 10:30:00,25.0,False,nan,11157840.0
In,2018-12-04 10:30:00,25.0,False,nan,11157840.0
In,2018-12-04 10:32:00,25.0,False,nan,11157960.0
In,2018-12-04 10:32:00,25.0,False,nan,11157960.0
In,2018-12-04 10:34:00,25.0,False,nan,11158080.0
In,2018-12-04 10:34:00,25.0,False,nan,11158080.0
In,2018-12-04 10:36:00,25.0,False,nan,11158200.0
In,2018-12-04 10:36:00,25.0,False,nan,11158200.0
In,2018-12-04 10:36:00,25.0,False,nan,11158200.0
In,2018-12-04 10:36:00,25.0,False,nan,11158200.0
In,2018-12-04 10:42:00,24.0,False,nan,11158560.0
In,2018-12-04 10:42:00,24.0,False,nan,11158560.0
In,2018-12-04 10:48:00,25.0,False,nan,11158920.0
In,2018-12-04 10:48:00,25.0,False,nan,11158920.0
In,2018-12-04 10:50:00,24.0,False,nan,11159040.0
In,2018-12-04 10:50:00,24.0,False,nan,11159040.0
In,2018-12-04 10:54:00,24.0,False,nan,11159280.0
In,2018-12-04 10:54:00,24.0,False,nan,11159280.0
In,2018-12-04 11:00:00,24.0,False,nan,11159640.0
In,2018-12-04 11:00:00,24.0,False,nan,11159640.0
In,2018-12-04 11:08:00,24.0,False,nan,11160120.0
In,2018-12-04 11:08:00,24.0,False,nan,11160120.0
In,2018-12-04 11:10:00,24.0,False,nan,11160240.0
In,2018-12-04 11:10:00,24.0,False,nan,11160240.0
In,2018-12-04 11:12:00,24.0,False,nan,11160360.0
In,2018-12-04 11:12:00,24.0,False,nan,11160360.0
In,2018-12-04 11:14:00,24.0,False,nan,11160480.0
In,2018-12-04 11:14:00,24.0,False,nan,11160480.0
In,2018-12-04 11:16:00,24.0,False,nan,11160600.0
In,2018-12-04 11:16:00,24.0,False,nan,11160600.0
In,2018-12-04 11:18:00,24.0,False,nan,11160720.0
In,2018-12-04 11:18:00,24.0,False,nan,11160720.0
In,2018-12-04 11:20:00,25.0,False,nan,11160840.0
In,2018-12-04 11:20:00,25.0,False,nan,11160840.0
In,2018-12-04 11:24:00,25.0,False,nan,11161080.0
In,2018-12-04 11:24:00,25.0,False,nan,11161080.0
In,2018-12-04 11:26:00,25.0,False,nan,11161200.0
In,2018-12-04 11:26:00,25.0,False,nan,11161200.0
In,2018-12-04 11:28:00,26.0,False,nan,11161320.0
In,2018-12-04 11:28:00,26.0,False,nan,11161320.0
In,2018-12-04 11:44:00,25.0,False,nan,11162280.0
In,2018-12-04 11:44:00,25.0,False,nan,11162280.0
In,2018-12-04 11:46:00,25.0,False,nan,11162400.0
In,2018-12-04 11:46:00,25.0,False,nan,11162400.0
In,2018-12-04 11:50:00,25.0,False,nan,11162640.0
In,2018-12-04 11:50:00,25.0,False,nan,11162640.0
In,2018-12-04 11:52:00,25.0,False,nan,11162760.0
In,2018-12-04 11:52:00,25.0,False,nan,11162760.0
In,2018-12-04 11:56:00,25.0,False,nan,11163000.0
In,2018-12-04 11:56:00,25.0,False,nan,11163000.0
In,2018-12-04 11:58:00,25.0,False,nan,11163120.0
In,2018-12-04 11:58:00,25.0,False,nan,11163120.0
In,2018-12-04 12:00:00,26.0,False,nan,11163240.0
In,2018-12-04 12:00:00,26.0,False,nan,11163240.0
In,2018-12-04 12:02:00,26.0,False,nan,11163360.0
In,2018-12-04 12:02:00,26.0,False,nan,11163360.0
In,2018-12-04 12:04:00,27.0,False,nan,11163480.0
In,2018-12-04 12:04:00,27.0,False,nan,11163480.0
In,2018-12-04 12:08:00,27.0,False,nan,11163720.0
In,2018-12-04 12:08:00,27.0,False,nan,11163720.0
In,2018-12-04 12:10:00,27.0,False,nan,11163840.0
In,2018-12-04 12:10:00,27.0,False,nan,11163840.0
In,2018-12-04 12:14:00,28.0,False,nan,11164080.0
In,2018-12-04 12:14:00,28.0,False,nan,11164080.0
In,2018-12-04 12:18:00,28.0,False,nan,11164320.0
In,2018-12-04 12:18:00,28.0,False,nan,11164320.0
In,2018-12-04 12:28:00,28.0,False,nan,11164920.0
In,2018-12-04 12:28:00,28.0,False,nan,11164920.0
In,2018-12-04 12:44:00,28.0,False,nan,11165880.0
In,2018-12-04 12:44:00,28.0,False,nan,11165880.0
In,2018-12-04 12:50:00,29.0,False,nan,11166240.0
In,2018-12-04 12:50:00,29.0,False,nan,11166240.0
In,2018-12-04 13:22:00,29.0,False,nan,11168160.0
In,2018-12-04 13:22:00,29.0,False,nan,11168160.0
In,2018-12-04 14:28:00,30.0,False,nan,11172120.0
In,2018-12-04 14:28:00,30.0,False,nan,11172120.0
In,2018-12-04 14:30:00,29.0,False,nan,11172240.0
In,2018-12-04 14:30:00,29.0,False,nan,11172240.0
In,2018-12-04 15:08:00,30.0,False,nan,11174520.0
In,2018-12-04 15:12:00,29.0,False,nan,11174760.0
In,2018-12-04 15:13:00,29.0,False,nan,11174820.0
In,2018-12-04 15:14:00,30.0,False,nan,11174880.0
In,2018-12-04 15:15:00,30.0,False,nan,11174940.0
In,2018-12-04 15:46:00,29.0,False,nan,11176800.0
In,2018-12-04 15:46:00,29.0,False,nan,11176800.0
In,2018-12-04 15:48:00,30.0,False,nan,11176920.0
In,2018-12-04 15:48:00,30.0,False,nan,11176920.0
In,2018-12-04 16:58:00,29.0,False,nan,11181120.0
In,2018-12-04 16:58:00,29.0,False,nan,11181120.0
In,2018-12-04 17:00:00,30.0,False,nan,11181240.0
In,2018-12-04 17:00:00,30.0,False,nan,11181240.0
In,2018-12-04 17:20:00,30.0,False,nan,11182440.0
In,2018-12-04 17:20:00,30.0,False,nan,11182440.0
In,2018-12-04 17:24:00,30.0,False,nan,11182680.0
In,2018-12-04 17:24:00,30.0,False,nan,11182680.0
In,2018-12-04 17:26:00,30.0,False,nan,11182800.0
In,2018-12-04 17:26:00,30.0,False,nan,11182800.0
In,2018-12-04 17:30:00,30.0,False,nan,11183040.0
In,2018-12-04 17:30:00,30.0,False,nan,11183040.0
In,2018-12-04 17:44:00,30.0,False,nan,11183880.0
In,2018-12-04 17:44:00,30.0,False,nan,11183880.0
In,2018-12-04 19:42:00,30.0,False,nan,11190960.0
In,2018-12-04 19:42:00,30.0,False,nan,11190960.0
In,2018-12-04 19:46:00,30.0,False,nan,11191200.0
In,2018-12-04 19:46:00,30.0,False,nan,11191200.0
In,2018-12-04 20:14:00,30.0,False,nan,11192880.0
In,2018-12-04 20:15:00,30.0,False,nan,11192940.0
In,2018-12-04 20:16:00,30.0,False,nan,11193000.0
In,2018-12-04 20:16:00,30.0,False,nan,11193000.0
In,2018-12-04 20:18:00,30.0,False,nan,11193120.0
In,2018-12-04 20:18:00,30.0,False,nan,11193120.0
In,2018-12-04 21:43:00,30.0,False,nan,11198220.0
In,2018-12-04 21:43:00,30.0,False,nan,11198220.0
In,2018-12-04 21:47:00,30.0,False,nan,11198460.0
In,2018-12-04 21:47:00,30.0,False,nan,11198460.0
In,2018-12-04 21:55:00,30.0,False,nan,11198940.0
In,2018-12-04 21:55:00,30.0,False,nan,11198940.0
In,2018-12-04 21:57:00,30.0,False,nan,11199060.0
In,2018-12-04 21:57:00,30.0,False,nan,11199060.0
In,2018-12-04 21:59:00,30.0,False,nan,11199180.0
In,2018-12-04 21:59:00,30.0,False,nan,11199180.0
In,2018-12-04 22:01:00,30.0,False,nan,11199300.0
In,2018-12-04 22:01:00,30.0,False,nan,11199300.0
In,2018-12-04 22:05:00,30.0,False,nan,11199540.0
In,2018-12-04 22:05:00,30.0,False,nan,11199540.0
In,2018-12-05 02:25:00,30.0,False,nan,11215140.0
In,2018-12-05 02:25:00,30.0,False,nan,11215140.0
In,2018-12-05 02:29:00,30.0,False,nan,11215380.0
In,2018-12-05 02:29:00,30.0,False,nan,11215380.0
In,2018-12-05 02:37:00,29.0,False,nan,11215860.0
In,2018-12-05 02:38:00,29.0,False,nan,11215920.0
In,2018-12-05 02:39:00,30.0,False,nan,11215980.0
In,2018-12-05 02:40:00,30.0,False,nan,11216040.0
In,2018-12-05 02:45:00,29.0,False,nan,11216340.0
In,2018-12-05 02:45:00,29.0,False,nan,11216340.0
In,2018-12-05 02:47:00,28.0,False,nan,11216460.0
In,2018-12-05 02:48:00,28.0,False,nan,11216520.0
In,2018-12-05 02:49:00,28.0,False,nan,11216580.0
In,2018-12-05 02:50:00,28.0,False,nan,11216640.0
In,2018-12-05 02:51:00,27.0,False,nan,11216700.0
In,2018-12-05 02:51:00,27.0,False,nan,11216700.0
In,2018-12-05 02:57:00,26.0,False,nan,11217060.0
In,2018-12-05 02:57:00,26.0,False,nan,11217060.0
In,2018-12-05 03:01:00,26.0,False,nan,11217300.0
In,2018-12-05 03:02:00,26.0,False,nan,11217360.0
In,2018-12-05 03:13:00,25.0,False,nan,11218020.0
In,2018-12-05 03:13:00,25.0,False,nan,11218020.0
In,2018-12-05 03:15:00,26.0,False,nan,11218140.0
In,2018-12-05 03:15:00,26.0,False,nan,11218140.0
In,2018-12-05 03:17:00,26.0,False,nan,11218260.0
In,2018-12-05 03:18:00,26.0,False,nan,11218320.0
In,2018-12-05 03:19:00,25.0,False,nan,11218380.0
In,2018-12-05 03:19:00,25.0,False,nan,11218380.0
In,2018-12-05 03:29:00,25.0,False,nan,11218980.0
In,2018-12-05 03:30:00,25.0,False,nan,11219040.0
In,2018-12-05 03:37:00,25.0,False,nan,11219460.0
In,2018-12-05 03:37:00,25.0,False,nan,11219460.0
In,2018-12-05 03:39:00,25.0,False,nan,11219580.0
In,2018-12-05 03:39:00,25.0,False,nan,11219580.0
In,2018-12-05 03:41:00,25.0,False,nan,11219700.0
In,2018-12-05 03:41:00,25.0,False,nan,11219700.0
In,2018-12-05 03:45:00,25.0,False,nan,11219940.0
In,2018-12-05 03:45:00,25.0,False,nan,11219940.0
In,2018-12-05 03:47:00,24.0,False,nan,11220060.0
In,2018-12-05 03:47:00,24.0,False,nan,11220060.0
In,2018-12-05 03:49:00,24.0,False,nan,11220180.0
In,2018-12-05 03:49:00,24.0,False,nan,11220180.0
In,2018-12-05 03:53:00,24.0,False,nan,11220420.0
In,2018-12-05 03:53:00,24.0,False,nan,11220420.0
In,2018-12-05 03:55:00,24.0,False,nan,11220540.0
In,2018-12-05 03:55:00,24.0,False,nan,11220540.0
In,2018-12-05 04:01:00,24.0,False,nan,11220900.0
In,2018-12-05 04:01:00,24.0,False,nan,11220900.0
In,2018-12-05 04:03:00,25.0,False,nan,11221020.0
In,2018-12-05 04:03:00,25.0,False,nan,11221020.0
In,2018-12-05 04:05:00,25.0,False,nan,11221140.0
In,2018-12-05 04:05:00,25.0,False,nan,11221140.0
In,2018-12-05 04:09:00,25.0,False,nan,11221380.0
In,2018-12-05 04:09:00,25.0,False,nan,11221380.0
In,2018-12-05 04:17:00,25.0,False,nan,11221860.0
In,2018-12-05 04:17:00,25.0,False,nan,11221860.0
In,2018-12-05 04:43:00,26.0,False,nan,11223420.0
In,2018-12-05 04:43:00,26.0,False,nan,11223420.0
In,2018-12-05 04:45:00,26.0,False,nan,11223540.0
In,2018-12-05 04:45:00,26.0,False,nan,11223540.0
In,2018-12-05 04:47:00,27.0,False,nan,11223660.0
In,2018-12-05 04:47:00,27.0,False,nan,11223660.0
In,2018-12-05 04:50:00,27.0,False,nan,11223840.0
In,2018-12-05 04:50:00,27.0,False,nan,11223840.0
In,2018-12-05 04:56:00,28.0,False,nan,11224200.0
In,2018-12-05 04:56:00,28.0,False,nan,11224200.0
In,2018-12-05 05:00:00,28.0,False,nan,11224440.0
In,2018-12-05 05:00:00,28.0,False,nan,11224440.0
In,2018-12-05 05:14:00,25.0,False,nan,11225280.0
In,2018-12-05 05:14:00,29.0,False,nan,11225280.0
In,2018-12-05 05:14:00,29.0,False,nan,11225280.0
In,2018-12-05 05:14:00,25.0,False,nan,11225280.0
In,2018-12-05 05:17:00,25.0,False,nan,11225460.0
In,2018-12-05 05:17:00,25.0,False,nan,11225460.0
In,2018-12-05 05:19:00,26.0,False,nan,11225580.0
In,2018-12-05 05:19:00,26.0,False,nan,11225580.0
In,2018-12-05 05:22:00,26.0,False,nan,11225760.0
In,2018-12-05 05:22:00,26.0,False,nan,11225760.0
In,2018-12-05 05:38:00,29.0,False,nan,11226720.0
In,2018-12-05 05:38:00,29.0,False,nan,11226720.0
In,2018-12-05 05:40:00,27.0,False,nan,11226840.0
In,2018-12-05 05:41:00,27.0,False,nan,11226900.0
In,2018-12-05 05:57:00,29.0,False,nan,11227860.0
In,2018-12-05 05:58:00,29.0,False,nan,11227920.0
In,2018-12-05 05:58:00,29.0,False,nan,11227920.0
In,2018-12-05 06:10:00,29.0,False,nan,11228640.0
In,2018-12-05 06:10:00,29.0,False,nan,11228640.0
In,2018-12-05 06:12:00,30.0,False,nan,11228760.0
In,2018-12-05 06:12:00,30.0,False,nan,11228760.0
In,2018-12-05 06:14:00,29.0,False,nan,11228880.0
In,2018-12-05 06:14:00,29.0,False,nan,11228880.0
In,2018-12-05 06:18:00,30.0,False,nan,11229120.0
In,2018-12-05 06:18:00,30.0,False,nan,11229120.0
In,2018-12-05 06:22:00,30.0,False,nan,11229360.0
In,2018-12-05 06:22:00,30.0,False,nan,11229360.0
In,2018-12-05 06:32:00,30.0,False,nan,11229960.0
In,2018-12-05 06:32:00,30.0,False,nan,11229960.0
In,2018-12-05 06:34:00,30.0,False,nan,11230080.0
In,2018-12-05 06:34:00,30.0,False,nan,11230080.0
In,2018-12-05 06:36:00,30.0,False,nan,11230200.0
In,2018-12-05 06:36:00,30.0,False,nan,11230200.0
In,2018-12-05 06:38:00,30.0,False,nan,11230320.0
In,2018-12-05 06:38:00,30.0,False,nan,11230320.0
In,2018-12-05 06:40:00,31.0,False,nan,11230440.0
In,2018-12-05 06:41:00,31.0,False,nan,11230500.0
In,2018-12-05 06:42:00,30.0,False,nan,11230560.0
In,2018-12-05 06:42:00,30.0,False,nan,11230560.0
In,2018-12-05 06:44:00,30.0,False,nan,11230680.0
In,2018-12-05 06:44:00,30.0,False,nan,11230680.0
In,2018-12-05 06:50:00,30.0,False,nan,11231040.0
In,2018-12-05 06:50:00,30.0,False,nan,11231040.0
In,2018-12-05 06:52:00,30.0,False,nan,11231160.0
In,2018-12-05 06:52:00,30.0,False,nan,11231160.0
In,2018-12-05 07:16:00,30.0,False,nan,11232600.0
In,2018-12-05 07:16:00,30.0,False,nan,11232600.0
In,2018-12-05 07:42:00,30.0,False,nan,11234160.0
In,2018-12-05 07:42:00,30.0,False,nan,11234160.0
In,2018-12-05 07:50:00,30.0,False,nan,11234640.0
In,2018-12-05 07:50:00,30.0,False,nan,11234640.0
In,2018-12-05 07:58:00,30.0,False,nan,11235120.0
In,2018-12-05 07:58:00,30.0,False,nan,11235120.0
In,2018-12-05 08:26:00,30.0,False,nan,11236800.0
In,2018-12-05 08:26:00,30.0,False,nan,11236800.0
In,2018-12-05 08:36:00,30.0,False,nan,11237400.0
In,2018-12-05 08:36:00,30.0,False,nan,11237400.0
In,2018-12-05 08:58:00,31.0,False,nan,11238720.0
In,2018-12-05 08:58:00,31.0,False,nan,11238720.0
In,2018-12-05 09:00:00,30.0,False,nan,11238840.0
In,2018-12-05 09:00:00,30.0,False,nan,11238840.0
In,2018-12-05 09:02:00,31.0,False,nan,11238960.0
In,2018-12-05 09:02:00,31.0,False,nan,11238960.0
In,2018-12-05 09:04:00,31.0,False,nan,11239080.0
In,2018-12-05 09:04:00,31.0,False,nan,11239080.0
In,2018-12-05 09:06:00,31.0,False,nan,11239200.0
In,2018-12-05 09:06:00,31.0,False,nan,11239200.0
In,2018-12-05 09:28:00,30.0,False,nan,11240520.0
In,2018-12-05 09:28:00,30.0,False,nan,11240520.0
In,2018-12-05 09:30:00,31.0,False,nan,11240640.0
In,2018-12-05 09:30:00,31.0,False,nan,11240640.0
In,2018-12-05 09:40:00,30.0,False,nan,11241240.0
In,2018-12-05 09:40:00,30.0,False,nan,11241240.0
In,2018-12-05 09:50:00,30.0,False,nan,11241840.0
In,2018-12-05 09:50:00,30.0,False,nan,11241840.0
In,2018-12-05 10:18:00,31.0,False,nan,11243520.0
In,2018-12-05 10:19:00,31.0,False,nan,11243580.0
In,2018-12-05 10:24:00,31.0,False,nan,11243880.0
In,2018-12-05 10:24:00,31.0,False,nan,11243880.0
In,2018-12-05 10:26:00,30.0,False,nan,11244000.0
In,2018-12-05 10:26:00,30.0,False,nan,11244000.0
In,2018-12-05 10:30:00,30.0,False,nan,11244240.0
In,2018-12-05 10:30:00,30.0,False,nan,11244240.0
In,2018-12-05 10:36:00,29.0,False,nan,11244600.0
In,2018-12-05 10:36:00,29.0,False,nan,11244600.0
In,2018-12-05 10:38:00,28.0,False,nan,11244720.0
In,2018-12-05 10:38:00,28.0,False,nan,11244720.0
In,2018-12-05 10:40:00,27.0,False,nan,11244840.0
In,2018-12-05 10:40:00,27.0,False,nan,11244840.0
In,2018-12-05 10:42:00,26.0,False,nan,11244960.0
In,2018-12-05 10:42:00,26.0,False,nan,11244960.0
In,2018-12-05 10:44:00,25.0,False,nan,11245080.0
In,2018-12-05 10:44:00,25.0,False,nan,11245080.0
In,2018-12-05 10:48:00,25.0,False,nan,11245320.0
In,2018-12-05 10:48:00,25.0,False,nan,11245320.0
In,2018-12-05 10:50:00,24.0,False,nan,11245440.0
In,2018-12-05 10:50:00,24.0,False,nan,11245440.0
In,2018-12-05 10:52:00,25.0,False,nan,11245560.0
In,2018-12-05 10:52:00,25.0,False,nan,11245560.0
In,2018-12-05 10:54:00,26.0,False,nan,11245680.0
In,2018-12-05 10:54:00,26.0,False,nan,11245680.0
In,2018-12-05 10:56:00,27.0,False,nan,11245800.0
In,2018-12-05 10:56:00,27.0,False,nan,11245800.0
In,2018-12-05 10:58:00,27.0,False,nan,11245920.0
In,2018-12-05 10:58:00,27.0,False,nan,11245920.0
In,2018-12-05 11:00:00,28.0,False,nan,11246040.0
In,2018-12-05 11:00:00,28.0,False,nan,11246040.0
In,2018-12-05 11:02:00,28.0,False,nan,11246160.0
In,2018-12-05 11:02:00,28.0,False,nan,11246160.0
In,2018-12-05 11:06:00,28.0,False,nan,11246400.0
In,2018-12-05 11:06:00,28.0,False,nan,11246400.0
In,2018-12-05 11:07:00,25.0,False,nan,11246460.0
In,2018-12-05 11:07:00,25.0,False,nan,11246460.0
In,2018-12-05 11:08:00,29.0,False,nan,11246520.0
In,2018-12-05 11:08:00,29.0,False,nan,11246520.0
In,2018-12-05 11:10:00,29.0,False,nan,11246640.0
In,2018-12-05 11:10:00,29.0,False,nan,11246640.0
In,2018-12-05 11:13:00,26.0,False,nan,11246820.0
In,2018-12-05 11:13:00,26.0,False,nan,11246820.0
In,2018-12-05 11:18:00,29.0,False,nan,11247120.0
In,2018-12-05 11:18:00,29.0,False,nan,11247120.0
In,2018-12-05 11:50:00,29.0,False,nan,11249040.0
In,2018-12-05 11:50:00,29.0,False,nan,11249040.0
In,2018-12-05 11:52:00,29.0,False,nan,11249160.0
In,2018-12-05 11:52:00,29.0,False,nan,11249160.0
In,2018-12-05 11:54:00,30.0,False,nan,11249280.0
In,2018-12-05 11:54:00,30.0,False,nan,11249280.0
In,2018-12-05 12:02:00,29.0,False,nan,11249760.0
In,2018-12-05 12:02:00,29.0,False,nan,11249760.0
In,2018-12-05 12:04:00,30.0,False,nan,11249880.0
In,2018-12-05 12:04:00,30.0,False,nan,11249880.0
In,2018-12-05 13:06:00,30.0,False,nan,11253600.0
In,2018-12-05 13:06:00,30.0,False,nan,11253600.0
In,2018-12-05 13:32:00,29.0,False,nan,11255160.0
In,2018-12-05 13:32:00,29.0,False,nan,11255160.0
In,2018-12-05 13:34:00,30.0,False,nan,11255280.0
In,2018-12-05 13:34:00,30.0,False,nan,11255280.0
In,2018-12-05 14:12:00,30.0,False,nan,11257560.0
In,2018-12-05 14:12:00,30.0,False,nan,11257560.0
In,2018-12-05 15:26:00,30.0,False,nan,11262000.0
In,2018-12-05 15:26:00,30.0,False,nan,11262000.0
In,2018-12-05 15:28:00,30.0,False,nan,11262120.0
In,2018-12-05 15:28:00,30.0,False,nan,11262120.0
In,2018-12-05 15:30:00,30.0,False,nan,11262240.0
In,2018-12-05 15:30:00,30.0,False,nan,11262240.0
In,2018-12-05 15:32:00,30.0,False,nan,11262360.0
In,2018-12-05 15:32:00,30.0,False,nan,11262360.0
In,2018-12-05 15:34:00,30.0,False,nan,11262480.0
In,2018-12-05 15:34:00,30.0,False,nan,11262480.0
In,2018-12-05 15:36:00,30.0,False,nan,11262600.0
In,2018-12-05 15:36:00,30.0,False,nan,11262600.0
In,2018-12-05 15:38:00,30.0,False,nan,11262720.0
In,2018-12-05 15:38:00,30.0,False,nan,11262720.0
In,2018-12-05 15:40:00,30.0,False,nan,11262840.0
In,2018-12-05 15:40:00,30.0,False,nan,11262840.0
In,2018-12-05 15:42:00,30.0,False,nan,11262960.0
In,2018-12-05 15:42:00,30.0,False,nan,11262960.0
In,2018-12-05 15:48:00,30.0,False,nan,11263320.0
In,2018-12-05 15:48:00,30.0,False,nan,11263320.0
In,2018-12-05 15:50:00,30.0,False,nan,11263440.0
In,2018-12-05 15:50:00,30.0,False,nan,11263440.0
In,2018-12-05 17:19:00,30.0,False,nan,11268780.0
In,2018-12-05 17:19:00,30.0,False,nan,11268780.0
In,2018-12-05 17:21:00,30.0,False,nan,11268900.0
In,2018-12-05 17:21:00,30.0,False,nan,11268900.0
In,2018-12-05 17:23:00,30.0,False,nan,11269020.0
In,2018-12-05 17:23:00,30.0,False,nan,11269020.0
In,2018-12-05 17:25:00,30.0,False,nan,11269140.0
In,2018-12-05 17:25:00,30.0,False,nan,11269140.0
In,2018-12-05 17:27:00,30.0,False,nan,11269260.0
In,2018-12-05 17:27:00,30.0,False,nan,11269260.0
In,2018-12-05 17:29:00,30.0,False,nan,11269380.0
In,2018-12-05 17:29:00,30.0,False,nan,11269380.0
In,2018-12-05 17:45:00,30.0,False,nan,11270340.0
In,2018-12-05 17:45:00,30.0,False,nan,11270340.0
In,2018-12-05 17:47:00,30.0,False,nan,11270460.0
In,2018-12-05 17:47:00,30.0,False,nan,11270460.0
In,2018-12-05 17:51:00,30.0,False,nan,11270700.0
In,2018-12-05 17:51:00,30.0,False,nan,11270700.0
In,2018-12-05 17:53:00,30.0,False,nan,11270820.0
In,2018-12-05 17:53:00,30.0,False,nan,11270820.0
In,2018-12-05 18:57:00,31.0,False,nan,11274660.0
In,2018-12-05 18:57:00,31.0,False,nan,11274660.0
In,2018-12-05 18:59:00,30.0,False,nan,11274780.0
In,2018-12-05 18:59:00,30.0,False,nan,11274780.0
In,2018-12-05 20:33:00,31.0,False,nan,11280420.0
In,2018-12-05 20:33:00,31.0,False,nan,11280420.0
In,2018-12-05 20:35:00,30.0,False,nan,11280540.0
In,2018-12-05 20:35:00,30.0,False,nan,11280540.0
In,2018-12-05 21:31:00,31.0,False,nan,11283900.0
In,2018-12-05 21:31:00,31.0,False,nan,11283900.0
In,2018-12-05 21:33:00,30.0,False,nan,11284020.0
In,2018-12-05 21:33:00,30.0,False,nan,11284020.0
In,2018-12-06 00:17:00,30.0,False,nan,11293860.0
In,2018-12-06 00:17:00,30.0,False,nan,11293860.0
In,2018-12-06 00:21:00,30.0,False,nan,11294100.0
In,2018-12-06 00:21:00,30.0,False,nan,11294100.0
In,2018-12-06 00:49:00,30.0,False,nan,11295780.0
In,2018-12-06 00:49:00,30.0,False,nan,11295780.0
In,2018-12-06 00:53:00,30.0,False,nan,11296020.0
In,2018-12-06 00:53:00,30.0,False,nan,11296020.0
In,2018-12-06 01:55:00,31.0,False,nan,11299740.0
In,2018-12-06 01:55:00,31.0,False,nan,11299740.0
In,2018-12-06 01:57:00,30.0,False,nan,11299860.0
In,2018-12-06 01:57:00,30.0,False,nan,11299860.0
In,2018-12-06 02:17:00,30.0,False,nan,11301060.0
In,2018-12-06 02:17:00,30.0,False,nan,11301060.0
In,2018-12-06 02:21:00,30.0,False,nan,11301300.0
In,2018-12-06 02:21:00,30.0,False,nan,11301300.0
In,2018-12-06 02:23:00,30.0,False,nan,11301420.0
In,2018-12-06 02:23:00,30.0,False,nan,11301420.0
In,2018-12-06 02:25:00,30.0,False,nan,11301540.0
In,2018-12-06 02:25:00,30.0,False,nan,11301540.0
In,2018-12-06 02:33:00,30.0,False,nan,11302020.0
In,2018-12-06 02:33:00,30.0,False,nan,11302020.0
In,2018-12-06 02:35:00,30.0,False,nan,11302140.0
In,2018-12-06 02:35:00,30.0,False,nan,11302140.0
In,2018-12-06 02:39:00,30.0,False,nan,11302380.0
In,2018-12-06 02:39:00,30.0,False,nan,11302380.0
In,2018-12-06 02:41:00,29.0,False,nan,11302500.0
In,2018-12-06 02:41:00,29.0,False,nan,11302500.0
In,2018-12-06 02:43:00,29.0,False,nan,11302620.0
In,2018-12-06 02:43:00,29.0,False,nan,11302620.0
In,2018-12-06 02:45:00,29.0,False,nan,11302740.0
In,2018-12-06 02:45:00,29.0,False,nan,11302740.0
In,2018-12-06 02:47:00,28.0,False,nan,11302860.0
In,2018-12-06 02:47:00,28.0,False,nan,11302860.0
In,2018-12-06 02:49:00,27.0,False,nan,11302980.0
In,2018-12-06 02:49:00,27.0,False,nan,11302980.0
In,2018-12-06 02:53:00,26.0,False,nan,11303220.0
In,2018-12-06 02:53:00,26.0,False,nan,11303220.0
In,2018-12-06 02:55:00,26.0,False,nan,11303340.0
In,2018-12-06 02:55:00,26.0,False,nan,11303340.0
In,2018-12-06 02:57:00,26.0,False,nan,11303460.0
In,2018-12-06 02:57:00,26.0,False,nan,11303460.0
In,2018-12-06 02:59:00,26.0,False,nan,11303580.0
In,2018-12-06 02:59:00,26.0,False,nan,11303580.0
In,2018-12-06 03:01:00,26.0,False,nan,11303700.0
In,2018-12-06 03:01:00,26.0,False,nan,11303700.0
In,2018-12-06 03:03:00,26.0,False,nan,11303820.0
In,2018-12-06 03:03:00,26.0,False,nan,11303820.0
In,2018-12-06 03:11:00,27.0,False,nan,11304300.0
In,2018-12-06 03:11:00,27.0,False,nan,11304300.0
In,2018-12-06 03:13:00,27.0,False,nan,11304420.0
In,2018-12-06 03:13:00,27.0,False,nan,11304420.0
In,2018-12-06 03:15:00,27.0,False,nan,11304540.0
In,2018-12-06 03:15:00,27.0,False,nan,11304540.0
In,2018-12-06 03:17:00,27.0,False,nan,11304660.0
In,2018-12-06 03:17:00,27.0,False,nan,11304660.0
In,2018-12-06 03:19:00,27.0,False,nan,11304780.0
In,2018-12-06 03:19:00,27.0,False,nan,11304780.0
In,2018-12-06 03:21:00,27.0,False,nan,11304900.0
In,2018-12-06 03:21:00,27.0,False,nan,11304900.0
In,2018-12-06 03:23:00,27.0,False,nan,11305020.0
In,2018-12-06 03:23:00,27.0,False,nan,11305020.0
In,2018-12-06 03:29:00,27.0,False,nan,11305380.0
In,2018-12-06 03:29:00,27.0,False,nan,11305380.0
In,2018-12-06 03:31:00,27.0,False,nan,11305500.0
In,2018-12-06 03:31:00,27.0,False,nan,11305500.0
In,2018-12-06 03:33:00,27.0,False,nan,11305620.0
In,2018-12-06 03:33:00,27.0,False,nan,11305620.0
In,2018-12-06 03:37:00,28.0,False,nan,11305860.0
In,2018-12-06 03:37:00,28.0,False,nan,11305860.0
In,2018-12-06 03:39:00,27.0,False,nan,11305980.0
In,2018-12-06 03:39:00,27.0,False,nan,11305980.0
In,2018-12-06 03:43:00,27.0,False,nan,11306220.0
In,2018-12-06 03:43:00,27.0,False,nan,11306220.0
In,2018-12-06 03:55:00,27.0,False,nan,11306940.0
In,2018-12-06 03:55:00,27.0,False,nan,11306940.0
In,2018-12-06 03:57:00,26.0,False,nan,11307060.0
In,2018-12-06 03:57:00,26.0,False,nan,11307060.0
In,2018-12-06 04:05:00,26.0,False,nan,11307540.0
In,2018-12-06 04:05:00,26.0,False,nan,11307540.0
In,2018-12-06 04:07:00,26.0,False,nan,11307660.0
In,2018-12-06 04:07:00,26.0,False,nan,11307660.0
In,2018-12-06 04:11:00,26.0,False,nan,11307900.0
In,2018-12-06 04:11:00,26.0,False,nan,11307900.0
In,2018-12-06 04:27:00,26.0,False,nan,11308860.0
In,2018-12-06 04:27:00,26.0,False,nan,11308860.0
In,2018-12-06 04:39:00,26.0,False,nan,11309580.0
In,2018-12-06 04:39:00,26.0,False,nan,11309580.0
In,2018-12-06 04:41:00,26.0,False,nan,11309700.0
In,2018-12-06 04:41:00,26.0,False,nan,11309700.0
In,2018-12-06 04:45:00,26.0,False,nan,11309940.0
In,2018-12-06 04:45:00,26.0,False,nan,11309940.0
In,2018-12-06 04:47:00,26.0,False,nan,11310060.0
In,2018-12-06 04:47:00,26.0,False,nan,11310060.0
In,2018-12-06 04:51:00,26.0,False,nan,11310300.0
In,2018-12-06 04:51:00,26.0,False,nan,11310300.0
In,2018-12-06 04:53:00,26.0,False,nan,11310420.0
In,2018-12-06 04:53:00,26.0,False,nan,11310420.0
In,2018-12-06 05:07:00,26.0,False,nan,11311260.0
In,2018-12-06 05:07:00,26.0,False,nan,11311260.0
In,2018-12-06 05:09:00,26.0,False,nan,11311380.0
In,2018-12-06 05:09:00,26.0,False,nan,11311380.0
In,2018-12-06 05:11:00,25.0,False,nan,11311500.0
In,2018-12-06 05:11:00,25.0,False,nan,11311500.0
In,2018-12-06 05:18:00,25.0,False,nan,11311920.0
In,2018-12-06 05:18:00,25.0,False,nan,11311920.0
In,2018-12-06 05:25:00,25.0,False,nan,11312340.0
In,2018-12-06 05:25:00,25.0,False,nan,11312340.0
In,2018-12-06 05:27:00,25.0,False,nan,11312460.0
In,2018-12-06 05:27:00,25.0,False,nan,11312460.0
In,2018-12-06 05:29:00,26.0,False,nan,11312580.0
In,2018-12-06 05:29:00,26.0,False,nan,11312580.0
In,2018-12-06 05:31:00,26.0,False,nan,11312700.0
In,2018-12-06 05:31:00,26.0,False,nan,11312700.0
In,2018-12-06 05:39:00,27.0,False,nan,11313180.0
In,2018-12-06 05:39:00,27.0,False,nan,11313180.0
In,2018-12-06 05:41:00,26.0,False,nan,11313300.0
In,2018-12-06 05:41:00,26.0,False,nan,11313300.0
In,2018-12-06 05:43:00,27.0,False,nan,11313420.0
In,2018-12-06 05:43:00,27.0,False,nan,11313420.0
In,2018-12-06 05:45:00,26.0,False,nan,11313540.0
In,2018-12-06 05:45:00,26.0,False,nan,11313540.0
In,2018-12-06 05:47:00,26.0,False,nan,11313660.0
In,2018-12-06 05:47:00,26.0,False,nan,11313660.0
In,2018-12-06 05:49:00,27.0,False,nan,11313780.0
In,2018-12-06 05:49:00,27.0,False,nan,11313780.0
In,2018-12-06 05:59:00,27.0,False,nan,11314380.0
In,2018-12-06 05:59:00,27.0,False,nan,11314380.0
In,2018-12-06 06:01:00,27.0,False,nan,11314500.0
In,2018-12-06 06:01:00,27.0,False,nan,11314500.0
In,2018-12-06 06:04:00,27.0,False,nan,11314680.0
In,2018-12-06 06:04:00,27.0,False,nan,11314680.0
In,2018-12-06 06:20:00,27.0,False,nan,11315640.0
In,2018-12-06 06:20:00,27.0,False,nan,11315640.0
In,2018-12-06 06:22:00,27.0,False,nan,11315760.0
In,2018-12-06 06:22:00,27.0,False,nan,11315760.0
In,2018-12-06 06:26:00,26.0,False,nan,11316000.0
In,2018-12-06 06:26:00,26.0,False,nan,11316000.0
In,2018-12-06 06:28:00,26.0,False,nan,11316120.0
In,2018-12-06 06:28:00,26.0,False,nan,11316120.0
In,2018-12-06 06:30:00,27.0,False,nan,11316240.0
In,2018-12-06 06:30:00,27.0,False,nan,11316240.0
In,2018-12-06 06:32:00,26.0,False,nan,11316360.0
In,2018-12-06 06:32:00,26.0,False,nan,11316360.0
In,2018-12-06 06:34:00,26.0,False,nan,11316480.0
In,2018-12-06 06:34:00,26.0,False,nan,11316480.0
In,2018-12-06 06:50:00,27.0,False,nan,11317440.0
In,2018-12-06 06:50:00,27.0,False,nan,11317440.0
In,2018-12-06 06:52:00,26.0,False,nan,11317560.0
In,2018-12-06 06:52:00,26.0,False,nan,11317560.0
In,2018-12-06 07:06:00,27.0,False,nan,11318400.0
In,2018-12-06 07:06:00,27.0,False,nan,11318400.0
In,2018-12-06 07:10:00,27.0,False,nan,11318640.0
In,2018-12-06 07:10:00,27.0,False,nan,11318640.0
In,2018-12-06 07:12:00,26.0,False,nan,11318760.0
In,2018-12-06 07:12:00,26.0,False,nan,11318760.0
In,2018-12-06 07:14:00,26.0,False,nan,11318880.0
In,2018-12-06 07:14:00,26.0,False,nan,11318880.0
In,2018-12-06 07:28:00,26.0,False,nan,11319720.0
In,2018-12-06 07:28:00,26.0,False,nan,11319720.0
In,2018-12-06 07:34:00,26.0,False,nan,11320080.0
In,2018-12-06 07:34:00,26.0,False,nan,11320080.0
In,2018-12-06 07:38:00,26.0,False,nan,11320320.0
In,2018-12-06 07:38:00,26.0,False,nan,11320320.0
In,2018-12-06 07:44:00,26.0,False,nan,11320680.0
In,2018-12-06 07:44:00,26.0,False,nan,11320680.0
In,2018-12-06 07:50:00,26.0,False,nan,11321040.0
In,2018-12-06 07:50:00,26.0,False,nan,11321040.0
In,2018-12-06 07:52:00,27.0,False,nan,11321160.0
In,2018-12-06 07:52:00,27.0,False,nan,11321160.0
In,2018-12-06 07:58:00,27.0,False,nan,11321520.0
In,2018-12-06 07:58:00,27.0,False,nan,11321520.0
In,2018-12-06 08:00:00,27.0,False,nan,11321640.0
In,2018-12-06 08:00:00,27.0,False,nan,11321640.0
In,2018-12-06 08:06:00,27.0,False,nan,11322000.0
In,2018-12-06 08:06:00,27.0,False,nan,11322000.0
In,2018-12-06 08:08:00,27.0,False,nan,11322120.0
In,2018-12-06 08:08:00,27.0,False,nan,11322120.0
In,2018-12-06 08:16:00,27.0,False,nan,11322600.0
In,2018-12-06 08:16:00,27.0,False,nan,11322600.0
In,2018-12-06 08:18:00,27.0,False,nan,11322720.0
In,2018-12-06 08:18:00,27.0,False,nan,11322720.0
In,2018-12-06 08:20:00,26.0,False,nan,11322840.0
In,2018-12-06 08:20:00,26.0,False,nan,11322840.0
In,2018-12-06 08:22:00,27.0,False,nan,11322960.0
In,2018-12-06 08:22:00,27.0,False,nan,11322960.0
In,2018-12-06 08:28:00,27.0,False,nan,11323320.0
In,2018-12-06 08:28:00,27.0,False,nan,11323320.0
In,2018-12-06 08:30:00,27.0,False,nan,11323440.0
In,2018-12-06 08:30:00,27.0,False,nan,11323440.0
In,2018-12-06 08:32:00,27.0,False,nan,11323560.0
In,2018-12-06 08:32:00,27.0,False,nan,11323560.0
In,2018-12-06 08:36:00,27.0,False,nan,11323800.0
In,2018-12-06 08:36:00,27.0,False,nan,11323800.0
In,2018-12-06 08:38:00,27.0,False,nan,11323920.0
In,2018-12-06 08:38:00,27.0,False,nan,11323920.0
In,2018-12-06 08:40:00,27.0,False,nan,11324040.0
In,2018-12-06 08:40:00,27.0,False,nan,11324040.0
In,2018-12-06 08:42:00,27.0,False,nan,11324160.0
In,2018-12-06 08:42:00,27.0,False,nan,11324160.0
In,2018-12-06 08:44:00,27.0,False,nan,11324280.0
In,2018-12-06 08:44:00,27.0,False,nan,11324280.0
In,2018-12-06 08:46:00,27.0,False,nan,11324400.0
In,2018-12-06 08:46:00,27.0,False,nan,11324400.0
In,2018-12-06 08:50:00,27.0,False,nan,11324640.0
In,2018-12-06 08:50:00,27.0,False,nan,11324640.0
In,2018-12-06 08:52:00,26.0,False,nan,11324760.0
In,2018-12-06 08:52:00,26.0,False,nan,11324760.0
In,2018-12-06 08:54:00,26.0,False,nan,11324880.0
In,2018-12-06 08:54:00,26.0,False,nan,11324880.0
In,2018-12-06 08:56:00,26.0,False,nan,11325000.0
In,2018-12-06 08:56:00,26.0,False,nan,11325000.0
In,2018-12-06 08:59:00,26.0,False,nan,11325180.0
In,2018-12-06 08:59:00,26.0,False,nan,11325180.0
In,2018-12-06 09:01:00,27.0,False,nan,11325300.0
In,2018-12-06 09:01:00,27.0,False,nan,11325300.0
In,2018-12-06 09:03:00,26.0,False,nan,11325420.0
In,2018-12-06 09:03:00,26.0,False,nan,11325420.0
In,2018-12-06 09:07:00,27.0,False,nan,11325660.0
In,2018-12-06 09:07:00,27.0,False,nan,11325660.0
In,2018-12-06 09:09:00,27.0,False,nan,11325780.0
In,2018-12-06 09:09:00,27.0,False,nan,11325780.0
In,2018-12-06 09:11:00,26.0,False,nan,11325900.0
In,2018-12-06 09:11:00,26.0,False,nan,11325900.0
In,2018-12-06 09:15:00,27.0,False,nan,11326140.0
In,2018-12-06 09:15:00,27.0,False,nan,11326140.0
In,2018-12-06 09:19:00,27.0,False,nan,11326380.0
In,2018-12-06 09:19:00,27.0,False,nan,11326380.0
In,2018-12-06 09:22:00,27.0,False,nan,11326560.0
In,2018-12-06 09:22:00,27.0,False,nan,11326560.0
In,2018-12-06 09:28:00,26.0,False,nan,11326920.0
In,2018-12-06 09:28:00,26.0,False,nan,11326920.0
In,2018-12-06 09:32:00,26.0,False,nan,11327160.0
In,2018-12-06 09:32:00,26.0,False,nan,11327160.0
In,2018-12-06 09:34:00,26.0,False,nan,11327280.0
In,2018-12-06 09:34:00,26.0,False,nan,11327280.0
In,2018-12-06 09:36:00,26.0,False,nan,11327400.0
In,2018-12-06 09:36:00,26.0,False,nan,11327400.0
In,2018-12-06 09:44:00,26.0,False,nan,11327880.0
In,2018-12-06 09:44:00,26.0,False,nan,11327880.0
In,2018-12-06 09:46:00,27.0,False,nan,11328000.0
In,2018-12-06 09:46:00,27.0,False,nan,11328000.0
In,2018-12-06 09:50:00,27.0,False,nan,11328240.0
In,2018-12-06 09:50:00,27.0,False,nan,11328240.0
In,2018-12-06 09:52:00,27.0,False,nan,11328360.0
In,2018-12-06 09:52:00,27.0,False,nan,11328360.0
In,2018-12-06 09:54:00,27.0,False,nan,11328480.0
In,2018-12-06 09:54:00,27.0,False,nan,11328480.0
In,2018-12-06 09:56:00,27.0,False,nan,11328600.0
In,2018-12-06 09:56:00,27.0,False,nan,11328600.0
In,2018-12-06 09:58:00,26.0,False,nan,11328720.0
In,2018-12-06 09:58:00,26.0,False,nan,11328720.0
In,2018-12-06 10:00:00,26.0,False,nan,11328840.0
In,2018-12-06 10:00:00,26.0,False,nan,11328840.0
In,2018-12-06 10:04:00,26.0,False,nan,11329080.0
In,2018-12-06 10:04:00,26.0,False,nan,11329080.0
In,2018-12-06 10:06:00,27.0,False,nan,11329200.0
In,2018-12-06 10:06:00,27.0,False,nan,11329200.0
In,2018-12-06 10:14:00,27.0,False,nan,11329680.0
In,2018-12-06 10:14:00,27.0,False,nan,11329680.0
In,2018-12-06 10:25:00,27.0,False,nan,11330340.0
In,2018-12-06 10:25:00,27.0,False,nan,11330340.0
In,2018-12-06 10:31:00,27.0,False,nan,11330700.0
In,2018-12-06 10:31:00,27.0,False,nan,11330700.0
In,2018-12-06 10:45:00,27.0,False,nan,11331540.0
In,2018-12-06 10:45:00,27.0,False,nan,11331540.0
In,2018-12-06 11:01:00,27.0,False,nan,11332500.0
In,2018-12-06 11:01:00,27.0,False,nan,11332500.0
In,2018-12-06 11:03:00,27.0,False,nan,11332620.0
In,2018-12-06 11:03:00,27.0,False,nan,11332620.0
In,2018-12-06 11:05:00,27.0,False,nan,11332740.0
In,2018-12-06 11:05:00,27.0,False,nan,11332740.0
In,2018-12-06 11:11:00,27.0,False,nan,11333100.0
In,2018-12-06 11:11:00,27.0,False,nan,11333100.0
In,2018-12-06 11:21:00,26.0,False,nan,11333700.0
In,2018-12-06 11:21:00,26.0,False,nan,11333700.0
In,2018-12-06 11:23:00,27.0,False,nan,11333820.0
In,2018-12-06 11:23:00,27.0,False,nan,11333820.0
In,2018-12-06 11:25:00,26.0,False,nan,11333940.0
In,2018-12-06 11:25:00,26.0,False,nan,11333940.0
In,2018-12-06 11:27:00,27.0,False,nan,11334060.0
In,2018-12-06 11:27:00,27.0,False,nan,11334060.0
In,2018-12-06 11:37:00,27.0,False,nan,11334660.0
In,2018-12-06 11:37:00,27.0,False,nan,11334660.0
In,2018-12-06 11:43:00,27.0,False,nan,11335020.0
In,2018-12-06 11:43:00,27.0,False,nan,11335020.0
In,2018-12-06 11:45:00,27.0,False,nan,11335140.0
In,2018-12-06 11:45:00,27.0,False,nan,11335140.0
In,2018-12-06 11:47:00,27.0,False,nan,11335260.0
In,2018-12-06 11:47:00,27.0,False,nan,11335260.0
In,2018-12-06 11:49:00,27.0,False,nan,11335380.0
In,2018-12-06 11:49:00,27.0,False,nan,11335380.0
In,2018-12-06 11:51:00,27.0,False,nan,11335500.0
In,2018-12-06 11:51:00,27.0,False,nan,11335500.0
In,2018-12-06 11:53:00,27.0,False,nan,11335620.0
In,2018-12-06 11:53:00,27.0,False,nan,11335620.0
In,2018-12-06 12:11:00,27.0,False,nan,11336700.0
In,2018-12-06 12:11:00,27.0,False,nan,11336700.0
In,2018-12-06 12:29:00,26.0,False,nan,11337780.0
In,2018-12-06 12:29:00,26.0,False,nan,11337780.0
In,2018-12-06 12:31:00,27.0,False,nan,11337900.0
In,2018-12-06 12:31:00,27.0,False,nan,11337900.0
In,2018-12-06 12:33:00,27.0,False,nan,11338020.0
In,2018-12-06 12:34:00,27.0,False,nan,11338080.0
In,2018-12-06 12:36:00,27.0,False,nan,11338200.0
In,2018-12-06 12:36:00,27.0,False,nan,11338200.0
In,2018-12-06 12:38:00,27.0,False,nan,11338320.0
In,2018-12-06 12:38:00,27.0,False,nan,11338320.0
In,2018-12-06 12:40:00,28.0,False,nan,11338440.0
In,2018-12-06 12:40:00,28.0,False,nan,11338440.0
In,2018-12-06 12:42:00,28.0,False,nan,11338560.0
In,2018-12-06 12:42:00,28.0,False,nan,11338560.0
In,2018-12-06 12:46:00,28.0,False,nan,11338800.0
In,2018-12-06 12:46:00,28.0,False,nan,11338800.0
In,2018-12-06 12:50:00,29.0,False,nan,11339040.0
In,2018-12-06 12:50:00,29.0,False,nan,11339040.0
In,2018-12-06 12:52:00,28.0,False,nan,11339160.0
In,2018-12-06 12:52:00,28.0,False,nan,11339160.0
In,2018-12-06 12:54:00,29.0,False,nan,11339280.0
In,2018-12-06 12:54:00,29.0,False,nan,11339280.0
In,2018-12-06 12:56:00,29.0,False,nan,11339400.0
In,2018-12-06 12:56:00,29.0,False,nan,11339400.0
In,2018-12-06 13:08:00,29.0,False,nan,11340120.0
In,2018-12-06 13:08:00,29.0,False,nan,11340120.0
In,2018-12-06 13:30:00,30.0,False,nan,11341440.0
In,2018-12-06 13:30:00,30.0,False,nan,11341440.0
In,2018-12-06 13:32:00,29.0,False,nan,11341560.0
In,2018-12-06 13:32:00,29.0,False,nan,11341560.0
In,2018-12-06 13:36:00,30.0,False,nan,11341800.0
In,2018-12-06 13:36:00,30.0,False,nan,11341800.0
In,2018-12-06 13:56:00,30.0,False,nan,11343000.0
In,2018-12-06 13:56:00,30.0,False,nan,11343000.0
In,2018-12-06 14:14:00,29.0,False,nan,11344080.0
In,2018-12-06 14:14:00,29.0,False,nan,11344080.0
In,2018-12-06 14:16:00,30.0,False,nan,11344200.0
In,2018-12-06 14:16:00,30.0,False,nan,11344200.0
In,2018-12-06 14:28:00,30.0,False,nan,11344920.0
In,2018-12-06 14:28:00,30.0,False,nan,11344920.0
In,2018-12-06 14:30:00,30.0,False,nan,11345040.0
In,2018-12-06 14:30:00,30.0,False,nan,11345040.0
In,2018-12-06 14:40:00,30.0,False,nan,11345640.0
In,2018-12-06 14:40:00,30.0,False,nan,11345640.0
In,2018-12-06 14:42:00,30.0,False,nan,11345760.0
In,2018-12-06 14:42:00,30.0,False,nan,11345760.0
In,2018-12-06 14:48:00,31.0,False,nan,11346120.0
In,2018-12-06 14:48:00,31.0,False,nan,11346120.0
In,2018-12-06 14:50:00,30.0,False,nan,11346240.0
In,2018-12-06 14:50:00,30.0,False,nan,11346240.0
In,2018-12-06 14:52:00,30.0,False,nan,11346360.0
In,2018-12-06 14:52:00,30.0,False,nan,11346360.0
In,2018-12-06 15:00:00,30.0,False,nan,11346840.0
In,2018-12-06 15:00:00,30.0,False,nan,11346840.0
In,2018-12-06 15:02:00,30.0,False,nan,11346960.0
In,2018-12-06 15:02:00,30.0,False,nan,11346960.0
In,2018-12-06 15:06:00,30.0,False,nan,11347200.0
In,2018-12-06 15:06:00,30.0,False,nan,11347200.0
In,2018-12-06 15:10:00,30.0,False,nan,11347440.0
In,2018-12-06 15:10:00,30.0,False,nan,11347440.0
In,2018-12-06 15:20:00,30.0,False,nan,11348040.0
In,2018-12-06 15:20:00,30.0,False,nan,11348040.0
In,2018-12-06 15:26:00,30.0,False,nan,11348400.0
In,2018-12-06 15:26:00,30.0,False,nan,11348400.0
In,2018-12-06 15:28:00,30.0,False,nan,11348520.0
In,2018-12-06 15:28:00,30.0,False,nan,11348520.0
In,2018-12-06 15:30:00,30.0,False,nan,11348640.0
In,2018-12-06 15:30:00,30.0,False,nan,11348640.0
In,2018-12-06 15:36:00,30.0,False,nan,11349000.0
In,2018-12-06 15:36:00,30.0,False,nan,11349000.0
In,2018-12-06 15:38:00,30.0,False,nan,11349120.0
In,2018-12-06 15:38:00,30.0,False,nan,11349120.0
In,2018-12-06 16:42:00,30.0,False,nan,11352960.0
In,2018-12-06 16:42:00,30.0,False,nan,11352960.0
In,2018-12-06 16:46:00,30.0,False,nan,11353200.0
In,2018-12-06 16:46:00,30.0,False,nan,11353200.0
In,2018-12-06 16:48:00,30.0,False,nan,11353320.0
In,2018-12-06 16:48:00,30.0,False,nan,11353320.0
In,2018-12-06 16:50:00,30.0,False,nan,11353440.0
In,2018-12-06 16:50:00,30.0,False,nan,11353440.0
In,2018-12-06 16:52:00,30.0,False,nan,11353560.0
In,2018-12-06 16:52:00,30.0,False,nan,11353560.0
In,2018-12-06 16:54:00,30.0,False,nan,11353680.0
In,2018-12-06 16:54:00,30.0,False,nan,11353680.0
In,2018-12-06 17:02:00,30.0,False,nan,11354160.0
In,2018-12-06 17:02:00,30.0,False,nan,11354160.0
In,2018-12-06 17:04:00,30.0,False,nan,11354280.0
In,2018-12-06 17:04:00,30.0,False,nan,11354280.0
In,2018-12-06 17:08:00,30.0,False,nan,11354520.0
In,2018-12-06 17:08:00,30.0,False,nan,11354520.0
In,2018-12-06 17:10:00,30.0,False,nan,11354640.0
In,2018-12-06 17:10:00,30.0,False,nan,11354640.0
In,2018-12-06 17:42:00,30.0,False,nan,11356560.0
In,2018-12-06 17:42:00,30.0,False,nan,11356560.0
In,2018-12-06 19:02:00,30.0,False,nan,11361360.0
In,2018-12-06 19:02:00,30.0,False,nan,11361360.0
In,2018-12-06 19:04:00,30.0,False,nan,11361480.0
In,2018-12-06 19:04:00,30.0,False,nan,11361480.0
In,2018-12-06 19:06:00,30.0,False,nan,11361600.0
In,2018-12-06 19:06:00,30.0,False,nan,11361600.0
In,2018-12-06 23:04:00,30.0,False,nan,11375880.0
In,2018-12-06 23:04:00,30.0,False,nan,11375880.0
In,2018-12-06 23:06:00,30.0,False,nan,11376000.0
In,2018-12-06 23:06:00,30.0,False,nan,11376000.0
In,2018-12-06 23:12:00,30.0,False,nan,11376360.0
In,2018-12-06 23:12:00,30.0,False,nan,11376360.0
In,2018-12-06 23:20:00,30.0,False,nan,11376840.0
In,2018-12-06 23:20:00,30.0,False,nan,11376840.0
In,2018-12-06 23:24:00,30.0,False,nan,11377080.0
In,2018-12-06 23:24:00,30.0,False,nan,11377080.0
In,2018-12-07 00:44:00,30.0,False,nan,11381880.0
In,2018-12-07 00:44:00,30.0,False,nan,11381880.0
In,2018-12-07 00:46:00,30.0,False,nan,11382000.0
In,2018-12-07 00:46:00,30.0,False,nan,11382000.0
In,2018-12-07 01:02:00,30.0,False,nan,11382960.0
In,2018-12-07 01:02:00,30.0,False,nan,11382960.0
In,2018-12-07 01:04:00,30.0,False,nan,11383080.0
In,2018-12-07 01:04:00,30.0,False,nan,11383080.0
In,2018-12-07 01:12:00,30.0,False,nan,11383560.0
In,2018-12-07 01:13:00,30.0,False,nan,11383620.0
In,2018-12-07 01:14:00,30.0,False,nan,11383680.0
In,2018-12-07 01:15:00,30.0,False,nan,11383740.0
In,2018-12-07 01:16:00,30.0,False,nan,11383800.0
In,2018-12-07 01:17:00,30.0,False,nan,11383860.0
In,2018-12-07 01:18:00,30.0,False,nan,11383920.0
In,2018-12-07 01:19:00,30.0,False,nan,11383980.0
In,2018-12-07 01:21:00,30.0,False,nan,11384100.0
In,2018-12-07 01:21:00,30.0,False,nan,11384100.0
In,2018-12-07 02:17:00,29.0,False,nan,11387460.0
In,2018-12-07 02:17:00,29.0,False,nan,11387460.0
In,2018-12-07 02:19:00,30.0,False,nan,11387580.0
In,2018-12-07 02:19:00,30.0,False,nan,11387580.0
In,2018-12-07 02:27:00,31.0,False,nan,11388060.0
In,2018-12-07 02:27:00,31.0,False,nan,11388060.0
In,2018-12-07 02:29:00,30.0,False,nan,11388180.0
In,2018-12-07 02:29:00,30.0,False,nan,11388180.0
In,2018-12-07 02:39:00,30.0,False,nan,11388780.0
In,2018-12-07 02:39:00,30.0,False,nan,11388780.0
In,2018-12-07 02:41:00,30.0,False,nan,11388900.0
In,2018-12-07 02:41:00,30.0,False,nan,11388900.0
In,2018-12-07 02:47:00,30.0,False,nan,11389260.0
In,2018-12-07 02:47:00,30.0,False,nan,11389260.0
In,2018-12-07 02:49:00,30.0,False,nan,11389380.0
In,2018-12-07 02:49:00,30.0,False,nan,11389380.0
In,2018-12-07 02:51:00,28.0,False,nan,11389500.0
In,2018-12-07 02:51:00,28.0,False,nan,11389500.0
In,2018-12-07 02:53:00,28.0,False,nan,11389620.0
In,2018-12-07 02:53:00,28.0,False,nan,11389620.0
In,2018-12-07 02:55:00,27.0,False,nan,11389740.0
In,2018-12-07 02:55:00,27.0,False,nan,11389740.0
In,2018-12-07 02:57:00,27.0,False,nan,11389860.0
In,2018-12-07 02:57:00,27.0,False,nan,11389860.0
In,2018-12-07 03:01:00,27.0,False,nan,11390100.0
In,2018-12-07 03:01:00,27.0,False,nan,11390100.0
In,2018-12-07 03:03:00,26.0,False,nan,11390220.0
In,2018-12-07 03:03:00,26.0,False,nan,11390220.0
In,2018-12-07 03:09:00,26.0,False,nan,11390580.0
In,2018-12-07 03:09:00,26.0,False,nan,11390580.0
In,2018-12-07 03:11:00,26.0,False,nan,11390700.0
In,2018-12-07 03:11:00,26.0,False,nan,11390700.0
In,2018-12-07 03:13:00,27.0,False,nan,11390820.0
In,2018-12-07 03:13:00,27.0,False,nan,11390820.0
In,2018-12-07 03:23:00,26.0,False,nan,11391420.0
In,2018-12-07 03:23:00,26.0,False,nan,11391420.0
In,2018-12-07 03:25:00,27.0,False,nan,11391540.0
In,2018-12-07 03:25:00,27.0,False,nan,11391540.0
In,2018-12-07 03:29:00,26.0,False,nan,11391780.0
In,2018-12-07 03:29:00,26.0,False,nan,11391780.0
In,2018-12-07 03:33:00,26.0,False,nan,11392020.0
In,2018-12-07 03:33:00,26.0,False,nan,11392020.0
In,2018-12-07 03:43:00,25.0,False,nan,11392620.0
In,2018-12-07 03:43:00,25.0,False,nan,11392620.0
In,2018-12-07 03:45:00,25.0,False,nan,11392740.0
In,2018-12-07 03:45:00,25.0,False,nan,11392740.0
In,2018-12-07 03:48:00,25.0,False,nan,11392920.0
In,2018-12-07 03:48:00,25.0,False,nan,11392920.0
In,2018-12-07 03:50:00,25.0,False,nan,11393040.0
In,2018-12-07 03:50:00,25.0,False,nan,11393040.0
In,2018-12-07 04:00:00,26.0,False,nan,11393640.0
In,2018-12-07 04:00:00,26.0,False,nan,11393640.0
In,2018-12-07 04:02:00,25.0,False,nan,11393760.0
In,2018-12-07 04:02:00,25.0,False,nan,11393760.0
In,2018-12-07 04:06:00,25.0,False,nan,11394000.0
In,2018-12-07 04:06:00,25.0,False,nan,11394000.0
In,2018-12-07 04:10:00,25.0,False,nan,11394240.0
In,2018-12-07 04:10:00,25.0,False,nan,11394240.0
In,2018-12-07 04:12:00,25.0,False,nan,11394360.0
In,2018-12-07 04:12:00,25.0,False,nan,11394360.0
In,2018-12-07 04:16:00,25.0,False,nan,11394600.0
In,2018-12-07 04:16:00,25.0,False,nan,11394600.0
In,2018-12-07 04:18:00,25.0,False,nan,11394720.0
In,2018-12-07 04:18:00,25.0,False,nan,11394720.0
In,2018-12-07 04:20:00,25.0,False,nan,11394840.0
In,2018-12-07 04:20:00,25.0,False,nan,11394840.0
In,2018-12-07 04:26:00,25.0,False,nan,11395200.0
In,2018-12-07 04:26:00,25.0,False,nan,11395200.0
In,2018-12-07 04:30:00,25.0,False,nan,11395440.0
In,2018-12-07 04:30:00,25.0,False,nan,11395440.0
In,2018-12-07 04:32:00,25.0,False,nan,11395560.0
In,2018-12-07 04:32:00,25.0,False,nan,11395560.0
In,2018-12-07 04:38:00,25.0,False,nan,11395920.0
In,2018-12-07 04:38:00,25.0,False,nan,11395920.0
In,2018-12-07 04:40:00,25.0,False,nan,11396040.0
In,2018-12-07 04:40:00,25.0,False,nan,11396040.0
In,2018-12-07 04:50:00,25.0,False,nan,11396640.0
In,2018-12-07 04:50:00,25.0,False,nan,11396640.0
In,2018-12-07 04:52:00,25.0,False,nan,11396760.0
In,2018-12-07 04:52:00,25.0,False,nan,11396760.0
In,2018-12-07 04:56:00,25.0,False,nan,11397000.0
In,2018-12-07 04:56:00,25.0,False,nan,11397000.0
In,2018-12-07 04:59:00,25.0,False,nan,11397180.0
In,2018-12-07 04:59:00,25.0,False,nan,11397180.0
In,2018-12-07 05:07:00,25.0,False,nan,11397660.0
In,2018-12-07 05:07:00,25.0,False,nan,11397660.0
In,2018-12-07 05:11:00,25.0,False,nan,11397900.0
In,2018-12-07 05:11:00,25.0,False,nan,11397900.0
In,2018-12-07 05:13:00,25.0,False,nan,11398020.0
In,2018-12-07 05:13:00,25.0,False,nan,11398020.0
In,2018-12-07 05:15:00,25.0,False,nan,11398140.0
In,2018-12-07 05:15:00,25.0,False,nan,11398140.0
In,2018-12-07 05:21:00,26.0,False,nan,11398500.0
In,2018-12-07 05:21:00,26.0,False,nan,11398500.0
In,2018-12-07 05:24:00,26.0,False,nan,11398680.0
In,2018-12-07 05:24:00,26.0,False,nan,11398680.0
In,2018-12-07 05:26:00,25.0,False,nan,11398800.0
In,2018-12-07 05:26:00,25.0,False,nan,11398800.0
In,2018-12-07 05:30:00,25.0,False,nan,11399040.0
In,2018-12-07 05:30:00,25.0,False,nan,11399040.0
In,2018-12-07 05:47:00,27.0,False,nan,11400060.0
In,2018-12-07 05:47:00,27.0,False,nan,11400060.0
In,2018-12-07 05:52:00,25.0,False,nan,11400360.0
In,2018-12-07 05:52:00,25.0,False,nan,11400360.0
In,2018-12-07 05:54:00,27.0,False,nan,11400480.0
In,2018-12-07 05:54:00,27.0,False,nan,11400480.0
In,2018-12-07 05:56:00,25.0,False,nan,11400600.0
In,2018-12-07 05:56:00,25.0,False,nan,11400600.0
In,2018-12-07 05:58:00,25.0,False,nan,11400720.0
In,2018-12-07 05:58:00,25.0,False,nan,11400720.0
In,2018-12-07 06:00:00,25.0,False,nan,11400840.0
In,2018-12-07 06:00:00,25.0,False,nan,11400840.0
In,2018-12-07 06:02:00,25.0,False,nan,11400960.0
In,2018-12-07 06:02:00,25.0,False,nan,11400960.0
In,2018-12-07 06:10:00,26.0,False,nan,11401440.0
In,2018-12-07 06:10:00,26.0,False,nan,11401440.0
In,2018-12-07 06:12:00,27.0,False,nan,11401560.0
In,2018-12-07 06:12:00,27.0,False,nan,11401560.0
In,2018-12-07 06:12:00,27.0,False,nan,11401560.0
In,2018-12-07 06:12:00,27.0,False,nan,11401560.0
In,2018-12-07 06:14:00,27.0,False,nan,11401680.0
In,2018-12-07 06:14:00,27.0,False,nan,11401680.0
In,2018-12-07 06:16:00,27.0,False,nan,11401800.0
In,2018-12-07 06:16:00,27.0,False,nan,11401800.0
In,2018-12-07 06:18:00,27.0,False,nan,11401920.0
In,2018-12-07 06:18:00,27.0,False,nan,11401920.0
In,2018-12-07 06:20:00,28.0,False,nan,11402040.0
In,2018-12-07 06:20:00,28.0,False,nan,11402040.0
In,2018-12-07 06:22:00,28.0,False,nan,11402160.0
In,2018-12-07 06:22:00,28.0,False,nan,11402160.0
In,2018-12-07 06:26:00,28.0,False,nan,11402400.0
In,2018-12-07 06:26:00,28.0,False,nan,11402400.0
In,2018-12-07 06:32:00,28.0,False,nan,11402760.0
In,2018-12-07 06:32:00,28.0,False,nan,11402760.0
In,2018-12-07 06:46:00,29.0,False,nan,11403600.0
In,2018-12-07 06:46:00,29.0,False,nan,11403600.0
In,2018-12-07 06:52:00,29.0,False,nan,11403960.0
In,2018-12-07 06:52:00,29.0,False,nan,11403960.0
In,2018-12-07 07:10:00,29.0,False,nan,11405040.0
In,2018-12-07 07:10:00,29.0,False,nan,11405040.0
In,2018-12-07 07:28:00,29.0,False,nan,11406120.0
In,2018-12-07 07:28:00,29.0,False,nan,11406120.0
In,2018-12-07 07:52:00,30.0,False,nan,11407560.0
In,2018-12-07 07:52:00,30.0,False,nan,11407560.0
In,2018-12-07 07:54:00,29.0,False,nan,11407680.0
In,2018-12-07 07:54:00,29.0,False,nan,11407680.0
In,2018-12-07 08:02:00,30.0,False,nan,11408160.0
In,2018-12-07 08:02:00,30.0,False,nan,11408160.0
In,2018-12-07 08:12:00,29.0,False,nan,11408760.0
In,2018-12-07 08:12:00,29.0,False,nan,11408760.0
In,2018-12-07 08:14:00,30.0,False,nan,11408880.0
In,2018-12-07 08:14:00,30.0,False,nan,11408880.0
In,2018-12-07 08:16:00,30.0,False,nan,11409000.0
In,2018-12-07 08:16:00,30.0,False,nan,11409000.0
In,2018-12-07 08:30:00,29.0,False,nan,11409840.0
In,2018-12-07 08:30:00,29.0,False,nan,11409840.0
In,2018-12-07 08:32:00,29.0,False,nan,11409960.0
In,2018-12-07 08:32:00,29.0,False,nan,11409960.0
In,2018-12-07 08:44:00,29.0,False,nan,11410680.0
In,2018-12-07 08:44:00,29.0,False,nan,11410680.0
In,2018-12-07 08:46:00,29.0,False,nan,11410800.0
In,2018-12-07 08:46:00,29.0,False,nan,11410800.0
In,2018-12-07 08:48:00,30.0,False,nan,11410920.0
In,2018-12-07 08:48:00,30.0,False,nan,11410920.0
In,2018-12-07 09:02:00,31.0,False,nan,11411760.0
In,2018-12-07 09:02:00,31.0,False,nan,11411760.0
In,2018-12-07 09:04:00,30.0,False,nan,11411880.0
In,2018-12-07 09:04:00,30.0,False,nan,11411880.0
In,2018-12-07 09:05:00,29.0,False,nan,11411940.0
In,2018-12-07 09:05:00,29.0,False,nan,11411940.0
In,2018-12-07 09:07:00,29.0,False,nan,11412060.0
In,2018-12-07 09:07:00,29.0,False,nan,11412060.0
In,2018-12-07 09:14:00,30.0,False,nan,11412480.0
In,2018-12-07 09:14:00,30.0,False,nan,11412480.0
In,2018-12-07 09:17:00,29.0,False,nan,11412660.0
In,2018-12-07 09:17:00,29.0,False,nan,11412660.0
In,2018-12-07 09:19:00,29.0,False,nan,11412780.0
In,2018-12-07 09:19:00,29.0,False,nan,11412780.0
In,2018-12-07 09:23:00,29.0,False,nan,11413020.0
In,2018-12-07 09:23:00,29.0,False,nan,11413020.0
In,2018-12-07 09:25:00,29.0,False,nan,11413140.0
In,2018-12-07 09:25:00,29.0,False,nan,11413140.0
In,2018-12-07 09:27:00,29.0,False,nan,11413260.0
In,2018-12-07 09:27:00,29.0,False,nan,11413260.0
In,2018-12-07 09:29:00,29.0,False,nan,11413380.0
In,2018-12-07 09:29:00,29.0,False,nan,11413380.0
In,2018-12-07 09:33:00,29.0,False,nan,11413620.0
In,2018-12-07 09:33:00,29.0,False,nan,11413620.0
In,2018-12-07 09:37:00,29.0,False,nan,11413860.0
In,2018-12-07 09:37:00,29.0,False,nan,11413860.0
In,2018-12-07 09:39:00,29.0,False,nan,11413980.0
In,2018-12-07 09:39:00,29.0,False,nan,11413980.0
In,2018-12-07 09:41:00,29.0,False,nan,11414100.0
In,2018-12-07 09:41:00,29.0,False,nan,11414100.0
In,2018-12-07 09:43:00,29.0,False,nan,11414220.0
In,2018-12-07 09:43:00,29.0,False,nan,11414220.0
In,2018-12-07 09:45:00,29.0,False,nan,11414340.0
In,2018-12-07 09:45:00,29.0,False,nan,11414340.0
In,2018-12-07 09:47:00,29.0,False,nan,11414460.0
In,2018-12-07 09:47:00,29.0,False,nan,11414460.0
In,2018-12-07 09:49:00,29.0,False,nan,11414580.0
In,2018-12-07 09:49:00,29.0,False,nan,11414580.0
In,2018-12-07 09:51:00,29.0,False,nan,11414700.0
In,2018-12-07 09:51:00,29.0,False,nan,11414700.0
In,2018-12-07 09:55:00,29.0,False,nan,11414940.0
In,2018-12-07 09:55:00,29.0,False,nan,11414940.0
In,2018-12-07 09:57:00,29.0,False,nan,11415060.0
In,2018-12-07 09:57:00,29.0,False,nan,11415060.0
In,2018-12-07 09:59:00,29.0,False,nan,11415180.0
In,2018-12-07 09:59:00,29.0,False,nan,11415180.0
In,2018-12-07 10:01:00,29.0,False,nan,11415300.0
In,2018-12-07 10:01:00,29.0,False,nan,11415300.0
In,2018-12-07 10:03:00,29.0,False,nan,11415420.0
In,2018-12-07 10:03:00,29.0,False,nan,11415420.0
In,2018-12-07 10:05:00,29.0,False,nan,11415540.0
In,2018-12-07 10:05:00,29.0,False,nan,11415540.0
In,2018-12-07 10:09:00,29.0,False,nan,11415780.0
In,2018-12-07 10:09:00,29.0,False,nan,11415780.0
In,2018-12-07 10:13:00,29.0,False,nan,11416020.0
In,2018-12-07 10:13:00,29.0,False,nan,11416020.0
In,2018-12-07 10:19:00,29.0,False,nan,11416380.0
In,2018-12-07 10:19:00,31.0,False,nan,11416380.0
In,2018-12-07 10:19:00,29.0,False,nan,11416380.0
In,2018-12-07 10:19:00,31.0,False,nan,11416380.0
In,2018-12-07 10:21:00,30.0,False,nan,11416500.0
In,2018-12-07 10:21:00,29.0,False,nan,11416500.0
In,2018-12-07 10:21:00,29.0,False,nan,11416500.0
In,2018-12-07 10:21:00,30.0,False,nan,11416500.0
In,2018-12-07 10:31:00,29.0,False,nan,11417100.0
In,2018-12-07 10:31:00,29.0,False,nan,11417100.0
In,2018-12-07 10:33:00,29.0,False,nan,11417220.0
In,2018-12-07 10:33:00,29.0,False,nan,11417220.0
In,2018-12-07 10:35:00,29.0,False,nan,11417340.0
In,2018-12-07 10:35:00,29.0,False,nan,11417340.0
In,2018-12-07 10:45:00,29.0,False,nan,11417940.0
In,2018-12-07 10:47:00,29.0,False,nan,11418060.0
In,2018-12-07 10:49:00,29.0,False,nan,11418180.0
In,2018-12-07 10:51:00,29.0,False,nan,11418300.0
In,2018-12-07 10:53:00,29.0,False,nan,11418420.0
In,2018-12-07 10:54:00,29.0,False,nan,11418480.0
In,2018-12-07 10:57:00,29.0,False,nan,11418660.0
In,2018-12-07 10:57:00,29.0,False,nan,11418660.0
In,2018-12-07 11:01:00,29.0,False,nan,11418900.0
In,2018-12-07 11:05:00,29.0,False,nan,11419140.0
In,2018-12-07 11:06:00,29.0,False,nan,11419200.0
In,2018-12-07 11:09:00,29.0,False,nan,11419380.0
In,2018-12-07 11:09:00,29.0,False,nan,11419380.0
In,2018-12-07 11:11:00,29.0,False,nan,11419500.0
In,2018-12-07 11:11:00,29.0,False,nan,11419500.0
In,2018-12-07 11:15:00,29.0,False,nan,11419740.0
In,2018-12-07 11:15:00,29.0,False,nan,11419740.0
In,2018-12-07 11:17:00,29.0,False,nan,11419860.0
In,2018-12-07 11:17:00,29.0,False,nan,11419860.0
In,2018-12-07 11:19:00,29.0,False,nan,11419980.0
In,2018-12-07 11:19:00,29.0,False,nan,11419980.0
In,2018-12-07 11:21:00,29.0,False,nan,11420100.0
In,2018-12-07 11:21:00,29.0,False,nan,11420100.0
In,2018-12-07 11:23:00,29.0,False,nan,11420220.0
In,2018-12-07 11:23:00,29.0,False,nan,11420220.0
In,2018-12-07 11:25:00,31.0,False,nan,11420340.0
In,2018-12-07 11:25:00,31.0,False,nan,11420340.0
In,2018-12-07 11:27:00,29.0,False,nan,11420460.0
In,2018-12-07 11:27:00,30.0,False,nan,11420460.0
In,2018-12-07 11:27:00,30.0,False,nan,11420460.0
In,2018-12-07 11:27:00,29.0,False,nan,11420460.0
In,2018-12-07 11:29:00,29.0,False,nan,11420580.0
In,2018-12-07 11:29:00,29.0,False,nan,11420580.0
In,2018-12-07 11:31:00,29.0,False,nan,11420700.0
In,2018-12-07 11:31:00,29.0,False,nan,11420700.0
In,2018-12-07 11:37:00,29.0,False,nan,11421060.0
In,2018-12-07 11:37:00,29.0,False,nan,11421060.0
In,2018-12-07 11:39:00,29.0,False,nan,11421180.0
In,2018-12-07 11:39:00,29.0,False,nan,11421180.0
In,2018-12-07 11:41:00,29.0,False,nan,11421300.0
In,2018-12-07 11:41:00,29.0,False,nan,11421300.0
In,2018-12-07 11:43:00,29.0,False,nan,11421420.0
In,2018-12-07 11:43:00,29.0,False,nan,11421420.0
In,2018-12-07 11:49:00,31.0,False,nan,11421780.0
In,2018-12-07 11:49:00,31.0,False,nan,11421780.0
In,2018-12-07 11:51:00,30.0,False,nan,11421900.0
In,2018-12-07 11:51:00,30.0,False,nan,11421900.0
In,2018-12-07 11:51:00,29.0,False,nan,11421900.0
In,2018-12-07 11:51:00,29.0,False,nan,11421900.0
In,2018-12-07 11:53:00,29.0,False,nan,11422020.0
In,2018-12-07 11:53:00,29.0,False,nan,11422020.0
In,2018-12-07 11:57:00,29.0,False,nan,11422260.0
In,2018-12-07 11:57:00,29.0,False,nan,11422260.0
In,2018-12-07 12:01:00,29.0,False,nan,11422500.0
In,2018-12-07 12:01:00,29.0,False,nan,11422500.0
In,2018-12-07 12:05:00,29.0,False,nan,11422740.0
In,2018-12-07 12:05:00,29.0,False,nan,11422740.0
In,2018-12-07 12:09:00,29.0,False,nan,11422980.0
In,2018-12-07 12:09:00,29.0,False,nan,11422980.0
In,2018-12-07 12:11:00,30.0,False,nan,11423100.0
In,2018-12-07 12:11:00,30.0,False,nan,11423100.0
In,2018-12-07 12:11:00,29.0,False,nan,11423100.0
In,2018-12-07 12:11:00,29.0,False,nan,11423100.0
In,2018-12-07 12:13:00,29.0,False,nan,11423220.0
In,2018-12-07 12:13:00,29.0,False,nan,11423220.0
In,2018-12-07 12:15:00,29.0,False,nan,11423340.0
In,2018-12-07 12:15:00,29.0,False,nan,11423340.0
In,2018-12-07 12:23:00,29.0,False,nan,11423820.0
In,2018-12-07 12:23:00,29.0,False,nan,11423820.0
In,2018-12-07 12:25:00,29.0,False,nan,11423940.0
In,2018-12-07 12:25:00,29.0,False,nan,11423940.0
In,2018-12-07 12:27:00,29.0,False,nan,11424060.0
In,2018-12-07 12:27:00,29.0,False,nan,11424060.0
In,2018-12-07 12:31:00,29.0,False,nan,11424300.0
In,2018-12-07 12:31:00,29.0,False,nan,11424300.0
In,2018-12-07 12:33:00,29.0,False,nan,11424420.0
In,2018-12-07 12:33:00,29.0,False,nan,11424420.0
In,2018-12-07 12:35:00,29.0,False,nan,11424540.0
In,2018-12-07 12:35:00,29.0,False,nan,11424540.0
In,2018-12-07 12:37:00,29.0,False,nan,11424660.0
In,2018-12-07 12:37:00,29.0,False,nan,11424660.0
In,2018-12-07 12:43:00,29.0,False,nan,11425020.0
In,2018-12-07 12:43:00,29.0,False,nan,11425020.0
In,2018-12-07 12:45:00,29.0,False,nan,11425140.0
In,2018-12-07 12:45:00,29.0,False,nan,11425140.0
In,2018-12-07 12:50:00,30.0,False,nan,11425440.0
In,2018-12-07 12:50:00,29.0,False,nan,11425440.0
In,2018-12-07 12:50:00,29.0,False,nan,11425440.0
In,2018-12-07 12:50:00,30.0,False,nan,11425440.0
In,2018-12-07 12:52:00,29.0,False,nan,11425560.0
In,2018-12-07 12:52:00,29.0,False,nan,11425560.0
In,2018-12-07 12:54:00,29.0,False,nan,11425680.0
In,2018-12-07 12:54:00,30.0,False,nan,11425680.0
In,2018-12-07 12:54:00,30.0,False,nan,11425680.0
In,2018-12-07 12:54:00,29.0,False,nan,11425680.0
In,2018-12-07 12:56:00,29.0,False,nan,11425800.0
In,2018-12-07 12:56:00,30.0,False,nan,11425800.0
In,2018-12-07 12:56:00,29.0,False,nan,11425800.0
In,2018-12-07 12:56:00,30.0,False,nan,11425800.0
In,2018-12-07 12:59:00,29.0,False,nan,11425980.0
In,2018-12-07 12:59:00,29.0,False,nan,11425980.0
In,2018-12-07 12:59:00,30.0,False,nan,11425980.0
In,2018-12-07 12:59:00,30.0,False,nan,11425980.0
In,2018-12-07 13:01:00,29.0,False,nan,11426100.0
In,2018-12-07 13:01:00,29.0,False,nan,11426100.0
In,2018-12-07 13:03:00,29.0,False,nan,11426220.0
In,2018-12-07 13:03:00,29.0,False,nan,11426220.0
In,2018-12-07 13:05:00,29.0,False,nan,11426340.0
In,2018-12-07 13:05:00,29.0,False,nan,11426340.0
In,2018-12-07 13:07:00,29.0,False,nan,11426460.0
In,2018-12-07 13:07:00,29.0,False,nan,11426460.0
In,2018-12-07 13:07:00,30.0,False,nan,11426460.0
In,2018-12-07 13:07:00,30.0,False,nan,11426460.0
In,2018-12-07 13:09:00,29.0,False,nan,11426580.0
In,2018-12-07 13:09:00,30.0,False,nan,11426580.0
In,2018-12-07 13:09:00,30.0,False,nan,11426580.0
In,2018-12-07 13:09:00,29.0,False,nan,11426580.0
In,2018-12-07 13:11:00,30.0,False,nan,11426700.0
In,2018-12-07 13:11:00,29.0,False,nan,11426700.0
In,2018-12-07 13:11:00,29.0,False,nan,11426700.0
In,2018-12-07 13:11:00,30.0,False,nan,11426700.0
In,2018-12-07 13:13:00,30.0,False,nan,11426820.0
In,2018-12-07 13:13:00,30.0,False,nan,11426820.0
In,2018-12-07 13:19:00,29.0,False,nan,11427180.0
In,2018-12-07 13:19:00,29.0,False,nan,11427180.0
In,2018-12-07 13:21:00,29.0,False,nan,11427300.0
In,2018-12-07 13:21:00,29.0,False,nan,11427300.0
In,2018-12-07 13:23:00,29.0,False,nan,11427420.0
In,2018-12-07 13:23:00,29.0,False,nan,11427420.0
In,2018-12-07 13:25:00,29.0,False,nan,11427540.0
In,2018-12-07 13:25:00,29.0,False,nan,11427540.0
In,2018-12-07 13:27:00,29.0,False,nan,11427660.0
In,2018-12-07 13:27:00,29.0,False,nan,11427660.0
In,2018-12-07 13:29:00,29.0,False,nan,11427780.0
In,2018-12-07 13:29:00,29.0,False,nan,11427780.0
In,2018-12-07 13:31:00,29.0,False,nan,11427900.0
In,2018-12-07 13:31:00,29.0,False,nan,11427900.0
In,2018-12-07 13:33:00,29.0,False,nan,11428020.0
In,2018-12-07 13:33:00,29.0,False,nan,11428020.0
In,2018-12-07 13:35:00,29.0,False,nan,11428140.0
In,2018-12-07 13:35:00,29.0,False,nan,11428140.0
In,2018-12-07 13:43:00,29.0,False,nan,11428620.0
In,2018-12-07 13:43:00,29.0,False,nan,11428620.0
In,2018-12-07 13:45:00,29.0,False,nan,11428740.0
In,2018-12-07 13:45:00,30.0,False,nan,11428740.0
In,2018-12-07 13:45:00,30.0,False,nan,11428740.0
In,2018-12-07 13:45:00,29.0,False,nan,11428740.0
In,2018-12-07 13:52:00,29.0,False,nan,11429160.0
In,2018-12-07 13:52:00,29.0,False,nan,11429160.0
In,2018-12-07 13:54:00,29.0,False,nan,11429280.0
In,2018-12-07 13:54:00,29.0,False,nan,11429280.0
In,2018-12-07 13:58:00,29.0,False,nan,11429520.0
In,2018-12-07 13:58:00,29.0,False,nan,11429520.0
In,2018-12-07 14:00:00,29.0,False,nan,11429640.0
In,2018-12-07 14:00:00,29.0,False,nan,11429640.0
In,2018-12-07 14:06:00,29.0,False,nan,11430000.0
In,2018-12-07 14:06:00,29.0,False,nan,11430000.0
In,2018-12-07 14:08:00,29.0,False,nan,11430120.0
In,2018-12-07 14:08:00,29.0,False,nan,11430120.0
In,2018-12-07 14:12:00,29.0,False,nan,11430360.0
In,2018-12-07 14:12:00,29.0,False,nan,11430360.0
In,2018-12-07 14:14:00,29.0,False,nan,11430480.0
In,2018-12-07 14:14:00,29.0,False,nan,11430480.0
In,2018-12-07 14:16:00,29.0,False,nan,11430600.0
In,2018-12-07 14:16:00,29.0,False,nan,11430600.0
In,2018-12-07 14:18:00,29.0,False,nan,11430720.0
In,2018-12-07 14:18:00,29.0,False,nan,11430720.0
In,2018-12-07 14:24:00,29.0,False,nan,11431080.0
In,2018-12-07 14:24:00,29.0,False,nan,11431080.0
In,2018-12-07 14:26:00,29.0,False,nan,11431200.0
In,2018-12-07 14:26:00,29.0,False,nan,11431200.0
In,2018-12-07 14:28:00,29.0,False,nan,11431320.0
In,2018-12-07 14:28:00,29.0,False,nan,11431320.0
In,2018-12-07 14:30:00,29.0,False,nan,11431440.0
In,2018-12-07 14:30:00,29.0,False,nan,11431440.0
In,2018-12-07 14:32:00,29.0,False,nan,11431560.0
In,2018-12-07 14:32:00,29.0,False,nan,11431560.0
In,2018-12-07 14:34:00,29.0,False,nan,11431680.0
In,2018-12-07 14:34:00,29.0,False,nan,11431680.0
In,2018-12-07 14:42:00,29.0,False,nan,11432160.0
In,2018-12-07 14:42:00,29.0,False,nan,11432160.0
In,2018-12-07 14:44:00,29.0,False,nan,11432280.0
In,2018-12-07 14:44:00,29.0,False,nan,11432280.0
In,2018-12-07 14:46:00,29.0,False,nan,11432400.0
In,2018-12-07 14:46:00,29.0,False,nan,11432400.0
In,2018-12-07 14:48:00,29.0,False,nan,11432520.0
In,2018-12-07 14:48:00,29.0,False,nan,11432520.0
In,2018-12-07 14:50:00,29.0,False,nan,11432640.0
In,2018-12-07 14:50:00,29.0,False,nan,11432640.0
In,2018-12-07 14:52:00,29.0,False,nan,11432760.0
In,2018-12-07 14:52:00,29.0,False,nan,11432760.0
In,2018-12-07 14:58:00,29.0,False,nan,11433120.0
In,2018-12-07 14:58:00,29.0,False,nan,11433120.0
In,2018-12-07 15:00:00,29.0,False,nan,11433240.0
In,2018-12-07 15:00:00,29.0,False,nan,11433240.0
In,2018-12-07 15:04:00,29.0,False,nan,11433480.0
In,2018-12-07 15:04:00,29.0,False,nan,11433480.0
In,2018-12-07 15:06:00,29.0,False,nan,11433600.0
In,2018-12-07 15:06:00,29.0,False,nan,11433600.0
In,2018-12-07 15:08:00,29.0,False,nan,11433720.0
In,2018-12-07 15:08:00,29.0,False,nan,11433720.0
In,2018-12-07 15:10:00,29.0,False,nan,11433840.0
In,2018-12-07 15:10:00,29.0,False,nan,11433840.0
In,2018-12-07 15:12:00,29.0,False,nan,11433960.0
In,2018-12-07 15:12:00,29.0,False,nan,11433960.0
In,2018-12-07 15:22:00,29.0,False,nan,11434560.0
In,2018-12-07 15:22:00,29.0,False,nan,11434560.0
In,2018-12-07 15:28:00,29.0,False,nan,11434920.0
In,2018-12-07 15:28:00,29.0,False,nan,11434920.0
In,2018-12-07 15:30:00,29.0,False,nan,11435040.0
In,2018-12-07 15:30:00,29.0,False,nan,11435040.0
In,2018-12-07 15:32:00,29.0,False,nan,11435160.0
In,2018-12-07 15:32:00,29.0,False,nan,11435160.0
In,2018-12-07 15:34:00,29.0,False,nan,11435280.0
In,2018-12-07 15:34:00,29.0,False,nan,11435280.0
In,2018-12-07 15:36:00,29.0,False,nan,11435400.0
In,2018-12-07 15:36:00,29.0,False,nan,11435400.0
In,2018-12-07 15:40:00,29.0,False,nan,11435640.0
In,2018-12-07 15:40:00,29.0,False,nan,11435640.0
In,2018-12-07 15:50:00,29.0,False,nan,11436240.0
In,2018-12-07 15:50:00,29.0,False,nan,11436240.0
In,2018-12-07 15:52:00,29.0,False,nan,11436360.0
In,2018-12-07 15:52:00,29.0,False,nan,11436360.0
In,2018-12-07 16:00:00,29.0,False,nan,11436840.0
In,2018-12-07 16:00:00,29.0,False,nan,11436840.0
In,2018-12-07 16:04:00,29.0,False,nan,11437080.0
In,2018-12-07 16:04:00,29.0,False,nan,11437080.0
In,2018-12-07 16:06:00,29.0,False,nan,11437200.0
In,2018-12-07 16:06:00,29.0,False,nan,11437200.0
In,2018-12-07 16:08:00,29.0,False,nan,11437320.0
In,2018-12-07 16:08:00,29.0,False,nan,11437320.0
In,2018-12-07 16:10:00,29.0,False,nan,11437440.0
In,2018-12-07 16:10:00,29.0,False,nan,11437440.0
In,2018-12-07 16:12:00,29.0,False,nan,11437560.0
In,2018-12-07 16:12:00,29.0,False,nan,11437560.0
In,2018-12-07 16:14:00,29.0,False,nan,11437680.0
In,2018-12-07 16:14:00,29.0,False,nan,11437680.0
In,2018-12-07 16:16:00,29.0,False,nan,11437800.0
In,2018-12-07 16:16:00,29.0,False,nan,11437800.0
In,2018-12-07 16:18:00,29.0,False,nan,11437920.0
In,2018-12-07 16:18:00,29.0,False,nan,11437920.0
In,2018-12-07 16:20:00,29.0,False,nan,11438040.0
In,2018-12-07 16:20:00,29.0,False,nan,11438040.0
In,2018-12-07 16:22:00,29.0,False,nan,11438160.0
In,2018-12-07 16:22:00,29.0,False,nan,11438160.0
In,2018-12-07 16:24:00,29.0,False,nan,11438280.0
In,2018-12-07 16:24:00,29.0,False,nan,11438280.0
In,2018-12-07 16:26:00,29.0,False,nan,11438400.0
In,2018-12-07 16:26:00,29.0,False,nan,11438400.0
In,2018-12-07 16:28:00,29.0,False,nan,11438520.0
In,2018-12-07 16:28:00,29.0,False,nan,11438520.0
In,2018-12-07 16:30:00,29.0,False,nan,11438640.0
In,2018-12-07 16:30:00,29.0,False,nan,11438640.0
In,2018-12-07 16:32:00,29.0,False,nan,11438760.0
In,2018-12-07 16:32:00,29.0,False,nan,11438760.0
In,2018-12-07 16:36:00,29.0,False,nan,11439000.0
In,2018-12-07 16:36:00,29.0,False,nan,11439000.0
In,2018-12-07 16:38:00,29.0,False,nan,11439120.0
In,2018-12-07 16:38:00,29.0,False,nan,11439120.0
In,2018-12-07 16:40:00,29.0,False,nan,11439240.0
In,2018-12-07 16:40:00,29.0,False,nan,11439240.0
In,2018-12-07 16:42:00,29.0,False,nan,11439360.0
In,2018-12-07 16:42:00,29.0,False,nan,11439360.0
In,2018-12-07 16:44:00,29.0,False,nan,11439480.0
In,2018-12-07 16:44:00,29.0,False,nan,11439480.0
In,2018-12-07 16:46:00,29.0,False,nan,11439600.0
In,2018-12-07 16:46:00,31.0,False,nan,11439600.0
In,2018-12-07 16:46:00,31.0,False,nan,11439600.0
In,2018-12-07 16:46:00,29.0,False,nan,11439600.0
In,2018-12-07 16:48:00,30.0,False,nan,11439720.0
In,2018-12-07 16:48:00,30.0,False,nan,11439720.0
In,2018-12-07 16:54:00,29.0,False,nan,11440080.0
In,2018-12-07 16:54:00,29.0,False,nan,11440080.0
In,2018-12-07 16:56:00,29.0,False,nan,11440200.0
In,2018-12-07 16:56:00,29.0,False,nan,11440200.0
In,2018-12-07 16:58:00,29.0,False,nan,11440320.0
In,2018-12-07 16:58:00,29.0,False,nan,11440320.0
In,2018-12-07 17:04:00,29.0,False,nan,11440680.0
In,2018-12-07 17:04:00,29.0,False,nan,11440680.0
In,2018-12-07 17:06:00,29.0,False,nan,11440800.0
In,2018-12-07 17:06:00,29.0,False,nan,11440800.0
In,2018-12-07 17:14:00,37.25825358138152,True,step,11441280.0
In,2018-12-07 17:14:00,37.25825358138152,True,step,11441280.0
In,2018-12-07 17:16:00,37.25825358138152,True,step,11441400.0
In,2018-12-07 17:16:00,37.25825358138152,True,step,11441400.0
In,2018-12-07 17:18:00,37.25825358138152,True,step,11441520.0
In,2018-12-07 17:18:00,37.25825358138152,True,step,11441520.0
In,2018-12-07 17:20:00,37.25825358138152,True,step,11441640.0
In,2018-12-07 17:20:00,37.25825358138152,True,step,11441640.0
In,2018-12-07 17:26:00,37.25825358138152,True,step,11442000.0
In,2018-12-07 17:26:00,37.25825358138152,True,step,11442000.0
In,2018-12-07 17:28:00,37.25825358138152,True,step,11442120.0
In,2018-12-07 17:28:00,37.25825358138152,True,step,11442120.0
In,2018-12-07 17:30:00,37.25825358138152,True,step,11442240.0
In,2018-12-07 17:30:00,37.25825358138152,True,step,11442240.0
In,2018-12-07 17:32:00,29.0,False,nan,11442360.0
In,2018-12-07 17:32:00,29.0,False,nan,11442360.0
In,2018-12-07 17:40:00,29.0,False,nan,11442840.0
In,2018-12-07 17:40:00,29.0,False,nan,11442840.0
In,2018-12-07 17:42:00,29.0,False,nan,11442960.0
In,2018-12-07 17:42:00,29.0,False,nan,11442960.0
In,2018-12-07 17:44:00,29.0,False,nan,11443080.0
In,2018-12-07 17:44:00,29.0,False,nan,11443080.0
In,2018-12-07 17:46:00,29.0,False,nan,11443200.0
In,2018-12-07 17:46:00,29.0,False,nan,11443200.0
In,2018-12-07 17:48:00,29.0,False,nan,11443320.0
In,2018-12-07 17:48:00,29.0,False,nan,11443320.0
In,2018-12-07 17:50:00,29.0,False,nan,11443440.0
In,2018-12-07 17:50:00,29.0,False,nan,11443440.0
In,2018-12-07 17:52:00,29.0,False,nan,11443560.0
In,2018-12-07 17:52:00,29.0,False,nan,11443560.0
In,2018-12-07 17:54:00,29.0,False,nan,11443680.0
In,2018-12-07 17:54:00,29.0,False,nan,11443680.0
In,2018-12-07 17:56:00,29.0,False,nan,11443800.0
In,2018-12-07 17:56:00,29.0,False,nan,11443800.0
In,2018-12-07 18:02:00,29.0,False,nan,11444160.0
In,2018-12-07 18:02:00,29.0,False,nan,11444160.0
In,2018-12-07 18:04:00,29.0,False,nan,11444280.0
In,2018-12-07 18:04:00,29.0,False,nan,11444280.0
In,2018-12-07 18:06:00,29.0,False,nan,11444400.0
In,2018-12-07 18:06:00,29.0,False,nan,11444400.0
In,2018-12-07 18:08:00,29.0,False,nan,11444520.0
In,2018-12-07 18:08:00,29.0,False,nan,11444520.0
In,2018-12-07 18:14:00,29.0,False,nan,11444880.0
In,2018-12-07 18:14:00,29.0,False,nan,11444880.0
In,2018-12-07 18:16:00,29.0,False,nan,11445000.0
In,2018-12-07 18:16:00,29.0,False,nan,11445000.0
In,2018-12-07 18:18:00,29.0,False,nan,11445120.0
In,2018-12-07 18:18:00,29.0,False,nan,11445120.0
In,2018-12-07 18:20:00,29.0,False,nan,11445240.0
In,2018-12-07 18:20:00,29.0,False,nan,11445240.0
In,2018-12-07 18:22:00,29.0,False,nan,11445360.0
In,2018-12-07 18:22:00,29.0,False,nan,11445360.0
In,2018-12-07 18:26:00,29.0,False,nan,11445600.0
In,2018-12-07 18:26:00,29.0,False,nan,11445600.0
In,2018-12-07 18:30:00,29.0,False,nan,11445840.0
In,2018-12-07 18:30:00,29.0,False,nan,11445840.0
In,2018-12-07 18:34:00,29.0,False,nan,11446080.0
In,2018-12-07 18:34:00,29.0,False,nan,11446080.0
In,2018-12-07 18:40:00,29.0,False,nan,11446440.0
In,2018-12-07 18:40:00,29.0,False,nan,11446440.0
In,2018-12-07 18:42:00,29.0,False,nan,11446560.0
In,2018-12-07 18:42:00,29.0,False,nan,11446560.0
In,2018-12-07 18:44:00,29.0,False,nan,11446680.0
In,2018-12-07 18:44:00,29.0,False,nan,11446680.0
In,2018-12-07 18:46:00,29.0,False,nan,11446800.0
In,2018-12-07 18:46:00,29.0,False,nan,11446800.0
In,2018-12-07 18:50:00,29.0,False,nan,11447040.0
In,2018-12-07 18:50:00,29.0,False,nan,11447040.0
In,2018-12-07 18:56:00,29.0,False,nan,11447400.0
In,2018-12-07 18:56:00,29.0,False,nan,11447400.0
In,2018-12-07 18:58:00,29.0,False,nan,11447520.0
In,2018-12-07 18:58:00,29.0,False,nan,11447520.0
In,2018-12-07 19:02:00,29.0,False,nan,11447760.0
In,2018-12-07 19:02:00,29.0,False,nan,11447760.0
In,2018-12-07 19:04:00,29.0,False,nan,11447880.0
In,2018-12-07 19:04:00,29.0,False,nan,11447880.0
In,2018-12-07 19:06:00,29.0,False,nan,11448000.0
In,2018-12-07 19:06:00,29.0,False,nan,11448000.0
In,2018-12-07 19:08:00,29.0,False,nan,11448120.0
In,2018-12-07 19:08:00,29.0,False,nan,11448120.0
In,2018-12-07 19:10:00,29.0,False,nan,11448240.0
In,2018-12-07 19:10:00,29.0,False,nan,11448240.0
In,2018-12-07 19:14:00,29.0,False,nan,11448480.0
In,2018-12-07 19:14:00,29.0,False,nan,11448480.0
In,2018-12-07 19:16:00,29.0,False,nan,11448600.0
In,2018-12-07 19:16:00,29.0,False,nan,11448600.0
In,2018-12-07 19:22:00,29.0,False,nan,11448960.0
In,2018-12-07 19:22:00,29.0,False,nan,11448960.0
In,2018-12-07 19:24:00,29.0,False,nan,11449080.0
In,2018-12-07 19:24:00,29.0,False,nan,11449080.0
In,2018-12-07 19:26:00,29.0,False,nan,11449200.0
In,2018-12-07 19:26:00,29.0,False,nan,11449200.0
In,2018-12-07 19:28:00,29.0,False,nan,11449320.0
In,2018-12-07 19:28:00,29.0,False,nan,11449320.0
In,2018-12-07 19:32:00,29.0,False,nan,11449560.0
In,2018-12-07 19:32:00,29.0,False,nan,11449560.0
In,2018-12-07 19:36:00,29.0,False,nan,11449800.0
In,2018-12-07 19:36:00,29.0,False,nan,11449800.0
In,2018-12-07 19:42:00,29.0,False,nan,11450160.0
In,2018-12-07 19:42:00,29.0,False,nan,11450160.0
In,2018-12-07 19:44:00,29.0,False,nan,11450280.0
In,2018-12-07 19:44:00,29.0,False,nan,11450280.0
In,2018-12-07 19:46:00,29.0,False,nan,11450400.0
In,2018-12-07 19:46:00,29.0,False,nan,11450400.0
In,2018-12-07 19:48:00,29.0,False,nan,11450520.0
In,2018-12-07 19:48:00,29.0,False,nan,11450520.0
In,2018-12-07 19:50:00,29.0,False,nan,11450640.0
In,2018-12-07 19:50:00,29.0,False,nan,11450640.0
In,2018-12-07 19:52:00,29.0,False,nan,11450760.0
In,2018-12-07 19:52:00,29.0,False,nan,11450760.0
In,2018-12-07 19:54:00,29.0,False,nan,11450880.0
In,2018-12-07 19:54:00,29.0,False,nan,11450880.0
In,2018-12-07 19:56:00,29.0,False,nan,11451000.0
In,2018-12-07 19:56:00,29.0,False,nan,11451000.0
In,2018-12-07 20:00:00,29.0,False,nan,11451240.0
In,2018-12-07 20:00:00,29.0,False,nan,11451240.0
In,2018-12-07 20:02:00,29.0,False,nan,11451360.0
In,2018-12-07 20:02:00,29.0,False,nan,11451360.0
In,2018-12-07 20:04:00,29.0,False,nan,11451480.0
In,2018-12-07 20:04:00,29.0,False,nan,11451480.0
In,2018-12-07 20:10:00,29.0,False,nan,11451840.0
In,2018-12-07 20:10:00,29.0,False,nan,11451840.0
In,2018-12-07 20:14:00,29.0,False,nan,11452080.0
In,2018-12-07 20:14:00,29.0,False,nan,11452080.0
In,2018-12-07 20:16:00,30.0,False,nan,11452200.0
In,2018-12-07 20:16:00,30.0,False,nan,11452200.0
In,2018-12-07 20:16:00,29.0,False,nan,11452200.0
In,2018-12-07 20:16:00,29.0,False,nan,11452200.0
In,2018-12-07 20:18:00,29.0,False,nan,11452320.0
In,2018-12-07 20:18:00,29.0,False,nan,11452320.0
In,2018-12-07 20:18:00,30.0,False,nan,11452320.0
In,2018-12-07 20:18:00,30.0,False,nan,11452320.0
In,2018-12-07 20:20:00,30.0,False,nan,11452440.0
In,2018-12-07 20:20:00,30.0,False,nan,11452440.0
In,2018-12-07 20:22:00,30.0,False,nan,11452560.0
In,2018-12-07 20:22:00,30.0,False,nan,11452560.0
In,2018-12-07 20:24:00,29.0,False,nan,11452680.0
In,2018-12-07 20:24:00,29.0,False,nan,11452680.0
In,2018-12-07 20:26:00,30.0,False,nan,11452800.0
In,2018-12-07 20:26:00,30.0,False,nan,11452800.0
In,2018-12-07 20:26:00,29.0,False,nan,11452800.0
In,2018-12-07 20:26:00,29.0,False,nan,11452800.0
In,2018-12-07 20:28:00,29.0,False,nan,11452920.0
In,2018-12-07 20:28:00,30.0,False,nan,11452920.0
In,2018-12-07 20:28:00,30.0,False,nan,11452920.0
In,2018-12-07 20:28:00,29.0,False,nan,11452920.0
In,2018-12-07 20:32:00,29.0,False,nan,11453160.0
In,2018-12-07 20:32:00,29.0,False,nan,11453160.0
In,2018-12-07 20:34:00,29.0,False,nan,11453280.0
In,2018-12-07 20:34:00,29.0,False,nan,11453280.0
In,2018-12-07 20:40:00,29.0,False,nan,11453640.0
In,2018-12-07 20:40:00,29.0,False,nan,11453640.0
In,2018-12-07 20:42:00,29.0,False,nan,11453760.0
In,2018-12-07 20:42:00,29.0,False,nan,11453760.0
In,2018-12-07 20:44:00,29.0,False,nan,11453880.0
In,2018-12-07 20:44:00,29.0,False,nan,11453880.0
In,2018-12-07 20:44:00,30.0,False,nan,11453880.0
In,2018-12-07 20:44:00,30.0,False,nan,11453880.0
In,2018-12-07 20:48:00,29.0,False,nan,11454120.0
In,2018-12-07 20:48:00,29.0,False,nan,11454120.0
In,2018-12-07 20:52:00,29.0,False,nan,11454360.0
In,2018-12-07 20:52:00,29.0,False,nan,11454360.0
In,2018-12-07 20:54:00,29.0,False,nan,11454480.0
In,2018-12-07 20:54:00,29.0,False,nan,11454480.0
In,2018-12-07 20:56:00,29.0,False,nan,11454600.0
In,2018-12-07 20:56:00,29.0,False,nan,11454600.0
In,2018-12-07 20:56:00,30.0,False,nan,11454600.0
In,2018-12-07 20:56:00,30.0,False,nan,11454600.0
In,2018-12-07 20:58:00,29.0,False,nan,11454720.0
In,2018-12-07 20:58:00,29.0,False,nan,11454720.0
In,2018-12-07 21:02:00,29.0,False,nan,11454960.0
In,2018-12-07 21:02:00,29.0,False,nan,11454960.0
In,2018-12-07 21:06:00,29.0,False,nan,11455200.0
In,2018-12-07 21:06:00,29.0,False,nan,11455200.0
In,2018-12-07 21:08:00,29.0,False,nan,11455320.0
In,2018-12-07 21:08:00,29.0,False,nan,11455320.0
In,2018-12-07 21:10:00,29.0,False,nan,11455440.0
In,2018-12-07 21:10:00,29.0,False,nan,11455440.0
In,2018-12-07 21:12:00,29.0,False,nan,11455560.0
In,2018-12-07 21:12:00,29.0,False,nan,11455560.0
In,2018-12-07 21:14:00,29.0,False,nan,11455680.0
In,2018-12-07 21:14:00,29.0,False,nan,11455680.0
In,2018-12-07 21:16:00,29.0,False,nan,11455800.0
In,2018-12-07 21:16:00,29.0,False,nan,11455800.0
In,2018-12-07 21:20:00,30.0,False,nan,11456040.0
In,2018-12-07 21:20:00,30.0,False,nan,11456040.0
In,2018-12-07 21:22:00,30.0,False,nan,11456160.0
In,2018-12-07 21:22:00,30.0,False,nan,11456160.0
In,2018-12-07 21:24:00,29.0,False,nan,11456280.0
In,2018-12-07 21:24:00,29.0,False,nan,11456280.0
In,2018-12-07 21:26:00,30.0,False,nan,11456400.0
In,2018-12-07 21:26:00,30.0,False,nan,11456400.0
In,2018-12-07 21:28:00,29.0,False,nan,11456520.0
In,2018-12-07 21:28:00,29.0,False,nan,11456520.0
In,2018-12-07 21:28:00,30.0,False,nan,11456520.0
In,2018-12-07 21:28:00,30.0,False,nan,11456520.0
In,2018-12-07 21:30:00,29.0,False,nan,11456640.0
In,2018-12-07 21:30:00,29.0,False,nan,11456640.0
In,2018-12-07 21:32:00,29.0,False,nan,11456760.0
In,2018-12-07 21:32:00,29.0,False,nan,11456760.0
In,2018-12-07 21:34:00,29.0,False,nan,11456880.0
In,2018-12-07 21:34:00,30.0,False,nan,11456880.0
In,2018-12-07 21:34:00,30.0,False,nan,11456880.0
In,2018-12-07 21:34:00,29.0,False,nan,11456880.0
In,2018-12-07 21:36:00,30.0,False,nan,11457000.0
In,2018-12-07 21:36:00,30.0,False,nan,11457000.0
In,2018-12-07 21:38:00,29.0,False,nan,11457120.0
In,2018-12-07 21:38:00,29.0,False,nan,11457120.0
In,2018-12-07 21:42:00,29.0,False,nan,11457360.0
In,2018-12-07 21:42:00,29.0,False,nan,11457360.0
In,2018-12-07 21:44:00,29.0,False,nan,11457480.0
In,2018-12-07 21:44:00,29.0,False,nan,11457480.0
In,2018-12-07 21:46:00,29.0,False,nan,11457600.0
In,2018-12-07 21:46:00,29.0,False,nan,11457600.0
In,2018-12-07 21:52:00,29.0,False,nan,11457960.0
In,2018-12-07 21:52:00,29.0,False,nan,11457960.0
In,2018-12-07 21:56:00,29.0,False,nan,11458200.0
In,2018-12-07 21:56:00,29.0,False,nan,11458200.0
In,2018-12-07 21:58:00,29.0,False,nan,11458320.0
In,2018-12-07 21:58:00,29.0,False,nan,11458320.0
In,2018-12-07 22:00:00,29.0,False,nan,11458440.0
In,2018-12-07 22:00:00,29.0,False,nan,11458440.0
In,2018-12-07 22:04:00,29.0,False,nan,11458680.0
In,2018-12-07 22:04:00,29.0,False,nan,11458680.0
In,2018-12-07 22:08:00,29.0,False,nan,11458920.0
In,2018-12-07 22:08:00,29.0,False,nan,11458920.0
In,2018-12-07 22:14:00,29.0,False,nan,11459280.0
In,2018-12-07 22:14:00,29.0,False,nan,11459280.0
In,2018-12-07 22:22:00,29.0,False,nan,11459760.0
In,2018-12-07 22:23:00,29.0,False,nan,11459820.0
In,2018-12-07 22:24:00,29.0,False,nan,11459880.0
In,2018-12-07 22:25:00,29.0,False,nan,11459940.0
In,2018-12-07 22:34:00,29.0,False,nan,11460480.0
In,2018-12-07 22:35:00,29.0,False,nan,11460540.0
In,2018-12-07 22:36:00,29.0,False,nan,11460600.0
In,2018-12-07 22:37:00,29.0,False,nan,11460660.0
In,2018-12-07 22:38:00,29.0,False,nan,11460720.0
In,2018-12-07 22:39:00,29.0,False,nan,11460780.0
In,2018-12-07 22:42:00,29.0,False,nan,11460960.0
In,2018-12-07 22:43:00,29.0,False,nan,11461020.0
In,2018-12-07 22:44:00,29.0,False,nan,11461080.0
In,2018-12-07 22:45:00,29.0,False,nan,11461140.0
In,2018-12-07 22:47:00,29.0,False,nan,11461260.0
In,2018-12-07 22:47:00,29.0,False,nan,11461260.0
In,2018-12-07 22:51:00,29.0,False,nan,11461500.0
In,2018-12-07 22:51:00,29.0,False,nan,11461500.0
In,2018-12-07 22:55:00,29.0,False,nan,11461740.0
In,2018-12-07 22:55:00,29.0,False,nan,11461740.0
In,2018-12-07 22:57:00,29.0,False,nan,11461860.0
In,2018-12-07 22:57:00,29.0,False,nan,11461860.0
In,2018-12-07 22:59:00,29.0,False,nan,11461980.0
In,2018-12-07 22:59:00,29.0,False,nan,11461980.0
In,2018-12-07 23:03:00,29.0,False,nan,11462220.0
In,2018-12-07 23:03:00,29.0,False,nan,11462220.0
In,2018-12-07 23:05:00,29.0,False,nan,11462340.0
In,2018-12-07 23:05:00,29.0,False,nan,11462340.0
In,2018-12-07 23:07:00,29.0,False,nan,11462460.0
In,2018-12-07 23:07:00,29.0,False,nan,11462460.0
In,2018-12-07 23:09:00,29.0,False,nan,11462580.0
In,2018-12-07 23:09:00,29.0,False,nan,11462580.0
In,2018-12-07 23:11:00,29.0,False,nan,11462700.0
In,2018-12-07 23:11:00,29.0,False,nan,11462700.0
In,2018-12-07 23:13:00,29.0,False,nan,11462820.0
In,2018-12-07 23:13:00,29.0,False,nan,11462820.0
In,2018-12-07 23:15:00,29.0,False,nan,11462940.0
In,2018-12-07 23:15:00,29.0,False,nan,11462940.0
In,2018-12-07 23:17:00,29.0,False,nan,11463060.0
In,2018-12-07 23:17:00,29.0,False,nan,11463060.0
In,2018-12-07 23:19:00,29.0,False,nan,11463180.0
In,2018-12-07 23:19:00,29.0,False,nan,11463180.0
In,2018-12-07 23:21:00,29.0,False,nan,11463300.0
In,2018-12-07 23:21:00,29.0,False,nan,11463300.0
In,2018-12-07 23:29:00,29.0,False,nan,11463780.0
In,2018-12-07 23:29:00,29.0,False,nan,11463780.0
In,2018-12-07 23:31:00,29.0,False,nan,11463900.0
In,2018-12-07 23:31:00,29.0,False,nan,11463900.0
In,2018-12-07 23:33:00,29.0,False,nan,11464020.0
In,2018-12-07 23:33:00,29.0,False,nan,11464020.0
In,2018-12-07 23:37:00,29.0,False,nan,11464260.0
In,2018-12-07 23:37:00,29.0,False,nan,11464260.0
In,2018-12-07 23:41:00,29.0,False,nan,11464500.0
In,2018-12-07 23:41:00,29.0,False,nan,11464500.0
In,2018-12-07 23:51:00,29.0,False,nan,11465100.0
In,2018-12-07 23:51:00,29.0,False,nan,11465100.0
In,2018-12-07 23:53:00,29.0,False,nan,11465220.0
In,2018-12-07 23:53:00,29.0,False,nan,11465220.0
In,2018-12-08 00:03:00,29.0,False,nan,11465820.0
In,2018-12-08 00:03:00,29.0,False,nan,11465820.0
In,2018-12-08 00:05:00,29.0,False,nan,11465940.0
In,2018-12-08 00:05:00,29.0,False,nan,11465940.0
In,2018-12-08 00:09:00,29.0,False,nan,11466180.0
In,2018-12-08 00:09:00,29.0,False,nan,11466180.0
In,2018-12-08 00:11:00,29.0,False,nan,11466300.0
In,2018-12-08 00:11:00,29.0,False,nan,11466300.0
In,2018-12-08 00:13:00,29.0,False,nan,11466420.0
In,2018-12-08 00:13:00,29.0,False,nan,11466420.0
In,2018-12-08 00:15:00,29.0,False,nan,11466540.0
In,2018-12-08 00:15:00,29.0,False,nan,11466540.0
In,2018-12-08 00:17:00,29.0,False,nan,11466660.0
In,2018-12-08 00:17:00,29.0,False,nan,11466660.0
In,2018-12-08 00:19:00,29.0,False,nan,11466780.0
In,2018-12-08 00:19:00,29.0,False,nan,11466780.0
In,2018-12-08 00:21:00,29.0,False,nan,11466900.0
In,2018-12-08 00:21:00,29.0,False,nan,11466900.0
In,2018-12-08 00:23:00,29.0,False,nan,11467020.0
In,2018-12-08 00:23:00,29.0,False,nan,11467020.0
In,2018-12-08 00:25:00,29.0,False,nan,11467140.0
In,2018-12-08 00:25:00,29.0,False,nan,11467140.0
In,2018-12-08 00:29:00,29.0,False,nan,11467380.0
In,2018-12-08 00:29:00,29.0,False,nan,11467380.0
In,2018-12-08 00:31:00,29.0,False,nan,11467500.0
In,2018-12-08 00:31:00,29.0,False,nan,11467500.0
In,2018-12-08 00:35:00,29.0,False,nan,11467740.0
In,2018-12-08 00:35:00,29.0,False,nan,11467740.0
In,2018-12-08 00:37:00,29.0,False,nan,11467860.0
In,2018-12-08 00:37:00,29.0,False,nan,11467860.0
In,2018-12-08 00:39:00,29.0,False,nan,11467980.0
In,2018-12-08 00:39:00,29.0,False,nan,11467980.0
In,2018-12-08 00:41:00,29.0,False,nan,11468100.0
In,2018-12-08 00:41:00,29.0,False,nan,11468100.0
In,2018-12-08 00:43:00,29.0,False,nan,11468220.0
In,2018-12-08 00:43:00,29.0,False,nan,11468220.0
In,2018-12-08 00:47:00,29.0,False,nan,11468460.0
In,2018-12-08 00:47:00,29.0,False,nan,11468460.0
In,2018-12-08 00:49:00,29.0,False,nan,11468580.0
In,2018-12-08 00:49:00,29.0,False,nan,11468580.0
In,2018-12-08 00:55:00,29.0,False,nan,11468940.0
In,2018-12-08 00:55:00,29.0,False,nan,11468940.0
In,2018-12-08 00:59:00,29.0,False,nan,11469180.0
In,2018-12-08 00:59:00,29.0,False,nan,11469180.0
In,2018-12-08 01:03:00,29.0,False,nan,11469420.0
In,2018-12-08 01:03:00,29.0,False,nan,11469420.0
In,2018-12-08 01:09:00,29.0,False,nan,11469780.0
In,2018-12-08 01:09:00,29.0,False,nan,11469780.0
In,2018-12-08 01:15:00,29.0,False,nan,11470140.0
In,2018-12-08 01:15:00,29.0,False,nan,11470140.0
In,2018-12-08 01:17:00,29.0,False,nan,11470260.0
In,2018-12-08 01:17:00,29.0,False,nan,11470260.0
In,2018-12-08 01:19:00,29.0,False,nan,11470380.0
In,2018-12-08 01:19:00,29.0,False,nan,11470380.0
In,2018-12-08 01:21:00,29.0,False,nan,11470500.0
In,2018-12-08 01:21:00,29.0,False,nan,11470500.0
In,2018-12-08 01:23:00,29.0,False,nan,11470620.0
In,2018-12-08 01:23:00,29.0,False,nan,11470620.0
In,2018-12-08 01:28:00,30.0,False,nan,11470920.0
In,2018-12-08 01:28:00,30.0,False,nan,11470920.0
In,2018-12-08 01:29:00,29.0,False,nan,11470980.0
In,2018-12-08 01:29:00,29.0,False,nan,11470980.0
In,2018-12-08 01:31:00,29.0,False,nan,11471100.0
In,2018-12-08 01:31:00,29.0,False,nan,11471100.0
In,2018-12-08 01:34:00,30.0,False,nan,11471280.0
In,2018-12-08 01:34:00,30.0,False,nan,11471280.0
In,2018-12-08 01:36:00,30.0,False,nan,11471400.0
In,2018-12-08 01:36:00,30.0,False,nan,11471400.0
In,2018-12-08 01:37:00,29.0,False,nan,11471460.0
In,2018-12-08 01:37:00,29.0,False,nan,11471460.0
In,2018-12-08 01:38:00,30.0,False,nan,11471520.0
In,2018-12-08 01:38:00,30.0,False,nan,11471520.0
In,2018-12-08 01:39:00,29.0,False,nan,11471580.0
In,2018-12-08 01:39:00,29.0,False,nan,11471580.0
In,2018-12-08 01:40:00,30.0,False,nan,11471640.0
In,2018-12-08 01:40:00,30.0,False,nan,11471640.0
In,2018-12-08 01:43:00,29.0,False,nan,11471820.0
In,2018-12-08 01:43:00,29.0,False,nan,11471820.0
In,2018-12-08 01:45:00,29.0,False,nan,11471940.0
In,2018-12-08 01:45:00,29.0,False,nan,11471940.0
In,2018-12-08 01:51:00,29.0,False,nan,11472300.0
In,2018-12-08 01:51:00,29.0,False,nan,11472300.0
In,2018-12-08 01:53:00,29.0,False,nan,11472420.0
In,2018-12-08 01:53:00,29.0,False,nan,11472420.0
In,2018-12-08 01:55:00,29.0,False,nan,11472540.0
In,2018-12-08 01:55:00,29.0,False,nan,11472540.0
In,2018-12-08 01:57:00,29.0,False,nan,11472660.0
In,2018-12-08 01:57:00,29.0,False,nan,11472660.0
In,2018-12-08 01:59:00,29.0,False,nan,11472780.0
In,2018-12-08 01:59:00,29.0,False,nan,11472780.0
In,2018-12-08 02:03:00,29.0,False,nan,11473020.0
In,2018-12-08 02:03:00,29.0,False,nan,11473020.0
In,2018-12-08 02:05:00,29.0,False,nan,11473140.0
In,2018-12-08 02:05:00,29.0,False,nan,11473140.0
In,2018-12-08 02:07:00,29.0,False,nan,11473260.0
In,2018-12-08 02:07:00,29.0,False,nan,11473260.0
In,2018-12-08 02:09:00,29.0,False,nan,11473380.0
In,2018-12-08 02:09:00,29.0,False,nan,11473380.0
In,2018-12-08 02:12:00,30.0,False,nan,11473560.0
In,2018-12-08 02:13:00,30.0,False,nan,11473620.0
In,2018-12-08 02:14:00,30.0,False,nan,11473680.0
In,2018-12-08 02:14:00,30.0,False,nan,11473680.0
In,2018-12-08 02:15:00,29.0,False,nan,11473740.0
In,2018-12-08 02:15:00,29.0,False,nan,11473740.0
In,2018-12-08 02:19:00,29.0,False,nan,11473980.0
In,2018-12-08 02:19:00,29.0,False,nan,11473980.0
In,2018-12-08 02:21:00,29.0,False,nan,11474100.0
In,2018-12-08 02:21:00,29.0,False,nan,11474100.0
In,2018-12-08 02:23:00,29.0,False,nan,11474220.0
In,2018-12-08 02:23:00,29.0,False,nan,11474220.0
In,2018-12-08 02:27:00,29.0,False,nan,11474460.0
In,2018-12-08 02:27:00,29.0,False,nan,11474460.0
In,2018-12-08 02:29:00,29.0,False,nan,11474580.0
In,2018-12-08 02:29:00,29.0,False,nan,11474580.0
In,2018-12-08 02:31:00,29.0,False,nan,11474700.0
In,2018-12-08 02:31:00,29.0,False,nan,11474700.0
In,2018-12-08 02:33:00,29.0,False,nan,11474820.0
In,2018-12-08 02:33:00,29.0,False,nan,11474820.0
In,2018-12-08 02:35:00,29.0,False,nan,11474940.0
In,2018-12-08 02:35:00,29.0,False,nan,11474940.0
In,2018-12-08 02:37:00,29.0,False,nan,11475060.0
In,2018-12-08 02:37:00,29.0,False,nan,11475060.0
In,2018-12-08 02:39:00,29.0,False,nan,11475180.0
In,2018-12-08 02:39:00,29.0,False,nan,11475180.0
In,2018-12-08 02:43:00,29.0,False,nan,11475420.0
In,2018-12-08 02:43:00,29.0,False,nan,11475420.0
In,2018-12-08 02:47:00,29.0,False,nan,11475660.0
In,2018-12-08 02:47:00,29.0,False,nan,11475660.0
In,2018-12-08 02:49:00,29.0,False,nan,11475780.0
In,2018-12-08 02:49:00,29.0,False,nan,11475780.0
In,2018-12-08 02:51:00,29.0,False,nan,11475900.0
In,2018-12-08 02:51:00,29.0,False,nan,11475900.0
In,2018-12-08 02:59:00,29.0,False,nan,11476380.0
In,2018-12-08 02:59:00,29.0,False,nan,11476380.0
In,2018-12-08 03:05:00,29.0,False,nan,11476740.0
In,2018-12-08 03:05:00,29.0,False,nan,11476740.0
In,2018-12-08 03:07:00,29.0,False,nan,11476860.0
In,2018-12-08 03:07:00,29.0,False,nan,11476860.0
In,2018-12-08 03:11:00,29.0,False,nan,11477100.0
In,2018-12-08 03:11:00,29.0,False,nan,11477100.0
In,2018-12-08 03:15:00,29.0,False,nan,11477340.0
In,2018-12-08 03:15:00,29.0,False,nan,11477340.0
In,2018-12-08 03:17:00,29.0,False,nan,11477460.0
In,2018-12-08 03:17:00,29.0,False,nan,11477460.0
In,2018-12-08 03:19:00,29.0,False,nan,11477580.0
In,2018-12-08 03:19:00,29.0,False,nan,11477580.0
In,2018-12-08 03:21:00,29.0,False,nan,11477700.0
In,2018-12-08 03:21:00,29.0,False,nan,11477700.0
In,2018-12-08 03:27:00,29.0,False,nan,11478060.0
In,2018-12-08 03:27:00,29.0,False,nan,11478060.0
In,2018-12-08 03:31:00,29.0,False,nan,11478300.0
In,2018-12-08 03:31:00,29.0,False,nan,11478300.0
In,2018-12-08 03:35:00,29.0,False,nan,11478540.0
In,2018-12-08 03:35:00,29.0,False,nan,11478540.0
In,2018-12-08 03:39:00,29.0,False,nan,11478780.0
In,2018-12-08 03:39:00,29.0,False,nan,11478780.0
In,2018-12-08 03:41:00,29.0,False,nan,11478900.0
In,2018-12-08 03:41:00,29.0,False,nan,11478900.0
In,2018-12-08 03:49:00,29.0,False,nan,11479380.0
In,2018-12-08 03:49:00,29.0,False,nan,11479380.0
In,2018-12-08 03:51:00,29.0,False,nan,11479500.0
In,2018-12-08 03:51:00,29.0,False,nan,11479500.0
In,2018-12-08 03:53:00,29.0,False,nan,11479620.0
In,2018-12-08 03:53:00,30.0,False,nan,11479620.0
In,2018-12-08 03:53:00,30.0,False,nan,11479620.0
In,2018-12-08 03:53:00,29.0,False,nan,11479620.0
In,2018-12-08 03:55:00,29.0,False,nan,11479740.0
In,2018-12-08 03:55:00,29.0,False,nan,11479740.0
In,2018-12-08 03:57:00,29.0,False,nan,11479860.0
In,2018-12-08 03:57:00,29.0,False,nan,11479860.0
In,2018-12-08 03:59:00,29.0,False,nan,11479980.0
In,2018-12-08 03:59:00,30.0,False,nan,11479980.0
In,2018-12-08 03:59:00,30.0,False,nan,11479980.0
In,2018-12-08 03:59:00,29.0,False,nan,11479980.0
In,2018-12-08 04:01:00,29.0,False,nan,11480100.0
In,2018-12-08 04:01:00,29.0,False,nan,11480100.0
In,2018-12-08 04:03:00,30.0,False,nan,11480220.0
In,2018-12-08 04:03:00,30.0,False,nan,11480220.0
In,2018-12-08 04:03:00,29.0,False,nan,11480220.0
In,2018-12-08 04:03:00,29.0,False,nan,11480220.0
In,2018-12-08 04:07:00,29.0,False,nan,11480460.0
In,2018-12-08 04:07:00,29.0,False,nan,11480460.0
In,2018-12-08 04:09:00,29.0,False,nan,11480580.0
In,2018-12-08 04:09:00,29.0,False,nan,11480580.0
In,2018-12-08 04:11:00,29.0,False,nan,11480700.0
In,2018-12-08 04:11:00,29.0,False,nan,11480700.0
In,2018-12-08 04:17:00,29.0,False,nan,11481060.0
In,2018-12-08 04:17:00,29.0,False,nan,11481060.0
In,2018-12-08 04:19:00,29.0,False,nan,11481180.0
In,2018-12-08 04:19:00,29.0,False,nan,11481180.0
In,2018-12-08 04:21:00,29.0,False,nan,11481300.0
In,2018-12-08 04:21:00,29.0,False,nan,11481300.0
In,2018-12-08 04:23:00,29.0,False,nan,11481420.0
In,2018-12-08 04:23:00,29.0,False,nan,11481420.0
In,2018-12-08 04:33:00,29.0,False,nan,11482020.0
In,2018-12-08 04:33:00,29.0,False,nan,11482020.0
In,2018-12-08 04:35:00,29.0,False,nan,11482140.0
In,2018-12-08 04:35:00,29.0,False,nan,11482140.0
In,2018-12-08 04:39:00,30.0,False,nan,11482380.0
In,2018-12-08 04:39:00,29.0,False,nan,11482380.0
In,2018-12-08 04:39:00,30.0,False,nan,11482380.0
In,2018-12-08 04:39:00,29.0,False,nan,11482380.0
In,2018-12-08 04:43:00,29.0,False,nan,11482620.0
In,2018-12-08 04:43:00,29.0,False,nan,11482620.0
In,2018-12-08 04:47:00,29.0,False,nan,11482860.0
In,2018-12-08 04:47:00,29.0,False,nan,11482860.0
In,2018-12-08 04:49:00,29.0,False,nan,11482980.0
In,2018-12-08 04:49:00,29.0,False,nan,11482980.0
In,2018-12-08 04:53:00,29.0,False,nan,11483220.0
In,2018-12-08 04:53:00,29.0,False,nan,11483220.0
In,2018-12-08 04:55:00,29.0,False,nan,11483340.0
In,2018-12-08 04:55:00,29.0,False,nan,11483340.0
In,2018-12-08 05:01:00,29.0,False,nan,11483700.0
In,2018-12-08 05:03:00,29.0,False,nan,11483820.0
In,2018-12-08 05:05:00,29.0,False,nan,11483940.0
In,2018-12-08 05:07:00,29.0,False,nan,11484060.0
In,2018-12-08 05:08:00,29.0,False,nan,11484120.0
In,2018-12-08 05:09:00,29.0,False,nan,11484180.0
In,2018-12-08 05:12:00,29.0,False,nan,11484360.0
In,2018-12-08 05:13:00,29.0,False,nan,11484420.0
In,2018-12-08 05:15:00,29.0,False,nan,11484540.0
In,2018-12-08 05:16:00,29.0,False,nan,11484600.0
In,2018-12-08 05:17:00,29.0,False,nan,11484660.0
In,2018-12-08 05:19:00,29.0,False,nan,11484780.0
In,2018-12-08 05:19:00,29.0,False,nan,11484780.0
In,2018-12-08 05:20:00,29.0,False,nan,11484840.0
In,2018-12-08 05:21:00,29.0,False,nan,11484900.0
In,2018-12-08 05:21:00,29.0,False,nan,11484900.0
In,2018-12-08 05:23:00,29.0,False,nan,11485020.0
In,2018-12-08 05:23:00,29.0,False,nan,11485020.0
In,2018-12-08 05:25:00,29.0,False,nan,11485140.0
In,2018-12-08 05:25:00,29.0,False,nan,11485140.0
In,2018-12-08 05:29:00,29.0,False,nan,11485380.0
In,2018-12-08 05:29:00,29.0,False,nan,11485380.0
In,2018-12-08 05:31:00,29.0,False,nan,11485500.0
In,2018-12-08 05:33:00,30.0,False,nan,11485620.0
In,2018-12-08 05:35:00,30.0,False,nan,11485740.0
In,2018-12-08 05:35:00,29.0,False,nan,11485740.0
In,2018-12-08 05:37:00,30.0,False,nan,11485860.0
In,2018-12-08 05:40:00,29.0,False,nan,11486040.0
In,2018-12-08 05:41:00,29.0,False,nan,11486100.0
In,2018-12-08 05:43:00,30.0,False,nan,11486220.0
In,2018-12-08 05:43:00,30.0,False,nan,11486220.0
In,2018-12-08 05:55:00,29.0,False,nan,11486940.0
In,2018-12-08 05:59:00,29.0,False,nan,11487180.0
In,2018-12-08 05:59:00,29.0,False,nan,11487180.0
In,2018-12-08 06:01:00,29.0,False,nan,11487300.0
In,2018-12-08 06:05:00,29.0,False,nan,11487540.0
In,2018-12-08 06:06:00,29.0,False,nan,11487600.0
In,2018-12-08 06:07:00,29.0,False,nan,11487660.0
In,2018-12-08 06:09:00,29.0,False,nan,11487780.0
In,2018-12-08 06:11:00,29.0,False,nan,11487900.0
In,2018-12-08 06:11:00,29.0,False,nan,11487900.0
In,2018-12-08 06:14:00,29.0,False,nan,11488080.0
In,2018-12-08 06:15:00,29.0,False,nan,11488140.0
In,2018-12-08 06:16:00,29.0,False,nan,11488200.0
In,2018-12-08 06:17:00,29.0,False,nan,11488260.0
In,2018-12-08 06:19:00,29.0,False,nan,11488380.0
In,2018-12-08 06:21:00,29.0,False,nan,11488500.0
In,2018-12-08 06:21:00,29.0,False,nan,11488500.0
In,2018-12-08 06:22:00,29.0,False,nan,11488560.0
In,2018-12-08 06:23:00,29.0,False,nan,11488620.0
In,2018-12-08 06:25:00,29.0,False,nan,11488740.0
In,2018-12-08 06:29:00,29.0,False,nan,11488980.0
In,2018-12-08 06:30:00,29.0,False,nan,11489040.0
In,2018-12-08 06:33:00,29.0,False,nan,11489220.0
In,2018-12-08 06:35:00,29.0,False,nan,11489340.0
In,2018-12-08 06:37:00,29.0,False,nan,11489460.0
In,2018-12-08 06:37:00,29.0,False,nan,11489460.0
In,2018-12-08 06:39:00,29.0,False,nan,11489580.0
In,2018-12-08 06:39:00,29.0,False,nan,11489580.0
In,2018-12-08 06:41:00,29.0,False,nan,11489700.0
In,2018-12-08 06:42:00,29.0,False,nan,11489760.0
In,2018-12-08 06:47:00,29.0,False,nan,11490060.0
In,2018-12-08 06:50:00,29.0,False,nan,11490240.0
In,2018-12-08 06:51:00,29.0,False,nan,11490300.0
In,2018-12-08 06:52:00,29.0,False,nan,11490360.0
In,2018-12-08 06:53:00,29.0,False,nan,11490420.0
In,2018-12-08 06:53:00,29.0,False,nan,11490420.0
In,2018-12-08 06:57:00,29.0,False,nan,11490660.0
In,2018-12-08 07:03:00,29.0,False,nan,11491020.0
In,2018-12-08 07:06:00,29.0,False,nan,11491200.0
In,2018-12-08 07:17:00,29.0,False,nan,11491860.0
In,2018-12-08 07:18:00,29.0,False,nan,11491920.0
In,2018-12-08 07:22:00,29.0,False,nan,11492160.0
In,2018-12-08 07:25:00,29.0,False,nan,11492340.0
In,2018-12-08 07:27:00,29.0,False,nan,11492460.0
In,2018-12-08 07:28:00,29.0,False,nan,11492520.0
In,2018-12-08 07:30:00,29.0,False,nan,11492640.0
In,2018-12-08 07:31:00,29.0,False,nan,11492700.0
In,2018-12-08 07:33:00,29.0,False,nan,11492820.0
In,2018-12-08 07:34:00,29.0,False,nan,11492880.0
In,2018-12-08 07:41:00,29.0,False,nan,11493300.0
In,2018-12-08 07:44:00,29.0,False,nan,11493480.0
In,2018-12-08 07:44:00,29.0,False,nan,11493480.0
In,2018-12-08 07:46:00,29.0,False,nan,11493600.0
In,2018-12-08 07:50:00,29.0,False,nan,11493840.0
In,2018-12-08 07:51:00,29.0,False,nan,11493900.0
In,2018-12-08 07:52:00,29.0,False,nan,11493960.0
In,2018-12-08 07:52:00,29.0,False,nan,11493960.0
In,2018-12-08 07:54:00,29.0,False,nan,11494080.0
In,2018-12-08 07:56:00,29.0,False,nan,11494200.0
In,2018-12-08 07:56:00,29.0,False,nan,11494200.0
In,2018-12-08 07:58:00,29.0,False,nan,11494320.0
In,2018-12-08 08:01:00,29.0,False,nan,11494500.0
In,2018-12-08 08:02:00,29.0,False,nan,11494560.0
In,2018-12-08 08:03:00,29.0,False,nan,11494620.0
In,2018-12-08 08:04:00,29.0,False,nan,11494680.0
In,2018-12-08 08:04:00,29.0,False,nan,11494680.0
In,2018-12-08 08:06:00,29.0,False,nan,11494800.0
In,2018-12-08 08:06:00,29.0,False,nan,11494800.0
In,2018-12-08 08:08:00,29.0,False,nan,11494920.0
In,2018-12-08 08:08:00,29.0,False,nan,11494920.0
In,2018-12-08 08:10:00,29.0,False,nan,11495040.0
In,2018-12-08 08:10:00,29.0,False,nan,11495040.0
In,2018-12-08 08:12:00,29.0,False,nan,11495160.0
In,2018-12-08 08:12:00,29.0,False,nan,11495160.0
In,2018-12-08 08:15:00,30.0,False,nan,11495340.0
In,2018-12-08 08:15:00,30.0,False,nan,11495340.0
In,2018-12-08 08:16:00,29.0,False,nan,11495400.0
In,2018-12-08 08:16:00,29.0,False,nan,11495400.0
In,2018-12-08 08:17:00,30.0,False,nan,11495460.0
In,2018-12-08 08:17:00,30.0,False,nan,11495460.0
In,2018-12-08 08:18:00,29.0,False,nan,11495520.0
In,2018-12-08 08:18:00,29.0,False,nan,11495520.0
In,2018-12-08 08:20:00,29.0,False,nan,11495640.0
In,2018-12-08 08:20:00,29.0,False,nan,11495640.0
In,2018-12-08 08:22:00,29.0,False,nan,11495760.0
In,2018-12-08 08:22:00,29.0,False,nan,11495760.0
In,2018-12-08 08:24:00,29.0,False,nan,11495880.0
In,2018-12-08 08:24:00,29.0,False,nan,11495880.0
In,2018-12-08 08:26:00,29.0,False,nan,11496000.0
In,2018-12-08 08:26:00,29.0,False,nan,11496000.0
In,2018-12-08 08:28:00,29.0,False,nan,11496120.0
In,2018-12-08 08:28:00,29.0,False,nan,11496120.0
In,2018-12-08 08:30:00,29.0,False,nan,11496240.0
In,2018-12-08 08:30:00,29.0,False,nan,11496240.0
In,2018-12-08 08:32:00,29.0,False,nan,11496360.0
In,2018-12-08 08:32:00,29.0,False,nan,11496360.0
In,2018-12-08 08:34:00,29.0,False,nan,11496480.0
In,2018-12-08 08:34:00,29.0,False,nan,11496480.0
In,2018-12-08 08:36:00,29.0,False,nan,11496600.0
In,2018-12-08 08:36:00,29.0,False,nan,11496600.0
In,2018-12-08 08:38:00,29.0,False,nan,11496720.0
In,2018-12-08 08:38:00,29.0,False,nan,11496720.0
In,2018-12-08 08:40:00,29.0,False,nan,11496840.0
In,2018-12-08 08:40:00,29.0,False,nan,11496840.0
In,2018-12-08 08:41:00,30.0,False,nan,11496900.0
In,2018-12-08 08:41:00,30.0,False,nan,11496900.0
In,2018-12-08 08:42:00,29.0,False,nan,11496960.0
In,2018-12-08 08:42:00,29.0,False,nan,11496960.0
In,2018-12-08 08:46:00,29.0,False,nan,11497200.0
In,2018-12-08 08:46:00,29.0,False,nan,11497200.0
In,2018-12-08 08:48:00,29.0,False,nan,11497320.0
In,2018-12-08 08:50:00,29.0,False,nan,11497440.0
In,2018-12-08 08:50:00,29.0,False,nan,11497440.0
In,2018-12-08 08:51:00,31.0,False,nan,11497500.0
In,2018-12-08 08:52:00,29.0,False,nan,11497560.0
In,2018-12-08 08:52:00,29.0,False,nan,11497560.0
In,2018-12-08 08:55:00,30.0,False,nan,11497740.0
In,2018-12-08 08:55:00,30.0,False,nan,11497740.0
In,2018-12-08 08:58:00,29.0,False,nan,11497920.0
In,2018-12-08 08:58:00,29.0,False,nan,11497920.0
In,2018-12-08 09:00:00,29.0,False,nan,11498040.0
In,2018-12-08 09:00:00,29.0,False,nan,11498040.0
In,2018-12-08 09:01:00,30.0,False,nan,11498100.0
In,2018-12-08 09:03:00,30.0,False,nan,11498220.0
In,2018-12-08 09:04:00,29.0,False,nan,11498280.0
In,2018-12-08 09:04:00,30.0,False,nan,11498280.0
In,2018-12-08 09:05:00,29.0,False,nan,11498340.0
In,2018-12-08 09:08:00,29.0,False,nan,11498520.0
In,2018-12-08 09:08:00,29.0,False,nan,11498520.0
In,2018-12-08 09:12:00,29.0,False,nan,11498760.0
In,2018-12-08 09:12:00,29.0,False,nan,11498760.0
In,2018-12-08 09:14:00,29.0,False,nan,11498880.0
In,2018-12-08 09:14:00,29.0,False,nan,11498880.0
In,2018-12-08 09:16:00,29.0,False,nan,11499000.0
In,2018-12-08 09:16:00,29.0,False,nan,11499000.0
In,2018-12-08 09:18:00,29.0,False,nan,11499120.0
In,2018-12-08 09:18:00,29.0,False,nan,11499120.0
In,2018-12-08 09:20:00,29.0,False,nan,11499240.0
In,2018-12-08 09:20:00,29.0,False,nan,11499240.0
In,2018-12-08 09:22:00,29.0,False,nan,11499360.0
In,2018-12-08 09:22:00,29.0,False,nan,11499360.0
In,2018-12-08 09:24:00,29.0,False,nan,11499480.0
In,2018-12-08 09:24:00,29.0,False,nan,11499480.0
In,2018-12-08 09:26:00,29.0,False,nan,11499600.0
In,2018-12-08 09:26:00,29.0,False,nan,11499600.0
In,2018-12-08 09:28:00,29.0,False,nan,11499720.0
In,2018-12-08 09:28:00,29.0,False,nan,11499720.0
In,2018-12-08 09:29:00,31.0,False,nan,11499780.0
In,2018-12-08 09:29:00,31.0,False,nan,11499780.0
In,2018-12-08 09:30:00,29.0,False,nan,11499840.0
In,2018-12-08 09:30:00,29.0,False,nan,11499840.0
